// Generated by tools/gen_checkerboard_jpegs.py -- do not edit.
// Scrolling-checkerboard baseline-MJPEG frames for the Falcon
// OV519/OV530 (Xbox Video Camera) emulator.
#pragma once
#include <stddef.h>

#define CHECKERBOARD_W 320
#define CHECKERBOARD_H 240
#define CHECKERBOARD_FRAME_COUNT 16

static const unsigned char cb_frame_0[] = {
    0xff, 0xd8, 0xff, 0xe0, 0x00, 0x10, 0x4a, 0x46, 0x49, 0x46, 0x00, 0x01, 0x01, 0x00, 0x00, 0x01,
    0x00, 0x01, 0x00, 0x00, 0xff, 0xdb, 0x00, 0x43, 0x00, 0x08, 0x06, 0x06, 0x07, 0x06, 0x05, 0x08,
    0x07, 0x07, 0x07, 0x09, 0x09, 0x08, 0x0a, 0x0c, 0x14, 0x0d, 0x0c, 0x0b, 0x0b, 0x0c, 0x19, 0x12,
    0x13, 0x0f, 0x14, 0x1d, 0x1a, 0x1f, 0x1e, 0x1d, 0x1a, 0x1c, 0x1c, 0x20, 0x24, 0x2e, 0x27, 0x20,
    0x22, 0x2c, 0x23, 0x1c, 0x1c, 0x28, 0x37, 0x29, 0x2c, 0x30, 0x31, 0x34, 0x34, 0x34, 0x1f, 0x27,
    0x39, 0x3d, 0x38, 0x32, 0x3c, 0x2e, 0x33, 0x34, 0x32, 0xff, 0xdb, 0x00, 0x43, 0x01, 0x09, 0x09,
    0x09, 0x0c, 0x0b, 0x0c, 0x18, 0x0d, 0x0d, 0x18, 0x32, 0x21, 0x1c, 0x21, 0x32, 0x32, 0x32, 0x32,
    0x32, 0x32, 0x32, 0x32, 0x32, 0x32, 0x32, 0x32, 0x32, 0x32, 0x32, 0x32, 0x32, 0x32, 0x32, 0x32,
    0x32, 0x32, 0x32, 0x32, 0x32, 0x32, 0x32, 0x32, 0x32, 0x32, 0x32, 0x32, 0x32, 0x32, 0x32, 0x32,
    0x32, 0x32, 0x32, 0x32, 0x32, 0x32, 0x32, 0x32, 0x32, 0x32, 0x32, 0x32, 0x32, 0x32, 0xff, 0xc0,
    0x00, 0x11, 0x08, 0x00, 0xf0, 0x01, 0x40, 0x03, 0x01, 0x21, 0x00, 0x02, 0x11, 0x01, 0x03, 0x11,
    0x01, 0xff, 0xc4, 0x00, 0x1f, 0x00, 0x00, 0x01, 0x05, 0x01, 0x01, 0x01, 0x01, 0x01, 0x01, 0x00,
    0x00, 0x00, 0x00, 0x00, 0x00, 0x00, 0x00, 0x01, 0x02, 0x03, 0x04, 0x05, 0x06, 0x07, 0x08, 0x09,
    0x0a, 0x0b, 0xff, 0xc4, 0x00, 0xb5, 0x10, 0x00, 0x02, 0x01, 0x03, 0x03, 0x02, 0x04, 0x03, 0x05,
    0x05, 0x04, 0x04, 0x00, 0x00, 0x01, 0x7d, 0x01, 0x02, 0x03, 0x00, 0x04, 0x11, 0x05, 0x12, 0x21,
    0x31, 0x41, 0x06, 0x13, 0x51, 0x61, 0x07, 0x22, 0x71, 0x14, 0x32, 0x81, 0x91, 0xa1, 0x08, 0x23,
    0x42, 0xb1, 0xc1, 0x15, 0x52, 0xd1, 0xf0, 0x24, 0x33, 0x62, 0x72, 0x82, 0x09, 0x0a, 0x16, 0x17,
    0x18, 0x19, 0x1a, 0x25, 0x26, 0x27, 0x28, 0x29, 0x2a, 0x34, 0x35, 0x36, 0x37, 0x38, 0x39, 0x3a,
    0x43, 0x44, 0x45, 0x46, 0x47, 0x48, 0x49, 0x4a, 0x53, 0x54, 0x55, 0x56, 0x57, 0x58, 0x59, 0x5a,
    0x63, 0x64, 0x65, 0x66, 0x67, 0x68, 0x69, 0x6a, 0x73, 0x74, 0x75, 0x76, 0x77, 0x78, 0x79, 0x7a,
    0x83, 0x84, 0x85, 0x86, 0x87, 0x88, 0x89, 0x8a, 0x92, 0x93, 0x94, 0x95, 0x96, 0x97, 0x98, 0x99,
    0x9a, 0xa2, 0xa3, 0xa4, 0xa5, 0xa6, 0xa7, 0xa8, 0xa9, 0xaa, 0xb2, 0xb3, 0xb4, 0xb5, 0xb6, 0xb7,
    0xb8, 0xb9, 0xba, 0xc2, 0xc3, 0xc4, 0xc5, 0xc6, 0xc7, 0xc8, 0xc9, 0xca, 0xd2, 0xd3, 0xd4, 0xd5,
    0xd6, 0xd7, 0xd8, 0xd9, 0xda, 0xe1, 0xe2, 0xe3, 0xe4, 0xe5, 0xe6, 0xe7, 0xe8, 0xe9, 0xea, 0xf1,
    0xf2, 0xf3, 0xf4, 0xf5, 0xf6, 0xf7, 0xf8, 0xf9, 0xfa, 0xff, 0xc4, 0x00, 0x1f, 0x01, 0x00, 0x03,
    0x01, 0x01, 0x01, 0x01, 0x01, 0x01, 0x01, 0x01, 0x01, 0x00, 0x00, 0x00, 0x00, 0x00, 0x00, 0x01,
    0x02, 0x03, 0x04, 0x05, 0x06, 0x07, 0x08, 0x09, 0x0a, 0x0b, 0xff, 0xc4, 0x00, 0xb5, 0x11, 0x00,
    0x02, 0x01, 0x02, 0x04, 0x04, 0x03, 0x04, 0x07, 0x05, 0x04, 0x04, 0x00, 0x01, 0x02, 0x77, 0x00,
    0x01, 0x02, 0x03, 0x11, 0x04, 0x05, 0x21, 0x31, 0x06, 0x12, 0x41, 0x51, 0x07, 0x61, 0x71, 0x13,
    0x22, 0x32, 0x81, 0x08, 0x14, 0x42, 0x91, 0xa1, 0xb1, 0xc1, 0x09, 0x23, 0x33, 0x52, 0xf0, 0x15,
    0x62, 0x72, 0xd1, 0x0a, 0x16, 0x24, 0x34, 0xe1, 0x25, 0xf1, 0x17, 0x18, 0x19, 0x1a, 0x26, 0x27,
    0x28, 0x29, 0x2a, 0x35, 0x36, 0x37, 0x38, 0x39, 0x3a, 0x43, 0x44, 0x45, 0x46, 0x47, 0x48, 0x49,
    0x4a, 0x53, 0x54, 0x55, 0x56, 0x57, 0x58, 0x59, 0x5a, 0x63, 0x64, 0x65, 0x66, 0x67, 0x68, 0x69,
    0x6a, 0x73, 0x74, 0x75, 0x76, 0x77, 0x78, 0x79, 0x7a, 0x82, 0x83, 0x84, 0x85, 0x86, 0x87, 0x88,
    0x89, 0x8a, 0x92, 0x93, 0x94, 0x95, 0x96, 0x97, 0x98, 0x99, 0x9a, 0xa2, 0xa3, 0xa4, 0xa5, 0xa6,
    0xa7, 0xa8, 0xa9, 0xaa, 0xb2, 0xb3, 0xb4, 0xb5, 0xb6, 0xb7, 0xb8, 0xb9, 0xba, 0xc2, 0xc3, 0xc4,
    0xc5, 0xc6, 0xc7, 0xc8, 0xc9, 0xca, 0xd2, 0xd3, 0xd4, 0xd5, 0xd6, 0xd7, 0xd8, 0xd9, 0xda, 0xe2,
    0xe3, 0xe4, 0xe5, 0xe6, 0xe7, 0xe8, 0xe9, 0xea, 0xf2, 0xf3, 0xf4, 0xf5, 0xf6, 0xf7, 0xf8, 0xf9,
    0xfa, 0xff, 0xda, 0x00, 0x0c, 0x03, 0x01, 0x00, 0x02, 0x11, 0x03, 0x11, 0x00, 0x3f, 0x00, 0xe0,
    0xa8, 0xaf, 0xd0, 0xcf, 0x20, 0x28, 0xa0, 0x02, 0xbe, 0x82, 0xaf, 0xcd, 0xbc, 0x42, 0xff, 0x00,
    0x98, 0x6f, 0xfb, 0x7f, 0xff, 0x00, 0x6d, 0x3d, 0x6c, 0xaf, 0xed, 0xfc, 0xbf, 0x50, 0xa2, 0xbf,
    0x37, 0x3d, 0x60, 0xa2, 0x80, 0x3e, 0x7d, 0xa2, 0xbf, 0xa4, 0x4f, 0x93, 0x0a, 0x28, 0x00, 0xaf,
    0xa0, 0xab, 0xf3, 0x6f, 0x10, 0xbf, 0xe6, 0x1b, 0xfe, 0xdf, 0xff, 0x00, 0xdb, 0x4f, 0x5b, 0x2b,
    0xfb, 0x7f, 0x2f, 0xd4, 0x28, 0xaf, 0xcd, 0xcf, 0x58, 0x28, 0xa0, 0x0f, 0x9f, 0x68, 0xaf, 0xe9,
    0x13, 0xe4, 0xc2, 0x8a, 0x00, 0x2b, 0xe8, 0x2a, 0xfc, 0xdb, 0xc4, 0x2f, 0xf9, 0x86, 0xff, 0x00,
    0xb7, 0xff, 0x00, 0xf6, 0xd3, 0xd6, 0xca, 0xfe, 0xdf, 0xcb, 0xf5, 0x0a, 0x2b, 0xf3, 0x73, 0xd6,
    0x0a, 0x28, 0x03, 0xe7, 0xda, 0x2b, 0xfa, 0x44, 0xf9, 0x30, 0xa2, 0x80, 0x0a, 0xfa, 0x0a, 0xbf,
    0x36, 0xf1, 0x0b, 0xfe, 0x61, 0xbf, 0xed, 0xff, 0x00, 0xfd, 0xb4, 0xf5, 0xb2, 0xbf, 0xb7, 0xf2,
    0xfd, 0x42, 0x8a, 0xfc, 0xdc, 0xf5, 0x82, 0x8a, 0x00, 0xf9, 0xf6, 0x8a, 0xfe, 0x91, 0x3e, 0x4c,
    0x28, 0xa0, 0x02, 0xbe, 0x82, 0xaf, 0xcd, 0xbc, 0x42, 0xff, 0x00, 0x98, 0x6f, 0xfb, 0x7f, 0xff,
    0x00, 0x6d, 0x3d, 0x6c, 0xaf, 0xed, 0xfc, 0xbf, 0x50, 0xa2, 0xbf, 0x37, 0x3d, 0x60, 0xa2, 0x80,
    0x3e, 0x7d, 0xa2, 0xbf, 0xa4, 0x4f, 0x93, 0x0a, 0x28, 0x00, 0xaf, 0xa0, 0xab, 0xf3, 0x6f, 0x10,
    0xbf, 0xe6, 0x1b, 0xfe, 0xdf, 0xff, 0x00, 0xdb, 0x4f, 0x5b, 0x2b, 0xfb, 0x7f, 0x2f, 0xd4, 0x28,
    0xaf, 0xcd, 0xcf, 0x58, 0x28, 0xa0, 0x0f, 0x9f, 0x68, 0xaf, 0xe9, 0x13, 0xe4, 0xc2, 0x8a, 0x00,
    0x2b, 0xe8, 0x2a, 0xfc, 0xdb, 0xc4, 0x2f, 0xf9, 0x86, 0xff, 0x00, 0xb7, 0xff, 0x00, 0xf6, 0xd3,
    0xd6, 0xca, 0xfe, 0xdf, 0xcb, 0xf5, 0x0a, 0x2b, 0xf3, 0x73, 0xd6, 0x0a, 0x28, 0x03, 0xe7, 0xda,
    0x2b, 0xfa, 0x44, 0xf9, 0x30, 0xa2, 0x80, 0x0a, 0xfa, 0x0a, 0xbf, 0x36, 0xf1, 0x0b, 0xfe, 0x61,
    0xbf, 0xed, 0xff, 0x00, 0xfd, 0xb4, 0xf5, 0xb2, 0xbf, 0xb7, 0xf2, 0xfd, 0x42, 0x8a, 0xfc, 0xdc,
    0xf5, 0x82, 0x8a, 0x00, 0xf9, 0xf6, 0x8a, 0xfe, 0x91, 0x3e, 0x4c, 0x28, 0xa0, 0x02, 0xbe, 0x82,
    0xaf, 0xcd, 0xbc, 0x42, 0xff, 0x00, 0x98, 0x6f, 0xfb, 0x7f, 0xff, 0x00, 0x6d, 0x3d, 0x6c, 0xaf,
    0xed, 0xfc, 0xbf, 0x50, 0xa2, 0xbf, 0x37, 0x3d, 0x60, 0xa2, 0x80, 0x3e, 0x7d, 0xa2, 0xbf, 0xa4,
    0x4f, 0x93, 0x0a, 0x28, 0x00, 0xaf, 0xa0, 0xab, 0xf3, 0x6f, 0x10, 0xbf, 0xe6, 0x1b, 0xfe, 0xdf,
    0xff, 0x00, 0xdb, 0x4f, 0x5b, 0x2b, 0xfb, 0x7f, 0x2f, 0xd4, 0x28, 0xaf, 0xcd, 0xcf, 0x58, 0x28,
    0xa0, 0x0f, 0x9f, 0x68, 0xaf, 0xe9, 0x13, 0xe4, 0xc2, 0x8a, 0x00, 0x2b, 0xe8, 0x2a, 0xfc, 0xdb,
    0xc4, 0x2f, 0xf9, 0x86, 0xff, 0x00, 0xb7, 0xff, 0x00, 0xf6, 0xd3, 0xd6, 0xca, 0xfe, 0xdf, 0xcb,
    0xf5, 0x0a, 0x2b, 0xf3, 0x73, 0xd6, 0x0a, 0x28, 0x03, 0xe7, 0xda, 0x2b, 0xfa, 0x44, 0xf9, 0x30,
    0xa2, 0x80, 0x0a, 0xfa, 0x0a, 0xbf, 0x36, 0xf1, 0x0b, 0xfe, 0x61, 0xbf, 0xed, 0xff, 0x00, 0xfd,
    0xb4, 0xf5, 0xb2, 0xbf, 0xb7, 0xf2, 0xfd, 0x42, 0x8a, 0xfc, 0xdc, 0xf5, 0x82, 0x8a, 0x00, 0xf9,
    0xf6, 0x8a, 0xfe, 0x91, 0x3e, 0x4c, 0x28, 0xa0, 0x02, 0xbe, 0x82, 0xaf, 0xcd, 0xbc, 0x42, 0xff,
    0x00, 0x98, 0x6f, 0xfb, 0x7f, 0xff, 0x00, 0x6d, 0x3d, 0x6c, 0xaf, 0xed, 0xfc, 0xbf, 0x50, 0xa2,
    0xbf, 0x37, 0x3d, 0x60, 0xa2, 0x80, 0x3e, 0x7d, 0xa2, 0xbf, 0xa4, 0x4f, 0x93, 0x0a, 0x28, 0x00,
    0xaf, 0xa0, 0xab, 0xf3, 0x6f, 0x10, 0xbf, 0xe6, 0x1b, 0xfe, 0xdf, 0xff, 0x00, 0xdb, 0x4f, 0x5b,
    0x2b, 0xfb, 0x7f, 0x2f, 0xd4, 0x28, 0xaf, 0xcd, 0xcf, 0x58, 0x28, 0xa0, 0x0f, 0x9f, 0x68, 0xaf,
    0xe9, 0x13, 0xe4, 0xc2, 0x8a, 0x00, 0x2b, 0xe8, 0x2a, 0xfc, 0xdb, 0xc4, 0x2f, 0xf9, 0x86, 0xff,
    0x00, 0xb7, 0xff, 0x00, 0xf6, 0xd3, 0xd6, 0xca, 0xfe, 0xdf, 0xcb, 0xf5, 0x0a, 0x2b, 0xf3, 0x73,
    0xd6, 0x0a, 0x28, 0x03, 0xe7, 0xda, 0x2b, 0xfa, 0x44, 0xf9, 0x30, 0xa2, 0x80, 0x0a, 0xfa, 0x0a,
    0xbf, 0x36, 0xf1, 0x0b, 0xfe, 0x61, 0xbf, 0xed, 0xff, 0x00, 0xfd, 0xb4, 0xf5, 0xb2, 0xbf, 0xb7,
    0xf2, 0xfd, 0x42, 0x8a, 0xfc, 0xdc, 0xf5, 0x82, 0x8a, 0x00, 0xf9, 0xf6, 0x8a, 0xfe, 0x91, 0x3e,
    0x4c, 0x28, 0xa0, 0x02, 0xbe, 0x82, 0xaf, 0xcd, 0xbc, 0x42, 0xff, 0x00, 0x98, 0x6f, 0xfb, 0x7f,
    0xff, 0x00, 0x6d, 0x3d, 0x6c, 0xaf, 0xed, 0xfc, 0xbf, 0x50, 0xa2, 0xbf, 0x37, 0x3d, 0x60, 0xa2,
    0x80, 0x3e, 0x7d, 0xa2, 0xbf, 0xa4, 0x4f, 0x93, 0x0a, 0x28, 0x00, 0xaf, 0xa0, 0xab, 0xf3, 0x6f,
    0x10, 0xbf, 0xe6, 0x1b, 0xfe, 0xdf, 0xff, 0x00, 0xdb, 0x4f, 0x5b, 0x2b, 0xfb, 0x7f, 0x2f, 0xd4,
    0x28, 0xaf, 0xcd, 0xcf, 0x58, 0x28, 0xa0, 0x0f, 0x9f, 0x68, 0xaf, 0xe9, 0x13, 0xe4, 0xc2, 0x8a,
    0x00, 0x2b, 0xe8, 0x2a, 0xfc, 0xdb, 0xc4, 0x2f, 0xf9, 0x86, 0xff, 0x00, 0xb7, 0xff, 0x00, 0xf6,
    0xd3, 0xd6, 0xca, 0xfe, 0xdf, 0xcb, 0xf5, 0x0a, 0x2b, 0xf3, 0x73, 0xd6, 0x0a, 0x28, 0x03, 0xe7,
    0xda, 0x2b, 0xfa, 0x44, 0xf9, 0x30, 0xa2, 0x80, 0x0a, 0xfa, 0x0a, 0xbf, 0x36, 0xf1, 0x0b, 0xfe,
    0x61, 0xbf, 0xed, 0xff, 0x00, 0xfd, 0xb4, 0xf5, 0xb2, 0xbf, 0xb7, 0xf2, 0xfd, 0x42, 0x8a, 0xfc,
    0xdc, 0xf5, 0x82, 0x8a, 0x00, 0x28, 0xa0, 0x02, 0x8a, 0x00, 0x2b, 0xe7, 0xda, 0xfd, 0x23, 0xc3,
    0xdf, 0xf9, 0x89, 0xff, 0x00, 0xb7, 0x3f, 0xf6, 0xe3, 0xc9, 0xcd, 0x3e, 0xc7, 0xcf, 0xf4, 0x0a,
    0x2b, 0xf4, 0x93, 0xc9, 0x0a, 0x28, 0x03, 0xe8, 0x2a, 0x2b, 0xf9, 0xb8, 0xfa, 0xc0, 0xa2, 0x80,
    0x0a, 0xf9, 0xf6, 0xbf, 0x48, 0xf0, 0xf7, 0xfe, 0x62, 0x7f, 0xed, 0xcf, 0xfd, 0xb8, 0xf2, 0x73,
    0x4f, 0xb1, 0xf3, 0xfd, 0x02, 0x8a, 0xfd, 0x24, 0xf2, 0x42, 0x8a, 0x00, 0xfa, 0x0a, 0x8a, 0xfe,
    0x6e, 0x3e, 0xb0, 0x28, 0xa0, 0x02, 0xbe, 0x7d, 0xaf, 0xd2, 0x3c, 0x3d, 0xff, 0x00, 0x98, 0x9f,
    0xfb, 0x73, 0xff, 0x00, 0x6e, 0x3c, 0x9c, 0xd3, 0xec, 0x7c, 0xff, 0x00, 0x40, 0xa2, 0xbf, 0x49,
    0x3c, 0x90, 0xa2, 0x80, 0x3e, 0x82, 0xa2, 0xbf, 0x9b, 0x8f, 0xac, 0x0a, 0x28, 0x00, 0xaf, 0x9f,
    0x6b, 0xf4, 0x8f, 0x0f, 0x7f, 0xe6, 0x27, 0xfe, 0xdc, 0xff, 0x00, 0xdb, 0x8f, 0x27, 0x34, 0xfb,
    0x1f, 0x3f, 0xd0, 0x28, 0xaf, 0xd2, 0x4f, 0x24, 0x28, 0xa0, 0x0f, 0xa0, 0xa8, 0xaf, 0xe6, 0xe3,
    0xeb, 0x02, 0x8a, 0x00, 0x2b, 0xe7, 0xda, 0xfd, 0x23, 0xc3, 0xdf, 0xf9, 0x89, 0xff, 0x00, 0xb7,
    0x3f, 0xf6, 0xe3, 0xc9, 0xcd, 0x3e, 0xc7, 0xcf, 0xf4, 0x0a, 0x2b, 0xf4, 0x93, 0xc9, 0x0a, 0x28,
    0x03, 0xe8, 0x2a, 0x2b, 0xf9, 0xb8, 0xfa, 0xc0, 0xa2, 0x80, 0x0a, 0xf9, 0xf6, 0xbf, 0x48, 0xf0,
    0xf7, 0xfe, 0x62, 0x7f, 0xed, 0xcf, 0xfd, 0xb8, 0xf2, 0x73, 0x4f, 0xb1, 0xf3, 0xfd, 0x02, 0x8a,
    0xfd, 0x24, 0xf2, 0x42, 0x8a, 0x00, 0xfa, 0x0a, 0x8a, 0xfe, 0x6e, 0x3e, 0xb0, 0x28, 0xa0, 0x02,
    0xbe, 0x7d, 0xaf, 0xd2, 0x3c, 0x3d, 0xff, 0x00, 0x98, 0x9f, 0xfb, 0x73, 0xff, 0x00, 0x6e, 0x3c,
    0x9c, 0xd3, 0xec, 0x7c, 0xff, 0x00, 0x40, 0xa2, 0xbf, 0x49, 0x3c, 0x90, 0xa2, 0x80, 0x3e, 0x82,
    0xa2, 0xbf, 0x9b, 0x8f, 0xac, 0x0a, 0x28, 0x00, 0xaf, 0x9f, 0x6b, 0xf4, 0x8f, 0x0f, 0x7f, 0xe6,
    0x27, 0xfe, 0xdc, 0xff, 0x00, 0xdb, 0x8f, 0x27, 0x34, 0xfb, 0x1f, 0x3f, 0xd0, 0x28, 0xaf, 0xd2,
    0x4f, 0x24, 0x28, 0xa0, 0x0f, 0xa0, 0xa8, 0xaf, 0xe6, 0xe3, 0xeb, 0x02, 0x8a, 0x00, 0x2b, 0xe7,
    0xda, 0xfd, 0x23, 0xc3, 0xdf, 0xf9, 0x89, 0xff, 0x00, 0xb7, 0x3f, 0xf6, 0xe3, 0xc9, 0xcd, 0x3e,
    0xc7, 0xcf, 0xf4, 0x0a, 0x2b, 0xf4, 0x93, 0xc9, 0x0a, 0x28, 0x03, 0xe8, 0x2a, 0x2b, 0xf9, 0xb8,
    0xfa, 0xc0, 0xa2, 0x80, 0x0a, 0xf9, 0xf6, 0xbf, 0x48, 0xf0, 0xf7, 0xfe, 0x62, 0x7f, 0xed, 0xcf,
    0xfd, 0xb8, 0xf2, 0x73, 0x4f, 0xb1, 0xf3, 0xfd, 0x02, 0x8a, 0xfd, 0x24, 0xf2, 0x42, 0x8a, 0x00,
    0xfa, 0x0a, 0x8a, 0xfe, 0x6e, 0x3e, 0xb0, 0x28, 0xa0, 0x02, 0xbe, 0x7d, 0xaf, 0xd2, 0x3c, 0x3d,
    0xff, 0x00, 0x98, 0x9f, 0xfb, 0x73, 0xff, 0x00, 0x6e, 0x3c, 0x9c, 0xd3, 0xec, 0x7c, 0xff, 0x00,
    0x40, 0xa2, 0xbf, 0x49, 0x3c, 0x90, 0xa2, 0x80, 0x3e, 0x82, 0xa2, 0xbf, 0x9b, 0x8f, 0xac, 0x0a,
    0x28, 0x00, 0xaf, 0x9f, 0x6b, 0xf4, 0x8f, 0x0f, 0x7f, 0xe6, 0x27, 0xfe, 0xdc, 0xff, 0x00, 0xdb,
    0x8f, 0x27, 0x34, 0xfb, 0x1f, 0x3f, 0xd0, 0x28, 0xaf, 0xd2, 0x4f, 0x24, 0x28, 0xa0, 0x0f, 0xa0,
    0xa8, 0xaf, 0xe6, 0xe3, 0xeb, 0x02, 0x8a, 0x00, 0x2b, 0xe7, 0xda, 0xfd, 0x23, 0xc3, 0xdf, 0xf9,
    0x89, 0xff, 0x00, 0xb7, 0x3f, 0xf6, 0xe3, 0xc9, 0xcd, 0x3e, 0xc7, 0xcf, 0xf4, 0x0a, 0x2b, 0xf4,
    0x93, 0xc9, 0x0a, 0x28, 0x03, 0xe8, 0x2a, 0x2b, 0xf9, 0xb8, 0xfa, 0xc0, 0xa2, 0x80, 0x0a, 0xf9,
    0xf6, 0xbf, 0x48, 0xf0, 0xf7, 0xfe, 0x62, 0x7f, 0xed, 0xcf, 0xfd, 0xb8, 0xf2, 0x73, 0x4f, 0xb1,
    0xf3, 0xfd, 0x02, 0x8a, 0xfd, 0x24, 0xf2, 0x42, 0x8a, 0x00, 0xfa, 0x0a, 0x8a, 0xfe, 0x6e, 0x3e,
    0xb0, 0x28, 0xa0, 0x02, 0xbe, 0x7d, 0xaf, 0xd2, 0x3c, 0x3d, 0xff, 0x00, 0x98, 0x9f, 0xfb, 0x73,
    0xff, 0x00, 0x6e, 0x3c, 0x9c, 0xd3, 0xec, 0x7c, 0xff, 0x00, 0x40, 0xa2, 0xbf, 0x49, 0x3c, 0x90,
    0xa2, 0x80, 0x3e, 0x82, 0xa2, 0xbf, 0x9b, 0x8f, 0xac, 0x0a, 0x28, 0x00, 0xaf, 0x9f, 0x6b, 0xf4,
    0x8f, 0x0f, 0x7f, 0xe6, 0x27, 0xfe, 0xdc, 0xff, 0x00, 0xdb, 0x8f, 0x27, 0x34, 0xfb, 0x1f, 0x3f,
    0xd0, 0x28, 0xaf, 0xd2, 0x4f, 0x24, 0x28, 0xa0, 0x0f, 0xa0, 0xa8, 0xaf, 0xe6, 0xe3, 0xeb, 0x02,
    0x8a, 0x00, 0x2b, 0xe7, 0xda, 0xfd, 0x23, 0xc3, 0xdf, 0xf9, 0x89, 0xff, 0x00, 0xb7, 0x3f, 0xf6,
    0xe3, 0xc9, 0xcd, 0x3e, 0xc7, 0xcf, 0xf4, 0x0a, 0x2b, 0xf4, 0x93, 0xc9, 0x0a, 0x28, 0x03, 0xe8,
    0x2a, 0x2b, 0xf9, 0xb8, 0xfa, 0xc0, 0xa2, 0x80, 0x0a, 0xf9, 0xf6, 0xbf, 0x48, 0xf0, 0xf7, 0xfe,
    0x62, 0x7f, 0xed, 0xcf, 0xfd, 0xb8, 0xf2, 0x73, 0x4f, 0xb1, 0xf3, 0xfd, 0x02, 0x8a, 0xfd, 0x24,
    0xf2, 0x42, 0x8a, 0x00, 0xfa, 0x0a, 0x8a, 0xfe, 0x6e, 0x3e, 0xb0, 0x28, 0xa0, 0x02, 0xbe, 0x7d,
    0xaf, 0xd2, 0x3c, 0x3d, 0xff, 0x00, 0x98, 0x9f, 0xfb, 0x73, 0xff, 0x00, 0x6e, 0x3c, 0x9c, 0xd3,
    0xec, 0x7c, 0xff, 0x00, 0x40, 0xa2, 0xbf, 0x49, 0x3c, 0x90, 0xa2, 0x80, 0x3e, 0x82, 0xa2, 0xbf,
    0x9b, 0x8f, 0xac, 0x0a, 0x28, 0x00, 0xaf, 0x9f, 0x6b, 0xf4, 0x8f, 0x0f, 0x7f, 0xe6, 0x27, 0xfe,
    0xdc, 0xff, 0x00, 0xdb, 0x8f, 0x27, 0x34, 0xfb, 0x1f, 0x3f, 0xd0, 0x28, 0xaf, 0xd2, 0x4f, 0x24,
    0x28, 0xa0, 0x02, 0x8a, 0x00, 0x28, 0xa0, 0x02, 0xbe, 0x82, 0xaf, 0xcd, 0xbc, 0x42, 0xff, 0x00,
    0x98, 0x6f, 0xfb, 0x7f, 0xff, 0x00, 0x6d, 0x3d, 0x6c, 0xaf, 0xed, 0xfc, 0xbf, 0x50, 0xa2, 0xbf,
    0x37, 0x3d, 0x60, 0xa2, 0x80, 0x3e, 0x7d, 0xa2, 0xbf, 0xa4, 0x4f, 0x93, 0x0a, 0x28, 0x00, 0xaf,
    0xa0, 0xab, 0xf3, 0x6f, 0x10, 0xbf, 0xe6, 0x1b, 0xfe, 0xdf, 0xff, 0x00, 0xdb, 0x4f, 0x5b, 0x2b,
    0xfb, 0x7f, 0x2f, 0xd4, 0x28, 0xaf, 0xcd, 0xcf, 0x58, 0x28, 0xa0, 0x0f, 0x9f, 0x68, 0xaf, 0xe9,
    0x13, 0xe4, 0xc2, 0x8a, 0x00, 0x2b, 0xe8, 0x2a, 0xfc, 0xdb, 0xc4, 0x2f, 0xf9, 0x86, 0xff, 0x00,
    0xb7, 0xff, 0x00, 0xf6, 0xd3, 0xd6, 0xca, 0xfe, 0xdf, 0xcb, 0xf5, 0x0a, 0x2b, 0xf3, 0x73, 0xd6,
    0x0a, 0x28, 0x03, 0xe7, 0xda, 0x2b, 0xfa, 0x44, 0xf9, 0x30, 0xa2, 0x80, 0x0a, 0xfa, 0x0a, 0xbf,
    0x36, 0xf1, 0x0b, 0xfe, 0x61, 0xbf, 0xed, 0xff, 0x00, 0xfd, 0xb4, 0xf5, 0xb2, 0xbf, 0xb7, 0xf2,
    0xfd, 0x42, 0x8a, 0xfc, 0xdc, 0xf5, 0x82, 0x8a, 0x00, 0xf9, 0xf6, 0x8a, 0xfe, 0x91, 0x3e, 0x4c,
    0x28, 0xa0, 0x02, 0xbe, 0x82, 0xaf, 0xcd, 0xbc, 0x42, 0xff, 0x00, 0x98, 0x6f, 0xfb, 0x7f, 0xff,
    0x00, 0x6d, 0x3d, 0x6c, 0xaf, 0xed, 0xfc, 0xbf, 0x50, 0xa2, 0xbf, 0x37, 0x3d, 0x60, 0xa2, 0x80,
    0x3e, 0x7d, 0xa2, 0xbf, 0xa4, 0x4f, 0x93, 0x0a, 0x28, 0x00, 0xaf, 0xa0, 0xab, 0xf3, 0x6f, 0x10,
    0xbf, 0xe6, 0x1b, 0xfe, 0xdf, 0xff, 0x00, 0xdb, 0x4f, 0x5b, 0x2b, 0xfb, 0x7f, 0x2f, 0xd4, 0x28,
    0xaf, 0xcd, 0xcf, 0x58, 0x28, 0xa0, 0x0f, 0x9f, 0x68, 0xaf, 0xe9, 0x13, 0xe4, 0xc2, 0x8a, 0x00,
    0x2b, 0xe8, 0x2a, 0xfc, 0xdb, 0xc4, 0x2f, 0xf9, 0x86, 0xff, 0x00, 0xb7, 0xff, 0x00, 0xf6, 0xd3,
    0xd6, 0xca, 0xfe, 0xdf, 0xcb, 0xf5, 0x0a, 0x2b, 0xf3, 0x73, 0xd6, 0x0a, 0x28, 0x03, 0xe7, 0xda,
    0x2b, 0xfa, 0x44, 0xf9, 0x30, 0xa2, 0x80, 0x0a, 0xfa, 0x0a, 0xbf, 0x36, 0xf1, 0x0b, 0xfe, 0x61,
    0xbf, 0xed, 0xff, 0x00, 0xfd, 0xb4, 0xf5, 0xb2, 0xbf, 0xb7, 0xf2, 0xfd, 0x42, 0x8a, 0xfc, 0xdc,
    0xf5, 0x82, 0x8a, 0x00, 0xf9, 0xf6, 0x8a, 0xfe, 0x91, 0x3e, 0x4c, 0x28, 0xa0, 0x02, 0xbe, 0x82,
    0xaf, 0xcd, 0xbc, 0x42, 0xff, 0x00, 0x98, 0x6f, 0xfb, 0x7f, 0xff, 0x00, 0x6d, 0x3d, 0x6c, 0xaf,
    0xed, 0xfc, 0xbf, 0x50, 0xa2, 0xbf, 0x37, 0x3d, 0x60, 0xa2, 0x80, 0x3e, 0x7d, 0xa2, 0xbf, 0xa4,
    0x4f, 0x93, 0x0a, 0x28, 0x00, 0xaf, 0xa0, 0xab, 0xf3, 0x6f, 0x10, 0xbf, 0xe6, 0x1b, 0xfe, 0xdf,
    0xff, 0x00, 0xdb, 0x4f, 0x5b, 0x2b, 0xfb, 0x7f, 0x2f, 0xd4, 0x28, 0xaf, 0xcd, 0xcf, 0x58, 0x28,
    0xa0, 0x0f, 0x9f, 0x68, 0xaf, 0xe9, 0x13, 0xe4, 0xc2, 0x8a, 0x00, 0x2b, 0xe8, 0x2a, 0xfc, 0xdb,
    0xc4, 0x2f, 0xf9, 0x86, 0xff, 0x00, 0xb7, 0xff, 0x00, 0xf6, 0xd3, 0xd6, 0xca, 0xfe, 0xdf, 0xcb,
    0xf5, 0x0a, 0x2b, 0xf3, 0x73, 0xd6, 0x0a, 0x28, 0x03, 0xe7, 0xda, 0x2b, 0xfa, 0x44, 0xf9, 0x30,
    0xa2, 0x80, 0x0a, 0xfa, 0x0a, 0xbf, 0x36, 0xf1, 0x0b, 0xfe, 0x61, 0xbf, 0xed, 0xff, 0x00, 0xfd,
    0xb4, 0xf5, 0xb2, 0xbf, 0xb7, 0xf2, 0xfd, 0x42, 0x8a, 0xfc, 0xdc, 0xf5, 0x82, 0x8a, 0x00, 0xf9,
    0xf6, 0x8a, 0xfe, 0x91, 0x3e, 0x4c, 0x28, 0xa0, 0x02, 0xbe, 0x82, 0xaf, 0xcd, 0xbc, 0x42, 0xff,
    0x00, 0x98, 0x6f, 0xfb, 0x7f, 0xff, 0x00, 0x6d, 0x3d, 0x6c, 0xaf, 0xed, 0xfc, 0xbf, 0x50, 0xa2,
    0xbf, 0x37, 0x3d, 0x60, 0xa2, 0x80, 0x3e, 0x7d, 0xa2, 0xbf, 0xa4, 0x4f, 0x93, 0x0a, 0x28, 0x00,
    0xaf, 0xa0, 0xab, 0xf3, 0x6f, 0x10, 0xbf, 0xe6, 0x1b, 0xfe, 0xdf, 0xff, 0x00, 0xdb, 0x4f, 0x5b,
    0x2b, 0xfb, 0x7f, 0x2f, 0xd4, 0x28, 0xaf, 0xcd, 0xcf, 0x58, 0x28, 0xa0, 0x0f, 0x9f, 0x68, 0xaf,
    0xe9, 0x13, 0xe4, 0xc2, 0x8a, 0x00, 0x2b, 0xe8, 0x2a, 0xfc, 0xdb, 0xc4, 0x2f, 0xf9, 0x86, 0xff,
    0x00, 0xb7, 0xff, 0x00, 0xf6, 0xd3, 0xd6, 0xca, 0xfe, 0xdf, 0xcb, 0xf5, 0x0a, 0x2b, 0xf3, 0x73,
    0xd6, 0x0a, 0x28, 0x03, 0xe7, 0xda, 0x2b, 0xfa, 0x44, 0xf9, 0x30, 0xa2, 0x80, 0x0a, 0xfa, 0x0a,
    0xbf, 0x36, 0xf1, 0x0b, 0xfe, 0x61, 0xbf, 0xed, 0xff, 0x00, 0xfd, 0xb4, 0xf5, 0xb2, 0xbf, 0xb7,
    0xf2, 0xfd, 0x42, 0x8a, 0xfc, 0xdc, 0xf5, 0x82, 0x8a, 0x00, 0xf9, 0xf6, 0x8a, 0xfe, 0x91, 0x3e,
    0x4c, 0x28, 0xa0, 0x02, 0xbe, 0x82, 0xaf, 0xcd, 0xbc, 0x42, 0xff, 0x00, 0x98, 0x6f, 0xfb, 0x7f,
    0xff, 0x00, 0x6d, 0x3d, 0x6c, 0xaf, 0xed, 0xfc, 0xbf, 0x50, 0xa2, 0xbf, 0x37, 0x3d, 0x60, 0xa2,
    0x80, 0x3e, 0x7d, 0xa2, 0xbf, 0xa4, 0x4f, 0x93, 0x0a, 0x28, 0x00, 0xaf, 0xa0, 0xab, 0xf3, 0x6f,
    0x10, 0xbf, 0xe6, 0x1b, 0xfe, 0xdf, 0xff, 0x00, 0xdb, 0x4f, 0x5b, 0x2b, 0xfb, 0x7f, 0x2f, 0xd4,
    0x28, 0xaf, 0xcd, 0xcf, 0x58, 0x28, 0xa0, 0x0f, 0x9f, 0x68, 0xaf, 0xe9, 0x13, 0xe4, 0xc2, 0x8a,
    0x00, 0x2b, 0xe8, 0x2a, 0xfc, 0xdb, 0xc4, 0x2f, 0xf9, 0x86, 0xff, 0x00, 0xb7, 0xff, 0x00, 0xf6,
    0xd3, 0xd6, 0xca, 0xfe, 0xdf, 0xcb, 0xf5, 0x0a, 0x2b, 0xf3, 0x73, 0xd6, 0x0a, 0x28, 0x03, 0xe7,
    0xda, 0x2b, 0xfa, 0x44, 0xf9, 0x30, 0xa2, 0x80, 0x0a, 0xfa, 0x0a, 0xbf, 0x36, 0xf1, 0x0b, 0xfe,
    0x61, 0xbf, 0xed, 0xff, 0x00, 0xfd, 0xb4, 0xf5, 0xb2, 0xbf, 0xb7, 0xf2, 0xfd, 0x42, 0x8a, 0xfc,
    0xdc, 0xf5, 0x82, 0x8a, 0x00, 0x28, 0xa0, 0x02, 0x8a, 0x00, 0x2b, 0xe7, 0xda, 0xfd, 0x23, 0xc3,
    0xdf, 0xf9, 0x89, 0xff, 0x00, 0xb7, 0x3f, 0xf6, 0xe3, 0xc9, 0xcd, 0x3e, 0xc7, 0xcf, 0xf4, 0x0a,
    0x2b, 0xf4, 0x93, 0xc9, 0x0a, 0x28, 0x03, 0xe8, 0x2a, 0x2b, 0xf9, 0xb8, 0xfa, 0xc0, 0xa2, 0x80,
    0x0a, 0xf9, 0xf6, 0xbf, 0x48, 0xf0, 0xf7, 0xfe, 0x62, 0x7f, 0xed, 0xcf, 0xfd, 0xb8, 0xf2, 0x73,
    0x4f, 0xb1, 0xf3, 0xfd, 0x02, 0x8a, 0xfd, 0x24, 0xf2, 0x42, 0x8a, 0x00, 0xfa, 0x0a, 0x8a, 0xfe,
    0x6e, 0x3e, 0xb0, 0x28, 0xa0, 0x02, 0xbe, 0x7d, 0xaf, 0xd2, 0x3c, 0x3d, 0xff, 0x00, 0x98, 0x9f,
    0xfb, 0x73, 0xff, 0x00, 0x6e, 0x3c, 0x9c, 0xd3, 0xec, 0x7c, 0xff, 0x00, 0x40, 0xa2, 0xbf, 0x49,
    0x3c, 0x90, 0xa2, 0x80, 0x3e, 0x82, 0xa2, 0xbf, 0x9b, 0x8f, 0xac, 0x0a, 0x28, 0x00, 0xaf, 0x9f,
    0x6b, 0xf4, 0x8f, 0x0f, 0x7f, 0xe6, 0x27, 0xfe, 0xdc, 0xff, 0x00, 0xdb, 0x8f, 0x27, 0x34, 0xfb,
    0x1f, 0x3f, 0xd0, 0x28, 0xaf, 0xd2, 0x4f, 0x24, 0x28, 0xa0, 0x0f, 0xa0, 0xa8, 0xaf, 0xe6, 0xe3,
    0xeb, 0x02, 0x8a, 0x00, 0x2b, 0xe7, 0xda, 0xfd, 0x23, 0xc3, 0xdf, 0xf9, 0x89, 0xff, 0x00, 0xb7,
    0x3f, 0xf6, 0xe3, 0xc9, 0xcd, 0x3e, 0xc7, 0xcf, 0xf4, 0x0a, 0x2b, 0xf4, 0x93, 0xc9, 0x0a, 0x28,
    0x03, 0xe8, 0x2a, 0x2b, 0xf9, 0xb8, 0xfa, 0xc0, 0xa2, 0x80, 0x0a, 0xf9, 0xf6, 0xbf, 0x48, 0xf0,
    0xf7, 0xfe, 0x62, 0x7f, 0xed, 0xcf, 0xfd, 0xb8, 0xf2, 0x73, 0x4f, 0xb1, 0xf3, 0xfd, 0x02, 0x8a,
    0xfd, 0x24, 0xf2, 0x42, 0x8a, 0x00, 0xfa, 0x0a, 0x8a, 0xfe, 0x6e, 0x3e, 0xb0, 0x28, 0xa0, 0x02,
    0xbe, 0x7d, 0xaf, 0xd2, 0x3c, 0x3d, 0xff, 0x00, 0x98, 0x9f, 0xfb, 0x73, 0xff, 0x00, 0x6e, 0x3c,
    0x9c, 0xd3, 0xec, 0x7c, 0xff, 0x00, 0x40, 0xa2, 0xbf, 0x49, 0x3c, 0x90, 0xa2, 0x80, 0x3e, 0x82,
    0xa2, 0xbf, 0x9b, 0x8f, 0xac, 0x0a, 0x28, 0x00, 0xaf, 0x9f, 0x6b, 0xf4, 0x8f, 0x0f, 0x7f, 0xe6,
    0x27, 0xfe, 0xdc, 0xff, 0x00, 0xdb, 0x8f, 0x27, 0x34, 0xfb, 0x1f, 0x3f, 0xd0, 0x28, 0xaf, 0xd2,
    0x4f, 0x24, 0x28, 0xa0, 0x0f, 0xa0, 0xa8, 0xaf, 0xe6, 0xe3, 0xeb, 0x02, 0x8a, 0x00, 0x2b, 0xe7,
    0xda, 0xfd, 0x23, 0xc3, 0xdf, 0xf9, 0x89, 0xff, 0x00, 0xb7, 0x3f, 0xf6, 0xe3, 0xc9, 0xcd, 0x3e,
    0xc7, 0xcf, 0xf4, 0x0a, 0x2b, 0xf4, 0x93, 0xc9, 0x0a, 0x28, 0x03, 0xe8, 0x2a, 0x2b, 0xf9, 0xb8,
    0xfa, 0xc0, 0xa2, 0x80, 0x0a, 0xf9, 0xf6, 0xbf, 0x48, 0xf0, 0xf7, 0xfe, 0x62, 0x7f, 0xed, 0xcf,
    0xfd, 0xb8, 0xf2, 0x73, 0x4f, 0xb1, 0xf3, 0xfd, 0x02, 0x8a, 0xfd, 0x24, 0xf2, 0x42, 0x8a, 0x00,
    0xfa, 0x0a, 0x8a, 0xfe, 0x6e, 0x3e, 0xb0, 0x28, 0xa0, 0x02, 0xbe, 0x7d, 0xaf, 0xd2, 0x3c, 0x3d,
    0xff, 0x00, 0x98, 0x9f, 0xfb, 0x73, 0xff, 0x00, 0x6e, 0x3c, 0x9c, 0xd3, 0xec, 0x7c, 0xff, 0x00,
    0x40, 0xa2, 0xbf, 0x49, 0x3c, 0x90, 0xa2, 0x80, 0x3e, 0x82, 0xa2, 0xbf, 0x9b, 0x8f, 0xac, 0x0a,
    0x28, 0x00, 0xaf, 0x9f, 0x6b, 0xf4, 0x8f, 0x0f, 0x7f, 0xe6, 0x27, 0xfe, 0xdc, 0xff, 0x00, 0xdb,
    0x8f, 0x27, 0x34, 0xfb, 0x1f, 0x3f, 0xd0, 0x28, 0xaf, 0xd2, 0x4f, 0x24, 0x28, 0xa0, 0x0f, 0xa0,
    0xa8, 0xaf, 0xe6, 0xe3, 0xeb, 0x02, 0x8a, 0x00, 0x2b, 0xe7, 0xda, 0xfd, 0x23, 0xc3, 0xdf, 0xf9,
    0x89, 0xff, 0x00, 0xb7, 0x3f, 0xf6, 0xe3, 0xc9, 0xcd, 0x3e, 0xc7, 0xcf, 0xf4, 0x0a, 0x2b, 0xf4,
    0x93, 0xc9, 0x0a, 0x28, 0x03, 0xe8, 0x2a, 0x2b, 0xf9, 0xb8, 0xfa, 0xc0, 0xa2, 0x80, 0x0a, 0xf9,
    0xf6, 0xbf, 0x48, 0xf0, 0xf7, 0xfe, 0x62, 0x7f, 0xed, 0xcf, 0xfd, 0xb8, 0xf2, 0x73, 0x4f, 0xb1,
    0xf3, 0xfd, 0x02, 0x8a, 0xfd, 0x24, 0xf2, 0x42, 0x8a, 0x00, 0xfa, 0x0a, 0x8a, 0xfe, 0x6e, 0x3e,
    0xb0, 0x28, 0xa0, 0x02, 0xbe, 0x7d, 0xaf, 0xd2, 0x3c, 0x3d, 0xff, 0x00, 0x98, 0x9f, 0xfb, 0x73,
    0xff, 0x00, 0x6e, 0x3c, 0x9c, 0xd3, 0xec, 0x7c, 0xff, 0x00, 0x40, 0xa2, 0xbf, 0x49, 0x3c, 0x90,
    0xa2, 0x80, 0x3e, 0x82, 0xa2, 0xbf, 0x9b, 0x8f, 0xac, 0x0a, 0x28, 0x00, 0xaf, 0x9f, 0x6b, 0xf4,
    0x8f, 0x0f, 0x7f, 0xe6, 0x27, 0xfe, 0xdc, 0xff, 0x00, 0xdb, 0x8f, 0x27, 0x34, 0xfb, 0x1f, 0x3f,
    0xd0, 0x28, 0xaf, 0xd2, 0x4f, 0x24, 0x28, 0xa0, 0x0f, 0xa0, 0xa8, 0xaf, 0xe6, 0xe3, 0xeb, 0x02,
    0x8a, 0x00, 0x2b, 0xe7, 0xda, 0xfd, 0x23, 0xc3, 0xdf, 0xf9, 0x89, 0xff, 0x00, 0xb7, 0x3f, 0xf6,
    0xe3, 0xc9, 0xcd, 0x3e, 0xc7, 0xcf, 0xf4, 0x0a, 0x2b, 0xf4, 0x93, 0xc9, 0x0a, 0x28, 0x03, 0xe8,
    0x2a, 0x2b, 0xf9, 0xb8, 0xfa, 0xc0, 0xa2, 0x80, 0x0a, 0xf9, 0xf6, 0xbf, 0x48, 0xf0, 0xf7, 0xfe,
    0x62, 0x7f, 0xed, 0xcf, 0xfd, 0xb8, 0xf2, 0x73, 0x4f, 0xb1, 0xf3, 0xfd, 0x02, 0x8a, 0xfd, 0x24,
    0xf2, 0x42, 0x8a, 0x00, 0xfa, 0x0a, 0x8a, 0xfe, 0x6e, 0x3e, 0xb0, 0x28, 0xa0, 0x02, 0xbe, 0x7d,
    0xaf, 0xd2, 0x3c, 0x3d, 0xff, 0x00, 0x98, 0x9f, 0xfb, 0x73, 0xff, 0x00, 0x6e, 0x3c, 0x9c, 0xd3,
    0xec, 0x7c, 0xff, 0x00, 0x40, 0xa2, 0xbf, 0x49, 0x3c, 0x90, 0xa2, 0x80, 0x3e, 0x82, 0xa2, 0xbf,
    0x9b, 0x8f, 0xac, 0x0a, 0x28, 0x00, 0xaf, 0x9f, 0x6b, 0xf4, 0x8f, 0x0f, 0x7f, 0xe6, 0x27, 0xfe,
    0xdc, 0xff, 0x00, 0xdb, 0x8f, 0x27, 0x34, 0xfb, 0x1f, 0x3f, 0xd0, 0x28, 0xaf, 0xd2, 0x4f, 0x24,
    0x28, 0xa0, 0x02, 0x8a, 0x00, 0x28, 0xa0, 0x02, 0xbe, 0x82, 0xaf, 0xcd, 0xbc, 0x42, 0xff, 0x00,
    0x98, 0x6f, 0xfb, 0x7f, 0xff, 0x00, 0x6d, 0x3d, 0x6c, 0xaf, 0xed, 0xfc, 0xbf, 0x50, 0xa2, 0xbf,
    0x37, 0x3d, 0x60, 0xa2, 0x80, 0x3e, 0x7d, 0xa2, 0xbf, 0xa4, 0x4f, 0x93, 0x0a, 0x28, 0x00, 0xaf,
    0xa0, 0xab, 0xf3, 0x6f, 0x10, 0xbf, 0xe6, 0x1b, 0xfe, 0xdf, 0xff, 0x00, 0xdb, 0x4f, 0x5b, 0x2b,
    0xfb, 0x7f, 0x2f, 0xd4, 0x28, 0xaf, 0xcd, 0xcf, 0x58, 0x28, 0xa0, 0x0f, 0x9f, 0x68, 0xaf, 0xe9,
    0x13, 0xe4, 0xc2, 0x8a, 0x00, 0x2b, 0xe8, 0x2a, 0xfc, 0xdb, 0xc4, 0x2f, 0xf9, 0x86, 0xff, 0x00,
    0xb7, 0xff, 0x00, 0xf6, 0xd3, 0xd6, 0xca, 0xfe, 0xdf, 0xcb, 0xf5, 0x0a, 0x2b, 0xf3, 0x73, 0xd6,
    0x0a, 0x28, 0x03, 0xe7, 0xda, 0x2b, 0xfa, 0x44, 0xf9, 0x30, 0xa2, 0x80, 0x0a, 0xfa, 0x0a, 0xbf,
    0x36, 0xf1, 0x0b, 0xfe, 0x61, 0xbf, 0xed, 0xff, 0x00, 0xfd, 0xb4, 0xf5, 0xb2, 0xbf, 0xb7, 0xf2,
    0xfd, 0x42, 0x8a, 0xfc, 0xdc, 0xf5, 0x82, 0x8a, 0x00, 0xf9, 0xf6, 0x8a, 0xfe, 0x91, 0x3e, 0x4c,
    0x28, 0xa0, 0x02, 0xbe, 0x82, 0xaf, 0xcd, 0xbc, 0x42, 0xff, 0x00, 0x98, 0x6f, 0xfb, 0x7f, 0xff,
    0x00, 0x6d, 0x3d, 0x6c, 0xaf, 0xed, 0xfc, 0xbf, 0x50, 0xa2, 0xbf, 0x37, 0x3d, 0x60, 0xa2, 0x80,
    0x3e, 0x7d, 0xa2, 0xbf, 0xa4, 0x4f, 0x93, 0x0a, 0x28, 0x00, 0xaf, 0xa0, 0xab, 0xf3, 0x6f, 0x10,
    0xbf, 0xe6, 0x1b, 0xfe, 0xdf, 0xff, 0x00, 0xdb, 0x4f, 0x5b, 0x2b, 0xfb, 0x7f, 0x2f, 0xd4, 0x28,
    0xaf, 0xcd, 0xcf, 0x58, 0x28, 0xa0, 0x0f, 0x9f, 0x68, 0xaf, 0xe9, 0x13, 0xe4, 0xc2, 0x8a, 0x00,
    0x2b, 0xe8, 0x2a, 0xfc, 0xdb, 0xc4, 0x2f, 0xf9, 0x86, 0xff, 0x00, 0xb7, 0xff, 0x00, 0xf6, 0xd3,
    0xd6, 0xca, 0xfe, 0xdf, 0xcb, 0xf5, 0x0a, 0x2b, 0xf3, 0x73, 0xd6, 0x0a, 0x28, 0x03, 0xe7, 0xda,
    0x2b, 0xfa, 0x44, 0xf9, 0x30, 0xa2, 0x80, 0x0a, 0xfa, 0x0a, 0xbf, 0x36, 0xf1, 0x0b, 0xfe, 0x61,
    0xbf, 0xed, 0xff, 0x00, 0xfd, 0xb4, 0xf5, 0xb2, 0xbf, 0xb7, 0xf2, 0xfd, 0x42, 0x8a, 0xfc, 0xdc,
    0xf5, 0x82, 0x8a, 0x00, 0xf9, 0xf6, 0x8a, 0xfe, 0x91, 0x3e, 0x4c, 0x28, 0xa0, 0x02, 0xbe, 0x82,
    0xaf, 0xcd, 0xbc, 0x42, 0xff, 0x00, 0x98, 0x6f, 0xfb, 0x7f, 0xff, 0x00, 0x6d, 0x3d, 0x6c, 0xaf,
    0xed, 0xfc, 0xbf, 0x50, 0xa2, 0xbf, 0x37, 0x3d, 0x60, 0xa2, 0x80, 0x3e, 0x7d, 0xa2, 0xbf, 0xa4,
    0x4f, 0x93, 0x0a, 0x28, 0x00, 0xaf, 0xa0, 0xab, 0xf3, 0x6f, 0x10, 0xbf, 0xe6, 0x1b, 0xfe, 0xdf,
    0xff, 0x00, 0xdb, 0x4f, 0x5b, 0x2b, 0xfb, 0x7f, 0x2f, 0xd4, 0x28, 0xaf, 0xcd, 0xcf, 0x58, 0x28,
    0xa0, 0x0f, 0x9f, 0x68, 0xaf, 0xe9, 0x13, 0xe4, 0xc2, 0x8a, 0x00, 0x2b, 0xe8, 0x2a, 0xfc, 0xdb,
    0xc4, 0x2f, 0xf9, 0x86, 0xff, 0x00, 0xb7, 0xff, 0x00, 0xf6, 0xd3, 0xd6, 0xca, 0xfe, 0xdf, 0xcb,
    0xf5, 0x0a, 0x2b, 0xf3, 0x73, 0xd6, 0x0a, 0x28, 0x03, 0xe7, 0xda, 0x2b, 0xfa, 0x44, 0xf9, 0x30,
    0xa2, 0x80, 0x0a, 0xfa, 0x0a, 0xbf, 0x36, 0xf1, 0x0b, 0xfe, 0x61, 0xbf, 0xed, 0xff, 0x00, 0xfd,
    0xb4, 0xf5, 0xb2, 0xbf, 0xb7, 0xf2, 0xfd, 0x42, 0x8a, 0xfc, 0xdc, 0xf5, 0x82, 0x8a, 0x00, 0xf9,
    0xf6, 0x8a, 0xfe, 0x91, 0x3e, 0x4c, 0x28, 0xa0, 0x02, 0xbe, 0x82, 0xaf, 0xcd, 0xbc, 0x42, 0xff,
    0x00, 0x98, 0x6f, 0xfb, 0x7f, 0xff, 0x00, 0x6d, 0x3d, 0x6c, 0xaf, 0xed, 0xfc, 0xbf, 0x50, 0xa2,
    0xbf, 0x37, 0x3d, 0x60, 0xa2, 0x80, 0x3e, 0x7d, 0xa2, 0xbf, 0xa4, 0x4f, 0x93, 0x0a, 0x28, 0x00,
    0xaf, 0xa0, 0xab, 0xf3, 0x6f, 0x10, 0xbf, 0xe6, 0x1b, 0xfe, 0xdf, 0xff, 0x00, 0xdb, 0x4f, 0x5b,
    0x2b, 0xfb, 0x7f, 0x2f, 0xd4, 0x28, 0xaf, 0xcd, 0xcf, 0x58, 0x28, 0xa0, 0x0f, 0x9f, 0x68, 0xaf,
    0xe9, 0x13, 0xe4, 0xc2, 0x8a, 0x00, 0x2b, 0xe8, 0x2a, 0xfc, 0xdb, 0xc4, 0x2f, 0xf9, 0x86, 0xff,
    0x00, 0xb7, 0xff, 0x00, 0xf6, 0xd3, 0xd6, 0xca, 0xfe, 0xdf, 0xcb, 0xf5, 0x0a, 0x2b, 0xf3, 0x73,
    0xd6, 0x0a, 0x28, 0x03, 0xe7, 0xda, 0x2b, 0xfa, 0x44, 0xf9, 0x30, 0xa2, 0x80, 0x0a, 0xfa, 0x0a,
    0xbf, 0x36, 0xf1, 0x0b, 0xfe, 0x61, 0xbf, 0xed, 0xff, 0x00, 0xfd, 0xb4, 0xf5, 0xb2, 0xbf, 0xb7,
    0xf2, 0xfd, 0x42, 0x8a, 0xfc, 0xdc, 0xf5, 0x82, 0x8a, 0x00, 0xf9, 0xf6, 0x8a, 0xfe, 0x91, 0x3e,
    0x4c, 0x28, 0xa0, 0x02, 0xbe, 0x82, 0xaf, 0xcd, 0xbc, 0x42, 0xff, 0x00, 0x98, 0x6f, 0xfb, 0x7f,
    0xff, 0x00, 0x6d, 0x3d, 0x6c, 0xaf, 0xed, 0xfc, 0xbf, 0x50, 0xa2, 0xbf, 0x37, 0x3d, 0x60, 0xa2,
    0x80, 0x3e, 0x7d, 0xa2, 0xbf, 0xa4, 0x4f, 0x93, 0x0a, 0x28, 0x00, 0xaf, 0xa0, 0xab, 0xf3, 0x6f,
    0x10, 0xbf, 0xe6, 0x1b, 0xfe, 0xdf, 0xff, 0x00, 0xdb, 0x4f, 0x5b, 0x2b, 0xfb, 0x7f, 0x2f, 0xd4,
    0x28, 0xaf, 0xcd, 0xcf, 0x58, 0x28, 0xa0, 0x0f, 0x9f, 0x68, 0xaf, 0xe9, 0x13, 0xe4, 0xc2, 0x8a,
    0x00, 0x2b, 0xe8, 0x2a, 0xfc, 0xdb, 0xc4, 0x2f, 0xf9, 0x86, 0xff, 0x00, 0xb7, 0xff, 0x00, 0xf6,
    0xd3, 0xd6, 0xca, 0xfe, 0xdf, 0xcb, 0xf5, 0x0a, 0x2b, 0xf3, 0x73, 0xd6, 0x0a, 0x28, 0x03, 0xe7,
    0xda, 0x2b, 0xfa, 0x44, 0xf9, 0x30, 0xa2, 0x80, 0x0a, 0xfa, 0x0a, 0xbf, 0x36, 0xf1, 0x0b, 0xfe,
    0x61, 0xbf, 0xed, 0xff, 0x00, 0xfd, 0xb4, 0xf5, 0xb2, 0xbf, 0xb7, 0xf2, 0xfd, 0x42, 0x8a, 0xfc,
    0xdc, 0xf5, 0x82, 0x8a, 0x00, 0x28, 0xa0, 0x02, 0x8a, 0x00, 0x2b, 0xe7, 0xda, 0xfd, 0x23, 0xc3,
    0xdf, 0xf9, 0x89, 0xff, 0x00, 0xb7, 0x3f, 0xf6, 0xe3, 0xc9, 0xcd, 0x3e, 0xc7, 0xcf, 0xf4, 0x0a,
    0x2b, 0xf4, 0x93, 0xc9, 0x0a, 0x28, 0x03, 0xe8, 0x2a, 0x2b, 0xf9, 0xb8, 0xfa, 0xc0, 0xa2, 0x80,
    0x0a, 0xf9, 0xf6, 0xbf, 0x48, 0xf0, 0xf7, 0xfe, 0x62, 0x7f, 0xed, 0xcf, 0xfd, 0xb8, 0xf2, 0x73,
    0x4f, 0xb1, 0xf3, 0xfd, 0x02, 0x8a, 0xfd, 0x24, 0xf2, 0x42, 0x8a, 0x00, 0xfa, 0x0a, 0x8a, 0xfe,
    0x6e, 0x3e, 0xb0, 0x28, 0xa0, 0x02, 0xbe, 0x7d, 0xaf, 0xd2, 0x3c, 0x3d, 0xff, 0x00, 0x98, 0x9f,
    0xfb, 0x73, 0xff, 0x00, 0x6e, 0x3c, 0x9c, 0xd3, 0xec, 0x7c, 0xff, 0x00, 0x40, 0xa2, 0xbf, 0x49,
    0x3c, 0x90, 0xa2, 0x80, 0x3e, 0x82, 0xa2, 0xbf, 0x9b, 0x8f, 0xac, 0x0a, 0x28, 0x00, 0xaf, 0x9f,
    0x6b, 0xf4, 0x8f, 0x0f, 0x7f, 0xe6, 0x27, 0xfe, 0xdc, 0xff, 0x00, 0xdb, 0x8f, 0x27, 0x34, 0xfb,
    0x1f, 0x3f, 0xd0, 0x28, 0xaf, 0xd2, 0x4f, 0x24, 0x28, 0xa0, 0x0f, 0xa0, 0xa8, 0xaf, 0xe6, 0xe3,
    0xeb, 0x02, 0x8a, 0x00, 0x2b, 0xe7, 0xda, 0xfd, 0x23, 0xc3, 0xdf, 0xf9, 0x89, 0xff, 0x00, 0xb7,
    0x3f, 0xf6, 0xe3, 0xc9, 0xcd, 0x3e, 0xc7, 0xcf, 0xf4, 0x0a, 0x2b, 0xf4, 0x93, 0xc9, 0x0a, 0x28,
    0x03, 0xe8, 0x2a, 0x2b, 0xf9, 0xb8, 0xfa, 0xc0, 0xa2, 0x80, 0x0a, 0xf9, 0xf6, 0xbf, 0x48, 0xf0,
    0xf7, 0xfe, 0x62, 0x7f, 0xed, 0xcf, 0xfd, 0xb8, 0xf2, 0x73, 0x4f, 0xb1, 0xf3, 0xfd, 0x02, 0x8a,
    0xfd, 0x24, 0xf2, 0x42, 0x8a, 0x00, 0xfa, 0x0a, 0x8a, 0xfe, 0x6e, 0x3e, 0xb0, 0x28, 0xa0, 0x02,
    0xbe, 0x7d, 0xaf, 0xd2, 0x3c, 0x3d, 0xff, 0x00, 0x98, 0x9f, 0xfb, 0x73, 0xff, 0x00, 0x6e, 0x3c,
    0x9c, 0xd3, 0xec, 0x7c, 0xff, 0x00, 0x40, 0xa2, 0xbf, 0x49, 0x3c, 0x90, 0xa2, 0x80, 0x3e, 0x82,
    0xa2, 0xbf, 0x9b, 0x8f, 0xac, 0x0a, 0x28, 0x00, 0xaf, 0x9f, 0x6b, 0xf4, 0x8f, 0x0f, 0x7f, 0xe6,
    0x27, 0xfe, 0xdc, 0xff, 0x00, 0xdb, 0x8f, 0x27, 0x34, 0xfb, 0x1f, 0x3f, 0xd0, 0x28, 0xaf, 0xd2,
    0x4f, 0x24, 0x28, 0xa0, 0x0f, 0xa0, 0xa8, 0xaf, 0xe6, 0xe3, 0xeb, 0x02, 0x8a, 0x00, 0x2b, 0xe7,
    0xda, 0xfd, 0x23, 0xc3, 0xdf, 0xf9, 0x89, 0xff, 0x00, 0xb7, 0x3f, 0xf6, 0xe3, 0xc9, 0xcd, 0x3e,
    0xc7, 0xcf, 0xf4, 0x0a, 0x2b, 0xf4, 0x93, 0xc9, 0x0a, 0x28, 0x03, 0xe8, 0x2a, 0x2b, 0xf9, 0xb8,
    0xfa, 0xc0, 0xa2, 0x80, 0x0a, 0xf9, 0xf6, 0xbf, 0x48, 0xf0, 0xf7, 0xfe, 0x62, 0x7f, 0xed, 0xcf,
    0xfd, 0xb8, 0xf2, 0x73, 0x4f, 0xb1, 0xf3, 0xfd, 0x02, 0x8a, 0xfd, 0x24, 0xf2, 0x42, 0x8a, 0x00,
    0xfa, 0x0a, 0x8a, 0xfe, 0x6e, 0x3e, 0xb0, 0x28, 0xa0, 0x02, 0xbe, 0x7d, 0xaf, 0xd2, 0x3c, 0x3d,
    0xff, 0x00, 0x98, 0x9f, 0xfb, 0x73, 0xff, 0x00, 0x6e, 0x3c, 0x9c, 0xd3, 0xec, 0x7c, 0xff, 0x00,
    0x40, 0xa2, 0xbf, 0x49, 0x3c, 0x90, 0xa2, 0x80, 0x3e, 0x82, 0xa2, 0xbf, 0x9b, 0x8f, 0xac, 0x0a,
    0x28, 0x00, 0xaf, 0x9f, 0x6b, 0xf4, 0x8f, 0x0f, 0x7f, 0xe6, 0x27, 0xfe, 0xdc, 0xff, 0x00, 0xdb,
    0x8f, 0x27, 0x34, 0xfb, 0x1f, 0x3f, 0xd0, 0x28, 0xaf, 0xd2, 0x4f, 0x24, 0x28, 0xa0, 0x0f, 0xa0,
    0xa8, 0xaf, 0xe6, 0xe3, 0xeb, 0x02, 0x8a, 0x00, 0x2b, 0xe7, 0xda, 0xfd, 0x23, 0xc3, 0xdf, 0xf9,
    0x89, 0xff, 0x00, 0xb7, 0x3f, 0xf6, 0xe3, 0xc9, 0xcd, 0x3e, 0xc7, 0xcf, 0xf4, 0x0a, 0x2b, 0xf4,
    0x93, 0xc9, 0x0a, 0x28, 0x03, 0xe8, 0x2a, 0x2b, 0xf9, 0xb8, 0xfa, 0xc0, 0xa2, 0x80, 0x0a, 0xf9,
    0xf6, 0xbf, 0x48, 0xf0, 0xf7, 0xfe, 0x62, 0x7f, 0xed, 0xcf, 0xfd, 0xb8, 0xf2, 0x73, 0x4f, 0xb1,
    0xf3, 0xfd, 0x02, 0x8a, 0xfd, 0x24, 0xf2, 0x42, 0x8a, 0x00, 0xfa, 0x0a, 0x8a, 0xfe, 0x6e, 0x3e,
    0xb0, 0x28, 0xa0, 0x02, 0xbe, 0x7d, 0xaf, 0xd2, 0x3c, 0x3d, 0xff, 0x00, 0x98, 0x9f, 0xfb, 0x73,
    0xff, 0x00, 0x6e, 0x3c, 0x9c, 0xd3, 0xec, 0x7c, 0xff, 0x00, 0x40, 0xa2, 0xbf, 0x49, 0x3c, 0x90,
    0xa2, 0x80, 0x3e, 0x82, 0xa2, 0xbf, 0x9b, 0x8f, 0xac, 0x0a, 0x28, 0x00, 0xaf, 0x9f, 0x6b, 0xf4,
    0x8f, 0x0f, 0x7f, 0xe6, 0x27, 0xfe, 0xdc, 0xff, 0x00, 0xdb, 0x8f, 0x27, 0x34, 0xfb, 0x1f, 0x3f,
    0xd0, 0x28, 0xaf, 0xd2, 0x4f, 0x24, 0x28, 0xa0, 0x0f, 0xa0, 0xa8, 0xaf, 0xe6, 0xe3, 0xeb, 0x02,
    0x8a, 0x00, 0x2b, 0xe7, 0xda, 0xfd, 0x23, 0xc3, 0xdf, 0xf9, 0x89, 0xff, 0x00, 0xb7, 0x3f, 0xf6,
    0xe3, 0xc9, 0xcd, 0x3e, 0xc7, 0xcf, 0xf4, 0x0a, 0x2b, 0xf4, 0x93, 0xc9, 0x0a, 0x28, 0x03, 0xe8,
    0x2a, 0x2b, 0xf9, 0xb8, 0xfa, 0xc0, 0xa2, 0x80, 0x0a, 0xf9, 0xf6, 0xbf, 0x48, 0xf0, 0xf7, 0xfe,
    0x62, 0x7f, 0xed, 0xcf, 0xfd, 0xb8, 0xf2, 0x73, 0x4f, 0xb1, 0xf3, 0xfd, 0x02, 0x8a, 0xfd, 0x24,
    0xf2, 0x42, 0x8a, 0x00, 0xfa, 0x0a, 0x8a, 0xfe, 0x6e, 0x3e, 0xb0, 0x28, 0xa0, 0x02, 0xbe, 0x7d,
    0xaf, 0xd2, 0x3c, 0x3d, 0xff, 0x00, 0x98, 0x9f, 0xfb, 0x73, 0xff, 0x00, 0x6e, 0x3c, 0x9c, 0xd3,
    0xec, 0x7c, 0xff, 0x00, 0x40, 0xa2, 0xbf, 0x49, 0x3c, 0x90, 0xa2, 0x80, 0x3e, 0x82, 0xa2, 0xbf,
    0x9b, 0x8f, 0xac, 0x0a, 0x28, 0x00, 0xaf, 0x9f, 0x6b, 0xf4, 0x8f, 0x0f, 0x7f, 0xe6, 0x27, 0xfe,
    0xdc, 0xff, 0x00, 0xdb, 0x8f, 0x27, 0x34, 0xfb, 0x1f, 0x3f, 0xd0, 0x28, 0xaf, 0xd2, 0x4f, 0x24,
    0x28, 0xa0, 0x0f, 0xff, 0xd9,
};
static const unsigned char cb_frame_1[] = {
    0xff, 0xd8, 0xff, 0xe0, 0x00, 0x10, 0x4a, 0x46, 0x49, 0x46, 0x00, 0x01, 0x01, 0x00, 0x00, 0x01,
    0x00, 0x01, 0x00, 0x00, 0xff, 0xdb, 0x00, 0x43, 0x00, 0x08, 0x06, 0x06, 0x07, 0x06, 0x05, 0x08,
    0x07, 0x07, 0x07, 0x09, 0x09, 0x08, 0x0a, 0x0c, 0x14, 0x0d, 0x0c, 0x0b, 0x0b, 0x0c, 0x19, 0x12,
    0x13, 0x0f, 0x14, 0x1d, 0x1a, 0x1f, 0x1e, 0x1d, 0x1a, 0x1c, 0x1c, 0x20, 0x24, 0x2e, 0x27, 0x20,
    0x22, 0x2c, 0x23, 0x1c, 0x1c, 0x28, 0x37, 0x29, 0x2c, 0x30, 0x31, 0x34, 0x34, 0x34, 0x1f, 0x27,
    0x39, 0x3d, 0x38, 0x32, 0x3c, 0x2e, 0x33, 0x34, 0x32, 0xff, 0xdb, 0x00, 0x43, 0x01, 0x09, 0x09,
    0x09, 0x0c, 0x0b, 0x0c, 0x18, 0x0d, 0x0d, 0x18, 0x32, 0x21, 0x1c, 0x21, 0x32, 0x32, 0x32, 0x32,
    0x32, 0x32, 0x32, 0x32, 0x32, 0x32, 0x32, 0x32, 0x32, 0x32, 0x32, 0x32, 0x32, 0x32, 0x32, 0x32,
    0x32, 0x32, 0x32, 0x32, 0x32, 0x32, 0x32, 0x32, 0x32, 0x32, 0x32, 0x32, 0x32, 0x32, 0x32, 0x32,
    0x32, 0x32, 0x32, 0x32, 0x32, 0x32, 0x32, 0x32, 0x32, 0x32, 0x32, 0x32, 0x32, 0x32, 0xff, 0xc0,
    0x00, 0x11, 0x08, 0x00, 0xf0, 0x01, 0x40, 0x03, 0x01, 0x21, 0x00, 0x02, 0x11, 0x01, 0x03, 0x11,
    0x01, 0xff, 0xc4, 0x00, 0x1f, 0x00, 0x00, 0x01, 0x05, 0x01, 0x01, 0x01, 0x01, 0x01, 0x01, 0x00,
    0x00, 0x00, 0x00, 0x00, 0x00, 0x00, 0x00, 0x01, 0x02, 0x03, 0x04, 0x05, 0x06, 0x07, 0x08, 0x09,
    0x0a, 0x0b, 0xff, 0xc4, 0x00, 0xb5, 0x10, 0x00, 0x02, 0x01, 0x03, 0x03, 0x02, 0x04, 0x03, 0x05,
    0x05, 0x04, 0x04, 0x00, 0x00, 0x01, 0x7d, 0x01, 0x02, 0x03, 0x00, 0x04, 0x11, 0x05, 0x12, 0x21,
    0x31, 0x41, 0x06, 0x13, 0x51, 0x61, 0x07, 0x22, 0x71, 0x14, 0x32, 0x81, 0x91, 0xa1, 0x08, 0x23,
    0x42, 0xb1, 0xc1, 0x15, 0x52, 0xd1, 0xf0, 0x24, 0x33, 0x62, 0x72, 0x82, 0x09, 0x0a, 0x16, 0x17,
    0x18, 0x19, 0x1a, 0x25, 0x26, 0x27, 0x28, 0x29, 0x2a, 0x34, 0x35, 0x36, 0x37, 0x38, 0x39, 0x3a,
    0x43, 0x44, 0x45, 0x46, 0x47, 0x48, 0x49, 0x4a, 0x53, 0x54, 0x55, 0x56, 0x57, 0x58, 0x59, 0x5a,
    0x63, 0x64, 0x65, 0x66, 0x67, 0x68, 0x69, 0x6a, 0x73, 0x74, 0x75, 0x76, 0x77, 0x78, 0x79, 0x7a,
    0x83, 0x84, 0x85, 0x86, 0x87, 0x88, 0x89, 0x8a, 0x92, 0x93, 0x94, 0x95, 0x96, 0x97, 0x98, 0x99,
    0x9a, 0xa2, 0xa3, 0xa4, 0xa5, 0xa6, 0xa7, 0xa8, 0xa9, 0xaa, 0xb2, 0xb3, 0xb4, 0xb5, 0xb6, 0xb7,
    0xb8, 0xb9, 0xba, 0xc2, 0xc3, 0xc4, 0xc5, 0xc6, 0xc7, 0xc8, 0xc9, 0xca, 0xd2, 0xd3, 0xd4, 0xd5,
    0xd6, 0xd7, 0xd8, 0xd9, 0xda, 0xe1, 0xe2, 0xe3, 0xe4, 0xe5, 0xe6, 0xe7, 0xe8, 0xe9, 0xea, 0xf1,
    0xf2, 0xf3, 0xf4, 0xf5, 0xf6, 0xf7, 0xf8, 0xf9, 0xfa, 0xff, 0xc4, 0x00, 0x1f, 0x01, 0x00, 0x03,
    0x01, 0x01, 0x01, 0x01, 0x01, 0x01, 0x01, 0x01, 0x01, 0x00, 0x00, 0x00, 0x00, 0x00, 0x00, 0x01,
    0x02, 0x03, 0x04, 0x05, 0x06, 0x07, 0x08, 0x09, 0x0a, 0x0b, 0xff, 0xc4, 0x00, 0xb5, 0x11, 0x00,
    0x02, 0x01, 0x02, 0x04, 0x04, 0x03, 0x04, 0x07, 0x05, 0x04, 0x04, 0x00, 0x01, 0x02, 0x77, 0x00,
    0x01, 0x02, 0x03, 0x11, 0x04, 0x05, 0x21, 0x31, 0x06, 0x12, 0x41, 0x51, 0x07, 0x61, 0x71, 0x13,
    0x22, 0x32, 0x81, 0x08, 0x14, 0x42, 0x91, 0xa1, 0xb1, 0xc1, 0x09, 0x23, 0x33, 0x52, 0xf0, 0x15,
    0x62, 0x72, 0xd1, 0x0a, 0x16, 0x24, 0x34, 0xe1, 0x25, 0xf1, 0x17, 0x18, 0x19, 0x1a, 0x26, 0x27,
    0x28, 0x29, 0x2a, 0x35, 0x36, 0x37, 0x38, 0x39, 0x3a, 0x43, 0x44, 0x45, 0x46, 0x47, 0x48, 0x49,
    0x4a, 0x53, 0x54, 0x55, 0x56, 0x57, 0x58, 0x59, 0x5a, 0x63, 0x64, 0x65, 0x66, 0x67, 0x68, 0x69,
    0x6a, 0x73, 0x74, 0x75, 0x76, 0x77, 0x78, 0x79, 0x7a, 0x82, 0x83, 0x84, 0x85, 0x86, 0x87, 0x88,
    0x89, 0x8a, 0x92, 0x93, 0x94, 0x95, 0x96, 0x97, 0x98, 0x99, 0x9a, 0xa2, 0xa3, 0xa4, 0xa5, 0xa6,
    0xa7, 0xa8, 0xa9, 0xaa, 0xb2, 0xb3, 0xb4, 0xb5, 0xb6, 0xb7, 0xb8, 0xb9, 0xba, 0xc2, 0xc3, 0xc4,
    0xc5, 0xc6, 0xc7, 0xc8, 0xc9, 0xca, 0xd2, 0xd3, 0xd4, 0xd5, 0xd6, 0xd7, 0xd8, 0xd9, 0xda, 0xe2,
    0xe3, 0xe4, 0xe5, 0xe6, 0xe7, 0xe8, 0xe9, 0xea, 0xf2, 0xf3, 0xf4, 0xf5, 0xf6, 0xf7, 0xf8, 0xf9,
    0xfa, 0xff, 0xda, 0x00, 0x0c, 0x03, 0x01, 0x00, 0x02, 0x11, 0x03, 0x11, 0x00, 0x3f, 0x00, 0xe0,
    0xa8, 0xaf, 0xd0, 0xcf, 0x20, 0x28, 0xa0, 0x0f, 0x51, 0xf8, 0x6d, 0xff, 0x00, 0x22, 0xed, 0xc7,
    0xfd, 0x7d, 0xb7, 0xfe, 0x80, 0x95, 0xd8, 0xd7, 0xe1, 0x3c, 0x49, 0xff, 0x00, 0x23, 0x5a, 0xff,
    0x00, 0xe2, 0x3e, 0x93, 0x09, 0xfc, 0x08, 0xfa, 0x05, 0x15, 0xe2, 0x1d, 0x01, 0x5e, 0x5d, 0xf1,
    0x27, 0xfe, 0x46, 0x2b, 0x7f, 0xfa, 0xf4, 0x5f, 0xfd, 0x0d, 0xeb, 0xeb, 0x78, 0x27, 0xfe, 0x46,
    0xab, 0xfc, 0x32, 0x38, 0x73, 0x0f, 0xe0, 0x7c, 0xce, 0x3a, 0x8a, 0xfd, 0x90, 0xf0, 0x42, 0x8a,
    0x00, 0xf5, 0x1f, 0x86, 0xdf, 0xf2, 0x2e, 0xdc, 0x7f, 0xd7, 0xdb, 0x7f, 0xe8, 0x09, 0x5d, 0x8d,
    0x7e, 0x13, 0xc4, 0x9f, 0xf2, 0x35, 0xaf, 0xfe, 0x23, 0xe9, 0x30, 0x9f, 0xc0, 0x8f, 0xa0, 0x51,
    0x5e, 0x21, 0xd0, 0x15, 0xe5, 0xdf, 0x12, 0x7f, 0xe4, 0x62, 0xb7, 0xff, 0x00, 0xaf, 0x45, 0xff,
    0x00, 0xd0, 0xde, 0xbe, 0xb7, 0x82, 0x7f, 0xe4, 0x6a, 0xbf, 0xc3, 0x23, 0x87, 0x30, 0xfe, 0x07,
    0xcc, 0xe3, 0xa8, 0xaf, 0xd9, 0x0f, 0x04, 0x28, 0xa0, 0x0f, 0x51, 0xf8, 0x6d, 0xff, 0x00, 0x22,
    0xed, 0xc7, 0xfd, 0x7d, 0xb7, 0xfe, 0x80, 0x95, 0xd8, 0xd7, 0xe1, 0x3c, 0x49, 0xff, 0x00, 0x23,
    0x5a, 0xff, 0x00, 0xe2, 0x3e, 0x93, 0x09, 0xfc, 0x08, 0xfa, 0x05, 0x15, 0xe2, 0x1d, 0x01, 0x5e,
    0x5d, 0xf1, 0x27, 0xfe, 0x46, 0x2b, 0x7f, 0xfa, 0xf4, 0x5f, 0xfd, 0x0d, 0xeb, 0xeb, 0x78, 0x27,
    0xfe, 0x46, 0xab, 0xfc, 0x32, 0x38, 0x73, 0x0f, 0xe0, 0x7c, 0xce, 0x3a, 0x8a, 0xfd, 0x90, 0xf0,
    0x42, 0x8a, 0x00, 0xf5, 0x1f, 0x86, 0xdf, 0xf2, 0x2e, 0xdc, 0x7f, 0xd7, 0xdb, 0x7f, 0xe8, 0x09,
    0x5d, 0x8d, 0x7e, 0x13, 0xc4, 0x9f, 0xf2, 0x35, 0xaf, 0xfe, 0x23, 0xe9, 0x30, 0x9f, 0xc0, 0x8f,
    0xa0, 0x51, 0x5e, 0x21, 0xd0, 0x15, 0xe5, 0xdf, 0x12, 0x7f, 0xe4, 0x62, 0xb7, 0xff, 0x00, 0xaf,
    0x45, 0xff, 0x00, 0xd0, 0xde, 0xbe, 0xb7, 0x82, 0x7f, 0xe4, 0x6a, 0xbf, 0xc3, 0x23, 0x87, 0x30,
    0xfe, 0x07, 0xcc, 0xe3, 0xa8, 0xaf, 0xd9, 0x0f, 0x04, 0x28, 0xa0, 0x0f, 0x51, 0xf8, 0x6d, 0xff,
    0x00, 0x22, 0xed, 0xc7, 0xfd, 0x7d, 0xb7, 0xfe, 0x80, 0x95, 0xd8, 0xd7, 0xe1, 0x3c, 0x49, 0xff,
    0x00, 0x23, 0x5a, 0xff, 0x00, 0xe2, 0x3e, 0x93, 0x09, 0xfc, 0x08, 0xfa, 0x05, 0x15, 0xe2, 0x1d,
    0x01, 0x5e, 0x5d, 0xf1, 0x27, 0xfe, 0x46, 0x2b, 0x7f, 0xfa, 0xf4, 0x5f, 0xfd, 0x0d, 0xeb, 0xeb,
    0x78, 0x27, 0xfe, 0x46, 0xab, 0xfc, 0x32, 0x38, 0x73, 0x0f, 0xe0, 0x7c, 0xce, 0x3a, 0x8a, 0xfd,
    0x90, 0xf0, 0x42, 0x8a, 0x00, 0xf5, 0x1f, 0x86, 0xdf, 0xf2, 0x2e, 0xdc, 0x7f, 0xd7, 0xdb, 0x7f,
    0xe8, 0x09, 0x5d, 0x8d, 0x7e, 0x13, 0xc4, 0x9f, 0xf2, 0x35, 0xaf, 0xfe, 0x23, 0xe9, 0x30, 0x9f,
    0xc0, 0x8f, 0xa0, 0x51, 0x5e, 0x21, 0xd0, 0x15, 0xe5, 0xdf, 0x12, 0x7f, 0xe4, 0x62, 0xb7, 0xff,
    0x00, 0xaf, 0x45, 0xff, 0x00, 0xd0, 0xde, 0xbe, 0xb7, 0x82, 0x7f, 0xe4, 0x6a, 0xbf, 0xc3, 0x23,
    0x87, 0x30, 0xfe, 0x07, 0xcc, 0xe3, 0xa8, 0xaf, 0xd9, 0x0f, 0x04, 0x28, 0xa0, 0x0f, 0x51, 0xf8,
    0x6d, 0xff, 0x00, 0x22, 0xed, 0xc7, 0xfd, 0x7d, 0xb7, 0xfe, 0x80, 0x95, 0xd8, 0xd7, 0xe1, 0x3c,
    0x49, 0xff, 0x00, 0x23, 0x5a, 0xff, 0x00, 0xe2, 0x3e, 0x93, 0x09, 0xfc, 0x08, 0xfa, 0x05, 0x15,
    0xe2, 0x1d, 0x01, 0x5e, 0x5d, 0xf1, 0x27, 0xfe, 0x46, 0x2b, 0x7f, 0xfa, 0xf4, 0x5f, 0xfd, 0x0d,
    0xeb, 0xeb, 0x78, 0x27, 0xfe, 0x46, 0xab, 0xfc, 0x32, 0x38, 0x73, 0x0f, 0xe0, 0x7c, 0xce, 0x3a,
    0x8a, 0xfd, 0x90, 0xf0, 0x42, 0x8a, 0x00, 0xf5, 0x1f, 0x86, 0xdf, 0xf2, 0x2e, 0xdc, 0x7f, 0xd7,
    0xdb, 0x7f, 0xe8, 0x09, 0x5d, 0x8d, 0x7e, 0x13, 0xc4, 0x9f, 0xf2, 0x35, 0xaf, 0xfe, 0x23, 0xe9,
    0x30, 0x9f, 0xc0, 0x8f, 0xa0, 0x51, 0x5e, 0x21, 0xd0, 0x15, 0xe5, 0xdf, 0x12, 0x7f, 0xe4, 0x62,
    0xb7, 0xff, 0x00, 0xaf, 0x45, 0xff, 0x00, 0xd0, 0xde, 0xbe, 0xb7, 0x82, 0x7f, 0xe4, 0x6a, 0xbf,
    0xc3, 0x23, 0x87, 0x30, 0xfe, 0x07, 0xcc, 0xe3, 0xa8, 0xaf, 0xd9, 0x0f, 0x04, 0x28, 0xa0, 0x0f,
    0x51, 0xf8, 0x6d, 0xff, 0x00, 0x22, 0xed, 0xc7, 0xfd, 0x7d, 0xb7, 0xfe, 0x80, 0x95, 0xd8, 0xd7,
    0xe1, 0x3c, 0x49, 0xff, 0x00, 0x23, 0x5a, 0xff, 0x00, 0xe2, 0x3e, 0x93, 0x09, 0xfc, 0x08, 0xfa,
    0x05, 0x15, 0xe2, 0x1d, 0x01, 0x5e, 0x5d, 0xf1, 0x27, 0xfe, 0x46, 0x2b, 0x7f, 0xfa, 0xf4, 0x5f,
    0xfd, 0x0d, 0xeb, 0xeb, 0x78, 0x27, 0xfe, 0x46, 0xab, 0xfc, 0x32, 0x38, 0x73, 0x0f, 0xe0, 0x7c,
    0xce, 0x3a, 0x8a, 0xfd, 0x90, 0xf0, 0x42, 0x8a, 0x00, 0xf5, 0x1f, 0x86, 0xdf, 0xf2, 0x2e, 0xdc,
    0x7f, 0xd7, 0xdb, 0x7f, 0xe8, 0x09, 0x5d, 0x8d, 0x7e, 0x13, 0xc4, 0x9f, 0xf2, 0x35, 0xaf, 0xfe,
    0x23, 0xe9, 0x30, 0x9f, 0xc0, 0x8f, 0xa0, 0x51, 0x5e, 0x21, 0xd0, 0x15, 0xe5, 0xdf, 0x12, 0x7f,
    0xe4, 0x62, 0xb7, 0xff, 0x00, 0xaf, 0x45, 0xff, 0x00, 0xd0, 0xde, 0xbe, 0xb7, 0x82, 0x7f, 0xe4,
    0x6a, 0xbf, 0xc3, 0x23, 0x87, 0x30, 0xfe, 0x07, 0xcc, 0xe3, 0xa8, 0xaf, 0xd9, 0x0f, 0x04, 0x28,
    0xa0, 0x0f, 0x51, 0xf8, 0x6d, 0xff, 0x00, 0x22, 0xed, 0xc7, 0xfd, 0x7d, 0xb7, 0xfe, 0x80, 0x95,
    0xd8, 0xd7, 0xe1, 0x3c, 0x49, 0xff, 0x00, 0x23, 0x5a, 0xff, 0x00, 0xe2, 0x3e, 0x93, 0x09, 0xfc,
    0x08, 0xfa, 0x05, 0x15, 0xe2, 0x1d, 0x01, 0x5e, 0x5d, 0xf1, 0x27, 0xfe, 0x46, 0x2b, 0x7f, 0xfa,
    0xf4, 0x5f, 0xfd, 0x0d, 0xeb, 0xeb, 0x78, 0x27, 0xfe, 0x46, 0xab, 0xfc, 0x32, 0x38, 0x73, 0x0f,
    0xe0, 0x7c, 0xce, 0x3a, 0x8a, 0xfd, 0x90, 0xf0, 0x42, 0x8a, 0x00, 0xf5, 0x1f, 0x86, 0xdf, 0xf2,
    0x2e, 0xdc, 0x7f, 0xd7, 0xdb, 0x7f, 0xe8, 0x09, 0x5d, 0x8d, 0x7e, 0x13, 0xc4, 0x9f, 0xf2, 0x35,
    0xaf, 0xfe, 0x23, 0xe9, 0x30, 0x9f, 0xc0, 0x8f, 0xa0, 0x51, 0x5e, 0x21, 0xd0, 0x15, 0xe5, 0xdf,
    0x12, 0x7f, 0xe4, 0x62, 0xb7, 0xff, 0x00, 0xaf, 0x45, 0xff, 0x00, 0xd0, 0xde, 0xbe, 0xb7, 0x82,
    0x7f, 0xe4, 0x6a, 0xbf, 0xc3, 0x23, 0x87, 0x30, 0xfe, 0x07, 0xcc, 0xe3, 0xa8, 0xaf, 0xd9, 0x0f,
    0x04, 0x28, 0xa0, 0x0f, 0x51, 0xf8, 0x6d, 0xff, 0x00, 0x22, 0xed, 0xc7, 0xfd, 0x7d, 0xb7, 0xfe,
    0x80, 0x95, 0xd8, 0xd7, 0xe1, 0x3c, 0x49, 0xff, 0x00, 0x23, 0x5a, 0xff, 0x00, 0xe2, 0x3e, 0x93,
    0x09, 0xfc, 0x08, 0xfa, 0x05, 0x15, 0xe2, 0x1d, 0x01, 0x5e, 0x5d, 0xf1, 0x27, 0xfe, 0x46, 0x2b,
    0x7f, 0xfa, 0xf4, 0x5f, 0xfd, 0x0d, 0xeb, 0xeb, 0x78, 0x27, 0xfe, 0x46, 0xab, 0xfc, 0x32, 0x38,
    0x73, 0x0f, 0xe0, 0x7c, 0xce, 0x3a, 0x8a, 0xfd, 0x90, 0xf0, 0x42, 0x8a, 0x00, 0xf5, 0x1f, 0x86,
    0xdf, 0xf2, 0x2e, 0xdc, 0x7f, 0xd7, 0xdb, 0x7f, 0xe8, 0x09, 0x5d, 0x8d, 0x7e, 0x13, 0xc4, 0x9f,
    0xf2, 0x35, 0xaf, 0xfe, 0x23, 0xe9, 0x30, 0x9f, 0xc0, 0x8f, 0xa0, 0x51, 0x5e, 0x21, 0xd0, 0x15,
    0xe5, 0xdf, 0x12, 0x7f, 0xe4, 0x62, 0xb7, 0xff, 0x00, 0xaf, 0x45, 0xff, 0x00, 0xd0, 0xde, 0xbe,
    0xb7, 0x82, 0x7f, 0xe4, 0x6a, 0xbf, 0xc3, 0x23, 0x87, 0x30, 0xfe, 0x07, 0xcc, 0xe3, 0xa8, 0xaf,
    0xd9, 0x0f, 0x04, 0x28, 0xa0, 0x0f, 0x51, 0xf8, 0x6d, 0xff, 0x00, 0x22, 0xed, 0xc7, 0xfd, 0x7d,
    0xb7, 0xfe, 0x80, 0x95, 0xd8, 0xd7, 0xe1, 0x3c, 0x49, 0xff, 0x00, 0x23, 0x5a, 0xff, 0x00, 0xe2,
    0x3e, 0x93, 0x09, 0xfc, 0x08, 0xfa, 0x05, 0x15, 0xe2, 0x1d, 0x01, 0x5e, 0x5d, 0xf1, 0x27, 0xfe,
    0x46, 0x2b, 0x7f, 0xfa, 0xf4, 0x5f, 0xfd, 0x0d, 0xeb, 0xeb, 0x78, 0x27, 0xfe, 0x46, 0xab, 0xfc,
    0x32, 0x38, 0x73, 0x0f, 0xe0, 0x7c, 0xce, 0x3a, 0x8a, 0xfd, 0x90, 0xf0, 0x42, 0x8a, 0x00, 0xf5,
    0x1f, 0x86, 0xdf, 0xf2, 0x2e, 0xdc, 0x7f, 0xd7, 0xdb, 0x7f, 0xe8, 0x09, 0x5d, 0x8d, 0x7e, 0x13,
    0xc4, 0x9f, 0xf2, 0x35, 0xaf, 0xfe, 0x23, 0xe9, 0x30, 0x9f, 0xc0, 0x8f, 0xa0, 0x51, 0x5e, 0x21,
    0xd0, 0x15, 0xe5, 0xdf, 0x12, 0x7f, 0xe4, 0x62, 0xb7, 0xff, 0x00, 0xaf, 0x45, 0xff, 0x00, 0xd0,
    0xde, 0xbe, 0xb7, 0x82, 0x7f, 0xe4, 0x6a, 0xbf, 0xc3, 0x23, 0x87, 0x30, 0xfe, 0x07, 0xcc, 0xe3,
    0xa8, 0xaf, 0xd9, 0x0f, 0x04, 0x28, 0xa0, 0x0f, 0x51, 0xf8, 0x6d, 0xff, 0x00, 0x22, 0xed, 0xc7,
    0xfd, 0x7d, 0xb7, 0xfe, 0x80, 0x95, 0xd8, 0xd7, 0xe1, 0x3c, 0x49, 0xff, 0x00, 0x23, 0x5a, 0xff,
    0x00, 0xe2, 0x3e, 0x93, 0x09, 0xfc, 0x08, 0xfa, 0x05, 0x15, 0xe2, 0x1d, 0x01, 0x5e, 0x5d, 0xf1,
    0x27, 0xfe, 0x46, 0x2b, 0x7f, 0xfa, 0xf4, 0x5f, 0xfd, 0x0d, 0xeb, 0xeb, 0x78, 0x27, 0xfe, 0x46,
    0xab, 0xfc, 0x32, 0x38, 0x73, 0x0f, 0xe0, 0x7c, 0xce, 0x3a, 0x8a, 0xfd, 0x90, 0xf0, 0x42, 0x8a,
    0x00, 0xf5, 0x1f, 0x86, 0xdf, 0xf2, 0x2e, 0xdc, 0x7f, 0xd7, 0xdb, 0x7f, 0xe8, 0x09, 0x5d, 0x8d,
    0x7e, 0x13, 0xc4, 0x9f, 0xf2, 0x35, 0xaf, 0xfe, 0x23, 0xe9, 0x30, 0x9f, 0xc0, 0x8f, 0xa0, 0x51,
    0x5e, 0x21, 0xd0, 0x15, 0xe5, 0xdf, 0x12, 0x7f, 0xe4, 0x62, 0xb7, 0xff, 0x00, 0xaf, 0x45, 0xff,
    0x00, 0xd0, 0xde, 0xbe, 0xb7, 0x82, 0x7f, 0xe4, 0x6a, 0xbf, 0xc3, 0x23, 0x87, 0x30, 0xfe, 0x07,
    0xcc, 0xe3, 0xa8, 0xaf, 0xd9, 0x0f, 0x04, 0x28, 0xa0, 0x0f, 0x51, 0xf8, 0x6d, 0xff, 0x00, 0x22,
    0xed, 0xc7, 0xfd, 0x7d, 0xb7, 0xfe, 0x80, 0x95, 0xd8, 0xd7, 0xe1, 0x3c, 0x49, 0xff, 0x00, 0x23,
    0x5a, 0xff, 0x00, 0xe2, 0x3e, 0x93, 0x09, 0xfc, 0x08, 0xfa, 0x05, 0x15, 0xe2, 0x1d, 0x01, 0x5e,
    0x5d, 0xf1, 0x27, 0xfe, 0x46, 0x2b, 0x7f, 0xfa, 0xf4, 0x5f, 0xfd, 0x0d, 0xeb, 0xeb, 0x78, 0x27,
    0xfe, 0x46, 0xab, 0xfc, 0x32, 0x38, 0x73, 0x0f, 0xe0, 0x7c, 0xce, 0x3a, 0x8a, 0xfd, 0x90, 0xf0,
    0x42, 0x8a, 0x00, 0xf5, 0x1f, 0x86, 0xdf, 0xf2, 0x2e, 0xdc, 0x7f, 0xd7, 0xdb, 0x7f, 0xe8, 0x09,
    0x5d, 0x8d, 0x7e, 0x13, 0xc4, 0x9f, 0xf2, 0x35, 0xaf, 0xfe, 0x23, 0xe9, 0x30, 0x9f, 0xc0, 0x8f,
    0xa0, 0x51, 0x5e, 0x21, 0xd0, 0x15, 0xe5, 0xdf, 0x12, 0x7f, 0xe4, 0x62, 0xb7, 0xff, 0x00, 0xaf,
    0x45, 0xff, 0x00, 0xd0, 0xde, 0xbe, 0xb7, 0x82, 0x7f, 0xe4, 0x6a, 0xbf, 0xc3, 0x23, 0x87, 0x30,
    0xfe, 0x07, 0xcc, 0xf5, 0x1a, 0x2b, 0xe4, 0x8e, 0xe0, 0xa2, 0x80, 0x3c, 0xbb, 0xe2, 0x4f, 0xfc,
    0x8c, 0x56, 0xff, 0x00, 0xf5, 0xe8, 0xbf, 0xfa, 0x1b, 0xd7, 0x1d, 0x5f, 0xbb, 0x70, 0xdf, 0xfc,
    0x8a, 0xa8, 0x7f, 0x84, 0xf9, 0xbc, 0x5f, 0xf1, 0xe5, 0xea, 0x14, 0x57, 0xb6, 0x73, 0x85, 0x7a,
    0x8f, 0xc3, 0x6f, 0xf9, 0x17, 0x6e, 0x3f, 0xeb, 0xed, 0xbf, 0xf4, 0x04, 0xaf, 0x91, 0xe3, 0x6f,
    0xf9, 0x15, 0x3f, 0xf1, 0x44, 0xee, 0xcb, 0xff, 0x00, 0x8f, 0xf2, 0x3b, 0x1a, 0x2b, 0xf1, 0xc3,
    0xde, 0x0a, 0x28, 0x03, 0xcb, 0xbe, 0x24, 0xff, 0x00, 0xc8, 0xc5, 0x6f, 0xff, 0x00, 0x5e, 0x8b,
    0xff, 0x00, 0xa1, 0xbd, 0x71, 0xd5, 0xfb, 0xb7, 0x0d, 0xff, 0x00, 0xc8, 0xaa, 0x87, 0xf8, 0x4f,
    0x9b, 0xc5, 0xff, 0x00, 0x1e, 0x5e, 0xa1, 0x45, 0x7b, 0x67, 0x38, 0x57, 0xa8, 0xfc, 0x36, 0xff,
    0x00, 0x91, 0x76, 0xe3, 0xfe, 0xbe, 0xdb, 0xff, 0x00, 0x40, 0x4a, 0xf9, 0x1e, 0x36, 0xff, 0x00,
    0x91, 0x53, 0xff, 0x00, 0x14, 0x4e, 0xec, 0xbf, 0xf8, 0xff, 0x00, 0x23, 0xb1, 0xa2, 0xbf, 0x1c,
    0x3d, 0xe0, 0xa2, 0x80, 0x3c, 0xbb, 0xe2, 0x4f, 0xfc, 0x8c, 0x56, 0xff, 0x00, 0xf5, 0xe8, 0xbf,
    0xfa, 0x1b, 0xd7, 0x1d, 0x5f, 0xbb, 0x70, 0xdf, 0xfc, 0x8a, 0xa8, 0x7f, 0x84, 0xf9, 0xbc, 0x5f,
    0xf1, 0xe5, 0xea, 0x14, 0x57, 0xb6, 0x73, 0x85, 0x7a, 0x8f, 0xc3, 0x6f, 0xf9, 0x17, 0x6e, 0x3f,
    0xeb, 0xed, 0xbf, 0xf4, 0x04, 0xaf, 0x91, 0xe3, 0x6f, 0xf9, 0x15, 0x3f, 0xf1, 0x44, 0xee, 0xcb,
    0xff, 0x00, 0x8f, 0xf2, 0x3b, 0x1a, 0x2b, 0xf1, 0xc3, 0xde, 0x0a, 0x28, 0x03, 0xcb, 0xbe, 0x24,
    0xff, 0x00, 0xc8, 0xc5, 0x6f, 0xff, 0x00, 0x5e, 0x8b, 0xff, 0x00, 0xa1, 0xbd, 0x71, 0xd5, 0xfb,
    0xb7, 0x0d, 0xff, 0x00, 0xc8, 0xaa, 0x87, 0xf8, 0x4f, 0x9b, 0xc5, 0xff, 0x00, 0x1e, 0x5e, 0xa1,
    0x45, 0x7b, 0x67, 0x38, 0x57, 0xa8, 0xfc, 0x36, 0xff, 0x00, 0x91, 0x76, 0xe3, 0xfe, 0xbe, 0xdb,
    0xff, 0x00, 0x40, 0x4a, 0xf9, 0x1e, 0x36, 0xff, 0x00, 0x91, 0x53, 0xff, 0x00, 0x14, 0x4e, 0xec,
    0xbf, 0xf8, 0xff, 0x00, 0x23, 0xb1, 0xa2, 0xbf, 0x1c, 0x3d, 0xe0, 0xa2, 0x80, 0x3c, 0xbb, 0xe2,
    0x4f, 0xfc, 0x8c, 0x56, 0xff, 0x00, 0xf5, 0xe8, 0xbf, 0xfa, 0x1b, 0xd7, 0x1d, 0x5f, 0xbb, 0x70,
    0xdf, 0xfc, 0x8a, 0xa8, 0x7f, 0x84, 0xf9, 0xbc, 0x5f, 0xf1, 0xe5, 0xea, 0x14, 0x57, 0xb6, 0x73,
    0x85, 0x7a, 0x8f, 0xc3, 0x6f, 0xf9, 0x17, 0x6e, 0x3f, 0xeb, 0xed, 0xbf, 0xf4, 0x04, 0xaf, 0x91,
    0xe3, 0x6f, 0xf9, 0x15, 0x3f, 0xf1, 0x44, 0xee, 0xcb, 0xff, 0x00, 0x8f, 0xf2, 0x3b, 0x1a, 0x2b,
    0xf1, 0xc3, 0xde, 0x0a, 0x28, 0x03, 0xcb, 0xbe, 0x24, 0xff, 0x00, 0xc8, 0xc5, 0x6f, 0xff, 0x00,
    0x5e, 0x8b, 0xff, 0x00, 0xa1, 0xbd, 0x71, 0xd5, 0xfb, 0xb7, 0x0d, 0xff, 0x00, 0xc8, 0xaa, 0x87,
    0xf8, 0x4f, 0x9b, 0xc5, 0xff, 0x00, 0x1e, 0x5e, 0xa1, 0x45, 0x7b, 0x67, 0x38, 0x57, 0xa8, 0xfc,
    0x36, 0xff, 0x00, 0x91, 0x76, 0xe3, 0xfe, 0xbe, 0xdb, 0xff, 0x00, 0x40, 0x4a, 0xf9, 0x1e, 0x36,
    0xff, 0x00, 0x91, 0x53, 0xff, 0x00, 0x14, 0x4e, 0xec, 0xbf, 0xf8, 0xff, 0x00, 0x23, 0xb1, 0xa2,
    0xbf, 0x1c, 0x3d, 0xe0, 0xa2, 0x80, 0x3c, 0xbb, 0xe2, 0x4f, 0xfc, 0x8c, 0x56, 0xff, 0x00, 0xf5,
    0xe8, 0xbf, 0xfa, 0x1b, 0xd7, 0x1d, 0x5f, 0xbb, 0x70, 0xdf, 0xfc, 0x8a, 0xa8, 0x7f, 0x84, 0xf9,
    0xbc, 0x5f, 0xf1, 0xe5, 0xea, 0x14, 0x57, 0xb6, 0x73, 0x85, 0x7a, 0x8f, 0xc3, 0x6f, 0xf9, 0x17,
    0x6e, 0x3f, 0xeb, 0xed, 0xbf, 0xf4, 0x04, 0xaf, 0x91, 0xe3, 0x6f, 0xf9, 0x15, 0x3f, 0xf1, 0x44,
    0xee, 0xcb, 0xff, 0x00, 0x8f, 0xf2, 0x3b, 0x1a, 0x2b, 0xf1, 0xc3, 0xde, 0x0a, 0x28, 0x03, 0xcb,
    0xbe, 0x24, 0xff, 0x00, 0xc8, 0xc5, 0x6f, 0xff, 0x00, 0x5e, 0x8b, 0xff, 0x00, 0xa1, 0xbd, 0x71,
    0xd5, 0xfb, 0xb7, 0x0d, 0xff, 0x00, 0xc8, 0xaa, 0x87, 0xf8, 0x4f, 0x9b, 0xc5, 0xff, 0x00, 0x1e,
    0x5e, 0xa1, 0x45, 0x7b, 0x67, 0x38, 0x57, 0xa8, 0xfc, 0x36, 0xff, 0x00, 0x91, 0x76, 0xe3, 0xfe,
    0xbe, 0xdb, 0xff, 0x00, 0x40, 0x4a, 0xf9, 0x1e, 0x36, 0xff, 0x00, 0x91, 0x53, 0xff, 0x00, 0x14,
    0x4e, 0xec, 0xbf, 0xf8, 0xff, 0x00, 0x23, 0xb1, 0xa2, 0xbf, 0x1c, 0x3d, 0xe0, 0xa2, 0x80, 0x3c,
    0xbb, 0xe2, 0x4f, 0xfc, 0x8c, 0x56, 0xff, 0x00, 0xf5, 0xe8, 0xbf, 0xfa, 0x1b, 0xd7, 0x1d, 0x5f,
    0xbb, 0x70, 0xdf, 0xfc, 0x8a, 0xa8, 0x7f, 0x84, 0xf9, 0xbc, 0x5f, 0xf1, 0xe5, 0xea, 0x14, 0x57,
    0xb6, 0x73, 0x85, 0x7a, 0x8f, 0xc3, 0x6f, 0xf9, 0x17, 0x6e, 0x3f, 0xeb, 0xed, 0xbf, 0xf4, 0x04,
    0xaf, 0x91, 0xe3, 0x6f, 0xf9, 0x15, 0x3f, 0xf1, 0x44, 0xee, 0xcb, 0xff, 0x00, 0x8f, 0xf2, 0x3b,
    0x1a, 0x2b, 0xf1, 0xc3, 0xde, 0x0a, 0x28, 0x03, 0xcb, 0xbe, 0x24, 0xff, 0x00, 0xc8, 0xc5, 0x6f,
    0xff, 0x00, 0x5e, 0x8b, 0xff, 0x00, 0xa1, 0xbd, 0x71, 0xd5, 0xfb, 0xb7, 0x0d, 0xff, 0x00, 0xc8,
    0xaa, 0x87, 0xf8, 0x4f, 0x9b, 0xc5, 0xff, 0x00, 0x1e, 0x5e, 0xa1, 0x45, 0x7b, 0x67, 0x38, 0x57,
    0xa8, 0xfc, 0x36, 0xff, 0x00, 0x91, 0x76, 0xe3, 0xfe, 0xbe, 0xdb, 0xff, 0x00, 0x40, 0x4a, 0xf9,
    0x1e, 0x36, 0xff, 0x00, 0x91, 0x53, 0xff, 0x00, 0x14, 0x4e, 0xec, 0xbf, 0xf8, 0xff, 0x00, 0x23,
    0xb1, 0xa2, 0xbf, 0x1c, 0x3d, 0xe0, 0xa2, 0x80, 0x3c, 0xbb, 0xe2, 0x4f, 0xfc, 0x8c, 0x56, 0xff,
    0x00, 0xf5, 0xe8, 0xbf, 0xfa, 0x1b, 0xd7, 0x1d, 0x5f, 0xbb, 0x70, 0xdf, 0xfc, 0x8a, 0xa8, 0x7f,
    0x84, 0xf9, 0xbc, 0x5f, 0xf1, 0xe5, 0xea, 0x14, 0x57, 0xb6, 0x73, 0x85, 0x7a, 0x8f, 0xc3, 0x6f,
    0xf9, 0x17, 0x6e, 0x3f, 0xeb, 0xed, 0xbf, 0xf4, 0x04, 0xaf, 0x91, 0xe3, 0x6f, 0xf9, 0x15, 0x3f,
    0xf1, 0x44, 0xee, 0xcb, 0xff, 0x00, 0x8f, 0xf2, 0x3b, 0x1a, 0x2b, 0xf1, 0xc3, 0xde, 0x0a, 0x28,
    0x03, 0xcb, 0xbe, 0x24, 0xff, 0x00, 0xc8, 0xc5, 0x6f, 0xff, 0x00, 0x5e, 0x8b, 0xff, 0x00, 0xa1,
    0xbd, 0x71, 0xd5, 0xfb, 0xb7, 0x0d, 0xff, 0x00, 0xc8, 0xaa, 0x87, 0xf8, 0x4f, 0x9b, 0xc5, 0xff,
    0x00, 0x1e, 0x5e, 0xa1, 0x45, 0x7b, 0x67, 0x38, 0x57, 0xa8, 0xfc, 0x36, 0xff, 0x00, 0x91, 0x76,
    0xe3, 0xfe, 0xbe, 0xdb, 0xff, 0x00, 0x40, 0x4a, 0xf9, 0x1e, 0x36, 0xff, 0x00, 0x91, 0x53, 0xff,
    0x00, 0x14, 0x4e, 0xec, 0xbf, 0xf8, 0xff, 0x00, 0x23, 0xb1, 0xa2, 0xbf, 0x1c, 0x3d, 0xe0, 0xa2,
    0x80, 0x3c, 0xbb, 0xe2, 0x4f, 0xfc, 0x8c, 0x56, 0xff, 0x00, 0xf5, 0xe8, 0xbf, 0xfa, 0x1b, 0xd7,
    0x1d, 0x5f, 0xbb, 0x70, 0xdf, 0xfc, 0x8a, 0xa8, 0x7f, 0x84, 0xf9, 0xbc, 0x5f, 0xf1, 0xe5, 0xea,
    0x14, 0x57, 0xb6, 0x73, 0x85, 0x7a, 0x8f, 0xc3, 0x6f, 0xf9, 0x17, 0x6e, 0x3f, 0xeb, 0xed, 0xbf,
    0xf4, 0x04, 0xaf, 0x91, 0xe3, 0x6f, 0xf9, 0x15, 0x3f, 0xf1, 0x44, 0xee, 0xcb, 0xff, 0x00, 0x8f,
    0xf2, 0x3b, 0x1a, 0x2b, 0xf1, 0xc3, 0xde, 0x0a, 0x28, 0x03, 0xcb, 0xbe, 0x24, 0xff, 0x00, 0xc8,
    0xc5, 0x6f, 0xff, 0x00, 0x5e, 0x8b, 0xff, 0x00, 0xa1, 0xbd, 0x71, 0xd5, 0xfb, 0xb7, 0x0d, 0xff,
    0x00, 0xc8, 0xaa, 0x87, 0xf8, 0x4f, 0x9b, 0xc5, 0xff, 0x00, 0x1e, 0x5e, 0xa1, 0x45, 0x7b, 0x67,
    0x38, 0x57, 0xa8, 0xfc, 0x36, 0xff, 0x00, 0x91, 0x76, 0xe3, 0xfe, 0xbe, 0xdb, 0xff, 0x00, 0x40,
    0x4a, 0xf9, 0x1e, 0x36, 0xff, 0x00, 0x91, 0x53, 0xff, 0x00, 0x14, 0x4e, 0xec, 0xbf, 0xf8, 0xff,
    0x00, 0x23, 0xb1, 0xa2, 0xbf, 0x1c, 0x3d, 0xe0, 0xa2, 0x80, 0x3c, 0xbb, 0xe2, 0x4f, 0xfc, 0x8c,
    0x56, 0xff, 0x00, 0xf5, 0xe8, 0xbf, 0xfa, 0x1b, 0xd7, 0x1d, 0x5f, 0xbb, 0x70, 0xdf, 0xfc, 0x8a,
    0xa8, 0x7f, 0x84, 0xf9, 0xbc, 0x5f, 0xf1, 0xe5, 0xea, 0x14, 0x57, 0xb6, 0x73, 0x85, 0x7a, 0x8f,
    0xc3, 0x6f, 0xf9, 0x17, 0x6e, 0x3f, 0xeb, 0xed, 0xbf, 0xf4, 0x04, 0xaf, 0x91, 0xe3, 0x6f, 0xf9,
    0x15, 0x3f, 0xf1, 0x44, 0xee, 0xcb, 0xff, 0x00, 0x8f, 0xf2, 0x3b, 0x1a, 0x2b, 0xf1, 0xc3, 0xde,
    0x0a, 0x28, 0x03, 0xcb, 0xbe, 0x24, 0xff, 0x00, 0xc8, 0xc5, 0x6f, 0xff, 0x00, 0x5e, 0x8b, 0xff,
    0x00, 0xa1, 0xbd, 0x71, 0xd5, 0xfb, 0xb7, 0x0d, 0xff, 0x00, 0xc8, 0xaa, 0x87, 0xf8, 0x4f, 0x9b,
    0xc5, 0xff, 0x00, 0x1e, 0x5e, 0xa1, 0x45, 0x7b, 0x67, 0x38, 0x57, 0xa8, 0xfc, 0x36, 0xff, 0x00,
    0x91, 0x76, 0xe3, 0xfe, 0xbe, 0xdb, 0xff, 0x00, 0x40, 0x4a, 0xf9, 0x1e, 0x36, 0xff, 0x00, 0x91,
    0x53, 0xff, 0x00, 0x14, 0x4e, 0xec, 0xbf, 0xf8, 0xff, 0x00, 0x23, 0xb1, 0xa2, 0xbf, 0x1c, 0x3d,
    0xe0, 0xa2, 0x80, 0x3c, 0xbb, 0xe2, 0x4f, 0xfc, 0x8c, 0x56, 0xff, 0x00, 0xf5, 0xe8, 0xbf, 0xfa,
    0x1b, 0xd7, 0x1d, 0x5f, 0xbb, 0x70, 0xdf, 0xfc, 0x8a, 0xa8, 0x7f, 0x84, 0xf9, 0xbc, 0x5f, 0xf1,
    0xe5, 0xea, 0x14, 0x57, 0xb6, 0x73, 0x85, 0x7a, 0x8f, 0xc3, 0x6f, 0xf9, 0x17, 0x6e, 0x3f, 0xeb,
    0xed, 0xbf, 0xf4, 0x04, 0xaf, 0x91, 0xe3, 0x6f, 0xf9, 0x15, 0x3f, 0xf1, 0x44, 0xee, 0xcb, 0xff,
    0x00, 0x8f, 0xf2, 0x3b, 0x1a, 0x2b, 0xf1, 0xc3, 0xde, 0x0a, 0x28, 0x03, 0xcb, 0xbe, 0x24, 0xff,
    0x00, 0xc8, 0xc5, 0x6f, 0xff, 0x00, 0x5e, 0x8b, 0xff, 0x00, 0xa1, 0xbd, 0x71, 0xd5, 0xfb, 0xb7,
    0x0d, 0xff, 0x00, 0xc8, 0xaa, 0x87, 0xf8, 0x4f, 0x9b, 0xc5, 0xff, 0x00, 0x1e, 0x5e, 0xa1, 0x45,
    0x7b, 0x67, 0x38, 0x57, 0xa8, 0xfc, 0x36, 0xff, 0x00, 0x91, 0x76, 0xe3, 0xfe, 0xbe, 0xdb, 0xff,
    0x00, 0x40, 0x4a, 0xf9, 0x1e, 0x36, 0xff, 0x00, 0x91, 0x53, 0xff, 0x00, 0x14, 0x4e, 0xec, 0xbf,
    0xf8, 0xff, 0x00, 0x23, 0xb1, 0xa2, 0xbf, 0x1c, 0x3d, 0xe0, 0xa2, 0x80, 0x3c, 0xbb, 0xe2, 0x4f,
    0xfc, 0x8c, 0x56, 0xff, 0x00, 0xf5, 0xe8, 0xbf, 0xfa, 0x1b, 0xd7, 0x1d, 0x5f, 0xbb, 0x70, 0xdf,
    0xfc, 0x8a, 0xa8, 0x7f, 0x84, 0xf9, 0xbc, 0x5f, 0xf1, 0xe5, 0xea, 0x14, 0x57, 0xb6, 0x73, 0x85,
    0x7a, 0x8f, 0xc3, 0x6f, 0xf9, 0x17, 0x6e, 0x3f, 0xeb, 0xed, 0xbf, 0xf4, 0x04, 0xaf, 0x91, 0xe3,
    0x6f, 0xf9, 0x15, 0x3f, 0xf1, 0x44, 0xee, 0xcb, 0xff, 0x00, 0x8f, 0xf2, 0x3b, 0x1a, 0x2b, 0xf1,
    0xc3, 0xde, 0x0a, 0x28, 0x03, 0xcb, 0xbe, 0x24, 0xff, 0x00, 0xc8, 0xc5, 0x6f, 0xff, 0x00, 0x5e,
    0x8b, 0xff, 0x00, 0xa1, 0xbd, 0x71, 0xd5, 0xfb, 0xb7, 0x0d, 0xff, 0x00, 0xc8, 0xaa, 0x87, 0xf8,
    0x4f, 0x9b, 0xc5, 0xff, 0x00, 0x1e, 0x5e, 0xa1, 0x45, 0x7b, 0x67, 0x38, 0x57, 0xa8, 0xfc, 0x36,
    0xff, 0x00, 0x91, 0x76, 0xe3, 0xfe, 0xbe, 0xdb, 0xff, 0x00, 0x40, 0x4a, 0xf9, 0x1e, 0x36, 0xff,
    0x00, 0x91, 0x53, 0xff, 0x00, 0x14, 0x4e, 0xec, 0xbf, 0xf8, 0xff, 0x00, 0x23, 0xcb, 0xa8, 0xaf,
    0xae, 0x38, 0x42, 0x8a, 0x00, 0xf5, 0x1f, 0x86, 0xdf, 0xf2, 0x2e, 0xdc, 0x7f, 0xd7, 0xdb, 0x7f,
    0xe8, 0x09, 0x5d, 0x8d, 0x7e, 0x13, 0xc4, 0x9f, 0xf2, 0x35, 0xaf, 0xfe, 0x23, 0xe9, 0x30, 0x9f,
    0xc0, 0x8f, 0xa0, 0x51, 0x5e, 0x21, 0xd0, 0x15, 0xe5, 0xdf, 0x12, 0x7f, 0xe4, 0x62, 0xb7, 0xff,
    0x00, 0xaf, 0x45, 0xff, 0x00, 0xd0, 0xde, 0xbe, 0xb7, 0x82, 0x7f, 0xe4, 0x6a, 0xbf, 0xc3, 0x23,
    0x87, 0x30, 0xfe, 0x07, 0xcc, 0xe3, 0xa8, 0xaf, 0xd9, 0x0f, 0x04, 0x28, 0xa0, 0x0f, 0x51, 0xf8,
    0x6d, 0xff, 0x00, 0x22, 0xed, 0xc7, 0xfd, 0x7d, 0xb7, 0xfe, 0x80, 0x95, 0xd8, 0xd7, 0xe1, 0x3c,
    0x49, 0xff, 0x00, 0x23, 0x5a, 0xff, 0x00, 0xe2, 0x3e, 0x93, 0x09, 0xfc, 0x08, 0xfa, 0x05, 0x15,
    0xe2, 0x1d, 0x01, 0x5e, 0x5d, 0xf1, 0x27, 0xfe, 0x46, 0x2b, 0x7f, 0xfa, 0xf4, 0x5f, 0xfd, 0x0d,
    0xeb, 0xeb, 0x78, 0x27, 0xfe, 0x46, 0xab, 0xfc, 0x32, 0x38, 0x73, 0x0f, 0xe0, 0x7c, 0xce, 0x3a,
    0x8a, 0xfd, 0x90, 0xf0, 0x42, 0x8a, 0x00, 0xf5, 0x1f, 0x86, 0xdf, 0xf2, 0x2e, 0xdc, 0x7f, 0xd7,
    0xdb, 0x7f, 0xe8, 0x09, 0x5d, 0x8d, 0x7e, 0x13, 0xc4, 0x9f, 0xf2, 0x35, 0xaf, 0xfe, 0x23, 0xe9,
    0x30, 0x9f, 0xc0, 0x8f, 0xa0, 0x51, 0x5e, 0x21, 0xd0, 0x15, 0xe5, 0xdf, 0x12, 0x7f, 0xe4, 0x62,
    0xb7, 0xff, 0x00, 0xaf, 0x45, 0xff, 0x00, 0xd0, 0xde, 0xbe, 0xb7, 0x82, 0x7f, 0xe4, 0x6a, 0xbf,
    0xc3, 0x23, 0x87, 0x30, 0xfe, 0x07, 0xcc, 0xe3, 0xa8, 0xaf, 0xd9, 0x0f, 0x04, 0x28, 0xa0, 0x0f,
    0x51, 0xf8, 0x6d, 0xff, 0x00, 0x22, 0xed, 0xc7, 0xfd, 0x7d, 0xb7, 0xfe, 0x80, 0x95, 0xd8, 0xd7,
    0xe1, 0x3c, 0x49, 0xff, 0x00, 0x23, 0x5a, 0xff, 0x00, 0xe2, 0x3e, 0x93, 0x09, 0xfc, 0x08, 0xfa,
    0x05, 0x15, 0xe2, 0x1d, 0x01, 0x5e, 0x5d, 0xf1, 0x27, 0xfe, 0x46, 0x2b, 0x7f, 0xfa, 0xf4, 0x5f,
    0xfd, 0x0d, 0xeb, 0xeb, 0x78, 0x27, 0xfe, 0x46, 0xab, 0xfc, 0x32, 0x38, 0x73, 0x0f, 0xe0, 0x7c,
    0xce, 0x3a, 0x8a, 0xfd, 0x90, 0xf0, 0x42, 0x8a, 0x00, 0xf5, 0x1f, 0x86, 0xdf, 0xf2, 0x2e, 0xdc,
    0x7f, 0xd7, 0xdb, 0x7f, 0xe8, 0x09, 0x5d, 0x8d, 0x7e, 0x13, 0xc4, 0x9f, 0xf2, 0x35, 0xaf, 0xfe,
    0x23, 0xe9, 0x30, 0x9f, 0xc0, 0x8f, 0xa0, 0x51, 0x5e, 0x21, 0xd0, 0x15, 0xe5, 0xdf, 0x12, 0x7f,
    0xe4, 0x62, 0xb7, 0xff, 0x00, 0xaf, 0x45, 0xff, 0x00, 0xd0, 0xde, 0xbe, 0xb7, 0x82, 0x7f, 0xe4,
    0x6a, 0xbf, 0xc3, 0x23, 0x87, 0x30, 0xfe, 0x07, 0xcc, 0xe3, 0xa8, 0xaf, 0xd9, 0x0f, 0x04, 0x28,
    0xa0, 0x0f, 0x51, 0xf8, 0x6d, 0xff, 0x00, 0x22, 0xed, 0xc7, 0xfd, 0x7d, 0xb7, 0xfe, 0x80, 0x95,
    0xd8, 0xd7, 0xe1, 0x3c, 0x49, 0xff, 0x00, 0x23, 0x5a, 0xff, 0x00, 0xe2, 0x3e, 0x93, 0x09, 0xfc,
    0x08, 0xfa, 0x05, 0x15, 0xe2, 0x1d, 0x01, 0x5e, 0x5d, 0xf1, 0x27, 0xfe, 0x46, 0x2b, 0x7f, 0xfa,
    0xf4, 0x5f, 0xfd, 0x0d, 0xeb, 0xeb, 0x78, 0x27, 0xfe, 0x46, 0xab, 0xfc, 0x32, 0x38, 0x73, 0x0f,
    0xe0, 0x7c, 0xce, 0x3a, 0x8a, 0xfd, 0x90, 0xf0, 0x42, 0x8a, 0x00, 0xf5, 0x1f, 0x86, 0xdf, 0xf2,
    0x2e, 0xdc, 0x7f, 0xd7, 0xdb, 0x7f, 0xe8, 0x09, 0x5d, 0x8d, 0x7e, 0x13, 0xc4, 0x9f, 0xf2, 0x35,
    0xaf, 0xfe, 0x23, 0xe9, 0x30, 0x9f, 0xc0, 0x8f, 0xa0, 0x51, 0x5e, 0x21, 0xd0, 0x15, 0xe5, 0xdf,
    0x12, 0x7f, 0xe4, 0x62, 0xb7, 0xff, 0x00, 0xaf, 0x45, 0xff, 0x00, 0xd0, 0xde, 0xbe, 0xb7, 0x82,
    0x7f, 0xe4, 0x6a, 0xbf, 0xc3, 0x23, 0x87, 0x30, 0xfe, 0x07, 0xcc, 0xe3, 0xa8, 0xaf, 0xd9, 0x0f,
    0x04, 0x28, 0xa0, 0x0f, 0x51, 0xf8, 0x6d, 0xff, 0x00, 0x22, 0xed, 0xc7, 0xfd, 0x7d, 0xb7, 0xfe,
    0x80, 0x95, 0xd8, 0xd7, 0xe1, 0x3c, 0x49, 0xff, 0x00, 0x23, 0x5a, 0xff, 0x00, 0xe2, 0x3e, 0x93,
    0x09, 0xfc, 0x08, 0xfa, 0x05, 0x15, 0xe2, 0x1d, 0x01, 0x5e, 0x5d, 0xf1, 0x27, 0xfe, 0x46, 0x2b,
    0x7f, 0xfa, 0xf4, 0x5f, 0xfd, 0x0d, 0xeb, 0xeb, 0x78, 0x27, 0xfe, 0x46, 0xab, 0xfc, 0x32, 0x38,
    0x73, 0x0f, 0xe0, 0x7c, 0xce, 0x3a, 0x8a, 0xfd, 0x90, 0xf0, 0x42, 0x8a, 0x00, 0xf5, 0x1f, 0x86,
    0xdf, 0xf2, 0x2e, 0xdc, 0x7f, 0xd7, 0xdb, 0x7f, 0xe8, 0x09, 0x5d, 0x8d, 0x7e, 0x13, 0xc4, 0x9f,
    0xf2, 0x35, 0xaf, 0xfe, 0x23, 0xe9, 0x30, 0x9f, 0xc0, 0x8f, 0xa0, 0x51, 0x5e, 0x21, 0xd0, 0x15,
    0xe5, 0xdf, 0x12, 0x7f, 0xe4, 0x62, 0xb7, 0xff, 0x00, 0xaf, 0x45, 0xff, 0x00, 0xd0, 0xde, 0xbe,
    0xb7, 0x82, 0x7f, 0xe4, 0x6a, 0xbf, 0xc3, 0x23, 0x87, 0x30, 0xfe, 0x07, 0xcc, 0xe3, 0xa8, 0xaf,
    0xd9, 0x0f, 0x04, 0x28, 0xa0, 0x0f, 0x51, 0xf8, 0x6d, 0xff, 0x00, 0x22, 0xed, 0xc7, 0xfd, 0x7d,
    0xb7, 0xfe, 0x80, 0x95, 0xd8, 0xd7, 0xe1, 0x3c, 0x49, 0xff, 0x00, 0x23, 0x5a, 0xff, 0x00, 0xe2,
    0x3e, 0x93, 0x09, 0xfc, 0x08, 0xfa, 0x05, 0x15, 0xe2, 0x1d, 0x01, 0x5e, 0x5d, 0xf1, 0x27, 0xfe,
    0x46, 0x2b, 0x7f, 0xfa, 0xf4, 0x5f, 0xfd, 0x0d, 0xeb, 0xeb, 0x78, 0x27, 0xfe, 0x46, 0xab, 0xfc,
    0x32, 0x38, 0x73, 0x0f, 0xe0, 0x7c, 0xce, 0x3a, 0x8a, 0xfd, 0x90, 0xf0, 0x42, 0x8a, 0x00, 0xf5,
    0x1f, 0x86, 0xdf, 0xf2, 0x2e, 0xdc, 0x7f, 0xd7, 0xdb, 0x7f, 0xe8, 0x09, 0x5d, 0x8d, 0x7e, 0x13,
    0xc4, 0x9f, 0xf2, 0x35, 0xaf, 0xfe, 0x23, 0xe9, 0x30, 0x9f, 0xc0, 0x8f, 0xa0, 0x51, 0x5e, 0x21,
    0xd0, 0x15, 0xe5, 0xdf, 0x12, 0x7f, 0xe4, 0x62, 0xb7, 0xff, 0x00, 0xaf, 0x45, 0xff, 0x00, 0xd0,
    0xde, 0xbe, 0xb7, 0x82, 0x7f, 0xe4, 0x6a, 0xbf, 0xc3, 0x23, 0x87, 0x30, 0xfe, 0x07, 0xcc, 0xe3,
    0xa8, 0xaf, 0xd9, 0x0f, 0x04, 0x28, 0xa0, 0x0f, 0x51, 0xf8, 0x6d, 0xff, 0x00, 0x22, 0xed, 0xc7,
    0xfd, 0x7d, 0xb7, 0xfe, 0x80, 0x95, 0xd8, 0xd7, 0xe1, 0x3c, 0x49, 0xff, 0x00, 0x23, 0x5a, 0xff,
    0x00, 0xe2, 0x3e, 0x93, 0x09, 0xfc, 0x08, 0xfa, 0x05, 0x15, 0xe2, 0x1d, 0x01, 0x5e, 0x5d, 0xf1,
    0x27, 0xfe, 0x46, 0x2b, 0x7f, 0xfa, 0xf4, 0x5f, 0xfd, 0x0d, 0xeb, 0xeb, 0x78, 0x27, 0xfe, 0x46,
    0xab, 0xfc, 0x32, 0x38, 0x73, 0x0f, 0xe0, 0x7c, 0xce, 0x3a, 0x8a, 0xfd, 0x90, 0xf0, 0x42, 0x8a,
    0x00, 0xf5, 0x1f, 0x86, 0xdf, 0xf2, 0x2e, 0xdc, 0x7f, 0xd7, 0xdb, 0x7f, 0xe8, 0x09, 0x5d, 0x8d,
    0x7e, 0x13, 0xc4, 0x9f, 0xf2, 0x35, 0xaf, 0xfe, 0x23, 0xe9, 0x30, 0x9f, 0xc0, 0x8f, 0xa0, 0x51,
    0x5e, 0x21, 0xd0, 0x15, 0xe5, 0xdf, 0x12, 0x7f, 0xe4, 0x62, 0xb7, 0xff, 0x00, 0xaf, 0x45, 0xff,
    0x00, 0xd0, 0xde, 0xbe, 0xb7, 0x82, 0x7f, 0xe4, 0x6a, 0xbf, 0xc3, 0x23, 0x87, 0x30, 0xfe, 0x07,
    0xcc, 0xe3, 0xa8, 0xaf, 0xd9, 0x0f, 0x04, 0x28, 0xa0, 0x0f, 0x51, 0xf8, 0x6d, 0xff, 0x00, 0x22,
    0xed, 0xc7, 0xfd, 0x7d, 0xb7, 0xfe, 0x80, 0x95, 0xd8, 0xd7, 0xe1, 0x3c, 0x49, 0xff, 0x00, 0x23,
    0x5a, 0xff, 0x00, 0xe2, 0x3e, 0x93, 0x09, 0xfc, 0x08, 0xfa, 0x05, 0x15, 0xe2, 0x1d, 0x01, 0x5e,
    0x5d, 0xf1, 0x27, 0xfe, 0x46, 0x2b, 0x7f, 0xfa, 0xf4, 0x5f, 0xfd, 0x0d, 0xeb, 0xeb, 0x78, 0x27,
    0xfe, 0x46, 0xab, 0xfc, 0x32, 0x38, 0x73, 0x0f, 0xe0, 0x7c, 0xce, 0x3a, 0x8a, 0xfd, 0x90, 0xf0,
    0x42, 0x8a, 0x00, 0xf5, 0x1f, 0x86, 0xdf, 0xf2, 0x2e, 0xdc, 0x7f, 0xd7, 0xdb, 0x7f, 0xe8, 0x09,
    0x5d, 0x8d, 0x7e, 0x13, 0xc4, 0x9f, 0xf2, 0x35, 0xaf, 0xfe, 0x23, 0xe9, 0x30, 0x9f, 0xc0, 0x8f,
    0xa0, 0x51, 0x5e, 0x21, 0xd0, 0x15, 0xe5, 0xdf, 0x12, 0x7f, 0xe4, 0x62, 0xb7, 0xff, 0x00, 0xaf,
    0x45, 0xff, 0x00, 0xd0, 0xde, 0xbe, 0xb7, 0x82, 0x7f, 0xe4, 0x6a, 0xbf, 0xc3, 0x23, 0x87, 0x30,
    0xfe, 0x07, 0xcc, 0xe3, 0xa8, 0xaf, 0xd9, 0x0f, 0x04, 0x28, 0xa0, 0x0f, 0x51, 0xf8, 0x6d, 0xff,
    0x00, 0x22, 0xed, 0xc7, 0xfd, 0x7d, 0xb7, 0xfe, 0x80, 0x95, 0xd8, 0xd7, 0xe1, 0x3c, 0x49, 0xff,
    0x00, 0x23, 0x5a, 0xff, 0x00, 0xe2, 0x3e, 0x93, 0x09, 0xfc, 0x08, 0xfa, 0x05, 0x15, 0xe2, 0x1d,
    0x01, 0x5e, 0x5d, 0xf1, 0x27, 0xfe, 0x46, 0x2b, 0x7f, 0xfa, 0xf4, 0x5f, 0xfd, 0x0d, 0xeb, 0xeb,
    0x78, 0x27, 0xfe, 0x46, 0xab, 0xfc, 0x32, 0x38, 0x73, 0x0f, 0xe0, 0x7c, 0xce, 0x3a, 0x8a, 0xfd,
    0x90, 0xf0, 0x42, 0x8a, 0x00, 0xf5, 0x1f, 0x86, 0xdf, 0xf2, 0x2e, 0xdc, 0x7f, 0xd7, 0xdb, 0x7f,
    0xe8, 0x09, 0x5d, 0x8d, 0x7e, 0x13, 0xc4, 0x9f, 0xf2, 0x35, 0xaf, 0xfe, 0x23, 0xe9, 0x30, 0x9f,
    0xc0, 0x8f, 0xa0, 0x51, 0x5e, 0x21, 0xd0, 0x15, 0xe5, 0xdf, 0x12, 0x7f, 0xe4, 0x62, 0xb7, 0xff,
    0x00, 0xaf, 0x45, 0xff, 0x00, 0xd0, 0xde, 0xbe, 0xb7, 0x82, 0x7f, 0xe4, 0x6a, 0xbf, 0xc3, 0x23,
    0x87, 0x30, 0xfe, 0x07, 0xcc, 0xe3, 0xa8, 0xaf, 0xd9, 0x0f, 0x04, 0x28, 0xa0, 0x0f, 0x51, 0xf8,
    0x6d, 0xff, 0x00, 0x22, 0xed, 0xc7, 0xfd, 0x7d, 0xb7, 0xfe, 0x80, 0x95, 0xd8, 0xd7, 0xe1, 0x3c,
    0x49, 0xff, 0x00, 0x23, 0x5a, 0xff, 0x00, 0xe2, 0x3e, 0x93, 0x09, 0xfc, 0x08, 0xfa, 0x05, 0x15,
    0xe2, 0x1d, 0x01, 0x5e, 0x5d, 0xf1, 0x27, 0xfe, 0x46, 0x2b, 0x7f, 0xfa, 0xf4, 0x5f, 0xfd, 0x0d,
    0xeb, 0xeb, 0x78, 0x27, 0xfe, 0x46, 0xab, 0xfc, 0x32, 0x38, 0x73, 0x0f, 0xe0, 0x7c, 0xce, 0x3a,
    0x8a, 0xfd, 0x90, 0xf0, 0x42, 0x8a, 0x00, 0xf5, 0x1f, 0x86, 0xdf, 0xf2, 0x2e, 0xdc, 0x7f, 0xd7,
    0xdb, 0x7f, 0xe8, 0x09, 0x5d, 0x8d, 0x7e, 0x13, 0xc4, 0x9f, 0xf2, 0x35, 0xaf, 0xfe, 0x23, 0xe9,
    0x30, 0x9f, 0xc0, 0x8f, 0xa0, 0x51, 0x5e, 0x21, 0xd0, 0x15, 0xe5, 0xdf, 0x12, 0x7f, 0xe4, 0x62,
    0xb7, 0xff, 0x00, 0xaf, 0x45, 0xff, 0x00, 0xd0, 0xde, 0xbe, 0xb7, 0x82, 0x7f, 0xe4, 0x6a, 0xbf,
    0xc3, 0x23, 0x87, 0x30, 0xfe, 0x07, 0xcc, 0xe3, 0xa8, 0xaf, 0xd9, 0x0f, 0x04, 0x28, 0xa0, 0x0f,
    0x51, 0xf8, 0x6d, 0xff, 0x00, 0x22, 0xed, 0xc7, 0xfd, 0x7d, 0xb7, 0xfe, 0x80, 0x95, 0xd8, 0xd7,
    0xe1, 0x3c, 0x49, 0xff, 0x00, 0x23, 0x5a, 0xff, 0x00, 0xe2, 0x3e, 0x93, 0x09, 0xfc, 0x08, 0xfa,
    0x05, 0x15, 0xe2, 0x1d, 0x01, 0x5e, 0x5d, 0xf1, 0x27, 0xfe, 0x46, 0x2b, 0x7f, 0xfa, 0xf4, 0x5f,
    0xfd, 0x0d, 0xeb, 0xeb, 0x78, 0x27, 0xfe, 0x46, 0xab, 0xfc, 0x32, 0x38, 0x73, 0x0f, 0xe0, 0x7c,
    0xcf, 0x51, 0xa2, 0xbe, 0x48, 0xee, 0x0a, 0x28, 0x03, 0xcb, 0xbe, 0x24, 0xff, 0x00, 0xc8, 0xc5,
    0x6f, 0xff, 0x00, 0x5e, 0x8b, 0xff, 0x00, 0xa1, 0xbd, 0x71, 0xd5, 0xfb, 0xb7, 0x0d, 0xff, 0x00,
    0xc8, 0xaa, 0x87, 0xf8, 0x4f, 0x9b, 0xc5, 0xff, 0x00, 0x1e, 0x5e, 0xa1, 0x45, 0x7b, 0x67, 0x38,
    0x57, 0xa8, 0xfc, 0x36, 0xff, 0x00, 0x91, 0x76, 0xe3, 0xfe, 0xbe, 0xdb, 0xff, 0x00, 0x40, 0x4a,
    0xf9, 0x1e, 0x36, 0xff, 0x00, 0x91, 0x53, 0xff, 0x00, 0x14, 0x4e, 0xec, 0xbf, 0xf8, 0xff, 0x00,
    0x23, 0xb1, 0xa2, 0xbf, 0x1c, 0x3d, 0xe0, 0xa2, 0x80, 0x3c, 0xbb, 0xe2, 0x4f, 0xfc, 0x8c, 0x56,
    0xff, 0x00, 0xf5, 0xe8, 0xbf, 0xfa, 0x1b, 0xd7, 0x1d, 0x5f, 0xbb, 0x70, 0xdf, 0xfc, 0x8a, 0xa8,
    0x7f, 0x84, 0xf9, 0xbc, 0x5f, 0xf1, 0xe5, 0xea, 0x14, 0x57, 0xb6, 0x73, 0x85, 0x7a, 0x8f, 0xc3,
    0x6f, 0xf9, 0x17, 0x6e, 0x3f, 0xeb, 0xed, 0xbf, 0xf4, 0x04, 0xaf, 0x91, 0xe3, 0x6f, 0xf9, 0x15,
    0x3f, 0xf1, 0x44, 0xee, 0xcb, 0xff, 0x00, 0x8f, 0xf2, 0x3b, 0x1a, 0x2b, 0xf1, 0xc3, 0xde, 0x0a,
    0x28, 0x03, 0xcb, 0xbe, 0x24, 0xff, 0x00, 0xc8, 0xc5, 0x6f, 0xff, 0x00, 0x5e, 0x8b, 0xff, 0x00,
    0xa1, 0xbd, 0x71, 0xd5, 0xfb, 0xb7, 0x0d, 0xff, 0x00, 0xc8, 0xaa, 0x87, 0xf8, 0x4f, 0x9b, 0xc5,
    0xff, 0x00, 0x1e, 0x5e, 0xa1, 0x45, 0x7b, 0x67, 0x38, 0x57, 0xa8, 0xfc, 0x36, 0xff, 0x00, 0x91,
    0x76, 0xe3, 0xfe, 0xbe, 0xdb, 0xff, 0x00, 0x40, 0x4a, 0xf9, 0x1e, 0x36, 0xff, 0x00, 0x91, 0x53,
    0xff, 0x00, 0x14, 0x4e, 0xec, 0xbf, 0xf8, 0xff, 0x00, 0x23, 0xb1, 0xa2, 0xbf, 0x1c, 0x3d, 0xe0,
    0xa2, 0x80, 0x3c, 0xbb, 0xe2, 0x4f, 0xfc, 0x8c, 0x56, 0xff, 0x00, 0xf5, 0xe8, 0xbf, 0xfa, 0x1b,
    0xd7, 0x1d, 0x5f, 0xbb, 0x70, 0xdf, 0xfc, 0x8a, 0xa8, 0x7f, 0x84, 0xf9, 0xbc, 0x5f, 0xf1, 0xe5,
    0xea, 0x14, 0x57, 0xb6, 0x73, 0x85, 0x7a, 0x8f, 0xc3, 0x6f, 0xf9, 0x17, 0x6e, 0x3f, 0xeb, 0xed,
    0xbf, 0xf4, 0x04, 0xaf, 0x91, 0xe3, 0x6f, 0xf9, 0x15, 0x3f, 0xf1, 0x44, 0xee, 0xcb, 0xff, 0x00,
    0x8f, 0xf2, 0x3b, 0x1a, 0x2b, 0xf1, 0xc3, 0xde, 0x0a, 0x28, 0x03, 0xcb, 0xbe, 0x24, 0xff, 0x00,
    0xc8, 0xc5, 0x6f, 0xff, 0x00, 0x5e, 0x8b, 0xff, 0x00, 0xa1, 0xbd, 0x71, 0xd5, 0xfb, 0xb7, 0x0d,
    0xff, 0x00, 0xc8, 0xaa, 0x87, 0xf8, 0x4f, 0x9b, 0xc5, 0xff, 0x00, 0x1e, 0x5e, 0xa1, 0x45, 0x7b,
    0x67, 0x38, 0x57, 0xa8, 0xfc, 0x36, 0xff, 0x00, 0x91, 0x76, 0xe3, 0xfe, 0xbe, 0xdb, 0xff, 0x00,
    0x40, 0x4a, 0xf9, 0x1e, 0x36, 0xff, 0x00, 0x91, 0x53, 0xff, 0x00, 0x14, 0x4e, 0xec, 0xbf, 0xf8,
    0xff, 0x00, 0x23, 0xb1, 0xa2, 0xbf, 0x1c, 0x3d, 0xe0, 0xa2, 0x80, 0x3c, 0xbb, 0xe2, 0x4f, 0xfc,
    0x8c, 0x56, 0xff, 0x00, 0xf5, 0xe8, 0xbf, 0xfa, 0x1b, 0xd7, 0x1d, 0x5f, 0xbb, 0x70, 0xdf, 0xfc,
    0x8a, 0xa8, 0x7f, 0x84, 0xf9, 0xbc, 0x5f, 0xf1, 0xe5, 0xea, 0x14, 0x57, 0xb6, 0x73, 0x85, 0x7a,
    0x8f, 0xc3, 0x6f, 0xf9, 0x17, 0x6e, 0x3f, 0xeb, 0xed, 0xbf, 0xf4, 0x04, 0xaf, 0x91, 0xe3, 0x6f,
    0xf9, 0x15, 0x3f, 0xf1, 0x44, 0xee, 0xcb, 0xff, 0x00, 0x8f, 0xf2, 0x3b, 0x1a, 0x2b, 0xf1, 0xc3,
    0xde, 0x0a, 0x28, 0x03, 0xcb, 0xbe, 0x24, 0xff, 0x00, 0xc8, 0xc5, 0x6f, 0xff, 0x00, 0x5e, 0x8b,
    0xff, 0x00, 0xa1, 0xbd, 0x71, 0xd5, 0xfb, 0xb7, 0x0d, 0xff, 0x00, 0xc8, 0xaa, 0x87, 0xf8, 0x4f,
    0x9b, 0xc5, 0xff, 0x00, 0x1e, 0x5e, 0xa1, 0x45, 0x7b, 0x67, 0x38, 0x57, 0xa8, 0xfc, 0x36, 0xff,
    0x00, 0x91, 0x76, 0xe3, 0xfe, 0xbe, 0xdb, 0xff, 0x00, 0x40, 0x4a, 0xf9, 0x1e, 0x36, 0xff, 0x00,
    0x91, 0x53, 0xff, 0x00, 0x14, 0x4e, 0xec, 0xbf, 0xf8, 0xff, 0x00, 0x23, 0xb1, 0xa2, 0xbf, 0x1c,
    0x3d, 0xe0, 0xa2, 0x80, 0x3c, 0xbb, 0xe2, 0x4f, 0xfc, 0x8c, 0x56, 0xff, 0x00, 0xf5, 0xe8, 0xbf,
    0xfa, 0x1b, 0xd7, 0x1d, 0x5f, 0xbb, 0x70, 0xdf, 0xfc, 0x8a, 0xa8, 0x7f, 0x84, 0xf9, 0xbc, 0x5f,
    0xf1, 0xe5, 0xea, 0x14, 0x57, 0xb6, 0x73, 0x85, 0x7a, 0x8f, 0xc3, 0x6f, 0xf9, 0x17, 0x6e, 0x3f,
    0xeb, 0xed, 0xbf, 0xf4, 0x04, 0xaf, 0x91, 0xe3, 0x6f, 0xf9, 0x15, 0x3f, 0xf1, 0x44, 0xee, 0xcb,
    0xff, 0x00, 0x8f, 0xf2, 0x3b, 0x1a, 0x2b, 0xf1, 0xc3, 0xde, 0x0a, 0x28, 0x03, 0xcb, 0xbe, 0x24,
    0xff, 0x00, 0xc8, 0xc5, 0x6f, 0xff, 0x00, 0x5e, 0x8b, 0xff, 0x00, 0xa1, 0xbd, 0x71, 0xd5, 0xfb,
    0xb7, 0x0d, 0xff, 0x00, 0xc8, 0xaa, 0x87, 0xf8, 0x4f, 0x9b, 0xc5, 0xff, 0x00, 0x1e, 0x5e, 0xa1,
    0x45, 0x7b, 0x67, 0x38, 0x57, 0xa8, 0xfc, 0x36, 0xff, 0x00, 0x91, 0x76, 0xe3, 0xfe, 0xbe, 0xdb,
    0xff, 0x00, 0x40, 0x4a, 0xf9, 0x1e, 0x36, 0xff, 0x00, 0x91, 0x53, 0xff, 0x00, 0x14, 0x4e, 0xec,
    0xbf, 0xf8, 0xff, 0x00, 0x23, 0xb1, 0xa2, 0xbf, 0x1c, 0x3d, 0xe0, 0xa2, 0x80, 0x3c, 0xbb, 0xe2,
    0x4f, 0xfc, 0x8c, 0x56, 0xff, 0x00, 0xf5, 0xe8, 0xbf, 0xfa, 0x1b, 0xd7, 0x1d, 0x5f, 0xbb, 0x70,
    0xdf, 0xfc, 0x8a, 0xa8, 0x7f, 0x84, 0xf9, 0xbc, 0x5f, 0xf1, 0xe5, 0xea, 0x14, 0x57, 0xb6, 0x73,
    0x85, 0x7a, 0x8f, 0xc3, 0x6f, 0xf9, 0x17, 0x6e, 0x3f, 0xeb, 0xed, 0xbf, 0xf4, 0x04, 0xaf, 0x91,
    0xe3, 0x6f, 0xf9, 0x15, 0x3f, 0xf1, 0x44, 0xee, 0xcb, 0xff, 0x00, 0x8f, 0xf2, 0x3b, 0x1a, 0x2b,
    0xf1, 0xc3, 0xde, 0x0a, 0x28, 0x03, 0xcb, 0xbe, 0x24, 0xff, 0x00, 0xc8, 0xc5, 0x6f, 0xff, 0x00,
    0x5e, 0x8b, 0xff, 0x00, 0xa1, 0xbd, 0x71, 0xd5, 0xfb, 0xb7, 0x0d, 0xff, 0x00, 0xc8, 0xaa, 0x87,
    0xf8, 0x4f, 0x9b, 0xc5, 0xff, 0x00, 0x1e, 0x5e, 0xa1, 0x45, 0x7b, 0x67, 0x38, 0x57, 0xa8, 0xfc,
    0x36, 0xff, 0x00, 0x91, 0x76, 0xe3, 0xfe, 0xbe, 0xdb, 0xff, 0x00, 0x40, 0x4a, 0xf9, 0x1e, 0x36,
    0xff, 0x00, 0x91, 0x53, 0xff, 0x00, 0x14, 0x4e, 0xec, 0xbf, 0xf8, 0xff, 0x00, 0x23, 0xb1, 0xa2,
    0xbf, 0x1c, 0x3d, 0xe0, 0xa2, 0x80, 0x3c, 0xbb, 0xe2, 0x4f, 0xfc, 0x8c, 0x56, 0xff, 0x00, 0xf5,
    0xe8, 0xbf, 0xfa, 0x1b, 0xd7, 0x1d, 0x5f, 0xbb, 0x70, 0xdf, 0xfc, 0x8a, 0xa8, 0x7f, 0x84, 0xf9,
    0xbc, 0x5f, 0xf1, 0xe5, 0xea, 0x14, 0x57, 0xb6, 0x73, 0x85, 0x7a, 0x8f, 0xc3, 0x6f, 0xf9, 0x17,
    0x6e, 0x3f, 0xeb, 0xed, 0xbf, 0xf4, 0x04, 0xaf, 0x91, 0xe3, 0x6f, 0xf9, 0x15, 0x3f, 0xf1, 0x44,
    0xee, 0xcb, 0xff, 0x00, 0x8f, 0xf2, 0x3b, 0x1a, 0x2b, 0xf1, 0xc3, 0xde, 0x0a, 0x28, 0x03, 0xcb,
    0xbe, 0x24, 0xff, 0x00, 0xc8, 0xc5, 0x6f, 0xff, 0x00, 0x5e, 0x8b, 0xff, 0x00, 0xa1, 0xbd, 0x71,
    0xd5, 0xfb, 0xb7, 0x0d, 0xff, 0x00, 0xc8, 0xaa, 0x87, 0xf8, 0x4f, 0x9b, 0xc5, 0xff, 0x00, 0x1e,
    0x5e, 0xa1, 0x45, 0x7b, 0x67, 0x38, 0x57, 0xa8, 0xfc, 0x36, 0xff, 0x00, 0x91, 0x76, 0xe3, 0xfe,
    0xbe, 0xdb, 0xff, 0x00, 0x40, 0x4a, 0xf9, 0x1e, 0x36, 0xff, 0x00, 0x91, 0x53, 0xff, 0x00, 0x14,
    0x4e, 0xec, 0xbf, 0xf8, 0xff, 0x00, 0x23, 0xb1, 0xa2, 0xbf, 0x1c, 0x3d, 0xe0, 0xa2, 0x80, 0x3c,
    0xbb, 0xe2, 0x4f, 0xfc, 0x8c, 0x56, 0xff, 0x00, 0xf5, 0xe8, 0xbf, 0xfa, 0x1b, 0xd7, 0x1d, 0x5f,
    0xbb, 0x70, 0xdf, 0xfc, 0x8a, 0xa8, 0x7f, 0x84, 0xf9, 0xbc, 0x5f, 0xf1, 0xe5, 0xea, 0x14, 0x57,
    0xb6, 0x73, 0x85, 0x7a, 0x8f, 0xc3, 0x6f, 0xf9, 0x17, 0x6e, 0x3f, 0xeb, 0xed, 0xbf, 0xf4, 0x04,
    0xaf, 0x91, 0xe3, 0x6f, 0xf9, 0x15, 0x3f, 0xf1, 0x44, 0xee, 0xcb, 0xff, 0x00, 0x8f, 0xf2, 0x3b,
    0x1a, 0x2b, 0xf1, 0xc3, 0xde, 0x0a, 0x28, 0x03, 0xcb, 0xbe, 0x24, 0xff, 0x00, 0xc8, 0xc5, 0x6f,
    0xff, 0x00, 0x5e, 0x8b, 0xff, 0x00, 0xa1, 0xbd, 0x71, 0xd5, 0xfb, 0xb7, 0x0d, 0xff, 0x00, 0xc8,
    0xaa, 0x87, 0xf8, 0x4f, 0x9b, 0xc5, 0xff, 0x00, 0x1e, 0x5e, 0xa1, 0x45, 0x7b, 0x67, 0x38, 0x57,
    0xa8, 0xfc, 0x36, 0xff, 0x00, 0x91, 0x76, 0xe3, 0xfe, 0xbe, 0xdb, 0xff, 0x00, 0x40, 0x4a, 0xf9,
    0x1e, 0x36, 0xff, 0x00, 0x91, 0x53, 0xff, 0x00, 0x14, 0x4e, 0xec, 0xbf, 0xf8, 0xff, 0x00, 0x23,
    0xb1, 0xa2, 0xbf, 0x1c, 0x3d, 0xe0, 0xa2, 0x80, 0x3c, 0xbb, 0xe2, 0x4f, 0xfc, 0x8c, 0x56, 0xff,
    0x00, 0xf5, 0xe8, 0xbf, 0xfa, 0x1b, 0xd7, 0x1d, 0x5f, 0xbb, 0x70, 0xdf, 0xfc, 0x8a, 0xa8, 0x7f,
    0x84, 0xf9, 0xbc, 0x5f, 0xf1, 0xe5, 0xea, 0x14, 0x57, 0xb6, 0x73, 0x85, 0x7a, 0x8f, 0xc3, 0x6f,
    0xf9, 0x17, 0x6e, 0x3f, 0xeb, 0xed, 0xbf, 0xf4, 0x04, 0xaf, 0x91, 0xe3, 0x6f, 0xf9, 0x15, 0x3f,
    0xf1, 0x44, 0xee, 0xcb, 0xff, 0x00, 0x8f, 0xf2, 0x3b, 0x1a, 0x2b, 0xf1, 0xc3, 0xde, 0x0a, 0x28,
    0x03, 0xcb, 0xbe, 0x24, 0xff, 0x00, 0xc8, 0xc5, 0x6f, 0xff, 0x00, 0x5e, 0x8b, 0xff, 0x00, 0xa1,
    0xbd, 0x71, 0xd5, 0xfb, 0xb7, 0x0d, 0xff, 0x00, 0xc8, 0xaa, 0x87, 0xf8, 0x4f, 0x9b, 0xc5, 0xff,
    0x00, 0x1e, 0x5e, 0xa1, 0x45, 0x7b, 0x67, 0x38, 0x57, 0xa8, 0xfc, 0x36, 0xff, 0x00, 0x91, 0x76,
    0xe3, 0xfe, 0xbe, 0xdb, 0xff, 0x00, 0x40, 0x4a, 0xf9, 0x1e, 0x36, 0xff, 0x00, 0x91, 0x53, 0xff,
    0x00, 0x14, 0x4e, 0xec, 0xbf, 0xf8, 0xff, 0x00, 0x23, 0xb1, 0xa2, 0xbf, 0x1c, 0x3d, 0xe0, 0xa2,
    0x80, 0x3c, 0xbb, 0xe2, 0x4f, 0xfc, 0x8c, 0x56, 0xff, 0x00, 0xf5, 0xe8, 0xbf, 0xfa, 0x1b, 0xd7,
    0x1d, 0x5f, 0xbb, 0x70, 0xdf, 0xfc, 0x8a, 0xa8, 0x7f, 0x84, 0xf9, 0xbc, 0x5f, 0xf1, 0xe5, 0xea,
    0x14, 0x57, 0xb6, 0x73, 0x85, 0x7a, 0x8f, 0xc3, 0x6f, 0xf9, 0x17, 0x6e, 0x3f, 0xeb, 0xed, 0xbf,
    0xf4, 0x04, 0xaf, 0x91, 0xe3, 0x6f, 0xf9, 0x15, 0x3f, 0xf1, 0x44, 0xee, 0xcb, 0xff, 0x00, 0x8f,
    0xf2, 0x3b, 0x1a, 0x2b, 0xf1, 0xc3, 0xde, 0x0a, 0x28, 0x03, 0xcb, 0xbe, 0x24, 0xff, 0x00, 0xc8,
    0xc5, 0x6f, 0xff, 0x00, 0x5e, 0x8b, 0xff, 0x00, 0xa1, 0xbd, 0x71, 0xd5, 0xfb, 0xb7, 0x0d, 0xff,
    0x00, 0xc8, 0xaa, 0x87, 0xf8, 0x4f, 0x9b, 0xc5, 0xff, 0x00, 0x1e, 0x5e, 0xa1, 0x45, 0x7b, 0x67,
    0x38, 0x57, 0xa8, 0xfc, 0x36, 0xff, 0x00, 0x91, 0x76, 0xe3, 0xfe, 0xbe, 0xdb, 0xff, 0x00, 0x40,
    0x4a, 0xf9, 0x1e, 0x36, 0xff, 0x00, 0x91, 0x53, 0xff, 0x00, 0x14, 0x4e, 0xec, 0xbf, 0xf8, 0xff,
    0x00, 0x23, 0xb1, 0xa2, 0xbf, 0x1c, 0x3d, 0xe0, 0xa2, 0x80, 0x3c, 0xbb, 0xe2, 0x4f, 0xfc, 0x8c,
    0x56, 0xff, 0x00, 0xf5, 0xe8, 0xbf, 0xfa, 0x1b, 0xd7, 0x1d, 0x5f, 0xbb, 0x70, 0xdf, 0xfc, 0x8a,
    0xa8, 0x7f, 0x84, 0xf9, 0xbc, 0x5f, 0xf1, 0xe5, 0xea, 0x14, 0x57, 0xb6, 0x73, 0x85, 0x7a, 0x8f,
    0xc3, 0x6f, 0xf9, 0x17, 0x6e, 0x3f, 0xeb, 0xed, 0xbf, 0xf4, 0x04, 0xaf, 0x91, 0xe3, 0x6f, 0xf9,
    0x15, 0x3f, 0xf1, 0x44, 0xee, 0xcb, 0xff, 0x00, 0x8f, 0xf2, 0x3c, 0xba, 0x8a, 0xfa, 0xe3, 0x84,
    0x28, 0xa0, 0x0f, 0x51, 0xf8, 0x6d, 0xff, 0x00, 0x22, 0xed, 0xc7, 0xfd, 0x7d, 0xb7, 0xfe, 0x80,
    0x95, 0xd8, 0xd7, 0xe1, 0x3c, 0x49, 0xff, 0x00, 0x23, 0x5a, 0xff, 0x00, 0xe2, 0x3e, 0x93, 0x09,
    0xfc, 0x08, 0xfa, 0x05, 0x15, 0xe2, 0x1d, 0x01, 0x5e, 0x5d, 0xf1, 0x27, 0xfe, 0x46, 0x2b, 0x7f,
    0xfa, 0xf4, 0x5f, 0xfd, 0x0d, 0xeb, 0xeb, 0x78, 0x27, 0xfe, 0x46, 0xab, 0xfc, 0x32, 0x38, 0x73,
    0x0f, 0xe0, 0x7c, 0xce, 0x3a, 0x8a, 0xfd, 0x90, 0xf0, 0x42, 0x8a, 0x00, 0xf5, 0x1f, 0x86, 0xdf,
    0xf2, 0x2e, 0xdc, 0x7f, 0xd7, 0xdb, 0x7f, 0xe8, 0x09, 0x5d, 0x8d, 0x7e, 0x13, 0xc4, 0x9f, 0xf2,
    0x35, 0xaf, 0xfe, 0x23, 0xe9, 0x30, 0x9f, 0xc0, 0x8f, 0xa0, 0x51, 0x5e, 0x21, 0xd0, 0x15, 0xe5,
    0xdf, 0x12, 0x7f, 0xe4, 0x62, 0xb7, 0xff, 0x00, 0xaf, 0x45, 0xff, 0x00, 0xd0, 0xde, 0xbe, 0xb7,
    0x82, 0x7f, 0xe4, 0x6a, 0xbf, 0xc3, 0x23, 0x87, 0x30, 0xfe, 0x07, 0xcc, 0xe3, 0xa8, 0xaf, 0xd9,
    0x0f, 0x04, 0x28, 0xa0, 0x0f, 0x51, 0xf8, 0x6d, 0xff, 0x00, 0x22, 0xed, 0xc7, 0xfd, 0x7d, 0xb7,
    0xfe, 0x80, 0x95, 0xd8, 0xd7, 0xe1, 0x3c, 0x49, 0xff, 0x00, 0x23, 0x5a, 0xff, 0x00, 0xe2, 0x3e,
    0x93, 0x09, 0xfc, 0x08, 0xfa, 0x05, 0x15, 0xe2, 0x1d, 0x01, 0x5e, 0x5d, 0xf1, 0x27, 0xfe, 0x46,
    0x2b, 0x7f, 0xfa, 0xf4, 0x5f, 0xfd, 0x0d, 0xeb, 0xeb, 0x78, 0x27, 0xfe, 0x46, 0xab, 0xfc, 0x32,
    0x38, 0x73, 0x0f, 0xe0, 0x7c, 0xce, 0x3a, 0x8a, 0xfd, 0x90, 0xf0, 0x42, 0x8a, 0x00, 0xf5, 0x1f,
    0x86, 0xdf, 0xf2, 0x2e, 0xdc, 0x7f, 0xd7, 0xdb, 0x7f, 0xe8, 0x09, 0x5d, 0x8d, 0x7e, 0x13, 0xc4,
    0x9f, 0xf2, 0x35, 0xaf, 0xfe, 0x23, 0xe9, 0x30, 0x9f, 0xc0, 0x8f, 0xa0, 0x51, 0x5e, 0x21, 0xd0,
    0x15, 0xe5, 0xdf, 0x12, 0x7f, 0xe4, 0x62, 0xb7, 0xff, 0x00, 0xaf, 0x45, 0xff, 0x00, 0xd0, 0xde,
    0xbe, 0xb7, 0x82, 0x7f, 0xe4, 0x6a, 0xbf, 0xc3, 0x23, 0x87, 0x30, 0xfe, 0x07, 0xcc, 0xe3, 0xa8,
    0xaf, 0xd9, 0x0f, 0x04, 0x28, 0xa0, 0x0f, 0x51, 0xf8, 0x6d, 0xff, 0x00, 0x22, 0xed, 0xc7, 0xfd,
    0x7d, 0xb7, 0xfe, 0x80, 0x95, 0xd8, 0xd7, 0xe1, 0x3c, 0x49, 0xff, 0x00, 0x23, 0x5a, 0xff, 0x00,
    0xe2, 0x3e, 0x93, 0x09, 0xfc, 0x08, 0xfa, 0x05, 0x15, 0xe2, 0x1d, 0x01, 0x5e, 0x5d, 0xf1, 0x27,
    0xfe, 0x46, 0x2b, 0x7f, 0xfa, 0xf4, 0x5f, 0xfd, 0x0d, 0xeb, 0xeb, 0x78, 0x27, 0xfe, 0x46, 0xab,
    0xfc, 0x32, 0x38, 0x73, 0x0f, 0xe0, 0x7c, 0xce, 0x3a, 0x8a, 0xfd, 0x90, 0xf0, 0x42, 0x8a, 0x00,
    0xf5, 0x1f, 0x86, 0xdf, 0xf2, 0x2e, 0xdc, 0x7f, 0xd7, 0xdb, 0x7f, 0xe8, 0x09, 0x5d, 0x8d, 0x7e,
    0x13, 0xc4, 0x9f, 0xf2, 0x35, 0xaf, 0xfe, 0x23, 0xe9, 0x30, 0x9f, 0xc0, 0x8f, 0xa0, 0x51, 0x5e,
    0x21, 0xd0, 0x15, 0xe5, 0xdf, 0x12, 0x7f, 0xe4, 0x62, 0xb7, 0xff, 0x00, 0xaf, 0x45, 0xff, 0x00,
    0xd0, 0xde, 0xbe, 0xb7, 0x82, 0x7f, 0xe4, 0x6a, 0xbf, 0xc3, 0x23, 0x87, 0x30, 0xfe, 0x07, 0xcc,
    0xe3, 0xa8, 0xaf, 0xd9, 0x0f, 0x04, 0x28, 0xa0, 0x0f, 0x51, 0xf8, 0x6d, 0xff, 0x00, 0x22, 0xed,
    0xc7, 0xfd, 0x7d, 0xb7, 0xfe, 0x80, 0x95, 0xd8, 0xd7, 0xe1, 0x3c, 0x49, 0xff, 0x00, 0x23, 0x5a,
    0xff, 0x00, 0xe2, 0x3e, 0x93, 0x09, 0xfc, 0x08, 0xfa, 0x05, 0x15, 0xe2, 0x1d, 0x01, 0x5e, 0x5d,
    0xf1, 0x27, 0xfe, 0x46, 0x2b, 0x7f, 0xfa, 0xf4, 0x5f, 0xfd, 0x0d, 0xeb, 0xeb, 0x78, 0x27, 0xfe,
    0x46, 0xab, 0xfc, 0x32, 0x38, 0x73, 0x0f, 0xe0, 0x7c, 0xce, 0x3a, 0x8a, 0xfd, 0x90, 0xf0, 0x42,
    0x8a, 0x00, 0xf5, 0x1f, 0x86, 0xdf, 0xf2, 0x2e, 0xdc, 0x7f, 0xd7, 0xdb, 0x7f, 0xe8, 0x09, 0x5d,
    0x8d, 0x7e, 0x13, 0xc4, 0x9f, 0xf2, 0x35, 0xaf, 0xfe, 0x23, 0xe9, 0x30, 0x9f, 0xc0, 0x8f, 0xa0,
    0x51, 0x5e, 0x21, 0xd0, 0x15, 0xe5, 0xdf, 0x12, 0x7f, 0xe4, 0x62, 0xb7, 0xff, 0x00, 0xaf, 0x45,
    0xff, 0x00, 0xd0, 0xde, 0xbe, 0xb7, 0x82, 0x7f, 0xe4, 0x6a, 0xbf, 0xc3, 0x23, 0x87, 0x30, 0xfe,
    0x07, 0xcc, 0xe3, 0xa8, 0xaf, 0xd9, 0x0f, 0x04, 0x28, 0xa0, 0x0f, 0x51, 0xf8, 0x6d, 0xff, 0x00,
    0x22, 0xed, 0xc7, 0xfd, 0x7d, 0xb7, 0xfe, 0x80, 0x95, 0xd8, 0xd7, 0xe1, 0x3c, 0x49, 0xff, 0x00,
    0x23, 0x5a, 0xff, 0x00, 0xe2, 0x3e, 0x93, 0x09, 0xfc, 0x08, 0xfa, 0x05, 0x15, 0xe2, 0x1d, 0x01,
    0x5e, 0x5d, 0xf1, 0x27, 0xfe, 0x46, 0x2b, 0x7f, 0xfa, 0xf4, 0x5f, 0xfd, 0x0d, 0xeb, 0xeb, 0x78,
    0x27, 0xfe, 0x46, 0xab, 0xfc, 0x32, 0x38, 0x73, 0x0f, 0xe0, 0x7c, 0xce, 0x3a, 0x8a, 0xfd, 0x90,
    0xf0, 0x42, 0x8a, 0x00, 0xf5, 0x1f, 0x86, 0xdf, 0xf2, 0x2e, 0xdc, 0x7f, 0xd7, 0xdb, 0x7f, 0xe8,
    0x09, 0x5d, 0x8d, 0x7e, 0x13, 0xc4, 0x9f, 0xf2, 0x35, 0xaf, 0xfe, 0x23, 0xe9, 0x30, 0x9f, 0xc0,
    0x8f, 0xa0, 0x51, 0x5e, 0x21, 0xd0, 0x15, 0xe5, 0xdf, 0x12, 0x7f, 0xe4, 0x62, 0xb7, 0xff, 0x00,
    0xaf, 0x45, 0xff, 0x00, 0xd0, 0xde, 0xbe, 0xb7, 0x82, 0x7f, 0xe4, 0x6a, 0xbf, 0xc3, 0x23, 0x87,
    0x30, 0xfe, 0x07, 0xcc, 0xe3, 0xa8, 0xaf, 0xd9, 0x0f, 0x04, 0x28, 0xa0, 0x0f, 0x51, 0xf8, 0x6d,
    0xff, 0x00, 0x22, 0xed, 0xc7, 0xfd, 0x7d, 0xb7, 0xfe, 0x80, 0x95, 0xd8, 0xd7, 0xe1, 0x3c, 0x49,
    0xff, 0x00, 0x23, 0x5a, 0xff, 0x00, 0xe2, 0x3e, 0x93, 0x09, 0xfc, 0x08, 0xfa, 0x05, 0x15, 0xe2,
    0x1d, 0x01, 0x5e, 0x5d, 0xf1, 0x27, 0xfe, 0x46, 0x2b, 0x7f, 0xfa, 0xf4, 0x5f, 0xfd, 0x0d, 0xeb,
    0xeb, 0x78, 0x27, 0xfe, 0x46, 0xab, 0xfc, 0x32, 0x38, 0x73, 0x0f, 0xe0, 0x7c, 0xce, 0x3a, 0x8a,
    0xfd, 0x90, 0xf0, 0x42, 0x8a, 0x00, 0xf5, 0x1f, 0x86, 0xdf, 0xf2, 0x2e, 0xdc, 0x7f, 0xd7, 0xdb,
    0x7f, 0xe8, 0x09, 0x5d, 0x8d, 0x7e, 0x13, 0xc4, 0x9f, 0xf2, 0x35, 0xaf, 0xfe, 0x23, 0xe9, 0x30,
    0x9f, 0xc0, 0x8f, 0xa0, 0x51, 0x5e, 0x21, 0xd0, 0x15, 0xe5, 0xdf, 0x12, 0x7f, 0xe4, 0x62, 0xb7,
    0xff, 0x00, 0xaf, 0x45, 0xff, 0x00, 0xd0, 0xde, 0xbe, 0xb7, 0x82, 0x7f, 0xe4, 0x6a, 0xbf, 0xc3,
    0x23, 0x87, 0x30, 0xfe, 0x07, 0xcc, 0xe3, 0xa8, 0xaf, 0xd9, 0x0f, 0x04, 0x28, 0xa0, 0x0f, 0x51,
    0xf8, 0x6d, 0xff, 0x00, 0x22, 0xed, 0xc7, 0xfd, 0x7d, 0xb7, 0xfe, 0x80, 0x95, 0xd8, 0xd7, 0xe1,
    0x3c, 0x49, 0xff, 0x00, 0x23, 0x5a, 0xff, 0x00, 0xe2, 0x3e, 0x93, 0x09, 0xfc, 0x08, 0xfa, 0x05,
    0x15, 0xe2, 0x1d, 0x01, 0x5e, 0x5d, 0xf1, 0x27, 0xfe, 0x46, 0x2b, 0x7f, 0xfa, 0xf4, 0x5f, 0xfd,
    0x0d, 0xeb, 0xeb, 0x78, 0x27, 0xfe, 0x46, 0xab, 0xfc, 0x32, 0x38, 0x73, 0x0f, 0xe0, 0x7c, 0xce,
    0x3a, 0x8a, 0xfd, 0x90, 0xf0, 0x42, 0x8a, 0x00, 0xf5, 0x1f, 0x86, 0xdf, 0xf2, 0x2e, 0xdc, 0x7f,
    0xd7, 0xdb, 0x7f, 0xe8, 0x09, 0x5d, 0x8d, 0x7e, 0x13, 0xc4, 0x9f, 0xf2, 0x35, 0xaf, 0xfe, 0x23,
    0xe9, 0x30, 0x9f, 0xc0, 0x8f, 0xa0, 0x51, 0x5e, 0x21, 0xd0, 0x15, 0xe5, 0xdf, 0x12, 0x7f, 0xe4,
    0x62, 0xb7, 0xff, 0x00, 0xaf, 0x45, 0xff, 0x00, 0xd0, 0xde, 0xbe, 0xb7, 0x82, 0x7f, 0xe4, 0x6a,
    0xbf, 0xc3, 0x23, 0x87, 0x30, 0xfe, 0x07, 0xcc, 0xe3, 0xa8, 0xaf, 0xd9, 0x0f, 0x04, 0x28, 0xa0,
    0x0f, 0x51, 0xf8, 0x6d, 0xff, 0x00, 0x22, 0xed, 0xc7, 0xfd, 0x7d, 0xb7, 0xfe, 0x80, 0x95, 0xd8,
    0xd7, 0xe1, 0x3c, 0x49, 0xff, 0x00, 0x23, 0x5a, 0xff, 0x00, 0xe2, 0x3e, 0x93, 0x09, 0xfc, 0x08,
    0xfa, 0x05, 0x15, 0xe2, 0x1d, 0x01, 0x5e, 0x5d, 0xf1, 0x27, 0xfe, 0x46, 0x2b, 0x7f, 0xfa, 0xf4,
    0x5f, 0xfd, 0x0d, 0xeb, 0xeb, 0x78, 0x27, 0xfe, 0x46, 0xab, 0xfc, 0x32, 0x38, 0x73, 0x0f, 0xe0,
    0x7c, 0xce, 0x3a, 0x8a, 0xfd, 0x90, 0xf0, 0x42, 0x8a, 0x00, 0xf5, 0x1f, 0x86, 0xdf, 0xf2, 0x2e,
    0xdc, 0x7f, 0xd7, 0xdb, 0x7f, 0xe8, 0x09, 0x5d, 0x8d, 0x7e, 0x13, 0xc4, 0x9f, 0xf2, 0x35, 0xaf,
    0xfe, 0x23, 0xe9, 0x30, 0x9f, 0xc0, 0x8f, 0xa0, 0x51, 0x5e, 0x21, 0xd0, 0x15, 0xe5, 0xdf, 0x12,
    0x7f, 0xe4, 0x62, 0xb7, 0xff, 0x00, 0xaf, 0x45, 0xff, 0x00, 0xd0, 0xde, 0xbe, 0xb7, 0x82, 0x7f,
    0xe4, 0x6a, 0xbf, 0xc3, 0x23, 0x87, 0x30, 0xfe, 0x07, 0xcc, 0xe3, 0xa8, 0xaf, 0xd9, 0x0f, 0x04,
    0x28, 0xa0, 0x0f, 0x51, 0xf8, 0x6d, 0xff, 0x00, 0x22, 0xed, 0xc7, 0xfd, 0x7d, 0xb7, 0xfe, 0x80,
    0x95, 0xd8, 0xd7, 0xe1, 0x3c, 0x49, 0xff, 0x00, 0x23, 0x5a, 0xff, 0x00, 0xe2, 0x3e, 0x93, 0x09,
    0xfc, 0x08, 0xfa, 0x05, 0x15, 0xe2, 0x1d, 0x01, 0x5e, 0x5d, 0xf1, 0x27, 0xfe, 0x46, 0x2b, 0x7f,
    0xfa, 0xf4, 0x5f, 0xfd, 0x0d, 0xeb, 0xeb, 0x78, 0x27, 0xfe, 0x46, 0xab, 0xfc, 0x32, 0x38, 0x73,
    0x0f, 0xe0, 0x7c, 0xce, 0x3a, 0x8a, 0xfd, 0x90, 0xf0, 0x42, 0x8a, 0x00, 0xf5, 0x1f, 0x86, 0xdf,
    0xf2, 0x2e, 0xdc, 0x7f, 0xd7, 0xdb, 0x7f, 0xe8, 0x09, 0x5d, 0x8d, 0x7e, 0x13, 0xc4, 0x9f, 0xf2,
    0x35, 0xaf, 0xfe, 0x23, 0xe9, 0x30, 0x9f, 0xc0, 0x8f, 0xa0, 0x51, 0x5e, 0x21, 0xd0, 0x15, 0xe5,
    0xdf, 0x12, 0x7f, 0xe4, 0x62, 0xb7, 0xff, 0x00, 0xaf, 0x45, 0xff, 0x00, 0xd0, 0xde, 0xbe, 0xb7,
    0x82, 0x7f, 0xe4, 0x6a, 0xbf, 0xc3, 0x23, 0x87, 0x30, 0xfe, 0x07, 0xcc, 0xe3, 0xa8, 0xaf, 0xd9,
    0x0f, 0x04, 0x28, 0xa0, 0x0f, 0x51, 0xf8, 0x6d, 0xff, 0x00, 0x22, 0xed, 0xc7, 0xfd, 0x7d, 0xb7,
    0xfe, 0x80, 0x95, 0xd8, 0xd7, 0xe1, 0x3c, 0x49, 0xff, 0x00, 0x23, 0x5a, 0xff, 0x00, 0xe2, 0x3e,
    0x93, 0x09, 0xfc, 0x08, 0xfa, 0x05, 0x15, 0xe2, 0x1d, 0x01, 0x5e, 0x5d, 0xf1, 0x27, 0xfe, 0x46,
    0x2b, 0x7f, 0xfa, 0xf4, 0x5f, 0xfd, 0x0d, 0xeb, 0xeb, 0x78, 0x27, 0xfe, 0x46, 0xab, 0xfc, 0x32,
    0x38, 0x73, 0x0f, 0xe0, 0x7c, 0xce, 0x3a, 0x8a, 0xfd, 0x90, 0xf0, 0x42, 0x8a, 0x00, 0xf5, 0x1f,
    0x86, 0xdf, 0xf2, 0x2e, 0xdc, 0x7f, 0xd7, 0xdb, 0x7f, 0xe8, 0x09, 0x5d, 0x8d, 0x7e, 0x13, 0xc4,
    0x9f, 0xf2, 0x35, 0xaf, 0xfe, 0x23, 0xe9, 0x30, 0x9f, 0xc0, 0x8f, 0xa0, 0x51, 0x5e, 0x21, 0xd0,
    0x15, 0xe5, 0xdf, 0x12, 0x7f, 0xe4, 0x62, 0xb7, 0xff, 0x00, 0xaf, 0x45, 0xff, 0x00, 0xd0, 0xde,
    0xbe, 0xb7, 0x82, 0x7f, 0xe4, 0x6a, 0xbf, 0xc3, 0x23, 0x87, 0x30, 0xfe, 0x07, 0xcc, 0xf5, 0x1a,
    0x2b, 0xe4, 0x8e, 0xe0, 0xa2, 0x80, 0x3c, 0xbb, 0xe2, 0x4f, 0xfc, 0x8c, 0x56, 0xff, 0x00, 0xf5,
    0xe8, 0xbf, 0xfa, 0x1b, 0xd7, 0x1d, 0x5f, 0xbb, 0x70, 0xdf, 0xfc, 0x8a, 0xa8, 0x7f, 0x84, 0xf9,
    0xbc, 0x5f, 0xf1, 0xe5, 0xea, 0x14, 0x57, 0xb6, 0x73, 0x85, 0x7a, 0x8f, 0xc3, 0x6f, 0xf9, 0x17,
    0x6e, 0x3f, 0xeb, 0xed, 0xbf, 0xf4, 0x04, 0xaf, 0x91, 0xe3, 0x6f, 0xf9, 0x15, 0x3f, 0xf1, 0x44,
    0xee, 0xcb, 0xff, 0x00, 0x8f, 0xf2, 0x3b, 0x1a, 0x2b, 0xf1, 0xc3, 0xde, 0x0a, 0x28, 0x03, 0xcb,
    0xbe, 0x24, 0xff, 0x00, 0xc8, 0xc5, 0x6f, 0xff, 0x00, 0x5e, 0x8b, 0xff, 0x00, 0xa1, 0xbd, 0x71,
    0xd5, 0xfb, 0xb7, 0x0d, 0xff, 0x00, 0xc8, 0xaa, 0x87, 0xf8, 0x4f, 0x9b, 0xc5, 0xff, 0x00, 0x1e,
    0x5e, 0xa1, 0x45, 0x7b, 0x67, 0x38, 0x57, 0xa8, 0xfc, 0x36, 0xff, 0x00, 0x91, 0x76, 0xe3, 0xfe,
    0xbe, 0xdb, 0xff, 0x00, 0x40, 0x4a, 0xf9, 0x1e, 0x36, 0xff, 0x00, 0x91, 0x53, 0xff, 0x00, 0x14,
    0x4e, 0xec, 0xbf, 0xf8, 0xff, 0x00, 0x23, 0xb1, 0xa2, 0xbf, 0x1c, 0x3d, 0xe0, 0xa2, 0x80, 0x3c,
    0xbb, 0xe2, 0x4f, 0xfc, 0x8c, 0x56, 0xff, 0x00, 0xf5, 0xe8, 0xbf, 0xfa, 0x1b, 0xd7, 0x1d, 0x5f,
    0xbb, 0x70, 0xdf, 0xfc, 0x8a, 0xa8, 0x7f, 0x84, 0xf9, 0xbc, 0x5f, 0xf1, 0xe5, 0xea, 0x14, 0x57,
    0xb6, 0x73, 0x85, 0x7a, 0x8f, 0xc3, 0x6f, 0xf9, 0x17, 0x6e, 0x3f, 0xeb, 0xed, 0xbf, 0xf4, 0x04,
    0xaf, 0x91, 0xe3, 0x6f, 0xf9, 0x15, 0x3f, 0xf1, 0x44, 0xee, 0xcb, 0xff, 0x00, 0x8f, 0xf2, 0x3b,
    0x1a, 0x2b, 0xf1, 0xc3, 0xde, 0x0a, 0x28, 0x03, 0xcb, 0xbe, 0x24, 0xff, 0x00, 0xc8, 0xc5, 0x6f,
    0xff, 0x00, 0x5e, 0x8b, 0xff, 0x00, 0xa1, 0xbd, 0x71, 0xd5, 0xfb, 0xb7, 0x0d, 0xff, 0x00, 0xc8,
    0xaa, 0x87, 0xf8, 0x4f, 0x9b, 0xc5, 0xff, 0x00, 0x1e, 0x5e, 0xa1, 0x45, 0x7b, 0x67, 0x38, 0x57,
    0xa8, 0xfc, 0x36, 0xff, 0x00, 0x91, 0x76, 0xe3, 0xfe, 0xbe, 0xdb, 0xff, 0x00, 0x40, 0x4a, 0xf9,
    0x1e, 0x36, 0xff, 0x00, 0x91, 0x53, 0xff, 0x00, 0x14, 0x4e, 0xec, 0xbf, 0xf8, 0xff, 0x00, 0x23,
    0xb1, 0xa2, 0xbf, 0x1c, 0x3d, 0xe0, 0xa2, 0x80, 0x3c, 0xbb, 0xe2, 0x4f, 0xfc, 0x8c, 0x56, 0xff,
    0x00, 0xf5, 0xe8, 0xbf, 0xfa, 0x1b, 0xd7, 0x1d, 0x5f, 0xbb, 0x70, 0xdf, 0xfc, 0x8a, 0xa8, 0x7f,
    0x84, 0xf9, 0xbc, 0x5f, 0xf1, 0xe5, 0xea, 0x14, 0x57, 0xb6, 0x73, 0x85, 0x7a, 0x8f, 0xc3, 0x6f,
    0xf9, 0x17, 0x6e, 0x3f, 0xeb, 0xed, 0xbf, 0xf4, 0x04, 0xaf, 0x91, 0xe3, 0x6f, 0xf9, 0x15, 0x3f,
    0xf1, 0x44, 0xee, 0xcb, 0xff, 0x00, 0x8f, 0xf2, 0x3b, 0x1a, 0x2b, 0xf1, 0xc3, 0xde, 0x0a, 0x28,
    0x03, 0xcb, 0xbe, 0x24, 0xff, 0x00, 0xc8, 0xc5, 0x6f, 0xff, 0x00, 0x5e, 0x8b, 0xff, 0x00, 0xa1,
    0xbd, 0x71, 0xd5, 0xfb, 0xb7, 0x0d, 0xff, 0x00, 0xc8, 0xaa, 0x87, 0xf8, 0x4f, 0x9b, 0xc5, 0xff,
    0x00, 0x1e, 0x5e, 0xa1, 0x45, 0x7b, 0x67, 0x38, 0x57, 0xa8, 0xfc, 0x36, 0xff, 0x00, 0x91, 0x76,
    0xe3, 0xfe, 0xbe, 0xdb, 0xff, 0x00, 0x40, 0x4a, 0xf9, 0x1e, 0x36, 0xff, 0x00, 0x91, 0x53, 0xff,
    0x00, 0x14, 0x4e, 0xec, 0xbf, 0xf8, 0xff, 0x00, 0x23, 0xb1, 0xa2, 0xbf, 0x1c, 0x3d, 0xe0, 0xa2,
    0x80, 0x3c, 0xbb, 0xe2, 0x4f, 0xfc, 0x8c, 0x56, 0xff, 0x00, 0xf5, 0xe8, 0xbf, 0xfa, 0x1b, 0xd7,
    0x1d, 0x5f, 0xbb, 0x70, 0xdf, 0xfc, 0x8a, 0xa8, 0x7f, 0x84, 0xf9, 0xbc, 0x5f, 0xf1, 0xe5, 0xea,
    0x14, 0x57, 0xb6, 0x73, 0x85, 0x7a, 0x8f, 0xc3, 0x6f, 0xf9, 0x17, 0x6e, 0x3f, 0xeb, 0xed, 0xbf,
    0xf4, 0x04, 0xaf, 0x91, 0xe3, 0x6f, 0xf9, 0x15, 0x3f, 0xf1, 0x44, 0xee, 0xcb, 0xff, 0x00, 0x8f,
    0xf2, 0x3b, 0x1a, 0x2b, 0xf1, 0xc3, 0xde, 0x0a, 0x28, 0x03, 0xcb, 0xbe, 0x24, 0xff, 0x00, 0xc8,
    0xc5, 0x6f, 0xff, 0x00, 0x5e, 0x8b, 0xff, 0x00, 0xa1, 0xbd, 0x71, 0xd5, 0xfb, 0xb7, 0x0d, 0xff,
    0x00, 0xc8, 0xaa, 0x87, 0xf8, 0x4f, 0x9b, 0xc5, 0xff, 0x00, 0x1e, 0x5e, 0xa1, 0x45, 0x7b, 0x67,
    0x38, 0x57, 0xa8, 0xfc, 0x36, 0xff, 0x00, 0x91, 0x76, 0xe3, 0xfe, 0xbe, 0xdb, 0xff, 0x00, 0x40,
    0x4a, 0xf9, 0x1e, 0x36, 0xff, 0x00, 0x91, 0x53, 0xff, 0x00, 0x14, 0x4e, 0xec, 0xbf, 0xf8, 0xff,
    0x00, 0x23, 0xb1, 0xa2, 0xbf, 0x1c, 0x3d, 0xe0, 0xa2, 0x80, 0x3c, 0xbb, 0xe2, 0x4f, 0xfc, 0x8c,
    0x56, 0xff, 0x00, 0xf5, 0xe8, 0xbf, 0xfa, 0x1b, 0xd7, 0x1d, 0x5f, 0xbb, 0x70, 0xdf, 0xfc, 0x8a,
    0xa8, 0x7f, 0x84, 0xf9, 0xbc, 0x5f, 0xf1, 0xe5, 0xea, 0x14, 0x57, 0xb6, 0x73, 0x85, 0x7a, 0x8f,
    0xc3, 0x6f, 0xf9, 0x17, 0x6e, 0x3f, 0xeb, 0xed, 0xbf, 0xf4, 0x04, 0xaf, 0x91, 0xe3, 0x6f, 0xf9,
    0x15, 0x3f, 0xf1, 0x44, 0xee, 0xcb, 0xff, 0x00, 0x8f, 0xf2, 0x3b, 0x1a, 0x2b, 0xf1, 0xc3, 0xde,
    0x0a, 0x28, 0x03, 0xcb, 0xbe, 0x24, 0xff, 0x00, 0xc8, 0xc5, 0x6f, 0xff, 0x00, 0x5e, 0x8b, 0xff,
    0x00, 0xa1, 0xbd, 0x71, 0xd5, 0xfb, 0xb7, 0x0d, 0xff, 0x00, 0xc8, 0xaa, 0x87, 0xf8, 0x4f, 0x9b,
    0xc5, 0xff, 0x00, 0x1e, 0x5e, 0xa1, 0x45, 0x7b, 0x67, 0x38, 0x57, 0xa8, 0xfc, 0x36, 0xff, 0x00,
    0x91, 0x76, 0xe3, 0xfe, 0xbe, 0xdb, 0xff, 0x00, 0x40, 0x4a, 0xf9, 0x1e, 0x36, 0xff, 0x00, 0x91,
    0x53, 0xff, 0x00, 0x14, 0x4e, 0xec, 0xbf, 0xf8, 0xff, 0x00, 0x23, 0xb1, 0xa2, 0xbf, 0x1c, 0x3d,
    0xe0, 0xa2, 0x80, 0x3c, 0xbb, 0xe2, 0x4f, 0xfc, 0x8c, 0x56, 0xff, 0x00, 0xf5, 0xe8, 0xbf, 0xfa,
    0x1b, 0xd7, 0x1d, 0x5f, 0xbb, 0x70, 0xdf, 0xfc, 0x8a, 0xa8, 0x7f, 0x84, 0xf9, 0xbc, 0x5f, 0xf1,
    0xe5, 0xea, 0x14, 0x57, 0xb6, 0x73, 0x85, 0x7a, 0x8f, 0xc3, 0x6f, 0xf9, 0x17, 0x6e, 0x3f, 0xeb,
    0xed, 0xbf, 0xf4, 0x04, 0xaf, 0x91, 0xe3, 0x6f, 0xf9, 0x15, 0x3f, 0xf1, 0x44, 0xee, 0xcb, 0xff,
    0x00, 0x8f, 0xf2, 0x3b, 0x1a, 0x2b, 0xf1, 0xc3, 0xde, 0x0a, 0x28, 0x03, 0xcb, 0xbe, 0x24, 0xff,
    0x00, 0xc8, 0xc5, 0x6f, 0xff, 0x00, 0x5e, 0x8b, 0xff, 0x00, 0xa1, 0xbd, 0x71, 0xd5, 0xfb, 0xb7,
    0x0d, 0xff, 0x00, 0xc8, 0xaa, 0x87, 0xf8, 0x4f, 0x9b, 0xc5, 0xff, 0x00, 0x1e, 0x5e, 0xa1, 0x45,
    0x7b, 0x67, 0x38, 0x57, 0xa8, 0xfc, 0x36, 0xff, 0x00, 0x91, 0x76, 0xe3, 0xfe, 0xbe, 0xdb, 0xff,
    0x00, 0x40, 0x4a, 0xf9, 0x1e, 0x36, 0xff, 0x00, 0x91, 0x53, 0xff, 0x00, 0x14, 0x4e, 0xec, 0xbf,
    0xf8, 0xff, 0x00, 0x23, 0xb1, 0xa2, 0xbf, 0x1c, 0x3d, 0xe0, 0xa2, 0x80, 0x3c, 0xbb, 0xe2, 0x4f,
    0xfc, 0x8c, 0x56, 0xff, 0x00, 0xf5, 0xe8, 0xbf, 0xfa, 0x1b, 0xd7, 0x1d, 0x5f, 0xbb, 0x70, 0xdf,
    0xfc, 0x8a, 0xa8, 0x7f, 0x84, 0xf9, 0xbc, 0x5f, 0xf1, 0xe5, 0xea, 0x14, 0x57, 0xb6, 0x73, 0x85,
    0x7a, 0x8f, 0xc3, 0x6f, 0xf9, 0x17, 0x6e, 0x3f, 0xeb, 0xed, 0xbf, 0xf4, 0x04, 0xaf, 0x91, 0xe3,
    0x6f, 0xf9, 0x15, 0x3f, 0xf1, 0x44, 0xee, 0xcb, 0xff, 0x00, 0x8f, 0xf2, 0x3b, 0x1a, 0x2b, 0xf1,
    0xc3, 0xde, 0x0a, 0x28, 0x03, 0xcb, 0xbe, 0x24, 0xff, 0x00, 0xc8, 0xc5, 0x6f, 0xff, 0x00, 0x5e,
    0x8b, 0xff, 0x00, 0xa1, 0xbd, 0x71, 0xd5, 0xfb, 0xb7, 0x0d, 0xff, 0x00, 0xc8, 0xaa, 0x87, 0xf8,
    0x4f, 0x9b, 0xc5, 0xff, 0x00, 0x1e, 0x5e, 0xa1, 0x45, 0x7b, 0x67, 0x38, 0x57, 0xa8, 0xfc, 0x36,
    0xff, 0x00, 0x91, 0x76, 0xe3, 0xfe, 0xbe, 0xdb, 0xff, 0x00, 0x40, 0x4a, 0xf9, 0x1e, 0x36, 0xff,
    0x00, 0x91, 0x53, 0xff, 0x00, 0x14, 0x4e, 0xec, 0xbf, 0xf8, 0xff, 0x00, 0x23, 0xb1, 0xa2, 0xbf,
    0x1c, 0x3d, 0xe0, 0xa2, 0x80, 0x3c, 0xbb, 0xe2, 0x4f, 0xfc, 0x8c, 0x56, 0xff, 0x00, 0xf5, 0xe8,
    0xbf, 0xfa, 0x1b, 0xd7, 0x1d, 0x5f, 0xbb, 0x70, 0xdf, 0xfc, 0x8a, 0xa8, 0x7f, 0x84, 0xf9, 0xbc,
    0x5f, 0xf1, 0xe5, 0xea, 0x14, 0x57, 0xb6, 0x73, 0x85, 0x7a, 0x8f, 0xc3, 0x6f, 0xf9, 0x17, 0x6e,
    0x3f, 0xeb, 0xed, 0xbf, 0xf4, 0x04, 0xaf, 0x91, 0xe3, 0x6f, 0xf9, 0x15, 0x3f, 0xf1, 0x44, 0xee,
    0xcb, 0xff, 0x00, 0x8f, 0xf2, 0x3b, 0x1a, 0x2b, 0xf1, 0xc3, 0xde, 0x0a, 0x28, 0x03, 0xcb, 0xbe,
    0x24, 0xff, 0x00, 0xc8, 0xc5, 0x6f, 0xff, 0x00, 0x5e, 0x8b, 0xff, 0x00, 0xa1, 0xbd, 0x71, 0xd5,
    0xfb, 0xb7, 0x0d, 0xff, 0x00, 0xc8, 0xaa, 0x87, 0xf8, 0x4f, 0x9b, 0xc5, 0xff, 0x00, 0x1e, 0x5e,
    0xa1, 0x45, 0x7b, 0x67, 0x38, 0x57, 0xa8, 0xfc, 0x36, 0xff, 0x00, 0x91, 0x76, 0xe3, 0xfe, 0xbe,
    0xdb, 0xff, 0x00, 0x40, 0x4a, 0xf9, 0x1e, 0x36, 0xff, 0x00, 0x91, 0x53, 0xff, 0x00, 0x14, 0x4e,
    0xec, 0xbf, 0xf8, 0xff, 0x00, 0x23, 0xb1, 0xa2, 0xbf, 0x1c, 0x3d, 0xe0, 0xa2, 0x80, 0x3c, 0xbb,
    0xe2, 0x4f, 0xfc, 0x8c, 0x56, 0xff, 0x00, 0xf5, 0xe8, 0xbf, 0xfa, 0x1b, 0xd7, 0x1d, 0x5f, 0xbb,
    0x70, 0xdf, 0xfc, 0x8a, 0xa8, 0x7f, 0x84, 0xf9, 0xbc, 0x5f, 0xf1, 0xe5, 0xea, 0x14, 0x57, 0xb6,
    0x73, 0x85, 0x7a, 0x8f, 0xc3, 0x6f, 0xf9, 0x17, 0x6e, 0x3f, 0xeb, 0xed, 0xbf, 0xf4, 0x04, 0xaf,
    0x91, 0xe3, 0x6f, 0xf9, 0x15, 0x3f, 0xf1, 0x44, 0xee, 0xcb, 0xff, 0x00, 0x8f, 0xf2, 0x3b, 0x1a,
    0x2b, 0xf1, 0xc3, 0xde, 0x0a, 0x28, 0x03, 0xcb, 0xbe, 0x24, 0xff, 0x00, 0xc8, 0xc5, 0x6f, 0xff,
    0x00, 0x5e, 0x8b, 0xff, 0x00, 0xa1, 0xbd, 0x71, 0xd5, 0xfb, 0xb7, 0x0d, 0xff, 0x00, 0xc8, 0xaa,
    0x87, 0xf8, 0x4f, 0x9b, 0xc5, 0xff, 0x00, 0x1e, 0x5e, 0xa1, 0x45, 0x7b, 0x67, 0x38, 0x57, 0xa8,
    0xfc, 0x36, 0xff, 0x00, 0x91, 0x76, 0xe3, 0xfe, 0xbe, 0xdb, 0xff, 0x00, 0x40, 0x4a, 0xf9, 0x1e,
    0x36, 0xff, 0x00, 0x91, 0x53, 0xff, 0x00, 0x14, 0x4e, 0xec, 0xbf, 0xf8, 0xff, 0x00, 0x23, 0xb1,
    0xa2, 0xbf, 0x1c, 0x3d, 0xe0, 0xa2, 0x80, 0x3c, 0xbb, 0xe2, 0x4f, 0xfc, 0x8c, 0x56, 0xff, 0x00,
    0xf5, 0xe8, 0xbf, 0xfa, 0x1b, 0xd7, 0x1d, 0x5f, 0xbb, 0x70, 0xdf, 0xfc, 0x8a, 0xa8, 0x7f, 0x84,
    0xf9, 0xbc, 0x5f, 0xf1, 0xe5, 0xea, 0x14, 0x57, 0xb6, 0x73, 0x85, 0x7a, 0x8f, 0xc3, 0x6f, 0xf9,
    0x17, 0x6e, 0x3f, 0xeb, 0xed, 0xbf, 0xf4, 0x04, 0xaf, 0x91, 0xe3, 0x6f, 0xf9, 0x15, 0x3f, 0xf1,
    0x44, 0xee, 0xcb, 0xff, 0x00, 0x8f, 0xf2, 0x3b, 0x1a, 0x2b, 0xf1, 0xc3, 0xde, 0x0a, 0x28, 0x03,
    0xcb, 0xbe, 0x24, 0xff, 0x00, 0xc8, 0xc5, 0x6f, 0xff, 0x00, 0x5e, 0x8b, 0xff, 0x00, 0xa1, 0xbd,
    0x71, 0xd5, 0xfb, 0xb7, 0x0d, 0xff, 0x00, 0xc8, 0xaa, 0x87, 0xf8, 0x4f, 0x9b, 0xc5, 0xff, 0x00,
    0x1e, 0x5e, 0xa1, 0x45, 0x7b, 0x67, 0x38, 0x57, 0xa8, 0xfc, 0x36, 0xff, 0x00, 0x91, 0x76, 0xe3,
    0xfe, 0xbe, 0xdb, 0xff, 0x00, 0x40, 0x4a, 0xf9, 0x1e, 0x36, 0xff, 0x00, 0x91, 0x53, 0xff, 0x00,
    0x14, 0x4e, 0xec, 0xbf, 0xf8, 0xff, 0x00, 0x23, 0xff, 0xd9,
};
static const unsigned char cb_frame_2[] = {
    0xff, 0xd8, 0xff, 0xe0, 0x00, 0x10, 0x4a, 0x46, 0x49, 0x46, 0x00, 0x01, 0x01, 0x00, 0x00, 0x01,
    0x00, 0x01, 0x00, 0x00, 0xff, 0xdb, 0x00, 0x43, 0x00, 0x08, 0x06, 0x06, 0x07, 0x06, 0x05, 0x08,
    0x07, 0x07, 0x07, 0x09, 0x09, 0x08, 0x0a, 0x0c, 0x14, 0x0d, 0x0c, 0x0b, 0x0b, 0x0c, 0x19, 0x12,
    0x13, 0x0f, 0x14, 0x1d, 0x1a, 0x1f, 0x1e, 0x1d, 0x1a, 0x1c, 0x1c, 0x20, 0x24, 0x2e, 0x27, 0x20,
    0x22, 0x2c, 0x23, 0x1c, 0x1c, 0x28, 0x37, 0x29, 0x2c, 0x30, 0x31, 0x34, 0x34, 0x34, 0x1f, 0x27,
    0x39, 0x3d, 0x38, 0x32, 0x3c, 0x2e, 0x33, 0x34, 0x32, 0xff, 0xdb, 0x00, 0x43, 0x01, 0x09, 0x09,
    0x09, 0x0c, 0x0b, 0x0c, 0x18, 0x0d, 0x0d, 0x18, 0x32, 0x21, 0x1c, 0x21, 0x32, 0x32, 0x32, 0x32,
    0x32, 0x32, 0x32, 0x32, 0x32, 0x32, 0x32, 0x32, 0x32, 0x32, 0x32, 0x32, 0x32, 0x32, 0x32, 0x32,
    0x32, 0x32, 0x32, 0x32, 0x32, 0x32, 0x32, 0x32, 0x32, 0x32, 0x32, 0x32, 0x32, 0x32, 0x32, 0x32,
    0x32, 0x32, 0x32, 0x32, 0x32, 0x32, 0x32, 0x32, 0x32, 0x32, 0x32, 0x32, 0x32, 0x32, 0xff, 0xc0,
    0x00, 0x11, 0x08, 0x00, 0xf0, 0x01, 0x40, 0x03, 0x01, 0x21, 0x00, 0x02, 0x11, 0x01, 0x03, 0x11,
    0x01, 0xff, 0xc4, 0x00, 0x1f, 0x00, 0x00, 0x01, 0x05, 0x01, 0x01, 0x01, 0x01, 0x01, 0x01, 0x00,
    0x00, 0x00, 0x00, 0x00, 0x00, 0x00, 0x00, 0x01, 0x02, 0x03, 0x04, 0x05, 0x06, 0x07, 0x08, 0x09,
    0x0a, 0x0b, 0xff, 0xc4, 0x00, 0xb5, 0x10, 0x00, 0x02, 0x01, 0x03, 0x03, 0x02, 0x04, 0x03, 0x05,
    0x05, 0x04, 0x04, 0x00, 0x00, 0x01, 0x7d, 0x01, 0x02, 0x03, 0x00, 0x04, 0x11, 0x05, 0x12, 0x21,
    0x31, 0x41, 0x06, 0x13, 0x51, 0x61, 0x07, 0x22, 0x71, 0x14, 0x32, 0x81, 0x91, 0xa1, 0x08, 0x23,
    0x42, 0xb1, 0xc1, 0x15, 0x52, 0xd1, 0xf0, 0x24, 0x33, 0x62, 0x72, 0x82, 0x09, 0x0a, 0x16, 0x17,
    0x18, 0x19, 0x1a, 0x25, 0x26, 0x27, 0x28, 0x29, 0x2a, 0x34, 0x35, 0x36, 0x37, 0x38, 0x39, 0x3a,
    0x43, 0x44, 0x45, 0x46, 0x47, 0x48, 0x49, 0x4a, 0x53, 0x54, 0x55, 0x56, 0x57, 0x58, 0x59, 0x5a,
    0x63, 0x64, 0x65, 0x66, 0x67, 0x68, 0x69, 0x6a, 0x73, 0x74, 0x75, 0x76, 0x77, 0x78, 0x79, 0x7a,
    0x83, 0x84, 0x85, 0x86, 0x87, 0x88, 0x89, 0x8a, 0x92, 0x93, 0x94, 0x95, 0x96, 0x97, 0x98, 0x99,
    0x9a, 0xa2, 0xa3, 0xa4, 0xa5, 0xa6, 0xa7, 0xa8, 0xa9, 0xaa, 0xb2, 0xb3, 0xb4, 0xb5, 0xb6, 0xb7,
    0xb8, 0xb9, 0xba, 0xc2, 0xc3, 0xc4, 0xc5, 0xc6, 0xc7, 0xc8, 0xc9, 0xca, 0xd2, 0xd3, 0xd4, 0xd5,
    0xd6, 0xd7, 0xd8, 0xd9, 0xda, 0xe1, 0xe2, 0xe3, 0xe4, 0xe5, 0xe6, 0xe7, 0xe8, 0xe9, 0xea, 0xf1,
    0xf2, 0xf3, 0xf4, 0xf5, 0xf6, 0xf7, 0xf8, 0xf9, 0xfa, 0xff, 0xc4, 0x00, 0x1f, 0x01, 0x00, 0x03,
    0x01, 0x01, 0x01, 0x01, 0x01, 0x01, 0x01, 0x01, 0x01, 0x00, 0x00, 0x00, 0x00, 0x00, 0x00, 0x01,
    0x02, 0x03, 0x04, 0x05, 0x06, 0x07, 0x08, 0x09, 0x0a, 0x0b, 0xff, 0xc4, 0x00, 0xb5, 0x11, 0x00,
    0x02, 0x01, 0x02, 0x04, 0x04, 0x03, 0x04, 0x07, 0x05, 0x04, 0x04, 0x00, 0x01, 0x02, 0x77, 0x00,
    0x01, 0x02, 0x03, 0x11, 0x04, 0x05, 0x21, 0x31, 0x06, 0x12, 0x41, 0x51, 0x07, 0x61, 0x71, 0x13,
    0x22, 0x32, 0x81, 0x08, 0x14, 0x42, 0x91, 0xa1, 0xb1, 0xc1, 0x09, 0x23, 0x33, 0x52, 0xf0, 0x15,
    0x62, 0x72, 0xd1, 0x0a, 0x16, 0x24, 0x34, 0xe1, 0x25, 0xf1, 0x17, 0x18, 0x19, 0x1a, 0x26, 0x27,
    0x28, 0x29, 0x2a, 0x35, 0x36, 0x37, 0x38, 0x39, 0x3a, 0x43, 0x44, 0x45, 0x46, 0x47, 0x48, 0x49,
    0x4a, 0x53, 0x54, 0x55, 0x56, 0x57, 0x58, 0x59, 0x5a, 0x63, 0x64, 0x65, 0x66, 0x67, 0x68, 0x69,
    0x6a, 0x73, 0x74, 0x75, 0x76, 0x77, 0x78, 0x79, 0x7a, 0x82, 0x83, 0x84, 0x85, 0x86, 0x87, 0x88,
    0x89, 0x8a, 0x92, 0x93, 0x94, 0x95, 0x96, 0x97, 0x98, 0x99, 0x9a, 0xa2, 0xa3, 0xa4, 0xa5, 0xa6,
    0xa7, 0xa8, 0xa9, 0xaa, 0xb2, 0xb3, 0xb4, 0xb5, 0xb6, 0xb7, 0xb8, 0xb9, 0xba, 0xc2, 0xc3, 0xc4,
    0xc5, 0xc6, 0xc7, 0xc8, 0xc9, 0xca, 0xd2, 0xd3, 0xd4, 0xd5, 0xd6, 0xd7, 0xd8, 0xd9, 0xda, 0xe2,
    0xe3, 0xe4, 0xe5, 0xe6, 0xe7, 0xe8, 0xe9, 0xea, 0xf2, 0xf3, 0xf4, 0xf5, 0xf6, 0xf7, 0xf8, 0xf9,
    0xfa, 0xff, 0xda, 0x00, 0x0c, 0x03, 0x01, 0x00, 0x02, 0x11, 0x03, 0x11, 0x00, 0x3f, 0x00, 0xe0,
    0xa8, 0xaf, 0xd0, 0xcf, 0x20, 0x2b, 0xa0, 0xf0, 0x3f, 0xfc, 0x8e, 0x16, 0x1f, 0xf6, 0xd3, 0xff,
    0x00, 0x45, 0xb5, 0x79, 0xb9, 0xcf, 0xfc, 0x8b, 0x71, 0x1f, 0xe0, 0x9f, 0xfe, 0x92, 0xcd, 0x70,
    0xff, 0x00, 0xc5, 0x8f, 0xaa, 0xfc, 0xcf, 0x62, 0xa2, 0xbf, 0x00, 0x3e, 0x9c, 0x28, 0xa0, 0x0e,
    0x7f, 0xc7, 0x1f, 0xf2, 0x27, 0xdf, 0xff, 0x00, 0xdb, 0x3f, 0xfd, 0x18, 0xb5, 0xe3, 0xb5, 0xfa,
    0xd7, 0x01, 0x7f, 0xc8, 0xb6, 0x7f, 0xe3, 0x7f, 0xfa, 0x4c, 0x4f, 0x13, 0x33, 0xfe, 0x2a, 0xf4,
    0xfd, 0x58, 0x51, 0x5f, 0x6e, 0x79, 0xc1, 0x5d, 0x07, 0x81, 0xff, 0x00, 0xe4, 0x70, 0xb0, 0xff,
    0x00, 0xb6, 0x9f, 0xfa, 0x2d, 0xab, 0xcd, 0xce, 0x7f, 0xe4, 0x5b, 0x88, 0xff, 0x00, 0x04, 0xff,
    0x00, 0xf4, 0x96, 0x6b, 0x87, 0xfe, 0x2c, 0x7d, 0x57, 0xe6, 0x7b, 0x15, 0x15, 0xf8, 0x01, 0xf4,
    0xe1, 0x45, 0x00, 0x73, 0xfe, 0x38, 0xff, 0x00, 0x91, 0x3e, 0xff, 0x00, 0xfe, 0xd9, 0xff, 0x00,
    0xe8, 0xc5, 0xaf, 0x1d, 0xaf, 0xd6, 0xb8, 0x0b, 0xfe, 0x45, 0xb3, 0xff, 0x00, 0x1b, 0xff, 0x00,
    0xd2, 0x62, 0x78, 0x99, 0x9f, 0xf1, 0x57, 0xa7, 0xea, 0xc2, 0x8a, 0xfb, 0x73, 0xce, 0x0a, 0xe8,
    0x3c, 0x0f, 0xff, 0x00, 0x23, 0x85, 0x87, 0xfd, 0xb4, 0xff, 0x00, 0xd1, 0x6d, 0x5e, 0x6e, 0x73,
    0xff, 0x00, 0x22, 0xdc, 0x47, 0xf8, 0x27, 0xff, 0x00, 0xa4, 0xb3, 0x5c, 0x3f, 0xf1, 0x63, 0xea,
    0xbf, 0x33, 0xd8, 0xa8, 0xaf, 0xc0, 0x0f, 0xa7, 0x0a, 0x28, 0x03, 0x9f, 0xf1, 0xc7, 0xfc, 0x89,
    0xf7, 0xff, 0x00, 0xf6, 0xcf, 0xff, 0x00, 0x46, 0x2d, 0x78, 0xed, 0x7e, 0xb5, 0xc0, 0x5f, 0xf2,
    0x2d, 0x9f, 0xf8, 0xdf, 0xfe, 0x93, 0x13, 0xc4, 0xcc, 0xff, 0x00, 0x8a, 0xbd, 0x3f, 0x56, 0x14,
    0x57, 0xdb, 0x9e, 0x70, 0x57, 0x41, 0xe0, 0x7f, 0xf9, 0x1c, 0x2c, 0x3f, 0xed, 0xa7, 0xfe, 0x8b,
    0x6a, 0xf3, 0x73, 0x9f, 0xf9, 0x16, 0xe2, 0x3f, 0xc1, 0x3f, 0xfd, 0x25, 0x9a, 0xe1, 0xff, 0x00,
    0x8b, 0x1f, 0x55, 0xf9, 0x9e, 0xc5, 0x45, 0x7e, 0x00, 0x7d, 0x38, 0x51, 0x40, 0x1c, 0xff, 0x00,
    0x8e, 0x3f, 0xe4, 0x4f, 0xbf, 0xff, 0x00, 0xb6, 0x7f, 0xfa, 0x31, 0x6b, 0xc7, 0x6b, 0xf5, 0xae,
    0x02, 0xff, 0x00, 0x91, 0x6c, 0xff, 0x00, 0xc6, 0xff, 0x00, 0xf4, 0x98, 0x9e, 0x26, 0x67, 0xfc,
    0x55, 0xe9, 0xfa, 0xb0, 0xa2, 0xbe, 0xdc, 0xf3, 0x82, 0xba, 0x0f, 0x03, 0xff, 0x00, 0xc8, 0xe1,
    0x61, 0xff, 0x00, 0x6d, 0x3f, 0xf4, 0x5b, 0x57, 0x9b, 0x9c, 0xff, 0x00, 0xc8, 0xb7, 0x11, 0xfe,
    0x09, 0xff, 0x00, 0xe9, 0x2c, 0xd7, 0x0f, 0xfc, 0x58, 0xfa, 0xaf, 0xcc, 0xf6, 0x2a, 0x2b, 0xf0,
    0x03, 0xe9, 0xc2, 0x8a, 0x00, 0xe7, 0xfc, 0x71, 0xff, 0x00, 0x22, 0x7d, 0xff, 0x00, 0xfd, 0xb3,
    0xff, 0x00, 0xd1, 0x8b, 0x5e, 0x3b, 0x5f, 0xad, 0x70, 0x17, 0xfc, 0x8b, 0x67, 0xfe, 0x37, 0xff,
    0x00, 0xa4, 0xc4, 0xf1, 0x33, 0x3f, 0xe2, 0xaf, 0x4f, 0xd5, 0x85, 0x15, 0xf6, 0xe7, 0x9c, 0x15,
    0xd0, 0x78, 0x1f, 0xfe, 0x47, 0x0b, 0x0f, 0xfb, 0x69, 0xff, 0x00, 0xa2, 0xda, 0xbc, 0xdc, 0xe7,
    0xfe, 0x45, 0xb8, 0x8f, 0xf0, 0x4f, 0xff, 0x00, 0x49, 0x66, 0xb8, 0x7f, 0xe2, 0xc7, 0xd5, 0x7e,
    0x67, 0xb1, 0x51, 0x5f, 0x80, 0x1f, 0x4e, 0x14, 0x50, 0x07, 0x3f, 0xe3, 0x8f, 0xf9, 0x13, 0xef,
    0xff, 0x00, 0xed, 0x9f, 0xfe, 0x8c, 0x5a, 0xf1, 0xda, 0xfd, 0x6b, 0x80, 0xbf, 0xe4, 0x5b, 0x3f,
    0xf1, 0xbf, 0xfd, 0x26, 0x27, 0x89, 0x99, 0xff, 0x00, 0x15, 0x7a, 0x7e, 0xac, 0x28, 0xaf, 0xb7,
    0x3c, 0xe0, 0xae, 0x83, 0xc0, 0xff, 0x00, 0xf2, 0x38, 0x58, 0x7f, 0xdb, 0x4f, 0xfd, 0x16, 0xd5,
    0xe6, 0xe7, 0x3f, 0xf2, 0x2d, 0xc4, 0x7f, 0x82, 0x7f, 0xfa, 0x4b, 0x35, 0xc3, 0xff, 0x00, 0x16,
    0x3e, 0xab, 0xf3, 0x3d, 0x8a, 0x8a, 0xfc, 0x00, 0xfa, 0x70, 0xa2, 0x80, 0x39, 0xff, 0x00, 0x1c,
    0x7f, 0xc8, 0x9f, 0x7f, 0xff, 0x00, 0x6c, 0xff, 0x00, 0xf4, 0x62, 0xd7, 0x8e, 0xd7, 0xeb, 0x5c,
    0x05, 0xff, 0x00, 0x22, 0xd9, 0xff, 0x00, 0x8d, 0xff, 0x00, 0xe9, 0x31, 0x3c, 0x4c, 0xcf, 0xf8,
    0xab, 0xd3, 0xf5, 0x61, 0x45, 0x7d, 0xb9, 0xe7, 0x05, 0x74, 0x1e, 0x07, 0xff, 0x00, 0x91, 0xc2,
    0xc3, 0xfe, 0xda, 0x7f, 0xe8, 0xb6, 0xaf, 0x37, 0x39, 0xff, 0x00, 0x91, 0x6e, 0x23, 0xfc, 0x13,
    0xff, 0x00, 0xd2, 0x59, 0xae, 0x1f, 0xf8, 0xb1, 0xf5, 0x5f, 0x99, 0xec, 0x54, 0x57, 0xe0, 0x07,
    0xd3, 0x85, 0x14, 0x01, 0xcf, 0xf8, 0xe3, 0xfe, 0x44, 0xfb, 0xff, 0x00, 0xfb, 0x67, 0xff, 0x00,
    0xa3, 0x16, 0xbc, 0x76, 0xbf, 0x5a, 0xe0, 0x2f, 0xf9, 0x16, 0xcf, 0xfc, 0x6f, 0xff, 0x00, 0x49,
    0x89, 0xe2, 0x66, 0x7f, 0xc5, 0x5e, 0x9f, 0xab, 0x0a, 0x2b, 0xed, 0xcf, 0x38, 0x2b, 0xa0, 0xf0,
    0x3f, 0xfc, 0x8e, 0x16, 0x1f, 0xf6, 0xd3, 0xff, 0x00, 0x45, 0xb5, 0x79, 0xb9, 0xcf, 0xfc, 0x8b,
    0x71, 0x1f, 0xe0, 0x9f, 0xfe, 0x92, 0xcd, 0x70, 0xff, 0x00, 0xc5, 0x8f, 0xaa, 0xfc, 0xcf, 0x62,
    0xa2, 0xbf, 0x00, 0x3e, 0x9c, 0x28, 0xa0, 0x0e, 0x7f, 0xc7, 0x1f, 0xf2, 0x27, 0xdf, 0xff, 0x00,
    0xdb, 0x3f, 0xfd, 0x18, 0xb5, 0xe3, 0xb5, 0xfa, 0xd7, 0x01, 0x7f, 0xc8, 0xb6, 0x7f, 0xe3, 0x7f,
    0xfa, 0x4c, 0x4f, 0x13, 0x33, 0xfe, 0x2a, 0xf4, 0xfd, 0x58, 0x51, 0x5f, 0x6e, 0x79, 0xc1, 0x5d,
    0x07, 0x81, 0xff, 0x00, 0xe4, 0x70, 0xb0, 0xff, 0x00, 0xb6, 0x9f, 0xfa, 0x2d, 0xab, 0xcd, 0xce,
    0x7f, 0xe4, 0x5b, 0x88, 0xff, 0x00, 0x04, 0xff, 0x00, 0xf4, 0x96, 0x6b, 0x87, 0xfe, 0x2c, 0x7d,
    0x57, 0xe6, 0x7b, 0x15, 0x15, 0xf8, 0x01, 0xf4, 0xe1, 0x45, 0x00, 0x73, 0xfe, 0x38, 0xff, 0x00,
    0x91, 0x3e, 0xff, 0x00, 0xfe, 0xd9, 0xff, 0x00, 0xe8, 0xc5, 0xaf, 0x1d, 0xaf, 0xd6, 0xb8, 0x0b,
    0xfe, 0x45, 0xb3, 0xff, 0x00, 0x1b, 0xff, 0x00, 0xd2, 0x62, 0x78, 0x99, 0x9f, 0xf1, 0x57, 0xa7,
    0xea, 0xc2, 0x8a, 0xfb, 0x73, 0xce, 0x0a, 0xe8, 0x3c, 0x0f, 0xff, 0x00, 0x23, 0x85, 0x87, 0xfd,
    0xb4, 0xff, 0x00, 0xd1, 0x6d, 0x5e, 0x6e, 0x73, 0xff, 0x00, 0x22, 0xdc, 0x47, 0xf8, 0x27, 0xff,
    0x00, 0xa4, 0xb3, 0x5c, 0x3f, 0xf1, 0x63, 0xea, 0xbf, 0x33, 0xd8, 0xa8, 0xaf, 0xc0, 0x0f, 0xa7,
    0x0a, 0x28, 0x03, 0x9f, 0xf1, 0xc7, 0xfc, 0x89, 0xf7, 0xff, 0x00, 0xf6, 0xcf, 0xff, 0x00, 0x46,
    0x2d, 0x78, 0xed, 0x7e, 0xb5, 0xc0, 0x5f, 0xf2, 0x2d, 0x9f, 0xf8, 0xdf, 0xfe, 0x93, 0x13, 0xc4,
    0xcc, 0xff, 0x00, 0x8a, 0xbd, 0x3f, 0x56, 0x14, 0x57, 0xdb, 0x9e, 0x70, 0x57, 0x41, 0xe0, 0x7f,
    0xf9, 0x1c, 0x2c, 0x3f, 0xed, 0xa7, 0xfe, 0x8b, 0x6a, 0xf3, 0x73, 0x9f, 0xf9, 0x16, 0xe2, 0x3f,
    0xc1, 0x3f, 0xfd, 0x25, 0x9a, 0xe1, 0xff, 0x00, 0x8b, 0x1f, 0x55, 0xf9, 0x9e, 0xc5, 0x45, 0x7e,
    0x00, 0x7d, 0x38, 0x51, 0x40, 0x1c, 0xff, 0x00, 0x8e, 0x3f, 0xe4, 0x4f, 0xbf, 0xff, 0x00, 0xb6,
    0x7f, 0xfa, 0x31, 0x6b, 0xc7, 0x6b, 0xf5, 0xae, 0x02, 0xff, 0x00, 0x91, 0x6c, 0xff, 0x00, 0xc6,
    0xff, 0x00, 0xf4, 0x98, 0x9e, 0x26, 0x67, 0xfc, 0x55, 0xe9, 0xfa, 0xb0, 0xa2, 0xbe, 0xdc, 0xf3,
    0x82, 0xba, 0x0f, 0x03, 0xff, 0x00, 0xc8, 0xe1, 0x61, 0xff, 0x00, 0x6d, 0x3f, 0xf4, 0x5b, 0x57,
    0x9b, 0x9c, 0xff, 0x00, 0xc8, 0xb7, 0x11, 0xfe, 0x09, 0xff, 0x00, 0xe9, 0x2c, 0xd7, 0x0f, 0xfc,
    0x58, 0xfa, 0xaf, 0xcc, 0xf6, 0x2a, 0x2b, 0xf0, 0x03, 0xe9, 0xc2, 0x8a, 0x00, 0xe7, 0xfc, 0x71,
    0xff, 0x00, 0x22, 0x7d, 0xff, 0x00, 0xfd, 0xb3, 0xff, 0x00, 0xd1, 0x8b, 0x5e, 0x3b, 0x5f, 0xad,
    0x70, 0x17, 0xfc, 0x8b, 0x67, 0xfe, 0x37, 0xff, 0x00, 0xa4, 0xc4, 0xf1, 0x33, 0x3f, 0xe2, 0xaf,
    0x4f, 0xd5, 0x85, 0x15, 0xf6, 0xe7, 0x9c, 0x15, 0xd0, 0x78, 0x1f, 0xfe, 0x47, 0x0b, 0x0f, 0xfb,
    0x69, 0xff, 0x00, 0xa2, 0xda, 0xbc, 0xdc, 0xe7, 0xfe, 0x45, 0xb8, 0x8f, 0xf0, 0x4f, 0xff, 0x00,
    0x49, 0x66, 0xb8, 0x7f, 0xe2, 0xc7, 0xd5, 0x7e, 0x67, 0xb1, 0x51, 0x5f, 0x80, 0x1f, 0x4e, 0x14,
    0x50, 0x07, 0x3f, 0xe3, 0x8f, 0xf9, 0x13, 0xef, 0xff, 0x00, 0xed, 0x9f, 0xfe, 0x8c, 0x5a, 0xf1,
    0xda, 0xfd, 0x6b, 0x80, 0xbf, 0xe4, 0x5b, 0x3f, 0xf1, 0xbf, 0xfd, 0x26, 0x27, 0x89, 0x99, 0xff,
    0x00, 0x15, 0x7a, 0x7e, 0xac, 0x28, 0xaf, 0xb7, 0x3c, 0xe0, 0xae, 0x83, 0xc0, 0xff, 0x00, 0xf2,
    0x38, 0x58, 0x7f, 0xdb, 0x4f, 0xfd, 0x16, 0xd5, 0xe6, 0xe7, 0x3f, 0xf2, 0x2d, 0xc4, 0x7f, 0x82,
    0x7f, 0xfa, 0x4b, 0x35, 0xc3, 0xff, 0x00, 0x16, 0x3e, 0xab, 0xf3, 0x3d, 0x8a, 0x8a, 0xfc, 0x00,
    0xfa, 0x70, 0xa2, 0x80, 0x39, 0xff, 0x00, 0x1c, 0x7f, 0xc8, 0x9f, 0x7f, 0xff, 0x00, 0x6c, 0xff,
    0x00, 0xf4, 0x62, 0xd7, 0x8e, 0xd7, 0xeb, 0x5c, 0x05, 0xff, 0x00, 0x22, 0xd9, 0xff, 0x00, 0x8d,
    0xff, 0x00, 0xe9, 0x31, 0x3c, 0x4c, 0xcf, 0xf8, 0xab, 0xd3, 0xf5, 0x61, 0x45, 0x7d, 0xb9, 0xe7,
    0x05, 0x74, 0x1e, 0x07, 0xff, 0x00, 0x91, 0xc2, 0xc3, 0xfe, 0xda, 0x7f, 0xe8, 0xb6, 0xaf, 0x37,
    0x39, 0xff, 0x00, 0x91, 0x6e, 0x23, 0xfc, 0x13, 0xff, 0x00, 0xd2, 0x59, 0xae, 0x1f, 0xf8, 0xb1,
    0xf5, 0x5f, 0x99, 0xec, 0x54, 0x57, 0xe0, 0x07, 0xd3, 0x85, 0x14, 0x01, 0xcf, 0xf8, 0xe3, 0xfe,
    0x44, 0xfb, 0xff, 0x00, 0xfb, 0x67, 0xff, 0x00, 0xa3, 0x16, 0xbc, 0x76, 0xbf, 0x5a, 0xe0, 0x2f,
    0xf9, 0x16, 0xcf, 0xfc, 0x6f, 0xff, 0x00, 0x49, 0x89, 0xe2, 0x66, 0x7f, 0xc5, 0x5e, 0x9f, 0xab,
    0x0a, 0x2b, 0xed, 0xcf, 0x38, 0x2b, 0xa0, 0xf0, 0x3f, 0xfc, 0x8e, 0x16, 0x1f, 0xf6, 0xd3, 0xff,
    0x00, 0x45, 0xb5, 0x79, 0xb9, 0xcf, 0xfc, 0x8b, 0x71, 0x1f, 0xe0, 0x9f, 0xfe, 0x92, 0xcd, 0x70,
    0xff, 0x00, 0xc5, 0x8f, 0xaa, 0xfc, 0xcf, 0x62, 0xa2, 0xbf, 0x00, 0x3e, 0x9c, 0x28, 0xa0, 0x0e,
    0x7f, 0xc7, 0x1f, 0xf2, 0x27, 0xdf, 0xff, 0x00, 0xdb, 0x3f, 0xfd, 0x18, 0xb5, 0xe3, 0xb5, 0xfa,
    0xd7, 0x01, 0x7f, 0xc8, 0xb6, 0x7f, 0xe3, 0x7f, 0xfa, 0x4c, 0x4f, 0x13, 0x33, 0xfe, 0x2a, 0xf4,
    0xfd, 0x58, 0x51, 0x5f, 0x6e, 0x79, 0xc1, 0x5d, 0x07, 0x81, 0xff, 0x00, 0xe4, 0x70, 0xb0, 0xff,
    0x00, 0xb6, 0x9f, 0xfa, 0x2d, 0xab, 0xcd, 0xce, 0x7f, 0xe4, 0x5b, 0x88, 0xff, 0x00, 0x04, 0xff,
    0x00, 0xf4, 0x96, 0x6b, 0x87, 0xfe, 0x2c, 0x7d, 0x57, 0xe6, 0x7b, 0x15, 0x15, 0xf8, 0x01, 0xf4,
    0xe1, 0x45, 0x00, 0x73, 0xfe, 0x38, 0xff, 0x00, 0x91, 0x3e, 0xff, 0x00, 0xfe, 0xd9, 0xff, 0x00,
    0xe8, 0xc5, 0xaf, 0x1d, 0xaf, 0xd6, 0xb8, 0x0b, 0xfe, 0x45, 0xb3, 0xff, 0x00, 0x1b, 0xff, 0x00,
    0xd2, 0x62, 0x78, 0x99, 0x9f, 0xf1, 0x57, 0xa7, 0xea, 0xc2, 0x8a, 0xfb, 0x73, 0xce, 0x0a, 0xe8,
    0x3c, 0x0f, 0xff, 0x00, 0x23, 0x85, 0x87, 0xfd, 0xb4, 0xff, 0x00, 0xd1, 0x6d, 0x5e, 0x6e, 0x73,
    0xff, 0x00, 0x22, 0xdc, 0x47, 0xf8, 0x27, 0xff, 0x00, 0xa4, 0xb3, 0x5c, 0x3f, 0xf1, 0x63, 0xea,
    0xbf, 0x33, 0xd8, 0xa8, 0xaf, 0xc0, 0x0f, 0xa7, 0x0a, 0x28, 0x03, 0x9f, 0xf1, 0xc7, 0xfc, 0x89,
    0xf7, 0xff, 0x00, 0xf6, 0xcf, 0xff, 0x00, 0x46, 0x2d, 0x78, 0xed, 0x7e, 0xb5, 0xc0, 0x5f, 0xf2,
    0x2d, 0x9f, 0xf8, 0xdf, 0xfe, 0x93, 0x13, 0xc4, 0xcc, 0xff, 0x00, 0x8a, 0xbd, 0x3f, 0x56, 0x14,
    0x57, 0xdb, 0x9e, 0x70, 0x57, 0x41, 0xe0, 0x7f, 0xf9, 0x1c, 0x2c, 0x3f, 0xed, 0xa7, 0xfe, 0x8b,
    0x6a, 0xf3, 0x73, 0x9f, 0xf9, 0x16, 0xe2, 0x3f, 0xc1, 0x3f, 0xfd, 0x25, 0x9a, 0xe1, 0xff, 0x00,
    0x8b, 0x1f, 0x55, 0xf9, 0x9e, 0xc5, 0x45, 0x7e, 0x00, 0x7d, 0x38, 0x51, 0x40, 0x1c, 0xff, 0x00,
    0x8e, 0x3f, 0xe4, 0x4f, 0xbf, 0xff, 0x00, 0xb6, 0x7f, 0xfa, 0x31, 0x6b, 0xc7, 0x6b, 0xf5, 0xae,
    0x02, 0xff, 0x00, 0x91, 0x6c, 0xff, 0x00, 0xc6, 0xff, 0x00, 0xf4, 0x98, 0x9e, 0x26, 0x67, 0xfc,
    0x55, 0xe9, 0xfa, 0xb3, 0xe8, 0x2a, 0x2b, 0xf2, 0x53, 0xdb, 0x0a, 0xe7, 0xfc, 0x71, 0xff, 0x00,
    0x22, 0x7d, 0xff, 0x00, 0xfd, 0xb3, 0xff, 0x00, 0xd1, 0x8b, 0x5e, 0x96, 0x4d, 0xff, 0x00, 0x23,
    0x2c, 0x3f, 0xf8, 0xe1, 0xff, 0x00, 0xa5, 0x23, 0x2c, 0x47, 0xf0, 0xa5, 0xe8, 0xff, 0x00, 0x23,
    0xc7, 0x68, 0xaf, 0xdf, 0xcf, 0x98, 0x0a, 0x28, 0x03, 0xa0, 0xf0, 0x3f, 0xfc, 0x8e, 0x16, 0x1f,
    0xf6, 0xd3, 0xff, 0x00, 0x45, 0xb5, 0x7b, 0x15, 0x7e, 0x49, 0xc7, 0xbf, 0xf2, 0x32, 0x87, 0xf8,
    0x17, 0xfe, 0x95, 0x23, 0xdc, 0xcb, 0x3f, 0x84, 0xfd, 0x7f, 0x44, 0x14, 0x57, 0xc4, 0x9e, 0x80,
    0x57, 0x3f, 0xe3, 0x8f, 0xf9, 0x13, 0xef, 0xff, 0x00, 0xed, 0x9f, 0xfe, 0x8c, 0x5a, 0xf4, 0xb2,
    0x6f, 0xf9, 0x19, 0x61, 0xff, 0x00, 0xc7, 0x0f, 0xfd, 0x29, 0x19, 0x62, 0x3f, 0x85, 0x2f, 0x47,
    0xf9, 0x1e, 0x3b, 0x45, 0x7e, 0xfe, 0x7c, 0xc0, 0x51, 0x40, 0x1d, 0x07, 0x81, 0xff, 0x00, 0xe4,
    0x70, 0xb0, 0xff, 0x00, 0xb6, 0x9f, 0xfa, 0x2d, 0xab, 0xd8, 0xab, 0xf2, 0x4e, 0x3d, 0xff, 0x00,
    0x91, 0x94, 0x3f, 0xc0, 0xbf, 0xf4, 0xa9, 0x1e, 0xe6, 0x59, 0xfc, 0x27, 0xeb, 0xfa, 0x20, 0xa2,
    0xbe, 0x24, 0xf4, 0x02, 0xb9, 0xff, 0x00, 0x1c, 0x7f, 0xc8, 0x9f, 0x7f, 0xff, 0x00, 0x6c, 0xff,
    0x00, 0xf4, 0x62, 0xd7, 0xa5, 0x93, 0x7f, 0xc8, 0xcb, 0x0f, 0xfe, 0x38, 0x7f, 0xe9, 0x48, 0xcb,
    0x11, 0xfc, 0x29, 0x7a, 0x3f, 0xc8, 0xf1, 0xda, 0x2b, 0xf7, 0xf3, 0xe6, 0x02, 0x8a, 0x00, 0xe8,
    0x3c, 0x0f, 0xff, 0x00, 0x23, 0x85, 0x87, 0xfd, 0xb4, 0xff, 0x00, 0xd1, 0x6d, 0x5e, 0xc5, 0x5f,
    0x92, 0x71, 0xef, 0xfc, 0x8c, 0xa1, 0xfe, 0x05, 0xff, 0x00, 0xa5, 0x48, 0xf7, 0x32, 0xcf, 0xe1,
    0x3f, 0x5f, 0xd1, 0x05, 0x15, 0xf1, 0x27, 0xa0, 0x15, 0xcf, 0xf8, 0xe3, 0xfe, 0x44, 0xfb, 0xff,
    0x00, 0xfb, 0x67, 0xff, 0x00, 0xa3, 0x16, 0xbd, 0x2c, 0x9b, 0xfe, 0x46, 0x58, 0x7f, 0xf1, 0xc3,
    0xff, 0x00, 0x4a, 0x46, 0x58, 0x8f, 0xe1, 0x4b, 0xd1, 0xfe, 0x47, 0x8e, 0xd1, 0x5f, 0xbf, 0x9f,
    0x30, 0x14, 0x50, 0x07, 0x41, 0xe0, 0x7f, 0xf9, 0x1c, 0x2c, 0x3f, 0xed, 0xa7, 0xfe, 0x8b, 0x6a,
    0xf6, 0x2a, 0xfc, 0x93, 0x8f, 0x7f, 0xe4, 0x65, 0x0f, 0xf0, 0x2f, 0xfd, 0x2a, 0x47, 0xb9, 0x96,
    0x7f, 0x09, 0xfa, 0xfe, 0x88, 0x28, 0xaf, 0x89, 0x3d, 0x00, 0xae, 0x7f, 0xc7, 0x1f, 0xf2, 0x27,
    0xdf, 0xff, 0x00, 0xdb, 0x3f, 0xfd, 0x18, 0xb5, 0xe9, 0x64, 0xdf, 0xf2, 0x32, 0xc3, 0xff, 0x00,
    0x8e, 0x1f, 0xfa, 0x52, 0x32, 0xc4, 0x7f, 0x0a, 0x5e, 0x8f, 0xf2, 0x3c, 0x76, 0x8a, 0xfd, 0xfc,
    0xf9, 0x80, 0xa2, 0x80, 0x3a, 0x0f, 0x03, 0xff, 0x00, 0xc8, 0xe1, 0x61, 0xff, 0x00, 0x6d, 0x3f,
    0xf4, 0x5b, 0x57, 0xb1, 0x57, 0xe4, 0x9c, 0x7b, 0xff, 0x00, 0x23, 0x28, 0x7f, 0x81, 0x7f, 0xe9,
    0x52, 0x3d, 0xcc, 0xb3, 0xf8, 0x4f, 0xd7, 0xf4, 0x41, 0x45, 0x7c, 0x49, 0xe8, 0x05, 0x73, 0xfe,
    0x38, 0xff, 0x00, 0x91, 0x3e, 0xff, 0x00, 0xfe, 0xd9, 0xff, 0x00, 0xe8, 0xc5, 0xaf, 0x4b, 0x26,
    0xff, 0x00, 0x91, 0x96, 0x1f, 0xfc, 0x70, 0xff, 0x00, 0xd2, 0x91, 0x96, 0x23, 0xf8, 0x52, 0xf4,
    0x7f, 0x91, 0xe3, 0xb4, 0x57, 0xef, 0xe7, 0xcc, 0x05, 0x14, 0x01, 0xd0, 0x78, 0x1f, 0xfe, 0x47,
    0x0b, 0x0f, 0xfb, 0x69, 0xff, 0x00, 0xa2, 0xda, 0xbd, 0x8a, 0xbf, 0x24, 0xe3, 0xdf, 0xf9, 0x19,
    0x43, 0xfc, 0x0b, 0xff, 0x00, 0x4a, 0x91, 0xee, 0x65, 0x9f, 0xc2, 0x7e, 0xbf, 0xa2, 0x0a, 0x2b,
    0xe2, 0x4f, 0x40, 0x2b, 0x9f, 0xf1, 0xc7, 0xfc, 0x89, 0xf7, 0xff, 0x00, 0xf6, 0xcf, 0xff, 0x00,
    0x46, 0x2d, 0x7a, 0x59, 0x37, 0xfc, 0x8c, 0xb0, 0xff, 0x00, 0xe3, 0x87, 0xfe, 0x94, 0x8c, 0xb1,
    0x1f, 0xc2, 0x97, 0xa3, 0xfc, 0x8f, 0x1d, 0xa2, 0xbf, 0x7f, 0x3e, 0x60, 0x28, 0xa0, 0x0e, 0x83,
    0xc0, 0xff, 0x00, 0xf2, 0x38, 0x58, 0x7f, 0xdb, 0x4f, 0xfd, 0x16, 0xd5, 0xec, 0x55, 0xf9, 0x27,
    0x1e, 0xff, 0x00, 0xc8, 0xca, 0x1f, 0xe0, 0x5f, 0xfa, 0x54, 0x8f, 0x73, 0x2c, 0xfe, 0x13, 0xf5,
    0xfd, 0x10, 0x51, 0x5f, 0x12, 0x7a, 0x01, 0x5c, 0xff, 0x00, 0x8e, 0x3f, 0xe4, 0x4f, 0xbf, 0xff,
    0x00, 0xb6, 0x7f, 0xfa, 0x31, 0x6b, 0xd2, 0xc9, 0xbf, 0xe4, 0x65, 0x87, 0xff, 0x00, 0x1c, 0x3f,
    0xf4, 0xa4, 0x65, 0x88, 0xfe, 0x14, 0xbd, 0x1f, 0xe4, 0x78, 0xed, 0x15, 0xfb, 0xf9, 0xf3, 0x01,
    0x45, 0x00, 0x74, 0x1e, 0x07, 0xff, 0x00, 0x91, 0xc2, 0xc3, 0xfe, 0xda, 0x7f, 0xe8, 0xb6, 0xaf,
    0x62, 0xaf, 0xc9, 0x38, 0xf7, 0xfe, 0x46, 0x50, 0xff, 0x00, 0x02, 0xff, 0x00, 0xd2, 0xa4, 0x7b,
    0x99, 0x67, 0xf0, 0x9f, 0xaf, 0xe8, 0x82, 0x8a, 0xf8, 0x93, 0xd0, 0x0a, 0xe7, 0xfc, 0x71, 0xff,
    0x00, 0x22, 0x7d, 0xff, 0x00, 0xfd, 0xb3, 0xff, 0x00, 0xd1, 0x8b, 0x5e, 0x96, 0x4d, 0xff, 0x00,
    0x23, 0x2c, 0x3f, 0xf8, 0xe1, 0xff, 0x00, 0xa5, 0x23, 0x2c, 0x47, 0xf0, 0xa5, 0xe8, 0xff, 0x00,
    0x23, 0xc7, 0x68, 0xaf, 0xdf, 0xcf, 0x98, 0x0a, 0x28, 0x03, 0xa0, 0xf0, 0x3f, 0xfc, 0x8e, 0x16,
    0x1f, 0xf6, 0xd3, 0xff, 0x00, 0x45, 0xb5, 0x7b, 0x15, 0x7e, 0x49, 0xc7, 0xbf, 0xf2, 0x32, 0x87,
    0xf8, 0x17, 0xfe, 0x95, 0x23, 0xdc, 0xcb, 0x3f, 0x84, 0xfd, 0x7f, 0x44, 0x14, 0x57, 0xc4, 0x9e,
    0x80, 0x57, 0x3f, 0xe3, 0x8f, 0xf9, 0x13, 0xef, 0xff, 0x00, 0xed, 0x9f, 0xfe, 0x8c, 0x5a, 0xf4,
    0xb2, 0x6f, 0xf9, 0x19, 0x61, 0xff, 0x00, 0xc7, 0x0f, 0xfd, 0x29, 0x19, 0x62, 0x3f, 0x85, 0x2f,
    0x47, 0xf9, 0x1e, 0x3b, 0x45, 0x7e, 0xfe, 0x7c, 0xc0, 0x51, 0x40, 0x1d, 0x07, 0x81, 0xff, 0x00,
    0xe4, 0x70, 0xb0, 0xff, 0x00, 0xb6, 0x9f, 0xfa, 0x2d, 0xab, 0xd8, 0xab, 0xf2, 0x4e, 0x3d, 0xff,
    0x00, 0x91, 0x94, 0x3f, 0xc0, 0xbf, 0xf4, 0xa9, 0x1e, 0xe6, 0x59, 0xfc, 0x27, 0xeb, 0xfa, 0x20,
    0xa2, 0xbe, 0x24, 0xf4, 0x02, 0xb9, 0xff, 0x00, 0x1c, 0x7f, 0xc8, 0x9f, 0x7f, 0xff, 0x00, 0x6c,
    0xff, 0x00, 0xf4, 0x62, 0xd7, 0xa5, 0x93, 0x7f, 0xc8, 0xcb, 0x0f, 0xfe, 0x38, 0x7f, 0xe9, 0x48,
    0xcb, 0x11, 0xfc, 0x29, 0x7a, 0x3f, 0xc8, 0xf1, 0xda, 0x2b, 0xf7, 0xf3, 0xe6, 0x02, 0x8a, 0x00,
    0xe8, 0x3c, 0x0f, 0xff, 0x00, 0x23, 0x85, 0x87, 0xfd, 0xb4, 0xff, 0x00, 0xd1, 0x6d, 0x5e, 0xc5,
    0x5f, 0x92, 0x71, 0xef, 0xfc, 0x8c, 0xa1, 0xfe, 0x05, 0xff, 0x00, 0xa5, 0x48, 0xf7, 0x32, 0xcf,
    0xe1, 0x3f, 0x5f, 0xd1, 0x05, 0x15, 0xf1, 0x27, 0xa0, 0x15, 0xcf, 0xf8, 0xe3, 0xfe, 0x44, 0xfb,
    0xff, 0x00, 0xfb, 0x67, 0xff, 0x00, 0xa3, 0x16, 0xbd, 0x2c, 0x9b, 0xfe, 0x46, 0x58, 0x7f, 0xf1,
    0xc3, 0xff, 0x00, 0x4a, 0x46, 0x58, 0x8f, 0xe1, 0x4b, 0xd1, 0xfe, 0x47, 0x8e, 0xd1, 0x5f, 0xbf,
    0x9f, 0x30, 0x14, 0x50, 0x07, 0x41, 0xe0, 0x7f, 0xf9, 0x1c, 0x2c, 0x3f, 0xed, 0xa7, 0xfe, 0x8b,
    0x6a, 0xf6, 0x2a, 0xfc, 0x93, 0x8f, 0x7f, 0xe4, 0x65, 0x0f, 0xf0, 0x2f, 0xfd, 0x2a, 0x47, 0xb9,
    0x96, 0x7f, 0x09, 0xfa, 0xfe, 0x88, 0x28, 0xaf, 0x89, 0x3d, 0x00, 0xae, 0x7f, 0xc7, 0x1f, 0xf2,
    0x27, 0xdf, 0xff, 0x00, 0xdb, 0x3f, 0xfd, 0x18, 0xb5, 0xe9, 0x64, 0xdf, 0xf2, 0x32, 0xc3, 0xff,
    0x00, 0x8e, 0x1f, 0xfa, 0x52, 0x32, 0xc4, 0x7f, 0x0a, 0x5e, 0x8f, 0xf2, 0x3c, 0x76, 0x8a, 0xfd,
    0xfc, 0xf9, 0x80, 0xa2, 0x80, 0x3a, 0x0f, 0x03, 0xff, 0x00, 0xc8, 0xe1, 0x61, 0xff, 0x00, 0x6d,
    0x3f, 0xf4, 0x5b, 0x57, 0xb1, 0x57, 0xe4, 0x9c, 0x7b, 0xff, 0x00, 0x23, 0x28, 0x7f, 0x81, 0x7f,
    0xe9, 0x52, 0x3d, 0xcc, 0xb3, 0xf8, 0x4f, 0xd7, 0xf4, 0x41, 0x45, 0x7c, 0x49, 0xe8, 0x05, 0x73,
    0xfe, 0x38, 0xff, 0x00, 0x91, 0x3e, 0xff, 0x00, 0xfe, 0xd9, 0xff, 0x00, 0xe8, 0xc5, 0xaf, 0x4b,
    0x26, 0xff, 0x00, 0x91, 0x96, 0x1f, 0xfc, 0x70, 0xff, 0x00, 0xd2, 0x91, 0x96, 0x23, 0xf8, 0x52,
    0xf4, 0x7f, 0x91, 0xe3, 0xb4, 0x57, 0xef, 0xe7, 0xcc, 0x05, 0x14, 0x01, 0xd0, 0x78, 0x1f, 0xfe,
    0x47, 0x0b, 0x0f, 0xfb, 0x69, 0xff, 0x00, 0xa2, 0xda, 0xbd, 0x8a, 0xbf, 0x24, 0xe3, 0xdf, 0xf9,
    0x19, 0x43, 0xfc, 0x0b, 0xff, 0x00, 0x4a, 0x91, 0xee, 0x65, 0x9f, 0xc2, 0x7e, 0xbf, 0xa2, 0x0a,
    0x2b, 0xe2, 0x4f, 0x40, 0x2b, 0x9f, 0xf1, 0xc7, 0xfc, 0x89, 0xf7, 0xff, 0x00, 0xf6, 0xcf, 0xff,
    0x00, 0x46, 0x2d, 0x7a, 0x59, 0x37, 0xfc, 0x8c, 0xb0, 0xff, 0x00, 0xe3, 0x87, 0xfe, 0x94, 0x8c,
    0xb1, 0x1f, 0xc2, 0x97, 0xa3, 0xfc, 0x8f, 0x1d, 0xa2, 0xbf, 0x7f, 0x3e, 0x60, 0x28, 0xa0, 0x0e,
    0x83, 0xc0, 0xff, 0x00, 0xf2, 0x38, 0x58, 0x7f, 0xdb, 0x4f, 0xfd, 0x16, 0xd5, 0xec, 0x55, 0xf9,
    0x27, 0x1e, 0xff, 0x00, 0xc8, 0xca, 0x1f, 0xe0, 0x5f, 0xfa, 0x54, 0x8f, 0x73, 0x2c, 0xfe, 0x13,
    0xf5, 0xfd, 0x10, 0x51, 0x5f, 0x12, 0x7a, 0x01, 0x5c, 0xff, 0x00, 0x8e, 0x3f, 0xe4, 0x4f, 0xbf,
    0xff, 0x00, 0xb6, 0x7f, 0xfa, 0x31, 0x6b, 0xd2, 0xc9, 0xbf, 0xe4, 0x65, 0x87, 0xff, 0x00, 0x1c,
    0x3f, 0xf4, 0xa4, 0x65, 0x88, 0xfe, 0x14, 0xbd, 0x1f, 0xe4, 0x78, 0xed, 0x15, 0xfb, 0xf9, 0xf3,
    0x01, 0x45, 0x00, 0x74, 0x1e, 0x07, 0xff, 0x00, 0x91, 0xc2, 0xc3, 0xfe, 0xda, 0x7f, 0xe8, 0xb6,
    0xaf, 0x62, 0xaf, 0xc9, 0x38, 0xf7, 0xfe, 0x46, 0x50, 0xff, 0x00, 0x02, 0xff, 0x00, 0xd2, 0xa4,
    0x7b, 0x99, 0x67, 0xf0, 0x9f, 0xaf, 0xe8, 0x82, 0x8a, 0xf8, 0x93, 0xd0, 0x0a, 0xe7, 0xfc, 0x71,
    0xff, 0x00, 0x22, 0x7d, 0xff, 0x00, 0xfd, 0xb3, 0xff, 0x00, 0xd1, 0x8b, 0x5e, 0x96, 0x4d, 0xff,
    0x00, 0x23, 0x2c, 0x3f, 0xf8, 0xe1, 0xff, 0x00, 0xa5, 0x23, 0x2c, 0x47, 0xf0, 0xa5, 0xe8, 0xff,
    0x00, 0x23, 0xc7, 0x68, 0xaf, 0xdf, 0xcf, 0x98, 0x0a, 0x28, 0x03, 0xa0, 0xf0, 0x3f, 0xfc, 0x8e,
    0x16, 0x1f, 0xf6, 0xd3, 0xff, 0x00, 0x45, 0xb5, 0x7b, 0x15, 0x7e, 0x49, 0xc7, 0xbf, 0xf2, 0x32,
    0x87, 0xf8, 0x17, 0xfe, 0x95, 0x23, 0xdc, 0xcb, 0x3f, 0x84, 0xfd, 0x7f, 0x44, 0x14, 0x57, 0xc4,
    0x9e, 0x80, 0x57, 0x3f, 0xe3, 0x8f, 0xf9, 0x13, 0xef, 0xff, 0x00, 0xed, 0x9f, 0xfe, 0x8c, 0x5a,
    0xf4, 0xb2, 0x6f, 0xf9, 0x19, 0x61, 0xff, 0x00, 0xc7, 0x0f, 0xfd, 0x29, 0x19, 0x62, 0x3f, 0x85,
    0x2f, 0x47, 0xf9, 0x1e, 0x3b, 0x45, 0x7e, 0xfe, 0x7c, 0xc0, 0x51, 0x40, 0x1d, 0x07, 0x81, 0xff,
    0x00, 0xe4, 0x70, 0xb0, 0xff, 0x00, 0xb6, 0x9f, 0xfa, 0x2d, 0xab, 0xd8, 0xab, 0xf2, 0x4e, 0x3d,
    0xff, 0x00, 0x91, 0x94, 0x3f, 0xc0, 0xbf, 0xf4, 0xa9, 0x1e, 0xe6, 0x59, 0xfc, 0x27, 0xeb, 0xfa,
    0x20, 0xa2, 0xbe, 0x24, 0xf4, 0x02, 0xb9, 0xff, 0x00, 0x1c, 0x7f, 0xc8, 0x9f, 0x7f, 0xff, 0x00,
    0x6c, 0xff, 0x00, 0xf4, 0x62, 0xd7, 0xa5, 0x93, 0x7f, 0xc8, 0xcb, 0x0f, 0xfe, 0x38, 0x7f, 0xe9,
    0x48, 0xcb, 0x11, 0xfc, 0x29, 0x7a, 0x3f, 0xc8, 0xf1, 0xda, 0x2b, 0xf7, 0xf3, 0xe6, 0x02, 0x8a,
    0x00, 0xe8, 0x3c, 0x0f, 0xff, 0x00, 0x23, 0x85, 0x87, 0xfd, 0xb4, 0xff, 0x00, 0xd1, 0x6d, 0x5e,
    0xc5, 0x5f, 0x92, 0x71, 0xef, 0xfc, 0x8c, 0xa1, 0xfe, 0x05, 0xff, 0x00, 0xa5, 0x48, 0xf7, 0x32,
    0xcf, 0xe1, 0x3f, 0x5f, 0xd1, 0x05, 0x15, 0xf1, 0x27, 0xa0, 0x15, 0xcf, 0xf8, 0xe3, 0xfe, 0x44,
    0xfb, 0xff, 0x00, 0xfb, 0x67, 0xff, 0x00, 0xa3, 0x16, 0xbd, 0x2c, 0x9b, 0xfe, 0x46, 0x58, 0x7f,
    0xf1, 0xc3, 0xff, 0x00, 0x4a, 0x46, 0x58, 0x8f, 0xe1, 0x4b, 0xd1, 0xfe, 0x47, 0x8e, 0xd1, 0x5f,
    0xbf, 0x9f, 0x30, 0x14, 0x50, 0x07, 0x41, 0xe0, 0x7f, 0xf9, 0x1c, 0x2c, 0x3f, 0xed, 0xa7, 0xfe,
    0x8b, 0x6a, 0xf6, 0x2a, 0xfc, 0x93, 0x8f, 0x7f, 0xe4, 0x65, 0x0f, 0xf0, 0x2f, 0xfd, 0x2a, 0x47,
    0xb9, 0x96, 0x7f, 0x09, 0xfa, 0xfe, 0x88, 0xf9, 0xf6, 0x8a, 0xfd, 0x6c, 0xf0, 0xc2, 0xba, 0x0f,
    0x03, 0xff, 0x00, 0xc8, 0xe1, 0x61, 0xff, 0x00, 0x6d, 0x3f, 0xf4, 0x5b, 0x57, 0x9b, 0x9c, 0xff,
    0x00, 0xc8, 0xb7, 0x11, 0xfe, 0x09, 0xff, 0x00, 0xe9, 0x2c, 0xd7, 0x0f, 0xfc, 0x58, 0xfa, 0xaf,
    0xcc, 0xf6, 0x2a, 0x2b, 0xf0, 0x03, 0xe9, 0xc2, 0x8a, 0x00, 0xe7, 0xfc, 0x71, 0xff, 0x00, 0x22,
    0x7d, 0xff, 0x00, 0xfd, 0xb3, 0xff, 0x00, 0xd1, 0x8b, 0x5e, 0x3b, 0x5f, 0xad, 0x70, 0x17, 0xfc,
    0x8b, 0x67, 0xfe, 0x37, 0xff, 0x00, 0xa4, 0xc4, 0xf1, 0x33, 0x3f, 0xe2, 0xaf, 0x4f, 0xd5, 0x85,
    0x15, 0xf6, 0xe7, 0x9c, 0x15, 0xd0, 0x78, 0x1f, 0xfe, 0x47, 0x0b, 0x0f, 0xfb, 0x69, 0xff, 0x00,
    0xa2, 0xda, 0xbc, 0xdc, 0xe7, 0xfe, 0x45, 0xb8, 0x8f, 0xf0, 0x4f, 0xff, 0x00, 0x49, 0x66, 0xb8,
    0x7f, 0xe2, 0xc7, 0xd5, 0x7e, 0x67, 0xb1, 0x51, 0x5f, 0x80, 0x1f, 0x4e, 0x14, 0x50, 0x07, 0x3f,
    0xe3, 0x8f, 0xf9, 0x13, 0xef, 0xff, 0x00, 0xed, 0x9f, 0xfe, 0x8c, 0x5a, 0xf1, 0xda, 0xfd, 0x6b,
    0x80, 0xbf, 0xe4, 0x5b, 0x3f, 0xf1, 0xbf, 0xfd, 0x26, 0x27, 0x89, 0x99, 0xff, 0x00, 0x15, 0x7a,
    0x7e, 0xac, 0x28, 0xaf, 0xb7, 0x3c, 0xe0, 0xae, 0x83, 0xc0, 0xff, 0x00, 0xf2, 0x38, 0x58, 0x7f,
    0xdb, 0x4f, 0xfd, 0x16, 0xd5, 0xe6, 0xe7, 0x3f, 0xf2, 0x2d, 0xc4, 0x7f, 0x82, 0x7f, 0xfa, 0x4b,
    0x35, 0xc3, 0xff, 0x00, 0x16, 0x3e, 0xab, 0xf3, 0x3d, 0x8a, 0x8a, 0xfc, 0x00, 0xfa, 0x70, 0xa2,
    0x80, 0x39, 0xff, 0x00, 0x1c, 0x7f, 0xc8, 0x9f, 0x7f, 0xff, 0x00, 0x6c, 0xff, 0x00, 0xf4, 0x62,
    0xd7, 0x8e, 0xd7, 0xeb, 0x5c, 0x05, 0xff, 0x00, 0x22, 0xd9, 0xff, 0x00, 0x8d, 0xff, 0x00, 0xe9,
    0x31, 0x3c, 0x4c, 0xcf, 0xf8, 0xab, 0xd3, 0xf5, 0x61, 0x45, 0x7d, 0xb9, 0xe7, 0x05, 0x74, 0x1e,
    0x07, 0xff, 0x00, 0x91, 0xc2, 0xc3, 0xfe, 0xda, 0x7f, 0xe8, 0xb6, 0xaf, 0x37, 0x39, 0xff, 0x00,
    0x91, 0x6e, 0x23, 0xfc, 0x13, 0xff, 0x00, 0xd2, 0x59, 0xae, 0x1f, 0xf8, 0xb1, 0xf5, 0x5f, 0x99,
    0xec, 0x54, 0x57, 0xe0, 0x07, 0xd3, 0x85, 0x14, 0x01, 0xcf, 0xf8, 0xe3, 0xfe, 0x44, 0xfb, 0xff,
    0x00, 0xfb, 0x67, 0xff, 0x00, 0xa3, 0x16, 0xbc, 0x76, 0xbf, 0x5a, 0xe0, 0x2f, 0xf9, 0x16, 0xcf,
    0xfc, 0x6f, 0xff, 0x00, 0x49, 0x89, 0xe2, 0x66, 0x7f, 0xc5, 0x5e, 0x9f, 0xab, 0x0a, 0x2b, 0xed,
    0xcf, 0x38, 0x2b, 0xa0, 0xf0, 0x3f, 0xfc, 0x8e, 0x16, 0x1f, 0xf6, 0xd3, 0xff, 0x00, 0x45, 0xb5,
    0x79, 0xb9, 0xcf, 0xfc, 0x8b, 0x71, 0x1f, 0xe0, 0x9f, 0xfe, 0x92, 0xcd, 0x70, 0xff, 0x00, 0xc5,
    0x8f, 0xaa, 0xfc, 0xcf, 0x62, 0xa2, 0xbf, 0x00, 0x3e, 0x9c, 0x28, 0xa0, 0x0e, 0x7f, 0xc7, 0x1f,
    0xf2, 0x27, 0xdf, 0xff, 0x00, 0xdb, 0x3f, 0xfd, 0x18, 0xb5, 0xe3, 0xb5, 0xfa, 0xd7, 0x01, 0x7f,
    0xc8, 0xb6, 0x7f, 0xe3, 0x7f, 0xfa, 0x4c, 0x4f, 0x13, 0x33, 0xfe, 0x2a, 0xf4, 0xfd, 0x58, 0x51,
    0x5f, 0x6e, 0x79, 0xc1, 0x5d, 0x07, 0x81, 0xff, 0x00, 0xe4, 0x70, 0xb0, 0xff, 0x00, 0xb6, 0x9f,
    0xfa, 0x2d, 0xab, 0xcd, 0xce, 0x7f, 0xe4, 0x5b, 0x88, 0xff, 0x00, 0x04, 0xff, 0x00, 0xf4, 0x96,
    0x6b, 0x87, 0xfe, 0x2c, 0x7d, 0x57, 0xe6, 0x7b, 0x15, 0x15, 0xf8, 0x01, 0xf4, 0xe1, 0x45, 0x00,
    0x73, 0xfe, 0x38, 0xff, 0x00, 0x91, 0x3e, 0xff, 0x00, 0xfe, 0xd9, 0xff, 0x00, 0xe8, 0xc5, 0xaf,
    0x1d, 0xaf, 0xd6, 0xb8, 0x0b, 0xfe, 0x45, 0xb3, 0xff, 0x00, 0x1b, 0xff, 0x00, 0xd2, 0x62, 0x78,
    0x99, 0x9f, 0xf1, 0x57, 0xa7, 0xea, 0xc2, 0x8a, 0xfb, 0x73, 0xce, 0x0a, 0xe8, 0x3c, 0x0f, 0xff,
    0x00, 0x23, 0x85, 0x87, 0xfd, 0xb4, 0xff, 0x00, 0xd1, 0x6d, 0x5e, 0x6e, 0x73, 0xff, 0x00, 0x22,
    0xdc, 0x47, 0xf8, 0x27, 0xff, 0x00, 0xa4, 0xb3, 0x5c, 0x3f, 0xf1, 0x63, 0xea, 0xbf, 0x33, 0xd8,
    0xa8, 0xaf, 0xc0, 0x0f, 0xa7, 0x0a, 0x28, 0x03, 0x9f, 0xf1, 0xc7, 0xfc, 0x89, 0xf7, 0xff, 0x00,
    0xf6, 0xcf, 0xff, 0x00, 0x46, 0x2d, 0x78, 0xed, 0x7e, 0xb5, 0xc0, 0x5f, 0xf2, 0x2d, 0x9f, 0xf8,
    0xdf, 0xfe, 0x93, 0x13, 0xc4, 0xcc, 0xff, 0x00, 0x8a, 0xbd, 0x3f, 0x56, 0x14, 0x57, 0xdb, 0x9e,
    0x70, 0x57, 0x41, 0xe0, 0x7f, 0xf9, 0x1c, 0x2c, 0x3f, 0xed, 0xa7, 0xfe, 0x8b, 0x6a, 0xf3, 0x73,
    0x9f, 0xf9, 0x16, 0xe2, 0x3f, 0xc1, 0x3f, 0xfd, 0x25, 0x9a, 0xe1, 0xff, 0x00, 0x8b, 0x1f, 0x55,
    0xf9, 0x9e, 0xc5, 0x45, 0x7e, 0x00, 0x7d, 0x38, 0x51, 0x40, 0x1c, 0xff, 0x00, 0x8e, 0x3f, 0xe4,
    0x4f, 0xbf, 0xff, 0x00, 0xb6, 0x7f, 0xfa, 0x31, 0x6b, 0xc7, 0x6b, 0xf5, 0xae, 0x02, 0xff, 0x00,
    0x91, 0x6c, 0xff, 0x00, 0xc6, 0xff, 0x00, 0xf4, 0x98, 0x9e, 0x26, 0x67, 0xfc, 0x55, 0xe9, 0xfa,
    0xb0, 0xa2, 0xbe, 0xdc, 0xf3, 0x82, 0xba, 0x0f, 0x03, 0xff, 0x00, 0xc8, 0xe1, 0x61, 0xff, 0x00,
    0x6d, 0x3f, 0xf4, 0x5b, 0x57, 0x9b, 0x9c, 0xff, 0x00, 0xc8, 0xb7, 0x11, 0xfe, 0x09, 0xff, 0x00,
    0xe9, 0x2c, 0xd7, 0x0f, 0xfc, 0x58, 0xfa, 0xaf, 0xcc, 0xf6, 0x2a, 0x2b, 0xf0, 0x03, 0xe9, 0xc2,
    0x8a, 0x00, 0xe7, 0xfc, 0x71, 0xff, 0x00, 0x22, 0x7d, 0xff, 0x00, 0xfd, 0xb3, 0xff, 0x00, 0xd1,
    0x8b, 0x5e, 0x3b, 0x5f, 0xad, 0x70, 0x17, 0xfc, 0x8b, 0x67, 0xfe, 0x37, 0xff, 0x00, 0xa4, 0xc4,
    0xf1, 0x33, 0x3f, 0xe2, 0xaf, 0x4f, 0xd5, 0x85, 0x15, 0xf6, 0xe7, 0x9c, 0x15, 0xd0, 0x78, 0x1f,
    0xfe, 0x47, 0x0b, 0x0f, 0xfb, 0x69, 0xff, 0x00, 0xa2, 0xda, 0xbc, 0xdc, 0xe7, 0xfe, 0x45, 0xb8,
    0x8f, 0xf0, 0x4f, 0xff, 0x00, 0x49, 0x66, 0xb8, 0x7f, 0xe2, 0xc7, 0xd5, 0x7e, 0x67, 0xb1, 0x51,
    0x5f, 0x80, 0x1f, 0x4e, 0x14, 0x50, 0x07, 0x3f, 0xe3, 0x8f, 0xf9, 0x13, 0xef, 0xff, 0x00, 0xed,
    0x9f, 0xfe, 0x8c, 0x5a, 0xf1, 0xda, 0xfd, 0x6b, 0x80, 0xbf, 0xe4, 0x5b, 0x3f, 0xf1, 0xbf, 0xfd,
    0x26, 0x27, 0x89, 0x99, 0xff, 0x00, 0x15, 0x7a, 0x7e, 0xac, 0x28, 0xaf, 0xb7, 0x3c, 0xe0, 0xae,
    0x83, 0xc0, 0xff, 0x00, 0xf2, 0x38, 0x58, 0x7f, 0xdb, 0x4f, 0xfd, 0x16, 0xd5, 0xe6, 0xe7, 0x3f,
    0xf2, 0x2d, 0xc4, 0x7f, 0x82, 0x7f, 0xfa, 0x4b, 0x35, 0xc3, 0xff, 0x00, 0x16, 0x3e, 0xab, 0xf3,
    0x3d, 0x8a, 0x8a, 0xfc, 0x00, 0xfa, 0x70, 0xa2, 0x80, 0x39, 0xff, 0x00, 0x1c, 0x7f, 0xc8, 0x9f,
    0x7f, 0xff, 0x00, 0x6c, 0xff, 0x00, 0xf4, 0x62, 0xd7, 0x8e, 0xd7, 0xeb, 0x5c, 0x05, 0xff, 0x00,
    0x22, 0xd9, 0xff, 0x00, 0x8d, 0xff, 0x00, 0xe9, 0x31, 0x3c, 0x4c, 0xcf, 0xf8, 0xab, 0xd3, 0xf5,
    0x61, 0x45, 0x7d, 0xb9, 0xe7, 0x05, 0x74, 0x1e, 0x07, 0xff, 0x00, 0x91, 0xc2, 0xc3, 0xfe, 0xda,
    0x7f, 0xe8, 0xb6, 0xaf, 0x37, 0x39, 0xff, 0x00, 0x91, 0x6e, 0x23, 0xfc, 0x13, 0xff, 0x00, 0xd2,
    0x59, 0xae, 0x1f, 0xf8, 0xb1, 0xf5, 0x5f, 0x99, 0xec, 0x54, 0x57, 0xe0, 0x07, 0xd3, 0x85, 0x14,
    0x01, 0xcf, 0xf8, 0xe3, 0xfe, 0x44, 0xfb, 0xff, 0x00, 0xfb, 0x67, 0xff, 0x00, 0xa3, 0x16, 0xbc,
    0x76, 0xbf, 0x5a, 0xe0, 0x2f, 0xf9, 0x16, 0xcf, 0xfc, 0x6f, 0xff, 0x00, 0x49, 0x89, 0xe2, 0x66,
    0x7f, 0xc5, 0x5e, 0x9f, 0xab, 0x0a, 0x2b, 0xed, 0xcf, 0x38, 0x2b, 0xa0, 0xf0, 0x3f, 0xfc, 0x8e,
    0x16, 0x1f, 0xf6, 0xd3, 0xff, 0x00, 0x45, 0xb5, 0x79, 0xb9, 0xcf, 0xfc, 0x8b, 0x71, 0x1f, 0xe0,
    0x9f, 0xfe, 0x92, 0xcd, 0x70, 0xff, 0x00, 0xc5, 0x8f, 0xaa, 0xfc, 0xcf, 0x62, 0xa2, 0xbf, 0x00,
    0x3e, 0x9c, 0x28, 0xa0, 0x0e, 0x7f, 0xc7, 0x1f, 0xf2, 0x27, 0xdf, 0xff, 0x00, 0xdb, 0x3f, 0xfd,
    0x18, 0xb5, 0xe3, 0xb5, 0xfa, 0xd7, 0x01, 0x7f, 0xc8, 0xb6, 0x7f, 0xe3, 0x7f, 0xfa, 0x4c, 0x4f,
    0x13, 0x33, 0xfe, 0x2a, 0xf4, 0xfd, 0x58, 0x51, 0x5f, 0x6e, 0x79, 0xc1, 0x5d, 0x07, 0x81, 0xff,
    0x00, 0xe4, 0x70, 0xb0, 0xff, 0x00, 0xb6, 0x9f, 0xfa, 0x2d, 0xab, 0xcd, 0xce, 0x7f, 0xe4, 0x5b,
    0x88, 0xff, 0x00, 0x04, 0xff, 0x00, 0xf4, 0x96, 0x6b, 0x87, 0xfe, 0x2c, 0x7d, 0x57, 0xe6, 0x7b,
    0x15, 0x15, 0xf8, 0x01, 0xf4, 0xe1, 0x45, 0x00, 0x73, 0xfe, 0x38, 0xff, 0x00, 0x91, 0x3e, 0xff,
    0x00, 0xfe, 0xd9, 0xff, 0x00, 0xe8, 0xc5, 0xaf, 0x1d, 0xaf, 0xd6, 0xb8, 0x0b, 0xfe, 0x45, 0xb3,
    0xff, 0x00, 0x1b, 0xff, 0x00, 0xd2, 0x62, 0x78, 0x99, 0x9f, 0xf1, 0x57, 0xa7, 0xea, 0xc2, 0x8a,
    0xfb, 0x73, 0xce, 0x0a, 0xe8, 0x3c, 0x0f, 0xff, 0x00, 0x23, 0x85, 0x87, 0xfd, 0xb4, 0xff, 0x00,
    0xd1, 0x6d, 0x5e, 0x6e, 0x73, 0xff, 0x00, 0x22, 0xdc, 0x47, 0xf8, 0x27, 0xff, 0x00, 0xa4, 0xb3,
    0x5c, 0x3f, 0xf1, 0x63, 0xea, 0xbf, 0x33, 0xd8, 0xa8, 0xaf, 0xc0, 0x0f, 0xa7, 0x0a, 0x28, 0x03,
    0x9f, 0xf1, 0xc7, 0xfc, 0x89, 0xf7, 0xff, 0x00, 0xf6, 0xcf, 0xff, 0x00, 0x46, 0x2d, 0x78, 0xed,
    0x7e, 0xb5, 0xc0, 0x5f, 0xf2, 0x2d, 0x9f, 0xf8, 0xdf, 0xfe, 0x93, 0x13, 0xc4, 0xcc, 0xff, 0x00,
    0x8a, 0xbd, 0x3f, 0x56, 0x14, 0x57, 0xdb, 0x9e, 0x70, 0x57, 0x41, 0xe0, 0x7f, 0xf9, 0x1c, 0x2c,
    0x3f, 0xed, 0xa7, 0xfe, 0x8b, 0x6a, 0xf3, 0x73, 0x9f, 0xf9, 0x16, 0xe2, 0x3f, 0xc1, 0x3f, 0xfd,
    0x25, 0x9a, 0xe1, 0xff, 0x00, 0x8b, 0x1f, 0x55, 0xf9, 0x9e, 0xc5, 0x45, 0x7e, 0x00, 0x7d, 0x38,
    0x51, 0x40, 0x1c, 0xff, 0x00, 0x8e, 0x3f, 0xe4, 0x4f, 0xbf, 0xff, 0x00, 0xb6, 0x7f, 0xfa, 0x31,
    0x6b, 0xc7, 0x6b, 0xf5, 0xae, 0x02, 0xff, 0x00, 0x91, 0x6c, 0xff, 0x00, 0xc6, 0xff, 0x00, 0xf4,
    0x98, 0x9e, 0x26, 0x67, 0xfc, 0x55, 0xe9, 0xfa, 0xb0, 0xa2, 0xbe, 0xdc, 0xf3, 0x82, 0xba, 0x0f,
    0x03, 0xff, 0x00, 0xc8, 0xe1, 0x61, 0xff, 0x00, 0x6d, 0x3f, 0xf4, 0x5b, 0x57, 0x9b, 0x9c, 0xff,
    0x00, 0xc8, 0xb7, 0x11, 0xfe, 0x09, 0xff, 0x00, 0xe9, 0x2c, 0xd7, 0x0f, 0xfc, 0x58, 0xfa, 0xaf,
    0xcc, 0xf6, 0x2a, 0x2b, 0xf0, 0x03, 0xe9, 0xc2, 0x8a, 0x00, 0xe7, 0xfc, 0x71, 0xff, 0x00, 0x22,
    0x7d, 0xff, 0x00, 0xfd, 0xb3, 0xff, 0x00, 0xd1, 0x8b, 0x5e, 0x3b, 0x5f, 0xad, 0x70, 0x17, 0xfc,
    0x8b, 0x67, 0xfe, 0x37, 0xff, 0x00, 0xa4, 0xc4, 0xf1, 0x33, 0x3f, 0xe2, 0xaf, 0x4f, 0xd5, 0x85,
    0x15, 0xf6, 0xe7, 0x9c, 0x15, 0xd0, 0x78, 0x1f, 0xfe, 0x47, 0x0b, 0x0f, 0xfb, 0x69, 0xff, 0x00,
    0xa2, 0xda, 0xbc, 0xdc, 0xe7, 0xfe, 0x45, 0xb8, 0x8f, 0xf0, 0x4f, 0xff, 0x00, 0x49, 0x66, 0xb8,
    0x7f, 0xe2, 0xc7, 0xd5, 0x7e, 0x67, 0xb1, 0x51, 0x5f, 0x80, 0x1f, 0x4e, 0x14, 0x50, 0x07, 0x3f,
    0xe3, 0x8f, 0xf9, 0x13, 0xef, 0xff, 0x00, 0xed, 0x9f, 0xfe, 0x8c, 0x5a, 0xf1, 0xda, 0xfd, 0x6b,
    0x80, 0xbf, 0xe4, 0x5b, 0x3f, 0xf1, 0xbf, 0xfd, 0x26, 0x27, 0x89, 0x99, 0xff, 0x00, 0x15, 0x7a,
    0x7e, 0xac, 0x28, 0xaf, 0xb7, 0x3c, 0xe0, 0xae, 0x83, 0xc0, 0xff, 0x00, 0xf2, 0x38, 0x58, 0x7f,
    0xdb, 0x4f, 0xfd, 0x16, 0xd5, 0xe6, 0xe7, 0x3f, 0xf2, 0x2d, 0xc4, 0x7f, 0x82, 0x7f, 0xfa, 0x4b,
    0x35, 0xc3, 0xff, 0x00, 0x16, 0x3e, 0xab, 0xf3, 0x3d, 0x8a, 0x8a, 0xfc, 0x00, 0xfa, 0x70, 0xa2,
    0x80, 0x39, 0xff, 0x00, 0x1c, 0x7f, 0xc8, 0x9f, 0x7f, 0xff, 0x00, 0x6c, 0xff, 0x00, 0xf4, 0x62,
    0xd7, 0x8e, 0xd7, 0xeb, 0x5c, 0x05, 0xff, 0x00, 0x22, 0xd9, 0xff, 0x00, 0x8d, 0xff, 0x00, 0xe9,
    0x31, 0x3c, 0x4c, 0xcf, 0xf8, 0xab, 0xd3, 0xf5, 0x61, 0x45, 0x7d, 0xb9, 0xe7, 0x05, 0x74, 0x1e,
    0x07, 0xff, 0x00, 0x91, 0xc2, 0xc3, 0xfe, 0xda, 0x7f, 0xe8, 0xb6, 0xaf, 0x37, 0x39, 0xff, 0x00,
    0x91, 0x6e, 0x23, 0xfc, 0x13, 0xff, 0x00, 0xd2, 0x59, 0xae, 0x1f, 0xf8, 0xb1, 0xf5, 0x5f, 0x99,
    0xec, 0x54, 0x57, 0xe0, 0x07, 0xd3, 0x85, 0x14, 0x01, 0xcf, 0xf8, 0xe3, 0xfe, 0x44, 0xfb, 0xff,
    0x00, 0xfb, 0x67, 0xff, 0x00, 0xa3, 0x16, 0xbc, 0x76, 0xbf, 0x5a, 0xe0, 0x2f, 0xf9, 0x16, 0xcf,
    0xfc, 0x6f, 0xff, 0x00, 0x49, 0x89, 0xe2, 0x66, 0x7f, 0xc5, 0x5e, 0x9f, 0xab, 0x3e, 0x82, 0xa2,
    0xbf, 0x25, 0x3d, 0xb0, 0xae, 0x7f, 0xc7, 0x1f, 0xf2, 0x27, 0xdf, 0xff, 0x00, 0xdb, 0x3f, 0xfd,
    0x18, 0xb5, 0xe9, 0x64, 0xdf, 0xf2, 0x32, 0xc3, 0xff, 0x00, 0x8e, 0x1f, 0xfa, 0x52, 0x32, 0xc4,
    0x7f, 0x0a, 0x5e, 0x8f, 0xf2, 0x3c, 0x76, 0x8a, 0xfd, 0xfc, 0xf9, 0x80, 0xa2, 0x80, 0x3a, 0x0f,
    0x03, 0xff, 0x00, 0xc8, 0xe1, 0x61, 0xff, 0x00, 0x6d, 0x3f, 0xf4, 0x5b, 0x57, 0xb1, 0x57, 0xe4,
    0x9c, 0x7b, 0xff, 0x00, 0x23, 0x28, 0x7f, 0x81, 0x7f, 0xe9, 0x52, 0x3d, 0xcc, 0xb3, 0xf8, 0x4f,
    0xd7, 0xf4, 0x41, 0x45, 0x7c, 0x49, 0xe8, 0x05, 0x73, 0xfe, 0x38, 0xff, 0x00, 0x91, 0x3e, 0xff,
    0x00, 0xfe, 0xd9, 0xff, 0x00, 0xe8, 0xc5, 0xaf, 0x4b, 0x26, 0xff, 0x00, 0x91, 0x96, 0x1f, 0xfc,
    0x70, 0xff, 0x00, 0xd2, 0x91, 0x96, 0x23, 0xf8, 0x52, 0xf4, 0x7f, 0x91, 0xe3, 0xb4, 0x57, 0xef,
    0xe7, 0xcc, 0x05, 0x14, 0x01, 0xd0, 0x78, 0x1f, 0xfe, 0x47, 0x0b, 0x0f, 0xfb, 0x69, 0xff, 0x00,
    0xa2, 0xda, 0xbd, 0x8a, 0xbf, 0x24, 0xe3, 0xdf, 0xf9, 0x19, 0x43, 0xfc, 0x0b, 0xff, 0x00, 0x4a,
    0x91, 0xee, 0x65, 0x9f, 0xc2, 0x7e, 0xbf, 0xa2, 0x0a, 0x2b, 0xe2, 0x4f, 0x40, 0x2b, 0x9f, 0xf1,
    0xc7, 0xfc, 0x89, 0xf7, 0xff, 0x00, 0xf6, 0xcf, 0xff, 0x00, 0x46, 0x2d, 0x7a, 0x59, 0x37, 0xfc,
    0x8c, 0xb0, 0xff, 0x00, 0xe3, 0x87, 0xfe, 0x94, 0x8c, 0xb1, 0x1f, 0xc2, 0x97, 0xa3, 0xfc, 0x8f,
    0x1d, 0xa2, 0xbf, 0x7f, 0x3e, 0x60, 0x28, 0xa0, 0x0e, 0x83, 0xc0, 0xff, 0x00, 0xf2, 0x38, 0x58,
    0x7f, 0xdb, 0x4f, 0xfd, 0x16, 0xd5, 0xec, 0x55, 0xf9, 0x27, 0x1e, 0xff, 0x00, 0xc8, 0xca, 0x1f,
    0xe0, 0x5f, 0xfa, 0x54, 0x8f, 0x73, 0x2c, 0xfe, 0x13, 0xf5, 0xfd, 0x10, 0x51, 0x5f, 0x12, 0x7a,
    0x01, 0x5c, 0xff, 0x00, 0x8e, 0x3f, 0xe4, 0x4f, 0xbf, 0xff, 0x00, 0xb6, 0x7f, 0xfa, 0x31, 0x6b,
    0xd2, 0xc9, 0xbf, 0xe4, 0x65, 0x87, 0xff, 0x00, 0x1c, 0x3f, 0xf4, 0xa4, 0x65, 0x88, 0xfe, 0x14,
    0xbd, 0x1f, 0xe4, 0x78, 0xed, 0x15, 0xfb, 0xf9, 0xf3, 0x01, 0x45, 0x00, 0x74, 0x1e, 0x07, 0xff,
    0x00, 0x91, 0xc2, 0xc3, 0xfe, 0xda, 0x7f, 0xe8, 0xb6, 0xaf, 0x62, 0xaf, 0xc9, 0x38, 0xf7, 0xfe,
    0x46, 0x50, 0xff, 0x00, 0x02, 0xff, 0x00, 0xd2, 0xa4, 0x7b, 0x99, 0x67, 0xf0, 0x9f, 0xaf, 0xe8,
    0x82, 0x8a, 0xf8, 0x93, 0xd0, 0x0a, 0xe7, 0xfc, 0x71, 0xff, 0x00, 0x22, 0x7d, 0xff, 0x00, 0xfd,
    0xb3, 0xff, 0x00, 0xd1, 0x8b, 0x5e, 0x96, 0x4d, 0xff, 0x00, 0x23, 0x2c, 0x3f, 0xf8, 0xe1, 0xff,
    0x00, 0xa5, 0x23, 0x2c, 0x47, 0xf0, 0xa5, 0xe8, 0xff, 0x00, 0x23, 0xc7, 0x68, 0xaf, 0xdf, 0xcf,
    0x98, 0x0a, 0x28, 0x03, 0xa0, 0xf0, 0x3f, 0xfc, 0x8e, 0x16, 0x1f, 0xf6, 0xd3, 0xff, 0x00, 0x45,
    0xb5, 0x7b, 0x15, 0x7e, 0x49, 0xc7, 0xbf, 0xf2, 0x32, 0x87, 0xf8, 0x17, 0xfe, 0x95, 0x23, 0xdc,
    0xcb, 0x3f, 0x84, 0xfd, 0x7f, 0x44, 0x14, 0x57, 0xc4, 0x9e, 0x80, 0x57, 0x3f, 0xe3, 0x8f, 0xf9,
    0x13, 0xef, 0xff, 0x00, 0xed, 0x9f, 0xfe, 0x8c, 0x5a, 0xf4, 0xb2, 0x6f, 0xf9, 0x19, 0x61, 0xff,
    0x00, 0xc7, 0x0f, 0xfd, 0x29, 0x19, 0x62, 0x3f, 0x85, 0x2f, 0x47, 0xf9, 0x1e, 0x3b, 0x45, 0x7e,
    0xfe, 0x7c, 0xc0, 0x51, 0x40, 0x1d, 0x07, 0x81, 0xff, 0x00, 0xe4, 0x70, 0xb0, 0xff, 0x00, 0xb6,
    0x9f, 0xfa, 0x2d, 0xab, 0xd8, 0xab, 0xf2, 0x4e, 0x3d, 0xff, 0x00, 0x91, 0x94, 0x3f, 0xc0, 0xbf,
    0xf4, 0xa9, 0x1e, 0xe6, 0x59, 0xfc, 0x27, 0xeb, 0xfa, 0x20, 0xa2, 0xbe, 0x24, 0xf4, 0x02, 0xb9,
    0xff, 0x00, 0x1c, 0x7f, 0xc8, 0x9f, 0x7f, 0xff, 0x00, 0x6c, 0xff, 0x00, 0xf4, 0x62, 0xd7, 0xa5,
    0x93, 0x7f, 0xc8, 0xcb, 0x0f, 0xfe, 0x38, 0x7f, 0xe9, 0x48, 0xcb, 0x11, 0xfc, 0x29, 0x7a, 0x3f,
    0xc8, 0xf1, 0xda, 0x2b, 0xf7, 0xf3, 0xe6, 0x02, 0x8a, 0x00, 0xe8, 0x3c, 0x0f, 0xff, 0x00, 0x23,
    0x85, 0x87, 0xfd, 0xb4, 0xff, 0x00, 0xd1, 0x6d, 0x5e, 0xc5, 0x5f, 0x92, 0x71, 0xef, 0xfc, 0x8c,
    0xa1, 0xfe, 0x05, 0xff, 0x00, 0xa5, 0x48, 0xf7, 0x32, 0xcf, 0xe1, 0x3f, 0x5f, 0xd1, 0x05, 0x15,
    0xf1, 0x27, 0xa0, 0x15, 0xcf, 0xf8, 0xe3, 0xfe, 0x44, 0xfb, 0xff, 0x00, 0xfb, 0x67, 0xff, 0x00,
    0xa3, 0x16, 0xbd, 0x2c, 0x9b, 0xfe, 0x46, 0x58, 0x7f, 0xf1, 0xc3, 0xff, 0x00, 0x4a, 0x46, 0x58,
    0x8f, 0xe1, 0x4b, 0xd1, 0xfe, 0x47, 0x8e, 0xd1, 0x5f, 0xbf, 0x9f, 0x30, 0x14, 0x50, 0x07, 0x41,
    0xe0, 0x7f, 0xf9, 0x1c, 0x2c, 0x3f, 0xed, 0xa7, 0xfe, 0x8b, 0x6a, 0xf6, 0x2a, 0xfc, 0x93, 0x8f,
    0x7f, 0xe4, 0x65, 0x0f, 0xf0, 0x2f, 0xfd, 0x2a, 0x47, 0xb9, 0x96, 0x7f, 0x09, 0xfa, 0xfe, 0x88,
    0x28, 0xaf, 0x89, 0x3d, 0x00, 0xae, 0x7f, 0xc7, 0x1f, 0xf2, 0x27, 0xdf, 0xff, 0x00, 0xdb, 0x3f,
    0xfd, 0x18, 0xb5, 0xe9, 0x64, 0xdf, 0xf2, 0x32, 0xc3, 0xff, 0x00, 0x8e, 0x1f, 0xfa, 0x52, 0x32,
    0xc4, 0x7f, 0x0a, 0x5e, 0x8f, 0xf2, 0x3c, 0x76, 0x8a, 0xfd, 0xfc, 0xf9, 0x80, 0xa2, 0x80, 0x3a,
    0x0f, 0x03, 0xff, 0x00, 0xc8, 0xe1, 0x61, 0xff, 0x00, 0x6d, 0x3f, 0xf4, 0x5b, 0x57, 0xb1, 0x57,
    0xe4, 0x9c, 0x7b, 0xff, 0x00, 0x23, 0x28, 0x7f, 0x81, 0x7f, 0xe9, 0x52, 0x3d, 0xcc, 0xb3, 0xf8,
    0x4f, 0xd7, 0xf4, 0x41, 0x45, 0x7c, 0x49, 0xe8, 0x05, 0x73, 0xfe, 0x38, 0xff, 0x00, 0x91, 0x3e,
    0xff, 0x00, 0xfe, 0xd9, 0xff, 0x00, 0xe8, 0xc5, 0xaf, 0x4b, 0x26, 0xff, 0x00, 0x91, 0x96, 0x1f,
    0xfc, 0x70, 0xff, 0x00, 0xd2, 0x91, 0x96, 0x23, 0xf8, 0x52, 0xf4, 0x7f, 0x91, 0xe3, 0xb4, 0x57,
    0xef, 0xe7, 0xcc, 0x05, 0x14, 0x01, 0xd0, 0x78, 0x1f, 0xfe, 0x47, 0x0b, 0x0f, 0xfb, 0x69, 0xff,
    0x00, 0xa2, 0xda, 0xbd, 0x8a, 0xbf, 0x24, 0xe3, 0xdf, 0xf9, 0x19, 0x43, 0xfc, 0x0b, 0xff, 0x00,
    0x4a, 0x91, 0xee, 0x65, 0x9f, 0xc2, 0x7e, 0xbf, 0xa2, 0x0a, 0x2b, 0xe2, 0x4f, 0x40, 0x2b, 0x9f,
    0xf1, 0xc7, 0xfc, 0x89, 0xf7, 0xff, 0x00, 0xf6, 0xcf, 0xff, 0x00, 0x46, 0x2d, 0x7a, 0x59, 0x37,
    0xfc, 0x8c, 0xb0, 0xff, 0x00, 0xe3, 0x87, 0xfe, 0x94, 0x8c, 0xb1, 0x1f, 0xc2, 0x97, 0xa3, 0xfc,
    0x8f, 0x1d, 0xa2, 0xbf, 0x7f, 0x3e, 0x60, 0x28, 0xa0, 0x0e, 0x83, 0xc0, 0xff, 0x00, 0xf2, 0x38,
    0x58, 0x7f, 0xdb, 0x4f, 0xfd, 0x16, 0xd5, 0xec, 0x55, 0xf9, 0x27, 0x1e, 0xff, 0x00, 0xc8, 0xca,
    0x1f, 0xe0, 0x5f, 0xfa, 0x54, 0x8f, 0x73, 0x2c, 0xfe, 0x13, 0xf5, 0xfd, 0x10, 0x51, 0x5f, 0x12,
    0x7a, 0x01, 0x5c, 0xff, 0x00, 0x8e, 0x3f, 0xe4, 0x4f, 0xbf, 0xff, 0x00, 0xb6, 0x7f, 0xfa, 0x31,
    0x6b, 0xd2, 0xc9, 0xbf, 0xe4, 0x65, 0x87, 0xff, 0x00, 0x1c, 0x3f, 0xf4, 0xa4, 0x65, 0x88, 0xfe,
    0x14, 0xbd, 0x1f, 0xe4, 0x78, 0xed, 0x15, 0xfb, 0xf9, 0xf3, 0x01, 0x45, 0x00, 0x74, 0x1e, 0x07,
    0xff, 0x00, 0x91, 0xc2, 0xc3, 0xfe, 0xda, 0x7f, 0xe8, 0xb6, 0xaf, 0x62, 0xaf, 0xc9, 0x38, 0xf7,
    0xfe, 0x46, 0x50, 0xff, 0x00, 0x02, 0xff, 0x00, 0xd2, 0xa4, 0x7b, 0x99, 0x67, 0xf0, 0x9f, 0xaf,
    0xe8, 0x82, 0x8a, 0xf8, 0x93, 0xd0, 0x0a, 0xe7, 0xfc, 0x71, 0xff, 0x00, 0x22, 0x7d, 0xff, 0x00,
    0xfd, 0xb3, 0xff, 0x00, 0xd1, 0x8b, 0x5e, 0x96, 0x4d, 0xff, 0x00, 0x23, 0x2c, 0x3f, 0xf8, 0xe1,
    0xff, 0x00, 0xa5, 0x23, 0x2c, 0x47, 0xf0, 0xa5, 0xe8, 0xff, 0x00, 0x23, 0xc7, 0x68, 0xaf, 0xdf,
    0xcf, 0x98, 0x0a, 0x28, 0x03, 0xa0, 0xf0, 0x3f, 0xfc, 0x8e, 0x16, 0x1f, 0xf6, 0xd3, 0xff, 0x00,
    0x45, 0xb5, 0x7b, 0x15, 0x7e, 0x49, 0xc7, 0xbf, 0xf2, 0x32, 0x87, 0xf8, 0x17, 0xfe, 0x95, 0x23,
    0xdc, 0xcb, 0x3f, 0x84, 0xfd, 0x7f, 0x44, 0x14, 0x57, 0xc4, 0x9e, 0x80, 0x57, 0x3f, 0xe3, 0x8f,
    0xf9, 0x13, 0xef, 0xff, 0x00, 0xed, 0x9f, 0xfe, 0x8c, 0x5a, 0xf4, 0xb2, 0x6f, 0xf9, 0x19, 0x61,
    0xff, 0x00, 0xc7, 0x0f, 0xfd, 0x29, 0x19, 0x62, 0x3f, 0x85, 0x2f, 0x47, 0xf9, 0x1e, 0x3b, 0x45,
    0x7e, 0xfe, 0x7c, 0xc0, 0x51, 0x40, 0x1d, 0x07, 0x81, 0xff, 0x00, 0xe4, 0x70, 0xb0, 0xff, 0x00,
    0xb6, 0x9f, 0xfa, 0x2d, 0xab, 0xd8, 0xab, 0xf2, 0x4e, 0x3d, 0xff, 0x00, 0x91, 0x94, 0x3f, 0xc0,
    0xbf, 0xf4, 0xa9, 0x1e, 0xe6, 0x59, 0xfc, 0x27, 0xeb, 0xfa, 0x20, 0xa2, 0xbe, 0x24, 0xf4, 0x02,
    0xb9, 0xff, 0x00, 0x1c, 0x7f, 0xc8, 0x9f, 0x7f, 0xff, 0x00, 0x6c, 0xff, 0x00, 0xf4, 0x62, 0xd7,
    0xa5, 0x93, 0x7f, 0xc8, 0xcb, 0x0f, 0xfe, 0x38, 0x7f, 0xe9, 0x48, 0xcb, 0x11, 0xfc, 0x29, 0x7a,
    0x3f, 0xc8, 0xf1, 0xda, 0x2b, 0xf7, 0xf3, 0xe6, 0x02, 0x8a, 0x00, 0xe8, 0x3c, 0x0f, 0xff, 0x00,
    0x23, 0x85, 0x87, 0xfd, 0xb4, 0xff, 0x00, 0xd1, 0x6d, 0x5e, 0xc5, 0x5f, 0x92, 0x71, 0xef, 0xfc,
    0x8c, 0xa1, 0xfe, 0x05, 0xff, 0x00, 0xa5, 0x48, 0xf7, 0x32, 0xcf, 0xe1, 0x3f, 0x5f, 0xd1, 0x05,
    0x15, 0xf1, 0x27, 0xa0, 0x15, 0xcf, 0xf8, 0xe3, 0xfe, 0x44, 0xfb, 0xff, 0x00, 0xfb, 0x67, 0xff,
    0x00, 0xa3, 0x16, 0xbd, 0x2c, 0x9b, 0xfe, 0x46, 0x58, 0x7f, 0xf1, 0xc3, 0xff, 0x00, 0x4a, 0x46,
    0x58, 0x8f, 0xe1, 0x4b, 0xd1, 0xfe, 0x47, 0x8e, 0xd1, 0x5f, 0xbf, 0x9f, 0x30, 0x14, 0x50, 0x07,
    0x41, 0xe0, 0x7f, 0xf9, 0x1c, 0x2c, 0x3f, 0xed, 0xa7, 0xfe, 0x8b, 0x6a, 0xf6, 0x2a, 0xfc, 0x93,
    0x8f, 0x7f, 0xe4, 0x65, 0x0f, 0xf0, 0x2f, 0xfd, 0x2a, 0x47, 0xb9, 0x96, 0x7f, 0x09, 0xfa, 0xfe,
    0x88, 0x28, 0xaf, 0x89, 0x3d, 0x00, 0xae, 0x7f, 0xc7, 0x1f, 0xf2, 0x27, 0xdf, 0xff, 0x00, 0xdb,
    0x3f, 0xfd, 0x18, 0xb5, 0xe9, 0x64, 0xdf, 0xf2, 0x32, 0xc3, 0xff, 0x00, 0x8e, 0x1f, 0xfa, 0x52,
    0x32, 0xc4, 0x7f, 0x0a, 0x5e, 0x8f, 0xf2, 0x3c, 0x76, 0x8a, 0xfd, 0xfc, 0xf9, 0x80, 0xa2, 0x80,
    0x3a, 0x0f, 0x03, 0xff, 0x00, 0xc8, 0xe1, 0x61, 0xff, 0x00, 0x6d, 0x3f, 0xf4, 0x5b, 0x57, 0xb1,
    0x57, 0xe4, 0x9c, 0x7b, 0xff, 0x00, 0x23, 0x28, 0x7f, 0x81, 0x7f, 0xe9, 0x52, 0x3d, 0xcc, 0xb3,
    0xf8, 0x4f, 0xd7, 0xf4, 0x41, 0x45, 0x7c, 0x49, 0xe8, 0x05, 0x73, 0xfe, 0x38, 0xff, 0x00, 0x91,
    0x3e, 0xff, 0x00, 0xfe, 0xd9, 0xff, 0x00, 0xe8, 0xc5, 0xaf, 0x4b, 0x26, 0xff, 0x00, 0x91, 0x96,
    0x1f, 0xfc, 0x70, 0xff, 0x00, 0xd2, 0x91, 0x96, 0x23, 0xf8, 0x52, 0xf4, 0x7f, 0x91, 0xe3, 0xb4,
    0x57, 0xef, 0xe7, 0xcc, 0x05, 0x14, 0x01, 0xd0, 0x78, 0x1f, 0xfe, 0x47, 0x0b, 0x0f, 0xfb, 0x69,
    0xff, 0x00, 0xa2, 0xda, 0xbd, 0x8a, 0xbf, 0x24, 0xe3, 0xdf, 0xf9, 0x19, 0x43, 0xfc, 0x0b, 0xff,
    0x00, 0x4a, 0x91, 0xee, 0x65, 0x9f, 0xc2, 0x7e, 0xbf, 0xa2, 0x0a, 0x2b, 0xe2, 0x4f, 0x40, 0x2b,
    0x9f, 0xf1, 0xc7, 0xfc, 0x89, 0xf7, 0xff, 0x00, 0xf6, 0xcf, 0xff, 0x00, 0x46, 0x2d, 0x7a, 0x59,
    0x37, 0xfc, 0x8c, 0xb0, 0xff, 0x00, 0xe3, 0x87, 0xfe, 0x94, 0x8c, 0xb1, 0x1f, 0xc2, 0x97, 0xa3,
    0xfc, 0x8f, 0x1d, 0xa2, 0xbf, 0x7f, 0x3e, 0x60, 0x28, 0xa0, 0x0e, 0x83, 0xc0, 0xff, 0x00, 0xf2,
    0x38, 0x58, 0x7f, 0xdb, 0x4f, 0xfd, 0x16, 0xd5, 0xec, 0x55, 0xf9, 0x27, 0x1e, 0xff, 0x00, 0xc8,
    0xca, 0x1f, 0xe0, 0x5f, 0xfa, 0x54, 0x8f, 0x73, 0x2c, 0xfe, 0x13, 0xf5, 0xfd, 0x10, 0x51, 0x5f,
    0x12, 0x7a, 0x01, 0x5c, 0xff, 0x00, 0x8e, 0x3f, 0xe4, 0x4f, 0xbf, 0xff, 0x00, 0xb6, 0x7f, 0xfa,
    0x31, 0x6b, 0xd2, 0xc9, 0xbf, 0xe4, 0x65, 0x87, 0xff, 0x00, 0x1c, 0x3f, 0xf4, 0xa4, 0x65, 0x88,
    0xfe, 0x14, 0xbd, 0x1f, 0xe4, 0x78, 0xed, 0x15, 0xfb, 0xf9, 0xf3, 0x01, 0x45, 0x00, 0x74, 0x1e,
    0x07, 0xff, 0x00, 0x91, 0xc2, 0xc3, 0xfe, 0xda, 0x7f, 0xe8, 0xb6, 0xaf, 0x62, 0xaf, 0xc9, 0x38,
    0xf7, 0xfe, 0x46, 0x50, 0xff, 0x00, 0x02, 0xff, 0x00, 0xd2, 0xa4, 0x7b, 0x99, 0x67, 0xf0, 0x9f,
    0xaf, 0xe8, 0x8f, 0x9f, 0x68, 0xaf, 0xd6, 0xcf, 0x0c, 0x2b, 0xa0, 0xf0, 0x3f, 0xfc, 0x8e, 0x16,
    0x1f, 0xf6, 0xd3, 0xff, 0x00, 0x45, 0xb5, 0x79, 0xb9, 0xcf, 0xfc, 0x8b, 0x71, 0x1f, 0xe0, 0x9f,
    0xfe, 0x92, 0xcd, 0x70, 0xff, 0x00, 0xc5, 0x8f, 0xaa, 0xfc, 0xcf, 0x62, 0xa2, 0xbf, 0x00, 0x3e,
    0x9c, 0x28, 0xa0, 0x0e, 0x7f, 0xc7, 0x1f, 0xf2, 0x27, 0xdf, 0xff, 0x00, 0xdb, 0x3f, 0xfd, 0x18,
    0xb5, 0xe3, 0xb5, 0xfa, 0xd7, 0x01, 0x7f, 0xc8, 0xb6, 0x7f, 0xe3, 0x7f, 0xfa, 0x4c, 0x4f, 0x13,
    0x33, 0xfe, 0x2a, 0xf4, 0xfd, 0x58, 0x51, 0x5f, 0x6e, 0x79, 0xc1, 0x5d, 0x07, 0x81, 0xff, 0x00,
    0xe4, 0x70, 0xb0, 0xff, 0x00, 0xb6, 0x9f, 0xfa, 0x2d, 0xab, 0xcd, 0xce, 0x7f, 0xe4, 0x5b, 0x88,
    0xff, 0x00, 0x04, 0xff, 0x00, 0xf4, 0x96, 0x6b, 0x87, 0xfe, 0x2c, 0x7d, 0x57, 0xe6, 0x7b, 0x15,
    0x15, 0xf8, 0x01, 0xf4, 0xe1, 0x45, 0x00, 0x73, 0xfe, 0x38, 0xff, 0x00, 0x91, 0x3e, 0xff, 0x00,
    0xfe, 0xd9, 0xff, 0x00, 0xe8, 0xc5, 0xaf, 0x1d, 0xaf, 0xd6, 0xb8, 0x0b, 0xfe, 0x45, 0xb3, 0xff,
    0x00, 0x1b, 0xff, 0x00, 0xd2, 0x62, 0x78, 0x99, 0x9f, 0xf1, 0x57, 0xa7, 0xea, 0xc2, 0x8a, 0xfb,
    0x73, 0xce, 0x0a, 0xe8, 0x3c, 0x0f, 0xff, 0x00, 0x23, 0x85, 0x87, 0xfd, 0xb4, 0xff, 0x00, 0xd1,
    0x6d, 0x5e, 0x6e, 0x73, 0xff, 0x00, 0x22, 0xdc, 0x47, 0xf8, 0x27, 0xff, 0x00, 0xa4, 0xb3, 0x5c,
    0x3f, 0xf1, 0x63, 0xea, 0xbf, 0x33, 0xd8, 0xa8, 0xaf, 0xc0, 0x0f, 0xa7, 0x0a, 0x28, 0x03, 0x9f,
    0xf1, 0xc7, 0xfc, 0x89, 0xf7, 0xff, 0x00, 0xf6, 0xcf, 0xff, 0x00, 0x46, 0x2d, 0x78, 0xed, 0x7e,
    0xb5, 0xc0, 0x5f, 0xf2, 0x2d, 0x9f, 0xf8, 0xdf, 0xfe, 0x93, 0x13, 0xc4, 0xcc, 0xff, 0x00, 0x8a,
    0xbd, 0x3f, 0x56, 0x14, 0x57, 0xdb, 0x9e, 0x70, 0x57, 0x41, 0xe0, 0x7f, 0xf9, 0x1c, 0x2c, 0x3f,
    0xed, 0xa7, 0xfe, 0x8b, 0x6a, 0xf3, 0x73, 0x9f, 0xf9, 0x16, 0xe2, 0x3f, 0xc1, 0x3f, 0xfd, 0x25,
    0x9a, 0xe1, 0xff, 0x00, 0x8b, 0x1f, 0x55, 0xf9, 0x9e, 0xc5, 0x45, 0x7e, 0x00, 0x7d, 0x38, 0x51,
    0x40, 0x1c, 0xff, 0x00, 0x8e, 0x3f, 0xe4, 0x4f, 0xbf, 0xff, 0x00, 0xb6, 0x7f, 0xfa, 0x31, 0x6b,
    0xc7, 0x6b, 0xf5, 0xae, 0x02, 0xff, 0x00, 0x91, 0x6c, 0xff, 0x00, 0xc6, 0xff, 0x00, 0xf4, 0x98,
    0x9e, 0x26, 0x67, 0xfc, 0x55, 0xe9, 0xfa, 0xb0, 0xa2, 0xbe, 0xdc, 0xf3, 0x82, 0xba, 0x0f, 0x03,
    0xff, 0x00, 0xc8, 0xe1, 0x61, 0xff, 0x00, 0x6d, 0x3f, 0xf4, 0x5b, 0x57, 0x9b, 0x9c, 0xff, 0x00,
    0xc8, 0xb7, 0x11, 0xfe, 0x09, 0xff, 0x00, 0xe9, 0x2c, 0xd7, 0x0f, 0xfc, 0x58, 0xfa, 0xaf, 0xcc,
    0xf6, 0x2a, 0x2b, 0xf0, 0x03, 0xe9, 0xc2, 0x8a, 0x00, 0xe7, 0xfc, 0x71, 0xff, 0x00, 0x22, 0x7d,
    0xff, 0x00, 0xfd, 0xb3, 0xff, 0x00, 0xd1, 0x8b, 0x5e, 0x3b, 0x5f, 0xad, 0x70, 0x17, 0xfc, 0x8b,
    0x67, 0xfe, 0x37, 0xff, 0x00, 0xa4, 0xc4, 0xf1, 0x33, 0x3f, 0xe2, 0xaf, 0x4f, 0xd5, 0x85, 0x15,
    0xf6, 0xe7, 0x9c, 0x15, 0xd0, 0x78, 0x1f, 0xfe, 0x47, 0x0b, 0x0f, 0xfb, 0x69, 0xff, 0x00, 0xa2,
    0xda, 0xbc, 0xdc, 0xe7, 0xfe, 0x45, 0xb8, 0x8f, 0xf0, 0x4f, 0xff, 0x00, 0x49, 0x66, 0xb8, 0x7f,
    0xe2, 0xc7, 0xd5, 0x7e, 0x67, 0xb1, 0x51, 0x5f, 0x80, 0x1f, 0x4e, 0x14, 0x50, 0x07, 0x3f, 0xe3,
    0x8f, 0xf9, 0x13, 0xef, 0xff, 0x00, 0xed, 0x9f, 0xfe, 0x8c, 0x5a, 0xf1, 0xda, 0xfd, 0x6b, 0x80,
    0xbf, 0xe4, 0x5b, 0x3f, 0xf1, 0xbf, 0xfd, 0x26, 0x27, 0x89, 0x99, 0xff, 0x00, 0x15, 0x7a, 0x7e,
    0xac, 0x28, 0xaf, 0xb7, 0x3c, 0xe0, 0xae, 0x83, 0xc0, 0xff, 0x00, 0xf2, 0x38, 0x58, 0x7f, 0xdb,
    0x4f, 0xfd, 0x16, 0xd5, 0xe6, 0xe7, 0x3f, 0xf2, 0x2d, 0xc4, 0x7f, 0x82, 0x7f, 0xfa, 0x4b, 0x35,
    0xc3, 0xff, 0x00, 0x16, 0x3e, 0xab, 0xf3, 0x3d, 0x8a, 0x8a, 0xfc, 0x00, 0xfa, 0x70, 0xa2, 0x80,
    0x39, 0xff, 0x00, 0x1c, 0x7f, 0xc8, 0x9f, 0x7f, 0xff, 0x00, 0x6c, 0xff, 0x00, 0xf4, 0x62, 0xd7,
    0x8e, 0xd7, 0xeb, 0x5c, 0x05, 0xff, 0x00, 0x22, 0xd9, 0xff, 0x00, 0x8d, 0xff, 0x00, 0xe9, 0x31,
    0x3c, 0x4c, 0xcf, 0xf8, 0xab, 0xd3, 0xf5, 0x61, 0x45, 0x7d, 0xb9, 0xe7, 0x05, 0x74, 0x1e, 0x07,
    0xff, 0x00, 0x91, 0xc2, 0xc3, 0xfe, 0xda, 0x7f, 0xe8, 0xb6, 0xaf, 0x37, 0x39, 0xff, 0x00, 0x91,
    0x6e, 0x23, 0xfc, 0x13, 0xff, 0x00, 0xd2, 0x59, 0xae, 0x1f, 0xf8, 0xb1, 0xf5, 0x5f, 0x99, 0xec,
    0x54, 0x57, 0xe0, 0x07, 0xd3, 0x85, 0x14, 0x01, 0xcf, 0xf8, 0xe3, 0xfe, 0x44, 0xfb, 0xff, 0x00,
    0xfb, 0x67, 0xff, 0x00, 0xa3, 0x16, 0xbc, 0x76, 0xbf, 0x5a, 0xe0, 0x2f, 0xf9, 0x16, 0xcf, 0xfc,
    0x6f, 0xff, 0x00, 0x49, 0x89, 0xe2, 0x66, 0x7f, 0xc5, 0x5e, 0x9f, 0xab, 0x0a, 0x2b, 0xed, 0xcf,
    0x38, 0x2b, 0xa0, 0xf0, 0x3f, 0xfc, 0x8e, 0x16, 0x1f, 0xf6, 0xd3, 0xff, 0x00, 0x45, 0xb5, 0x79,
    0xb9, 0xcf, 0xfc, 0x8b, 0x71, 0x1f, 0xe0, 0x9f, 0xfe, 0x92, 0xcd, 0x70, 0xff, 0x00, 0xc5, 0x8f,
    0xaa, 0xfc, 0xcf, 0x62, 0xa2, 0xbf, 0x00, 0x3e, 0x9c, 0x28, 0xa0, 0x0e, 0x7f, 0xc7, 0x1f, 0xf2,
    0x27, 0xdf, 0xff, 0x00, 0xdb, 0x3f, 0xfd, 0x18, 0xb5, 0xe3, 0xb5, 0xfa, 0xd7, 0x01, 0x7f, 0xc8,
    0xb6, 0x7f, 0xe3, 0x7f, 0xfa, 0x4c, 0x4f, 0x13, 0x33, 0xfe, 0x2a, 0xf4, 0xfd, 0x58, 0x51, 0x5f,
    0x6e, 0x79, 0xc1, 0x5d, 0x07, 0x81, 0xff, 0x00, 0xe4, 0x70, 0xb0, 0xff, 0x00, 0xb6, 0x9f, 0xfa,
    0x2d, 0xab, 0xcd, 0xce, 0x7f, 0xe4, 0x5b, 0x88, 0xff, 0x00, 0x04, 0xff, 0x00, 0xf4, 0x96, 0x6b,
    0x87, 0xfe, 0x2c, 0x7d, 0x57, 0xe6, 0x7b, 0x15, 0x15, 0xf8, 0x01, 0xf4, 0xe1, 0x45, 0x00, 0x73,
    0xfe, 0x38, 0xff, 0x00, 0x91, 0x3e, 0xff, 0x00, 0xfe, 0xd9, 0xff, 0x00, 0xe8, 0xc5, 0xaf, 0x1d,
    0xaf, 0xd6, 0xb8, 0x0b, 0xfe, 0x45, 0xb3, 0xff, 0x00, 0x1b, 0xff, 0x00, 0xd2, 0x62, 0x78, 0x99,
    0x9f, 0xf1, 0x57, 0xa7, 0xea, 0xc2, 0x8a, 0xfb, 0x73, 0xce, 0x0a, 0xe8, 0x3c, 0x0f, 0xff, 0x00,
    0x23, 0x85, 0x87, 0xfd, 0xb4, 0xff, 0x00, 0xd1, 0x6d, 0x5e, 0x6e, 0x73, 0xff, 0x00, 0x22, 0xdc,
    0x47, 0xf8, 0x27, 0xff, 0x00, 0xa4, 0xb3, 0x5c, 0x3f, 0xf1, 0x63, 0xea, 0xbf, 0x33, 0xd8, 0xa8,
    0xaf, 0xc0, 0x0f, 0xa7, 0x0a, 0x28, 0x03, 0x9f, 0xf1, 0xc7, 0xfc, 0x89, 0xf7, 0xff, 0x00, 0xf6,
    0xcf, 0xff, 0x00, 0x46, 0x2d, 0x78, 0xed, 0x7e, 0xb5, 0xc0, 0x5f, 0xf2, 0x2d, 0x9f, 0xf8, 0xdf,
    0xfe, 0x93, 0x13, 0xc4, 0xcc, 0xff, 0x00, 0x8a, 0xbd, 0x3f, 0x56, 0x14, 0x57, 0xdb, 0x9e, 0x70,
    0x57, 0x41, 0xe0, 0x7f, 0xf9, 0x1c, 0x2c, 0x3f, 0xed, 0xa7, 0xfe, 0x8b, 0x6a, 0xf3, 0x73, 0x9f,
    0xf9, 0x16, 0xe2, 0x3f, 0xc1, 0x3f, 0xfd, 0x25, 0x9a, 0xe1, 0xff, 0x00, 0x8b, 0x1f, 0x55, 0xf9,
    0x9e, 0xc5, 0x45, 0x7e, 0x00, 0x7d, 0x38, 0x51, 0x40, 0x1c, 0xff, 0x00, 0x8e, 0x3f, 0xe4, 0x4f,
    0xbf, 0xff, 0x00, 0xb6, 0x7f, 0xfa, 0x31, 0x6b, 0xc7, 0x6b, 0xf5, 0xae, 0x02, 0xff, 0x00, 0x91,
    0x6c, 0xff, 0x00, 0xc6, 0xff, 0x00, 0xf4, 0x98, 0x9e, 0x26, 0x67, 0xfc, 0x55, 0xe9, 0xfa, 0xb0,
    0xa2, 0xbe, 0xdc, 0xf3, 0x82, 0xba, 0x0f, 0x03, 0xff, 0x00, 0xc8, 0xe1, 0x61, 0xff, 0x00, 0x6d,
    0x3f, 0xf4, 0x5b, 0x57, 0x9b, 0x9c, 0xff, 0x00, 0xc8, 0xb7, 0x11, 0xfe, 0x09, 0xff, 0x00, 0xe9,
    0x2c, 0xd7, 0x0f, 0xfc, 0x58, 0xfa, 0xaf, 0xcc, 0xf6, 0x2a, 0x2b, 0xf0, 0x03, 0xe9, 0xc2, 0x8a,
    0x00, 0xe7, 0xfc, 0x71, 0xff, 0x00, 0x22, 0x7d, 0xff, 0x00, 0xfd, 0xb3, 0xff, 0x00, 0xd1, 0x8b,
    0x5e, 0x3b, 0x5f, 0xad, 0x70, 0x17, 0xfc, 0x8b, 0x67, 0xfe, 0x37, 0xff, 0x00, 0xa4, 0xc4, 0xf1,
    0x33, 0x3f, 0xe2, 0xaf, 0x4f, 0xd5, 0x85, 0x15, 0xf6, 0xe7, 0x9c, 0x15, 0xd0, 0x78, 0x1f, 0xfe,
    0x47, 0x0b, 0x0f, 0xfb, 0x69, 0xff, 0x00, 0xa2, 0xda, 0xbc, 0xdc, 0xe7, 0xfe, 0x45, 0xb8, 0x8f,
    0xf0, 0x4f, 0xff, 0x00, 0x49, 0x66, 0xb8, 0x7f, 0xe2, 0xc7, 0xd5, 0x7e, 0x67, 0xb1, 0x51, 0x5f,
    0x80, 0x1f, 0x4e, 0x14, 0x50, 0x07, 0x3f, 0xe3, 0x8f, 0xf9, 0x13, 0xef, 0xff, 0x00, 0xed, 0x9f,
    0xfe, 0x8c, 0x5a, 0xf1, 0xda, 0xfd, 0x6b, 0x80, 0xbf, 0xe4, 0x5b, 0x3f, 0xf1, 0xbf, 0xfd, 0x26,
    0x27, 0x89, 0x99, 0xff, 0x00, 0x15, 0x7a, 0x7e, 0xac, 0x28, 0xaf, 0xb7, 0x3c, 0xe0, 0xae, 0x83,
    0xc0, 0xff, 0x00, 0xf2, 0x38, 0x58, 0x7f, 0xdb, 0x4f, 0xfd, 0x16, 0xd5, 0xe6, 0xe7, 0x3f, 0xf2,
    0x2d, 0xc4, 0x7f, 0x82, 0x7f, 0xfa, 0x4b, 0x35, 0xc3, 0xff, 0x00, 0x16, 0x3e, 0xab, 0xf3, 0x3d,
    0x8a, 0x8a, 0xfc, 0x00, 0xfa, 0x70, 0xa2, 0x80, 0x39, 0xff, 0x00, 0x1c, 0x7f, 0xc8, 0x9f, 0x7f,
    0xff, 0x00, 0x6c, 0xff, 0x00, 0xf4, 0x62, 0xd7, 0x8e, 0xd7, 0xeb, 0x5c, 0x05, 0xff, 0x00, 0x22,
    0xd9, 0xff, 0x00, 0x8d, 0xff, 0x00, 0xe9, 0x31, 0x3c, 0x4c, 0xcf, 0xf8, 0xab, 0xd3, 0xf5, 0x61,
    0x45, 0x7d, 0xb9, 0xe7, 0x05, 0x74, 0x1e, 0x07, 0xff, 0x00, 0x91, 0xc2, 0xc3, 0xfe, 0xda, 0x7f,
    0xe8, 0xb6, 0xaf, 0x37, 0x39, 0xff, 0x00, 0x91, 0x6e, 0x23, 0xfc, 0x13, 0xff, 0x00, 0xd2, 0x59,
    0xae, 0x1f, 0xf8, 0xb1, 0xf5, 0x5f, 0x99, 0xec, 0x54, 0x57, 0xe0, 0x07, 0xd3, 0x85, 0x14, 0x01,
    0xcf, 0xf8, 0xe3, 0xfe, 0x44, 0xfb, 0xff, 0x00, 0xfb, 0x67, 0xff, 0x00, 0xa3, 0x16, 0xbc, 0x76,
    0xbf, 0x5a, 0xe0, 0x2f, 0xf9, 0x16, 0xcf, 0xfc, 0x6f, 0xff, 0x00, 0x49, 0x89, 0xe2, 0x66, 0x7f,
    0xc5, 0x5e, 0x9f, 0xab, 0x0a, 0x2b, 0xed, 0xcf, 0x38, 0x2b, 0xa0, 0xf0, 0x3f, 0xfc, 0x8e, 0x16,
    0x1f, 0xf6, 0xd3, 0xff, 0x00, 0x45, 0xb5, 0x79, 0xb9, 0xcf, 0xfc, 0x8b, 0x71, 0x1f, 0xe0, 0x9f,
    0xfe, 0x92, 0xcd, 0x70, 0xff, 0x00, 0xc5, 0x8f, 0xaa, 0xfc, 0xcf, 0x62, 0xa2, 0xbf, 0x00, 0x3e,
    0x9c, 0x28, 0xa0, 0x0e, 0x7f, 0xc7, 0x1f, 0xf2, 0x27, 0xdf, 0xff, 0x00, 0xdb, 0x3f, 0xfd, 0x18,
    0xb5, 0xe3, 0xb5, 0xfa, 0xd7, 0x01, 0x7f, 0xc8, 0xb6, 0x7f, 0xe3, 0x7f, 0xfa, 0x4c, 0x4f, 0x13,
    0x33, 0xfe, 0x2a, 0xf4, 0xfd, 0x58, 0x51, 0x5f, 0x6e, 0x79, 0xc1, 0x5d, 0x07, 0x81, 0xff, 0x00,
    0xe4, 0x70, 0xb0, 0xff, 0x00, 0xb6, 0x9f, 0xfa, 0x2d, 0xab, 0xcd, 0xce, 0x7f, 0xe4, 0x5b, 0x88,
    0xff, 0x00, 0x04, 0xff, 0x00, 0xf4, 0x96, 0x6b, 0x87, 0xfe, 0x2c, 0x7d, 0x57, 0xe6, 0x7b, 0x15,
    0x15, 0xf8, 0x01, 0xf4, 0xe1, 0x45, 0x00, 0x73, 0xfe, 0x38, 0xff, 0x00, 0x91, 0x3e, 0xff, 0x00,
    0xfe, 0xd9, 0xff, 0x00, 0xe8, 0xc5, 0xaf, 0x1d, 0xaf, 0xd6, 0xb8, 0x0b, 0xfe, 0x45, 0xb3, 0xff,
    0x00, 0x1b, 0xff, 0x00, 0xd2, 0x62, 0x78, 0x99, 0x9f, 0xf1, 0x57, 0xa7, 0xea, 0xc2, 0x8a, 0xfb,
    0x73, 0xce, 0x0a, 0xe8, 0x3c, 0x0f, 0xff, 0x00, 0x23, 0x85, 0x87, 0xfd, 0xb4, 0xff, 0x00, 0xd1,
    0x6d, 0x5e, 0x6e, 0x73, 0xff, 0x00, 0x22, 0xdc, 0x47, 0xf8, 0x27, 0xff, 0x00, 0xa4, 0xb3, 0x5c,
    0x3f, 0xf1, 0x63, 0xea, 0xbf, 0x33, 0xd8, 0xa8, 0xaf, 0xc0, 0x0f, 0xa7, 0x0a, 0x28, 0x03, 0x9f,
    0xf1, 0xc7, 0xfc, 0x89, 0xf7, 0xff, 0x00, 0xf6, 0xcf, 0xff, 0x00, 0x46, 0x2d, 0x78, 0xed, 0x7e,
    0xb5, 0xc0, 0x5f, 0xf2, 0x2d, 0x9f, 0xf8, 0xdf, 0xfe, 0x93, 0x13, 0xc4, 0xcc, 0xff, 0x00, 0x8a,
    0xbd, 0x3f, 0x56, 0x14, 0x57, 0xdb, 0x9e, 0x70, 0x57, 0x41, 0xe0, 0x7f, 0xf9, 0x1c, 0x2c, 0x3f,
    0xed, 0xa7, 0xfe, 0x8b, 0x6a, 0xf3, 0x73, 0x9f, 0xf9, 0x16, 0xe2, 0x3f, 0xc1, 0x3f, 0xfd, 0x25,
    0x9a, 0xe1, 0xff, 0x00, 0x8b, 0x1f, 0x55, 0xf9, 0x9e, 0xc5, 0x45, 0x7e, 0x00, 0x7d, 0x38, 0x51,
    0x40, 0x1c, 0xff, 0x00, 0x8e, 0x3f, 0xe4, 0x4f, 0xbf, 0xff, 0x00, 0xb6, 0x7f, 0xfa, 0x31, 0x6b,
    0xc7, 0x6b, 0xf5, 0xae, 0x02, 0xff, 0x00, 0x91, 0x6c, 0xff, 0x00, 0xc6, 0xff, 0x00, 0xf4, 0x98,
    0x9e, 0x26, 0x67, 0xfc, 0x55, 0xe9, 0xfa, 0xb3, 0xe8, 0x2a, 0x2b, 0xf2, 0x53, 0xdb, 0x0a, 0xe7,
    0xfc, 0x71, 0xff, 0x00, 0x22, 0x7d, 0xff, 0x00, 0xfd, 0xb3, 0xff, 0x00, 0xd1, 0x8b, 0x5e, 0x96,
    0x4d, 0xff, 0x00, 0x23, 0x2c, 0x3f, 0xf8, 0xe1, 0xff, 0x00, 0xa5, 0x23, 0x2c, 0x47, 0xf0, 0xa5,
    0xe8, 0xff, 0x00, 0x23, 0xc7, 0x68, 0xaf, 0xdf, 0xcf, 0x98, 0x0a, 0x28, 0x03, 0xa0, 0xf0, 0x3f,
    0xfc, 0x8e, 0x16, 0x1f, 0xf6, 0xd3, 0xff, 0x00, 0x45, 0xb5, 0x7b, 0x15, 0x7e, 0x49, 0xc7, 0xbf,
    0xf2, 0x32, 0x87, 0xf8, 0x17, 0xfe, 0x95, 0x23, 0xdc, 0xcb, 0x3f, 0x84, 0xfd, 0x7f, 0x44, 0x14,
    0x57, 0xc4, 0x9e, 0x80, 0x57, 0x3f, 0xe3, 0x8f, 0xf9, 0x13, 0xef, 0xff, 0x00, 0xed, 0x9f, 0xfe,
    0x8c, 0x5a, 0xf4, 0xb2, 0x6f, 0xf9, 0x19, 0x61, 0xff, 0x00, 0xc7, 0x0f, 0xfd, 0x29, 0x19, 0x62,
    0x3f, 0x85, 0x2f, 0x47, 0xf9, 0x1e, 0x3b, 0x45, 0x7e, 0xfe, 0x7c, 0xc0, 0x51, 0x40, 0x1d, 0x07,
    0x81, 0xff, 0x00, 0xe4, 0x70, 0xb0, 0xff, 0x00, 0xb6, 0x9f, 0xfa, 0x2d, 0xab, 0xd8, 0xab, 0xf2,
    0x4e, 0x3d, 0xff, 0x00, 0x91, 0x94, 0x3f, 0xc0, 0xbf, 0xf4, 0xa9, 0x1e, 0xe6, 0x59, 0xfc, 0x27,
    0xeb, 0xfa, 0x20, 0xa2, 0xbe, 0x24, 0xf4, 0x02, 0xb9, 0xff, 0x00, 0x1c, 0x7f, 0xc8, 0x9f, 0x7f,
    0xff, 0x00, 0x6c, 0xff, 0x00, 0xf4, 0x62, 0xd7, 0xa5, 0x93, 0x7f, 0xc8, 0xcb, 0x0f, 0xfe, 0x38,
    0x7f, 0xe9, 0x48, 0xcb, 0x11, 0xfc, 0x29, 0x7a, 0x3f, 0xc8, 0xf1, 0xda, 0x2b, 0xf7, 0xf3, 0xe6,
    0x02, 0x8a, 0x00, 0xe8, 0x3c, 0x0f, 0xff, 0x00, 0x23, 0x85, 0x87, 0xfd, 0xb4, 0xff, 0x00, 0xd1,
    0x6d, 0x5e, 0xc5, 0x5f, 0x92, 0x71, 0xef, 0xfc, 0x8c, 0xa1, 0xfe, 0x05, 0xff, 0x00, 0xa5, 0x48,
    0xf7, 0x32, 0xcf, 0xe1, 0x3f, 0x5f, 0xd1, 0x05, 0x15, 0xf1, 0x27, 0xa0, 0x15, 0xcf, 0xf8, 0xe3,
    0xfe, 0x44, 0xfb, 0xff, 0x00, 0xfb, 0x67, 0xff, 0x00, 0xa3, 0x16, 0xbd, 0x2c, 0x9b, 0xfe, 0x46,
    0x58, 0x7f, 0xf1, 0xc3, 0xff, 0x00, 0x4a, 0x46, 0x58, 0x8f, 0xe1, 0x4b, 0xd1, 0xfe, 0x47, 0x8e,
    0xd1, 0x5f, 0xbf, 0x9f, 0x30, 0x14, 0x50, 0x07, 0x41, 0xe0, 0x7f, 0xf9, 0x1c, 0x2c, 0x3f, 0xed,
    0xa7, 0xfe, 0x8b, 0x6a, 0xf6, 0x2a, 0xfc, 0x93, 0x8f, 0x7f, 0xe4, 0x65, 0x0f, 0xf0, 0x2f, 0xfd,
    0x2a, 0x47, 0xb9, 0x96, 0x7f, 0x09, 0xfa, 0xfe, 0x88, 0x28, 0xaf, 0x89, 0x3d, 0x00, 0xae, 0x7f,
    0xc7, 0x1f, 0xf2, 0x27, 0xdf, 0xff, 0x00, 0xdb, 0x3f, 0xfd, 0x18, 0xb5, 0xe9, 0x64, 0xdf, 0xf2,
    0x32, 0xc3, 0xff, 0x00, 0x8e, 0x1f, 0xfa, 0x52, 0x32, 0xc4, 0x7f, 0x0a, 0x5e, 0x8f, 0xf2, 0x3c,
    0x76, 0x8a, 0xfd, 0xfc, 0xf9, 0x80, 0xa2, 0x80, 0x3a, 0x0f, 0x03, 0xff, 0x00, 0xc8, 0xe1, 0x61,
    0xff, 0x00, 0x6d, 0x3f, 0xf4, 0x5b, 0x57, 0xb1, 0x57, 0xe4, 0x9c, 0x7b, 0xff, 0x00, 0x23, 0x28,
    0x7f, 0x81, 0x7f, 0xe9, 0x52, 0x3d, 0xcc, 0xb3, 0xf8, 0x4f, 0xd7, 0xf4, 0x41, 0x45, 0x7c, 0x49,
    0xe8, 0x05, 0x73, 0xfe, 0x38, 0xff, 0x00, 0x91, 0x3e, 0xff, 0x00, 0xfe, 0xd9, 0xff, 0x00, 0xe8,
    0xc5, 0xaf, 0x4b, 0x26, 0xff, 0x00, 0x91, 0x96, 0x1f, 0xfc, 0x70, 0xff, 0x00, 0xd2, 0x91, 0x96,
    0x23, 0xf8, 0x52, 0xf4, 0x7f, 0x91, 0xe3, 0xb4, 0x57, 0xef, 0xe7, 0xcc, 0x05, 0x14, 0x01, 0xd0,
    0x78, 0x1f, 0xfe, 0x47, 0x0b, 0x0f, 0xfb, 0x69, 0xff, 0x00, 0xa2, 0xda, 0xbd, 0x8a, 0xbf, 0x24,
    0xe3, 0xdf, 0xf9, 0x19, 0x43, 0xfc, 0x0b, 0xff, 0x00, 0x4a, 0x91, 0xee, 0x65, 0x9f, 0xc2, 0x7e,
    0xbf, 0xa2, 0x0a, 0x2b, 0xe2, 0x4f, 0x40, 0x2b, 0x9f, 0xf1, 0xc7, 0xfc, 0x89, 0xf7, 0xff, 0x00,
    0xf6, 0xcf, 0xff, 0x00, 0x46, 0x2d, 0x7a, 0x59, 0x37, 0xfc, 0x8c, 0xb0, 0xff, 0x00, 0xe3, 0x87,
    0xfe, 0x94, 0x8c, 0xb1, 0x1f, 0xc2, 0x97, 0xa3, 0xfc, 0x8f, 0x1d, 0xa2, 0xbf, 0x7f, 0x3e, 0x60,
    0x28, 0xa0, 0x0e, 0x83, 0xc0, 0xff, 0x00, 0xf2, 0x38, 0x58, 0x7f, 0xdb, 0x4f, 0xfd, 0x16, 0xd5,
    0xec, 0x55, 0xf9, 0x27, 0x1e, 0xff, 0x00, 0xc8, 0xca, 0x1f, 0xe0, 0x5f, 0xfa, 0x54, 0x8f, 0x73,
    0x2c, 0xfe, 0x13, 0xf5, 0xfd, 0x10, 0x51, 0x5f, 0x12, 0x7a, 0x01, 0x5c, 0xff, 0x00, 0x8e, 0x3f,
    0xe4, 0x4f, 0xbf, 0xff, 0x00, 0xb6, 0x7f, 0xfa, 0x31, 0x6b, 0xd2, 0xc9, 0xbf, 0xe4, 0x65, 0x87,
    0xff, 0x00, 0x1c, 0x3f, 0xf4, 0xa4, 0x65, 0x88, 0xfe, 0x14, 0xbd, 0x1f, 0xe4, 0x78, 0xed, 0x15,
    0xfb, 0xf9, 0xf3, 0x01, 0x45, 0x00, 0x74, 0x1e, 0x07, 0xff, 0x00, 0x91, 0xc2, 0xc3, 0xfe, 0xda,
    0x7f, 0xe8, 0xb6, 0xaf, 0x62, 0xaf, 0xc9, 0x38, 0xf7, 0xfe, 0x46, 0x50, 0xff, 0x00, 0x02, 0xff,
    0x00, 0xd2, 0xa4, 0x7b, 0x99, 0x67, 0xf0, 0x9f, 0xaf, 0xe8, 0x82, 0x8a, 0xf8, 0x93, 0xd0, 0x0a,
    0xe7, 0xfc, 0x71, 0xff, 0x00, 0x22, 0x7d, 0xff, 0x00, 0xfd, 0xb3, 0xff, 0x00, 0xd1, 0x8b, 0x5e,
    0x96, 0x4d, 0xff, 0x00, 0x23, 0x2c, 0x3f, 0xf8, 0xe1, 0xff, 0x00, 0xa5, 0x23, 0x2c, 0x47, 0xf0,
    0xa5, 0xe8, 0xff, 0x00, 0x23, 0xc7, 0x68, 0xaf, 0xdf, 0xcf, 0x98, 0x0a, 0x28, 0x03, 0xa0, 0xf0,
    0x3f, 0xfc, 0x8e, 0x16, 0x1f, 0xf6, 0xd3, 0xff, 0x00, 0x45, 0xb5, 0x7b, 0x15, 0x7e, 0x49, 0xc7,
    0xbf, 0xf2, 0x32, 0x87, 0xf8, 0x17, 0xfe, 0x95, 0x23, 0xdc, 0xcb, 0x3f, 0x84, 0xfd, 0x7f, 0x44,
    0x14, 0x57, 0xc4, 0x9e, 0x80, 0x57, 0x3f, 0xe3, 0x8f, 0xf9, 0x13, 0xef, 0xff, 0x00, 0xed, 0x9f,
    0xfe, 0x8c, 0x5a, 0xf4, 0xb2, 0x6f, 0xf9, 0x19, 0x61, 0xff, 0x00, 0xc7, 0x0f, 0xfd, 0x29, 0x19,
    0x62, 0x3f, 0x85, 0x2f, 0x47, 0xf9, 0x1e, 0x3b, 0x45, 0x7e, 0xfe, 0x7c, 0xc0, 0x51, 0x40, 0x1d,
    0x07, 0x81, 0xff, 0x00, 0xe4, 0x70, 0xb0, 0xff, 0x00, 0xb6, 0x9f, 0xfa, 0x2d, 0xab, 0xd8, 0xab,
    0xf2, 0x4e, 0x3d, 0xff, 0x00, 0x91, 0x94, 0x3f, 0xc0, 0xbf, 0xf4, 0xa9, 0x1e, 0xe6, 0x59, 0xfc,
    0x27, 0xeb, 0xfa, 0x20, 0xa2, 0xbe, 0x24, 0xf4, 0x02, 0xb9, 0xff, 0x00, 0x1c, 0x7f, 0xc8, 0x9f,
    0x7f, 0xff, 0x00, 0x6c, 0xff, 0x00, 0xf4, 0x62, 0xd7, 0xa5, 0x93, 0x7f, 0xc8, 0xcb, 0x0f, 0xfe,
    0x38, 0x7f, 0xe9, 0x48, 0xcb, 0x11, 0xfc, 0x29, 0x7a, 0x3f, 0xc8, 0xf1, 0xda, 0x2b, 0xf7, 0xf3,
    0xe6, 0x02, 0x8a, 0x00, 0xe8, 0x3c, 0x0f, 0xff, 0x00, 0x23, 0x85, 0x87, 0xfd, 0xb4, 0xff, 0x00,
    0xd1, 0x6d, 0x5e, 0xc5, 0x5f, 0x92, 0x71, 0xef, 0xfc, 0x8c, 0xa1, 0xfe, 0x05, 0xff, 0x00, 0xa5,
    0x48, 0xf7, 0x32, 0xcf, 0xe1, 0x3f, 0x5f, 0xd1, 0x05, 0x15, 0xf1, 0x27, 0xa0, 0x15, 0xcf, 0xf8,
    0xe3, 0xfe, 0x44, 0xfb, 0xff, 0x00, 0xfb, 0x67, 0xff, 0x00, 0xa3, 0x16, 0xbd, 0x2c, 0x9b, 0xfe,
    0x46, 0x58, 0x7f, 0xf1, 0xc3, 0xff, 0x00, 0x4a, 0x46, 0x58, 0x8f, 0xe1, 0x4b, 0xd1, 0xfe, 0x47,
    0x8e, 0xd1, 0x5f, 0xbf, 0x9f, 0x30, 0x14, 0x50, 0x07, 0x41, 0xe0, 0x7f, 0xf9, 0x1c, 0x2c, 0x3f,
    0xed, 0xa7, 0xfe, 0x8b, 0x6a, 0xf6, 0x2a, 0xfc, 0x93, 0x8f, 0x7f, 0xe4, 0x65, 0x0f, 0xf0, 0x2f,
    0xfd, 0x2a, 0x47, 0xb9, 0x96, 0x7f, 0x09, 0xfa, 0xfe, 0x88, 0x28, 0xaf, 0x89, 0x3d, 0x00, 0xae,
    0x7f, 0xc7, 0x1f, 0xf2, 0x27, 0xdf, 0xff, 0x00, 0xdb, 0x3f, 0xfd, 0x18, 0xb5, 0xe9, 0x64, 0xdf,
    0xf2, 0x32, 0xc3, 0xff, 0x00, 0x8e, 0x1f, 0xfa, 0x52, 0x32, 0xc4, 0x7f, 0x0a, 0x5e, 0x8f, 0xf2,
    0x3c, 0x76, 0x8a, 0xfd, 0xfc, 0xf9, 0x80, 0xa2, 0x80, 0x3a, 0x0f, 0x03, 0xff, 0x00, 0xc8, 0xe1,
    0x61, 0xff, 0x00, 0x6d, 0x3f, 0xf4, 0x5b, 0x57, 0xb1, 0x57, 0xe4, 0x9c, 0x7b, 0xff, 0x00, 0x23,
    0x28, 0x7f, 0x81, 0x7f, 0xe9, 0x52, 0x3d, 0xcc, 0xb3, 0xf8, 0x4f, 0xd7, 0xf4, 0x41, 0x45, 0x7c,
    0x49, 0xe8, 0x05, 0x73, 0xfe, 0x38, 0xff, 0x00, 0x91, 0x3e, 0xff, 0x00, 0xfe, 0xd9, 0xff, 0x00,
    0xe8, 0xc5, 0xaf, 0x4b, 0x26, 0xff, 0x00, 0x91, 0x96, 0x1f, 0xfc, 0x70, 0xff, 0x00, 0xd2, 0x91,
    0x96, 0x23, 0xf8, 0x52, 0xf4, 0x7f, 0x91, 0xe3, 0xb4, 0x57, 0xef, 0xe7, 0xcc, 0x05, 0x14, 0x01,
    0xd0, 0x78, 0x1f, 0xfe, 0x47, 0x0b, 0x0f, 0xfb, 0x69, 0xff, 0x00, 0xa2, 0xda, 0xbd, 0x8a, 0xbf,
    0x24, 0xe3, 0xdf, 0xf9, 0x19, 0x43, 0xfc, 0x0b, 0xff, 0x00, 0x4a, 0x91, 0xee, 0x65, 0x9f, 0xc2,
    0x7e, 0xbf, 0xa2, 0x0a, 0x2b, 0xe2, 0x4f, 0x40, 0x2b, 0x9f, 0xf1, 0xc7, 0xfc, 0x89, 0xf7, 0xff,
    0x00, 0xf6, 0xcf, 0xff, 0x00, 0x46, 0x2d, 0x7a, 0x59, 0x37, 0xfc, 0x8c, 0xb0, 0xff, 0x00, 0xe3,
    0x87, 0xfe, 0x94, 0x8c, 0xb1, 0x1f, 0xc2, 0x97, 0xa3, 0xfc, 0x8f, 0x1d, 0xa2, 0xbf, 0x7f, 0x3e,
    0x60, 0x28, 0xa0, 0x0e, 0x83, 0xc0, 0xff, 0x00, 0xf2, 0x38, 0x58, 0x7f, 0xdb, 0x4f, 0xfd, 0x16,
    0xd5, 0xec, 0x55, 0xf9, 0x27, 0x1e, 0xff, 0x00, 0xc8, 0xca, 0x1f, 0xe0, 0x5f, 0xfa, 0x54, 0x8f,
    0x73, 0x2c, 0xfe, 0x13, 0xf5, 0xfd, 0x10, 0x51, 0x5f, 0x12, 0x7a, 0x01, 0x5c, 0xff, 0x00, 0x8e,
    0x3f, 0xe4, 0x4f, 0xbf, 0xff, 0x00, 0xb6, 0x7f, 0xfa, 0x31, 0x6b, 0xd2, 0xc9, 0xbf, 0xe4, 0x65,
    0x87, 0xff, 0x00, 0x1c, 0x3f, 0xf4, 0xa4, 0x65, 0x88, 0xfe, 0x14, 0xbd, 0x1f, 0xe4, 0x78, 0xed,
    0x15, 0xfb, 0xf9, 0xf3, 0x01, 0x45, 0x00, 0x74, 0x1e, 0x07, 0xff, 0x00, 0x91, 0xc2, 0xc3, 0xfe,
    0xda, 0x7f, 0xe8, 0xb6, 0xaf, 0x62, 0xaf, 0xc9, 0x38, 0xf7, 0xfe, 0x46, 0x50, 0xff, 0x00, 0x02,
    0xff, 0x00, 0xd2, 0xa4, 0x7b, 0x99, 0x67, 0xf0, 0x9f, 0xaf, 0xe8, 0x82, 0x8a, 0xf8, 0x93, 0xd0,
    0x0a, 0xe7, 0xfc, 0x71, 0xff, 0x00, 0x22, 0x7d, 0xff, 0x00, 0xfd, 0xb3, 0xff, 0x00, 0xd1, 0x8b,
    0x5e, 0x96, 0x4d, 0xff, 0x00, 0x23, 0x2c, 0x3f, 0xf8, 0xe1, 0xff, 0x00, 0xa5, 0x23, 0x2c, 0x47,
    0xf0, 0xa5, 0xe8, 0xff, 0x00, 0x23, 0xc7, 0x68, 0xaf, 0xdf, 0xcf, 0x98, 0x0a, 0x28, 0x03, 0xa0,
    0xf0, 0x3f, 0xfc, 0x8e, 0x16, 0x1f, 0xf6, 0xd3, 0xff, 0x00, 0x45, 0xb5, 0x7b, 0x15, 0x7e, 0x49,
    0xc7, 0xbf, 0xf2, 0x32, 0x87, 0xf8, 0x17, 0xfe, 0x95, 0x23, 0xdc, 0xcb, 0x3f, 0x84, 0xfd, 0x7f,
    0x44, 0x14, 0x57, 0xc4, 0x9e, 0x80, 0x57, 0x3f, 0xe3, 0x8f, 0xf9, 0x13, 0xef, 0xff, 0x00, 0xed,
    0x9f, 0xfe, 0x8c, 0x5a, 0xf4, 0xb2, 0x6f, 0xf9, 0x19, 0x61, 0xff, 0x00, 0xc7, 0x0f, 0xfd, 0x29,
    0x19, 0x62, 0x3f, 0x85, 0x2f, 0x47, 0xf9, 0x1e, 0x3b, 0x45, 0x7e, 0xfe, 0x7c, 0xc0, 0x51, 0x40,
    0x1d, 0x07, 0x81, 0xff, 0x00, 0xe4, 0x70, 0xb0, 0xff, 0x00, 0xb6, 0x9f, 0xfa, 0x2d, 0xab, 0xd8,
    0xab, 0xf2, 0x4e, 0x3d, 0xff, 0x00, 0x91, 0x94, 0x3f, 0xc0, 0xbf, 0xf4, 0xa9, 0x1e, 0xe6, 0x59,
    0xfc, 0x27, 0xeb, 0xfa, 0x20, 0xa2, 0xbe, 0x24, 0xf4, 0x02, 0xb9, 0xff, 0x00, 0x1c, 0x7f, 0xc8,
    0x9f, 0x7f, 0xff, 0x00, 0x6c, 0xff, 0x00, 0xf4, 0x62, 0xd7, 0xa5, 0x93, 0x7f, 0xc8, 0xcb, 0x0f,
    0xfe, 0x38, 0x7f, 0xe9, 0x48, 0xcb, 0x11, 0xfc, 0x29, 0x7a, 0x3f, 0xc8, 0xf1, 0xda, 0x2b, 0xf7,
    0xf3, 0xe6, 0x02, 0x8a, 0x00, 0xe8, 0x3c, 0x0f, 0xff, 0x00, 0x23, 0x85, 0x87, 0xfd, 0xb4, 0xff,
    0x00, 0xd1, 0x6d, 0x5e, 0xc5, 0x5f, 0x92, 0x71, 0xef, 0xfc, 0x8c, 0xa1, 0xfe, 0x05, 0xff, 0x00,
    0xa5, 0x48, 0xf7, 0x32, 0xcf, 0xe1, 0x3f, 0x5f, 0xd1, 0x05, 0x15, 0xf1, 0x27, 0xa0, 0x15, 0xcf,
    0xf8, 0xe3, 0xfe, 0x44, 0xfb, 0xff, 0x00, 0xfb, 0x67, 0xff, 0x00, 0xa3, 0x16, 0xbd, 0x2c, 0x9b,
    0xfe, 0x46, 0x58, 0x7f, 0xf1, 0xc3, 0xff, 0x00, 0x4a, 0x46, 0x58, 0x8f, 0xe1, 0x4b, 0xd1, 0xfe,
    0x47, 0x8e, 0xd1, 0x5f, 0xbf, 0x9f, 0x30, 0x14, 0x50, 0x07, 0x41, 0xe0, 0x7f, 0xf9, 0x1c, 0x2c,
    0x3f, 0xed, 0xa7, 0xfe, 0x8b, 0x6a, 0xf6, 0x2a, 0xfc, 0x93, 0x8f, 0x7f, 0xe4, 0x65, 0x0f, 0xf0,
    0x2f, 0xfd, 0x2a, 0x47, 0xb9, 0x96, 0x7f, 0x09, 0xfa, 0xfe, 0x88, 0xff, 0xd9,
};
static const unsigned char cb_frame_3[] = {
    0xff, 0xd8, 0xff, 0xe0, 0x00, 0x10, 0x4a, 0x46, 0x49, 0x46, 0x00, 0x01, 0x01, 0x00, 0x00, 0x01,
    0x00, 0x01, 0x00, 0x00, 0xff, 0xdb, 0x00, 0x43, 0x00, 0x08, 0x06, 0x06, 0x07, 0x06, 0x05, 0x08,
    0x07, 0x07, 0x07, 0x09, 0x09, 0x08, 0x0a, 0x0c, 0x14, 0x0d, 0x0c, 0x0b, 0x0b, 0x0c, 0x19, 0x12,
    0x13, 0x0f, 0x14, 0x1d, 0x1a, 0x1f, 0x1e, 0x1d, 0x1a, 0x1c, 0x1c, 0x20, 0x24, 0x2e, 0x27, 0x20,
    0x22, 0x2c, 0x23, 0x1c, 0x1c, 0x28, 0x37, 0x29, 0x2c, 0x30, 0x31, 0x34, 0x34, 0x34, 0x1f, 0x27,
    0x39, 0x3d, 0x38, 0x32, 0x3c, 0x2e, 0x33, 0x34, 0x32, 0xff, 0xdb, 0x00, 0x43, 0x01, 0x09, 0x09,
    0x09, 0x0c, 0x0b, 0x0c, 0x18, 0x0d, 0x0d, 0x18, 0x32, 0x21, 0x1c, 0x21, 0x32, 0x32, 0x32, 0x32,
    0x32, 0x32, 0x32, 0x32, 0x32, 0x32, 0x32, 0x32, 0x32, 0x32, 0x32, 0x32, 0x32, 0x32, 0x32, 0x32,
    0x32, 0x32, 0x32, 0x32, 0x32, 0x32, 0x32, 0x32, 0x32, 0x32, 0x32, 0x32, 0x32, 0x32, 0x32, 0x32,
    0x32, 0x32, 0x32, 0x32, 0x32, 0x32, 0x32, 0x32, 0x32, 0x32, 0x32, 0x32, 0x32, 0x32, 0xff, 0xc0,
    0x00, 0x11, 0x08, 0x00, 0xf0, 0x01, 0x40, 0x03, 0x01, 0x21, 0x00, 0x02, 0x11, 0x01, 0x03, 0x11,
    0x01, 0xff, 0xc4, 0x00, 0x1f, 0x00, 0x00, 0x01, 0x05, 0x01, 0x01, 0x01, 0x01, 0x01, 0x01, 0x00,
    0x00, 0x00, 0x00, 0x00, 0x00, 0x00, 0x00, 0x01, 0x02, 0x03, 0x04, 0x05, 0x06, 0x07, 0x08, 0x09,
    0x0a, 0x0b, 0xff, 0xc4, 0x00, 0xb5, 0x10, 0x00, 0x02, 0x01, 0x03, 0x03, 0x02, 0x04, 0x03, 0x05,
    0x05, 0x04, 0x04, 0x00, 0x00, 0x01, 0x7d, 0x01, 0x02, 0x03, 0x00, 0x04, 0x11, 0x05, 0x12, 0x21,
    0x31, 0x41, 0x06, 0x13, 0x51, 0x61, 0x07, 0x22, 0x71, 0x14, 0x32, 0x81, 0x91, 0xa1, 0x08, 0x23,
    0x42, 0xb1, 0xc1, 0x15, 0x52, 0xd1, 0xf0, 0x24, 0x33, 0x62, 0x72, 0x82, 0x09, 0x0a, 0x16, 0x17,
    0x18, 0x19, 0x1a, 0x25, 0x26, 0x27, 0x28, 0x29, 0x2a, 0x34, 0x35, 0x36, 0x37, 0x38, 0x39, 0x3a,
    0x43, 0x44, 0x45, 0x46, 0x47, 0x48, 0x49, 0x4a, 0x53, 0x54, 0x55, 0x56, 0x57, 0x58, 0x59, 0x5a,
    0x63, 0x64, 0x65, 0x66, 0x67, 0x68, 0x69, 0x6a, 0x73, 0x74, 0x75, 0x76, 0x77, 0x78, 0x79, 0x7a,
    0x83, 0x84, 0x85, 0x86, 0x87, 0x88, 0x89, 0x8a, 0x92, 0x93, 0x94, 0x95, 0x96, 0x97, 0x98, 0x99,
    0x9a, 0xa2, 0xa3, 0xa4, 0xa5, 0xa6, 0xa7, 0xa8, 0xa9, 0xaa, 0xb2, 0xb3, 0xb4, 0xb5, 0xb6, 0xb7,
    0xb8, 0xb9, 0xba, 0xc2, 0xc3, 0xc4, 0xc5, 0xc6, 0xc7, 0xc8, 0xc9, 0xca, 0xd2, 0xd3, 0xd4, 0xd5,
    0xd6, 0xd7, 0xd8, 0xd9, 0xda, 0xe1, 0xe2, 0xe3, 0xe4, 0xe5, 0xe6, 0xe7, 0xe8, 0xe9, 0xea, 0xf1,
    0xf2, 0xf3, 0xf4, 0xf5, 0xf6, 0xf7, 0xf8, 0xf9, 0xfa, 0xff, 0xc4, 0x00, 0x1f, 0x01, 0x00, 0x03,
    0x01, 0x01, 0x01, 0x01, 0x01, 0x01, 0x01, 0x01, 0x01, 0x00, 0x00, 0x00, 0x00, 0x00, 0x00, 0x01,
    0x02, 0x03, 0x04, 0x05, 0x06, 0x07, 0x08, 0x09, 0x0a, 0x0b, 0xff, 0xc4, 0x00, 0xb5, 0x11, 0x00,
    0x02, 0x01, 0x02, 0x04, 0x04, 0x03, 0x04, 0x07, 0x05, 0x04, 0x04, 0x00, 0x01, 0x02, 0x77, 0x00,
    0x01, 0x02, 0x03, 0x11, 0x04, 0x05, 0x21, 0x31, 0x06, 0x12, 0x41, 0x51, 0x07, 0x61, 0x71, 0x13,
    0x22, 0x32, 0x81, 0x08, 0x14, 0x42, 0x91, 0xa1, 0xb1, 0xc1, 0x09, 0x23, 0x33, 0x52, 0xf0, 0x15,
    0x62, 0x72, 0xd1, 0x0a, 0x16, 0x24, 0x34, 0xe1, 0x25, 0xf1, 0x17, 0x18, 0x19, 0x1a, 0x26, 0x27,
    0x28, 0x29, 0x2a, 0x35, 0x36, 0x37, 0x38, 0x39, 0x3a, 0x43, 0x44, 0x45, 0x46, 0x47, 0x48, 0x49,
    0x4a, 0x53, 0x54, 0x55, 0x56, 0x57, 0x58, 0x59, 0x5a, 0x63, 0x64, 0x65, 0x66, 0x67, 0x68, 0x69,
    0x6a, 0x73, 0x74, 0x75, 0x76, 0x77, 0x78, 0x79, 0x7a, 0x82, 0x83, 0x84, 0x85, 0x86, 0x87, 0x88,
    0x89, 0x8a, 0x92, 0x93, 0x94, 0x95, 0x96, 0x97, 0x98, 0x99, 0x9a, 0xa2, 0xa3, 0xa4, 0xa5, 0xa6,
    0xa7, 0xa8, 0xa9, 0xaa, 0xb2, 0xb3, 0xb4, 0xb5, 0xb6, 0xb7, 0xb8, 0xb9, 0xba, 0xc2, 0xc3, 0xc4,
    0xc5, 0xc6, 0xc7, 0xc8, 0xc9, 0xca, 0xd2, 0xd3, 0xd4, 0xd5, 0xd6, 0xd7, 0xd8, 0xd9, 0xda, 0xe2,
    0xe3, 0xe4, 0xe5, 0xe6, 0xe7, 0xe8, 0xe9, 0xea, 0xf2, 0xf3, 0xf4, 0xf5, 0xf6, 0xf7, 0xf8, 0xf9,
    0xfa, 0xff, 0xda, 0x00, 0x0c, 0x03, 0x01, 0x00, 0x02, 0x11, 0x03, 0x11, 0x00, 0x3f, 0x00, 0xe0,
    0xa8, 0xaf, 0xd0, 0xcf, 0x20, 0x2b, 0xdc, 0xb4, 0x1f, 0xf9, 0x17, 0x74, 0xcf, 0xfa, 0xf4, 0x8b,
    0xff, 0x00, 0x40, 0x15, 0xf9, 0xff, 0x00, 0x1f, 0xff, 0x00, 0xbb, 0x51, 0xff, 0x00, 0x13, 0xfc,
    0x8f, 0x4f, 0x2c, 0xf8, 0xe5, 0xe8, 0x68, 0x51, 0x5f, 0x97, 0x1e, 0xc8, 0x51, 0x40, 0x1e, 0x1b,
    0xaf, 0x7f, 0xc8, 0xc5, 0xa9, 0xff, 0x00, 0xd7, 0xdc, 0xbf, 0xfa, 0x19, 0xac, 0xfa, 0xfe, 0x88,
    0xc1, 0x7f, 0xbb, 0x53, 0xff, 0x00, 0x0a, 0xfc, 0x8f, 0x96, 0xa9, 0xf1, 0xbf, 0x50, 0xa2, 0xba,
    0x48, 0x0a, 0xf7, 0x2d, 0x07, 0xfe, 0x45, 0xdd, 0x33, 0xfe, 0xbd, 0x22, 0xff, 0x00, 0xd0, 0x05,
    0x7e, 0x7f, 0xc7, 0xff, 0x00, 0xee, 0xd4, 0x7f, 0xc4, 0xff, 0x00, 0x23, 0xd3, 0xcb, 0x3e, 0x39,
    0x7a, 0x1a, 0x14, 0x57, 0xe5, 0xc7, 0xb2, 0x14, 0x50, 0x07, 0x86, 0xeb, 0xdf, 0xf2, 0x31, 0x6a,
    0x7f, 0xf5, 0xf7, 0x2f, 0xfe, 0x86, 0x6b, 0x3e, 0xbf, 0xa2, 0x30, 0x5f, 0xee, 0xd4, 0xff, 0x00,
    0xc2, 0xbf, 0x23, 0xe5, 0xaa, 0x7c, 0x6f, 0xd4, 0x28, 0xae, 0x92, 0x02, 0xbd, 0xcb, 0x41, 0xff,
    0x00, 0x91, 0x77, 0x4c, 0xff, 0x00, 0xaf, 0x48, 0xbf, 0xf4, 0x01, 0x5f, 0x9f, 0xf1, 0xff, 0x00,
    0xfb, 0xb5, 0x1f, 0xf1, 0x3f, 0xc8, 0xf4, 0xf2, 0xcf, 0x8e, 0x5e, 0x86, 0x85, 0x15, 0xf9, 0x71,
    0xec, 0x85, 0x14, 0x01, 0xe1, 0xba, 0xf7, 0xfc, 0x8c, 0x5a, 0x9f, 0xfd, 0x7d, 0xcb, 0xff, 0x00,
    0xa1, 0x9a, 0xcf, 0xaf, 0xe8, 0x8c, 0x17, 0xfb, 0xb5, 0x3f, 0xf0, 0xaf, 0xc8, 0xf9, 0x6a, 0x9f,
    0x1b, 0xf5, 0x0a, 0x2b, 0xa4, 0x80, 0xaf, 0x72, 0xd0, 0x7f, 0xe4, 0x5d, 0xd3, 0x3f, 0xeb, 0xd2,
    0x2f, 0xfd, 0x00, 0x57, 0xe7, 0xfc, 0x7f, 0xfe, 0xed, 0x47, 0xfc, 0x4f, 0xf2, 0x3d, 0x3c, 0xb3,
    0xe3, 0x97, 0xa1, 0xa1, 0x45, 0x7e, 0x5c, 0x7b, 0x21, 0x45, 0x00, 0x78, 0x6e, 0xbd, 0xff, 0x00,
    0x23, 0x16, 0xa7, 0xff, 0x00, 0x5f, 0x72, 0xff, 0x00, 0xe8, 0x66, 0xb3, 0xeb, 0xfa, 0x23, 0x05,
    0xfe, 0xed, 0x4f, 0xfc, 0x2b, 0xf2, 0x3e, 0x5a, 0xa7, 0xc6, 0xfd, 0x42, 0x8a, 0xe9, 0x20, 0x2b,
    0xdc, 0xb4, 0x1f, 0xf9, 0x17, 0x74, 0xcf, 0xfa, 0xf4, 0x8b, 0xff, 0x00, 0x40, 0x15, 0xf9, 0xff,
    0x00, 0x1f, 0xff, 0x00, 0xbb, 0x51, 0xff, 0x00, 0x13, 0xfc, 0x8f, 0x4f, 0x2c, 0xf8, 0xe5, 0xe8,
    0x68, 0x51, 0x5f, 0x97, 0x1e, 0xc8, 0x51, 0x40, 0x1e, 0x1b, 0xaf, 0x7f, 0xc8, 0xc5, 0xa9, 0xff,
    0x00, 0xd7, 0xdc, 0xbf, 0xfa, 0x19, 0xac, 0xfa, 0xfe, 0x88, 0xc1, 0x7f, 0xbb, 0x53, 0xff, 0x00,
    0x0a, 0xfc, 0x8f, 0x96, 0xa9, 0xf1, 0xbf, 0x50, 0xa2, 0xba, 0x48, 0x0a, 0xf7, 0x2d, 0x07, 0xfe,
    0x45, 0xdd, 0x33, 0xfe, 0xbd, 0x22, 0xff, 0x00, 0xd0, 0x05, 0x7e, 0x7f, 0xc7, 0xff, 0x00, 0xee,
    0xd4, 0x7f, 0xc4, 0xff, 0x00, 0x23, 0xd3, 0xcb, 0x3e, 0x39, 0x7a, 0x1a, 0x14, 0x57, 0xe5, 0xc7,
    0xb2, 0x14, 0x50, 0x07, 0x86, 0xeb, 0xdf, 0xf2, 0x31, 0x6a, 0x7f, 0xf5, 0xf7, 0x2f, 0xfe, 0x86,
    0x6b, 0x3e, 0xbf, 0xa2, 0x30, 0x5f, 0xee, 0xd4, 0xff, 0x00, 0xc2, 0xbf, 0x23, 0xe5, 0xaa, 0x7c,
    0x6f, 0xd4, 0x28, 0xae, 0x92, 0x02, 0xbd, 0xcb, 0x41, 0xff, 0x00, 0x91, 0x77, 0x4c, 0xff, 0x00,
    0xaf, 0x48, 0xbf, 0xf4, 0x01, 0x5f, 0x9f, 0xf1, 0xff, 0x00, 0xfb, 0xb5, 0x1f, 0xf1, 0x3f, 0xc8,
    0xf4, 0xf2, 0xcf, 0x8e, 0x5e, 0x86, 0x85, 0x15, 0xf9, 0x71, 0xec, 0x85, 0x14, 0x01, 0xe1, 0xba,
    0xf7, 0xfc, 0x8c, 0x5a, 0x9f, 0xfd, 0x7d, 0xcb, 0xff, 0x00, 0xa1, 0x9a, 0xcf, 0xaf, 0xe8, 0x8c,
    0x17, 0xfb, 0xb5, 0x3f, 0xf0, 0xaf, 0xc8, 0xf9, 0x6a, 0x9f, 0x1b, 0xf5, 0x0a, 0x2b, 0xa4, 0x80,
    0xaf, 0x72, 0xd0, 0x7f, 0xe4, 0x5d, 0xd3, 0x3f, 0xeb, 0xd2, 0x2f, 0xfd, 0x00, 0x57, 0xe7, 0xfc,
    0x7f, 0xfe, 0xed, 0x47, 0xfc, 0x4f, 0xf2, 0x3d, 0x3c, 0xb3, 0xe3, 0x97, 0xa1, 0xa1, 0x45, 0x7e,
    0x5c, 0x7b, 0x21, 0x45, 0x00, 0x78, 0x6e, 0xbd, 0xff, 0x00, 0x23, 0x16, 0xa7, 0xff, 0x00, 0x5f,
    0x72, 0xff, 0x00, 0xe8, 0x66, 0xb3, 0xeb, 0xfa, 0x23, 0x05, 0xfe, 0xed, 0x4f, 0xfc, 0x2b, 0xf2,
    0x3e, 0x5a, 0xa7, 0xc6, 0xfd, 0x42, 0x8a, 0xe9, 0x20, 0x2b, 0xdc, 0xb4, 0x1f, 0xf9, 0x17, 0x74,
    0xcf, 0xfa, 0xf4, 0x8b, 0xff, 0x00, 0x40, 0x15, 0xf9, 0xff, 0x00, 0x1f, 0xff, 0x00, 0xbb, 0x51,
    0xff, 0x00, 0x13, 0xfc, 0x8f, 0x4f, 0x2c, 0xf8, 0xe5, 0xe8, 0x68, 0x51, 0x5f, 0x97, 0x1e, 0xc8,
    0x51, 0x40, 0x1e, 0x1b, 0xaf, 0x7f, 0xc8, 0xc5, 0xa9, 0xff, 0x00, 0xd7, 0xdc, 0xbf, 0xfa, 0x19,
    0xac, 0xfa, 0xfe, 0x88, 0xc1, 0x7f, 0xbb, 0x53, 0xff, 0x00, 0x0a, 0xfc, 0x8f, 0x96, 0xa9, 0xf1,
    0xbf, 0x50, 0xa2, 0xba, 0x48, 0x0a, 0xf7, 0x2d, 0x07, 0xfe, 0x45, 0xdd, 0x33, 0xfe, 0xbd, 0x22,
    0xff, 0x00, 0xd0, 0x05, 0x7e, 0x7f, 0xc7, 0xff, 0x00, 0xee, 0xd4, 0x7f, 0xc4, 0xff, 0x00, 0x23,
    0xd3, 0xcb, 0x3e, 0x39, 0x7a, 0x1a, 0x14, 0x57, 0xe5, 0xc7, 0xb2, 0x14, 0x50, 0x07, 0x86, 0xeb,
    0xdf, 0xf2, 0x31, 0x6a, 0x7f, 0xf5, 0xf7, 0x2f, 0xfe, 0x86, 0x6b, 0x3e, 0xbf, 0xa2, 0x30, 0x5f,
    0xee, 0xd4, 0xff, 0x00, 0xc2, 0xbf, 0x23, 0xe5, 0xaa, 0x7c, 0x6f, 0xd4, 0x28, 0xae, 0x92, 0x02,
    0xbd, 0xcb, 0x41, 0xff, 0x00, 0x91, 0x77, 0x4c, 0xff, 0x00, 0xaf, 0x48, 0xbf, 0xf4, 0x01, 0x5f,
    0x9f, 0xf1, 0xff, 0x00, 0xfb, 0xb5, 0x1f, 0xf1, 0x3f, 0xc8, 0xf4, 0xf2, 0xcf, 0x8e, 0x5e, 0x86,
    0x85, 0x15, 0xf9, 0x71, 0xec, 0x85, 0x14, 0x01, 0xe1, 0xba, 0xf7, 0xfc, 0x8c, 0x5a, 0x9f, 0xfd,
    0x7d, 0xcb, 0xff, 0x00, 0xa1, 0x9a, 0xcf, 0xaf, 0xe8, 0x8c, 0x17, 0xfb, 0xb5, 0x3f, 0xf0, 0xaf,
    0xc8, 0xf9, 0x6a, 0x9f, 0x1b, 0xf5, 0x0a, 0x2b, 0xa4, 0x80, 0xaf, 0x72, 0xd0, 0x7f, 0xe4, 0x5d,
    0xd3, 0x3f, 0xeb, 0xd2, 0x2f, 0xfd, 0x00, 0x57, 0xe7, 0xfc, 0x7f, 0xfe, 0xed, 0x47, 0xfc, 0x4f,
    0xf2, 0x3d, 0x3c, 0xb3, 0xe3, 0x97, 0xa1, 0xa1, 0x45, 0x7e, 0x5c, 0x7b, 0x21, 0x45, 0x00, 0x78,
    0x6e, 0xbd, 0xff, 0x00, 0x23, 0x16, 0xa7, 0xff, 0x00, 0x5f, 0x72, 0xff, 0x00, 0xe8, 0x66, 0xb3,
    0xeb, 0xfa, 0x23, 0x05, 0xfe, 0xed, 0x4f, 0xfc, 0x2b, 0xf2, 0x3e, 0x5a, 0xa7, 0xc6, 0xfd, 0x42,
    0x8a, 0xe9, 0x20, 0x2b, 0xdc, 0xb4, 0x1f, 0xf9, 0x17, 0x74, 0xcf, 0xfa, 0xf4, 0x8b, 0xff, 0x00,
    0x40, 0x15, 0xf9, 0xff, 0x00, 0x1f, 0xff, 0x00, 0xbb, 0x51, 0xff, 0x00, 0x13, 0xfc, 0x8f, 0x4f,
    0x2c, 0xf8, 0xe5, 0xe8, 0x68, 0x51, 0x5f, 0x97, 0x1e, 0xc8, 0x51, 0x40, 0x1e, 0x1b, 0xaf, 0x7f,
    0xc8, 0xc5, 0xa9, 0xff, 0x00, 0xd7, 0xdc, 0xbf, 0xfa, 0x19, 0xac, 0xfa, 0xfe, 0x88, 0xc1, 0x7f,
    0xbb, 0x53, 0xff, 0x00, 0x0a, 0xfc, 0x8f, 0x96, 0xa9, 0xf1, 0xbf, 0x50, 0xa2, 0xba, 0x48, 0x0a,
    0xf7, 0x2d, 0x07, 0xfe, 0x45, 0xdd, 0x33, 0xfe, 0xbd, 0x22, 0xff, 0x00, 0xd0, 0x05, 0x7e, 0x7f,
    0xc7, 0xff, 0x00, 0xee, 0xd4, 0x7f, 0xc4, 0xff, 0x00, 0x23, 0xd3, 0xcb, 0x3e, 0x39, 0x7a, 0x1a,
    0x14, 0x57, 0xe5, 0xc7, 0xb2, 0x14, 0x50, 0x07, 0x86, 0xeb, 0xdf, 0xf2, 0x31, 0x6a, 0x7f, 0xf5,
    0xf7, 0x2f, 0xfe, 0x86, 0x6b, 0x3e, 0xbf, 0xa2, 0x30, 0x5f, 0xee, 0xd4, 0xff, 0x00, 0xc2, 0xbf,
    0x23, 0xe5, 0xaa, 0x7c, 0x6f, 0xd4, 0x28, 0xae, 0x92, 0x02, 0xbd, 0xcb, 0x41, 0xff, 0x00, 0x91,
    0x77, 0x4c, 0xff, 0x00, 0xaf, 0x48, 0xbf, 0xf4, 0x01, 0x5f, 0x9f, 0xf1, 0xff, 0x00, 0xfb, 0xb5,
    0x1f, 0xf1, 0x3f, 0xc8, 0xf4, 0xf2, 0xcf, 0x8e, 0x5e, 0x86, 0x85, 0x15, 0xf9, 0x71, 0xec, 0x85,
    0x14, 0x01, 0xe1, 0xba, 0xf7, 0xfc, 0x8c, 0x5a, 0x9f, 0xfd, 0x7d, 0xcb, 0xff, 0x00, 0xa1, 0x9a,
    0xcf, 0xaf, 0xe8, 0x8c, 0x17, 0xfb, 0xb5, 0x3f, 0xf0, 0xaf, 0xc8, 0xf9, 0x6a, 0x9f, 0x1b, 0xf5,
    0x0a, 0x2b, 0xa4, 0x80, 0xaf, 0x72, 0xd0, 0x7f, 0xe4, 0x5d, 0xd3, 0x3f, 0xeb, 0xd2, 0x2f, 0xfd,
    0x00, 0x57, 0xe7, 0xfc, 0x7f, 0xfe, 0xed, 0x47, 0xfc, 0x4f, 0xf2, 0x3d, 0x3c, 0xb3, 0xe3, 0x97,
    0xa1, 0xa1, 0x45, 0x7e, 0x5c, 0x7b, 0x21, 0x45, 0x00, 0x78, 0x6e, 0xbd, 0xff, 0x00, 0x23, 0x16,
    0xa7, 0xff, 0x00, 0x5f, 0x72, 0xff, 0x00, 0xe8, 0x66, 0xb3, 0xeb, 0xfa, 0x23, 0x05, 0xfe, 0xed,
    0x4f, 0xfc, 0x2b, 0xf2, 0x3e, 0x5a, 0xa7, 0xc6, 0xfd, 0x42, 0x8a, 0xe9, 0x20, 0x2b, 0xdc, 0xb4,
    0x1f, 0xf9, 0x17, 0x74, 0xcf, 0xfa, 0xf4, 0x8b, 0xff, 0x00, 0x40, 0x15, 0xf9, 0xff, 0x00, 0x1f,
    0xff, 0x00, 0xbb, 0x51, 0xff, 0x00, 0x13, 0xfc, 0x8f, 0x4f, 0x2c, 0xf8, 0xe5, 0xe8, 0x68, 0x51,
    0x5f, 0x97, 0x1e, 0xc8, 0x51, 0x40, 0x1e, 0x1b, 0xaf, 0x7f, 0xc8, 0xc5, 0xa9, 0xff, 0x00, 0xd7,
    0xdc, 0xbf, 0xfa, 0x19, 0xac, 0xfa, 0xfe, 0x88, 0xc1, 0x7f, 0xbb, 0x53, 0xff, 0x00, 0x0a, 0xfc,
    0x8f, 0x96, 0xa9, 0xf1, 0xbf, 0x50, 0xa2, 0xba, 0x48, 0x0a, 0xf7, 0x2d, 0x07, 0xfe, 0x45, 0xdd,
    0x33, 0xfe, 0xbd, 0x22, 0xff, 0x00, 0xd0, 0x05, 0x7e, 0x7f, 0xc7, 0xff, 0x00, 0xee, 0xd4, 0x7f,
    0xc4, 0xff, 0x00, 0x23, 0xd3, 0xcb, 0x3e, 0x39, 0x7a, 0x1a, 0x14, 0x57, 0xe5, 0xc7, 0xb2, 0x14,
    0x50, 0x07, 0x86, 0xeb, 0xdf, 0xf2, 0x31, 0x6a, 0x7f, 0xf5, 0xf7, 0x2f, 0xfe, 0x86, 0x6b, 0x3e,
    0xbf, 0xa2, 0x30, 0x5f, 0xee, 0xd4, 0xff, 0x00, 0xc2, 0xbf, 0x23, 0xe5, 0xaa, 0x7c, 0x6f, 0xd4,
    0x28, 0xae, 0x92, 0x02, 0xbd, 0xcb, 0x41, 0xff, 0x00, 0x91, 0x77, 0x4c, 0xff, 0x00, 0xaf, 0x48,
    0xbf, 0xf4, 0x01, 0x5f, 0x9f, 0xf1, 0xff, 0x00, 0xfb, 0xb5, 0x1f, 0xf1, 0x3f, 0xc8, 0xf4, 0xf2,
    0xcf, 0x8e, 0x5e, 0x86, 0x85, 0x15, 0xf9, 0x71, 0xec, 0x85, 0x14, 0x01, 0xe1, 0xba, 0xf7, 0xfc,
    0x8c, 0x5a, 0x9f, 0xfd, 0x7d, 0xcb, 0xff, 0x00, 0xa1, 0x9a, 0xcf, 0xaf, 0xe8, 0x8c, 0x17, 0xfb,
    0xb5, 0x3f, 0xf0, 0xaf, 0xc8, 0xf9, 0x6a, 0x9f, 0x1b, 0xf5, 0x0a, 0x2b, 0xa4, 0x80, 0xaf, 0x72,
    0xd0, 0x7f, 0xe4, 0x5d, 0xd3, 0x3f, 0xeb, 0xd2, 0x2f, 0xfd, 0x00, 0x57, 0xe7, 0xfc, 0x7f, 0xfe,
    0xed, 0x47, 0xfc, 0x4f, 0xf2, 0x3d, 0x3c, 0xb3, 0xe3, 0x97, 0xa1, 0xa1, 0x45, 0x7e, 0x5c, 0x7b,
    0x21, 0x45, 0x00, 0x78, 0x6e, 0xbd, 0xff, 0x00, 0x23, 0x16, 0xa7, 0xff, 0x00, 0x5f, 0x72, 0xff,
    0x00, 0xe8, 0x66, 0xb3, 0xeb, 0xfa, 0x23, 0x05, 0xfe, 0xed, 0x4f, 0xfc, 0x2b, 0xf2, 0x3e, 0x5a,
    0xa7, 0xc6, 0xfd, 0x4f, 0xa0, 0xa8, 0xaf, 0xe7, 0x73, 0xea, 0x42, 0xbc, 0x37, 0x5e, 0xff, 0x00,
    0x91, 0x8b, 0x53, 0xff, 0x00, 0xaf, 0xb9, 0x7f, 0xf4, 0x33, 0x5f, 0x7f, 0xc0, 0x1f, 0xef, 0x35,
    0xbf, 0xc2, 0xbf, 0x33, 0xcc, 0xcc, 0xfe, 0x08, 0xfa, 0x99, 0xf4, 0x57, 0xea, 0x47, 0x8c, 0x14,
    0x50, 0x07, 0xb9, 0x68, 0x3f, 0xf2, 0x2e, 0xe9, 0x9f, 0xf5, 0xe9, 0x17, 0xfe, 0x80, 0x2b, 0x42,
    0xbf, 0x9d, 0xf1, 0x9f, 0xef, 0x35, 0x3f, 0xc4, 0xff, 0x00, 0x33, 0xea, 0xa9, 0xfc, 0x0b, 0xd0,
    0x28, 0xae, 0x62, 0x82, 0xbc, 0x37, 0x5e, 0xff, 0x00, 0x91, 0x8b, 0x53, 0xff, 0x00, 0xaf, 0xb9,
    0x7f, 0xf4, 0x33, 0x5f, 0x7f, 0xc0, 0x1f, 0xef, 0x35, 0xbf, 0xc2, 0xbf, 0x33, 0xcc, 0xcc, 0xfe,
    0x08, 0xfa, 0x99, 0xf4, 0x57, 0xea, 0x47, 0x8c, 0x14, 0x50, 0x07, 0xb9, 0x68, 0x3f, 0xf2, 0x2e,
    0xe9, 0x9f, 0xf5, 0xe9, 0x17, 0xfe, 0x80, 0x2b, 0x42, 0xbf, 0x9d, 0xf1, 0x9f, 0xef, 0x35, 0x3f,
    0xc4, 0xff, 0x00, 0x33, 0xea, 0xa9, 0xfc, 0x0b, 0xd0, 0x28, 0xae, 0x62, 0x82, 0xbc, 0x37, 0x5e,
    0xff, 0x00, 0x91, 0x8b, 0x53, 0xff, 0x00, 0xaf, 0xb9, 0x7f, 0xf4, 0x33, 0x5f, 0x7f, 0xc0, 0x1f,
    0xef, 0x35, 0xbf, 0xc2, 0xbf, 0x33, 0xcc, 0xcc, 0xfe, 0x08, 0xfa, 0x99, 0xf4, 0x57, 0xea, 0x47,
    0x8c, 0x14, 0x50, 0x07, 0xb9, 0x68, 0x3f, 0xf2, 0x2e, 0xe9, 0x9f, 0xf5, 0xe9, 0x17, 0xfe, 0x80,
    0x2b, 0x42, 0xbf, 0x9d, 0xf1, 0x9f, 0xef, 0x35, 0x3f, 0xc4, 0xff, 0x00, 0x33, 0xea, 0xa9, 0xfc,
    0x0b, 0xd0, 0x28, 0xae, 0x62, 0x82, 0xbc, 0x37, 0x5e, 0xff, 0x00, 0x91, 0x8b, 0x53, 0xff, 0x00,
    0xaf, 0xb9, 0x7f, 0xf4, 0x33, 0x5f, 0x7f, 0xc0, 0x1f, 0xef, 0x35, 0xbf, 0xc2, 0xbf, 0x33, 0xcc,
    0xcc, 0xfe, 0x08, 0xfa, 0x99, 0xf4, 0x57, 0xea, 0x47, 0x8c, 0x14, 0x50, 0x07, 0xb9, 0x68, 0x3f,
    0xf2, 0x2e, 0xe9, 0x9f, 0xf5, 0xe9, 0x17, 0xfe, 0x80, 0x2b, 0x42, 0xbf, 0x9d, 0xf1, 0x9f, 0xef,
    0x35, 0x3f, 0xc4, 0xff, 0x00, 0x33, 0xea, 0xa9, 0xfc, 0x0b, 0xd0, 0x28, 0xae, 0x62, 0x82, 0xbc,
    0x37, 0x5e, 0xff, 0x00, 0x91, 0x8b, 0x53, 0xff, 0x00, 0xaf, 0xb9, 0x7f, 0xf4, 0x33, 0x5f, 0x7f,
    0xc0, 0x1f, 0xef, 0x35, 0xbf, 0xc2, 0xbf, 0x33, 0xcc, 0xcc, 0xfe, 0x08, 0xfa, 0x99, 0xf4, 0x57,
    0xea, 0x47, 0x8c, 0x14, 0x50, 0x07, 0xb9, 0x68, 0x3f, 0xf2, 0x2e, 0xe9, 0x9f, 0xf5, 0xe9, 0x17,
    0xfe, 0x80, 0x2b, 0x42, 0xbf, 0x9d, 0xf1, 0x9f, 0xef, 0x35, 0x3f, 0xc4, 0xff, 0x00, 0x33, 0xea,
    0xa9, 0xfc, 0x0b, 0xd0, 0x28, 0xae, 0x62, 0x82, 0xbc, 0x37, 0x5e, 0xff, 0x00, 0x91, 0x8b, 0x53,
    0xff, 0x00, 0xaf, 0xb9, 0x7f, 0xf4, 0x33, 0x5f, 0x7f, 0xc0, 0x1f, 0xef, 0x35, 0xbf, 0xc2, 0xbf,
    0x33, 0xcc, 0xcc, 0xfe, 0x08, 0xfa, 0x99, 0xf4, 0x57, 0xea, 0x47, 0x8c, 0x14, 0x50, 0x07, 0xb9,
    0x68, 0x3f, 0xf2, 0x2e, 0xe9, 0x9f, 0xf5, 0xe9, 0x17, 0xfe, 0x80, 0x2b, 0x42, 0xbf, 0x9d, 0xf1,
    0x9f, 0xef, 0x35, 0x3f, 0xc4, 0xff, 0x00, 0x33, 0xea, 0xa9, 0xfc, 0x0b, 0xd0, 0x28, 0xae, 0x62,
    0x82, 0xbc, 0x37, 0x5e, 0xff, 0x00, 0x91, 0x8b, 0x53, 0xff, 0x00, 0xaf, 0xb9, 0x7f, 0xf4, 0x33,
    0x5f, 0x7f, 0xc0, 0x1f, 0xef, 0x35, 0xbf, 0xc2, 0xbf, 0x33, 0xcc, 0xcc, 0xfe, 0x08, 0xfa, 0x99,
    0xf4, 0x57, 0xea, 0x47, 0x8c, 0x14, 0x50, 0x07, 0xb9, 0x68, 0x3f, 0xf2, 0x2e, 0xe9, 0x9f, 0xf5,
    0xe9, 0x17, 0xfe, 0x80, 0x2b, 0x42, 0xbf, 0x9d, 0xf1, 0x9f, 0xef, 0x35, 0x3f, 0xc4, 0xff, 0x00,
    0x33, 0xea, 0xa9, 0xfc, 0x0b, 0xd0, 0x28, 0xae, 0x62, 0x82, 0xbc, 0x37, 0x5e, 0xff, 0x00, 0x91,
    0x8b, 0x53, 0xff, 0x00, 0xaf, 0xb9, 0x7f, 0xf4, 0x33, 0x5f, 0x7f, 0xc0, 0x1f, 0xef, 0x35, 0xbf,
    0xc2, 0xbf, 0x33, 0xcc, 0xcc, 0xfe, 0x08, 0xfa, 0x99, 0xf4, 0x57, 0xea, 0x47, 0x8c, 0x14, 0x50,
    0x07, 0xb9, 0x68, 0x3f, 0xf2, 0x2e, 0xe9, 0x9f, 0xf5, 0xe9, 0x17, 0xfe, 0x80, 0x2b, 0x42, 0xbf,
    0x9d, 0xf1, 0x9f, 0xef, 0x35, 0x3f, 0xc4, 0xff, 0x00, 0x33, 0xea, 0xa9, 0xfc, 0x0b, 0xd0, 0x28,
    0xae, 0x62, 0x82, 0xbc, 0x37, 0x5e, 0xff, 0x00, 0x91, 0x8b, 0x53, 0xff, 0x00, 0xaf, 0xb9, 0x7f,
    0xf4, 0x33, 0x5f, 0x7f, 0xc0, 0x1f, 0xef, 0x35, 0xbf, 0xc2, 0xbf, 0x33, 0xcc, 0xcc, 0xfe, 0x08,
    0xfa, 0x99, 0xf4, 0x57, 0xea, 0x47, 0x8c, 0x14, 0x50, 0x07, 0xb9, 0x68, 0x3f, 0xf2, 0x2e, 0xe9,
    0x9f, 0xf5, 0xe9, 0x17, 0xfe, 0x80, 0x2b, 0x42, 0xbf, 0x9d, 0xf1, 0x9f, 0xef, 0x35, 0x3f, 0xc4,
    0xff, 0x00, 0x33, 0xea, 0xa9, 0xfc, 0x0b, 0xd0, 0x28, 0xae, 0x62, 0x82, 0xbc, 0x37, 0x5e, 0xff,
    0x00, 0x91, 0x8b, 0x53, 0xff, 0x00, 0xaf, 0xb9, 0x7f, 0xf4, 0x33, 0x5f, 0x7f, 0xc0, 0x1f, 0xef,
    0x35, 0xbf, 0xc2, 0xbf, 0x33, 0xcc, 0xcc, 0xfe, 0x08, 0xfa, 0x99, 0xf4, 0x57, 0xea, 0x47, 0x8c,
    0x14, 0x50, 0x07, 0xb9, 0x68, 0x3f, 0xf2, 0x2e, 0xe9, 0x9f, 0xf5, 0xe9, 0x17, 0xfe, 0x80, 0x2b,
    0x42, 0xbf, 0x9d, 0xf1, 0x9f, 0xef, 0x35, 0x3f, 0xc4, 0xff, 0x00, 0x33, 0xea, 0xa9, 0xfc, 0x0b,
    0xd0, 0x28, 0xae, 0x62, 0x82, 0xbc, 0x37, 0x5e, 0xff, 0x00, 0x91, 0x8b, 0x53, 0xff, 0x00, 0xaf,
    0xb9, 0x7f, 0xf4, 0x33, 0x5f, 0x7f, 0xc0, 0x1f, 0xef, 0x35, 0xbf, 0xc2, 0xbf, 0x33, 0xcc, 0xcc,
    0xfe, 0x08, 0xfa, 0x99, 0xf4, 0x57, 0xea, 0x47, 0x8c, 0x14, 0x50, 0x07, 0xb9, 0x68, 0x3f, 0xf2,
    0x2e, 0xe9, 0x9f, 0xf5, 0xe9, 0x17, 0xfe, 0x80, 0x2b, 0x42, 0xbf, 0x9d, 0xf1, 0x9f, 0xef, 0x35,
    0x3f, 0xc4, 0xff, 0x00, 0x33, 0xea, 0xa9, 0xfc, 0x0b, 0xd0, 0x28, 0xae, 0x62, 0x82, 0xbc, 0x37,
    0x5e, 0xff, 0x00, 0x91, 0x8b, 0x53, 0xff, 0x00, 0xaf, 0xb9, 0x7f, 0xf4, 0x33, 0x5f, 0x7f, 0xc0,
    0x1f, 0xef, 0x35, 0xbf, 0xc2, 0xbf, 0x33, 0xcc, 0xcc, 0xfe, 0x08, 0xfa, 0x99, 0xf4, 0x57, 0xea,
    0x47, 0x8c, 0x14, 0x50, 0x07, 0xb9, 0x68, 0x3f, 0xf2, 0x2e, 0xe9, 0x9f, 0xf5, 0xe9, 0x17, 0xfe,
    0x80, 0x2b, 0x42, 0xbf, 0x9d, 0xf1, 0x9f, 0xef, 0x35, 0x3f, 0xc4, 0xff, 0x00, 0x33, 0xea, 0xa9,
    0xfc, 0x0b, 0xd0, 0x28, 0xae, 0x62, 0x82, 0xbc, 0x37, 0x5e, 0xff, 0x00, 0x91, 0x8b, 0x53, 0xff,
    0x00, 0xaf, 0xb9, 0x7f, 0xf4, 0x33, 0x5f, 0x7f, 0xc0, 0x1f, 0xef, 0x35, 0xbf, 0xc2, 0xbf, 0x33,
    0xcc, 0xcc, 0xfe, 0x08, 0xfa, 0x99, 0xf4, 0x57, 0xea, 0x47, 0x8c, 0x14, 0x50, 0x07, 0xb9, 0x68,
    0x3f, 0xf2, 0x2e, 0xe9, 0x9f, 0xf5, 0xe9, 0x17, 0xfe, 0x80, 0x2b, 0x42, 0xbf, 0x9d, 0xf1, 0x9f,
    0xef, 0x35, 0x3f, 0xc4, 0xff, 0x00, 0x33, 0xea, 0xa9, 0xfc, 0x0b, 0xd0, 0x28, 0xae, 0x62, 0x82,
    0xbc, 0x37, 0x5e, 0xff, 0x00, 0x91, 0x8b, 0x53, 0xff, 0x00, 0xaf, 0xb9, 0x7f, 0xf4, 0x33, 0x5f,
    0x7f, 0xc0, 0x1f, 0xef, 0x35, 0xbf, 0xc2, 0xbf, 0x33, 0xcc, 0xcc, 0xfe, 0x08, 0xfa, 0x99, 0xf4,
    0x57, 0xea, 0x47, 0x8c, 0x14, 0x50, 0x07, 0xb9, 0x68, 0x3f, 0xf2, 0x2e, 0xe9, 0x9f, 0xf5, 0xe9,
    0x17, 0xfe, 0x80, 0x2b, 0x42, 0xbf, 0x9d, 0xf1, 0x9f, 0xef, 0x35, 0x3f, 0xc4, 0xff, 0x00, 0x33,
    0xea, 0xa9, 0xfc, 0x0b, 0xd0, 0x28, 0xae, 0x62, 0x82, 0xbc, 0x37, 0x5e, 0xff, 0x00, 0x91, 0x8b,
    0x53, 0xff, 0x00, 0xaf, 0xb9, 0x7f, 0xf4, 0x33, 0x5f, 0x7f, 0xc0, 0x1f, 0xef, 0x35, 0xbf, 0xc2,
    0xbf, 0x33, 0xcc, 0xcc, 0xfe, 0x08, 0xfa, 0x99, 0xf4, 0x57, 0xea, 0x47, 0x8c, 0x14, 0x50, 0x07,
    0xb9, 0x68, 0x3f, 0xf2, 0x2e, 0xe9, 0x9f, 0xf5, 0xe9, 0x17, 0xfe, 0x80, 0x2b, 0x42, 0xbf, 0x9d,
    0xf1, 0x9f, 0xef, 0x35, 0x3f, 0xc4, 0xff, 0x00, 0x33, 0xea, 0xa9, 0xfc, 0x0b, 0xd0, 0x28, 0xae,
    0x62, 0x82, 0xbc, 0x37, 0x5e, 0xff, 0x00, 0x91, 0x8b, 0x53, 0xff, 0x00, 0xaf, 0xb9, 0x7f, 0xf4,
    0x33, 0x5f, 0x7f, 0xc0, 0x1f, 0xef, 0x35, 0xbf, 0xc2, 0xbf, 0x33, 0xcc, 0xcc, 0xfe, 0x08, 0xfa,
    0x99, 0xf4, 0x57, 0xea, 0x47, 0x8c, 0x14, 0x50, 0x07, 0xb9, 0x68, 0x3f, 0xf2, 0x2e, 0xe9, 0x9f,
    0xf5, 0xe9, 0x17, 0xfe, 0x80, 0x2b, 0x42, 0xbf, 0x9d, 0xf1, 0x9f, 0xef, 0x35, 0x3f, 0xc4, 0xff,
    0x00, 0x33, 0xea, 0xa9, 0xfc, 0x0b, 0xd0, 0x28, 0xae, 0x62, 0x82, 0xbc, 0x37, 0x5e, 0xff, 0x00,
    0x91, 0x8b, 0x53, 0xff, 0x00, 0xaf, 0xb9, 0x7f, 0xf4, 0x33, 0x5f, 0x7f, 0xc0, 0x1f, 0xef, 0x35,
    0xbf, 0xc2, 0xbf, 0x33, 0xcc, 0xcc, 0xfe, 0x08, 0xfa, 0x99, 0xf4, 0x57, 0xea, 0x47, 0x8c, 0x14,
    0x50, 0x07, 0xb9, 0x68, 0x3f, 0xf2, 0x2e, 0xe9, 0x9f, 0xf5, 0xe9, 0x17, 0xfe, 0x80, 0x2b, 0x42,
    0xbf, 0x9d, 0xf1, 0x9f, 0xef, 0x35, 0x3f, 0xc4, 0xff, 0x00, 0x33, 0xea, 0xa9, 0xfc, 0x0b, 0xd0,
    0x28, 0xae, 0x62, 0x82, 0xbc, 0x37, 0x5e, 0xff, 0x00, 0x91, 0x8b, 0x53, 0xff, 0x00, 0xaf, 0xb9,
    0x7f, 0xf4, 0x33, 0x5f, 0x7f, 0xc0, 0x1f, 0xef, 0x35, 0xbf, 0xc2, 0xbf, 0x33, 0xcc, 0xcc, 0xfe,
    0x08, 0xfa, 0x99, 0xf4, 0x57, 0xea, 0x47, 0x8c, 0x14, 0x50, 0x07, 0xb9, 0x68, 0x3f, 0xf2, 0x2e,
    0xe9, 0x9f, 0xf5, 0xe9, 0x17, 0xfe, 0x80, 0x2b, 0x42, 0xbf, 0x9d, 0xf1, 0x9f, 0xef, 0x35, 0x3f,
    0xc4, 0xff, 0x00, 0x33, 0xea, 0xa9, 0xfc, 0x0b, 0xd0, 0x28, 0xae, 0x62, 0x82, 0xbc, 0x37, 0x5e,
    0xff, 0x00, 0x91, 0x8b, 0x53, 0xff, 0x00, 0xaf, 0xb9, 0x7f, 0xf4, 0x33, 0x5f, 0x7f, 0xc0, 0x1f,
    0xef, 0x35, 0xbf, 0xc2, 0xbf, 0x33, 0xcc, 0xcc, 0xfe, 0x08, 0xfa, 0x99, 0xf4, 0x57, 0xea, 0x47,
    0x8c, 0x14, 0x50, 0x07, 0xb9, 0x68, 0x3f, 0xf2, 0x2e, 0xe9, 0x9f, 0xf5, 0xe9, 0x17, 0xfe, 0x80,
    0x2b, 0x42, 0xbf, 0x9d, 0xf1, 0x9f, 0xef, 0x35, 0x3f, 0xc4, 0xff, 0x00, 0x33, 0xea, 0xa9, 0xfc,
    0x0b, 0xd0, 0x28, 0xae, 0x62, 0x82, 0xbc, 0x37, 0x5e, 0xff, 0x00, 0x91, 0x8b, 0x53, 0xff, 0x00,
    0xaf, 0xb9, 0x7f, 0xf4, 0x33, 0x5f, 0x7f, 0xc0, 0x1f, 0xef, 0x35, 0xbf, 0xc2, 0xbf, 0x33, 0xcc,
    0xcc, 0xfe, 0x08, 0xfa, 0x99, 0xf4, 0x57, 0xea, 0x47, 0x8c, 0x14, 0x50, 0x07, 0xb9, 0x68, 0x3f,
    0xf2, 0x2e, 0xe9, 0x9f, 0xf5, 0xe9, 0x17, 0xfe, 0x80, 0x2b, 0x42, 0xbf, 0x9d, 0xf1, 0x9f, 0xef,
    0x35, 0x3f, 0xc4, 0xff, 0x00, 0x33, 0xea, 0xa9, 0xfc, 0x0b, 0xd0, 0xf9, 0xf6, 0x8a, 0xfe, 0x88,
    0x3e, 0x54, 0x2b, 0xdc, 0xb4, 0x1f, 0xf9, 0x17, 0x74, 0xcf, 0xfa, 0xf4, 0x8b, 0xff, 0x00, 0x40,
    0x15, 0xf9, 0xff, 0x00, 0x1f, 0xff, 0x00, 0xbb, 0x51, 0xff, 0x00, 0x13, 0xfc, 0x8f, 0x4f, 0x2c,
    0xf8, 0xe5, 0xe8, 0x68, 0x51, 0x5f, 0x97, 0x1e, 0xc8, 0x51, 0x40, 0x1e, 0x1b, 0xaf, 0x7f, 0xc8,
    0xc5, 0xa9, 0xff, 0x00, 0xd7, 0xdc, 0xbf, 0xfa, 0x19, 0xac, 0xfa, 0xfe, 0x88, 0xc1, 0x7f, 0xbb,
    0x53, 0xff, 0x00, 0x0a, 0xfc, 0x8f, 0x96, 0xa9, 0xf1, 0xbf, 0x50, 0xa2, 0xba, 0x48, 0x0a, 0xf7,
    0x2d, 0x07, 0xfe, 0x45, 0xdd, 0x33, 0xfe, 0xbd, 0x22, 0xff, 0x00, 0xd0, 0x05, 0x7e, 0x7f, 0xc7,
    0xff, 0x00, 0xee, 0xd4, 0x7f, 0xc4, 0xff, 0x00, 0x23, 0xd3, 0xcb, 0x3e, 0x39, 0x7a, 0x1a, 0x14,
    0x57, 0xe5, 0xc7, 0xb2, 0x14, 0x50, 0x07, 0x86, 0xeb, 0xdf, 0xf2, 0x31, 0x6a, 0x7f, 0xf5, 0xf7,
    0x2f, 0xfe, 0x86, 0x6b, 0x3e, 0xbf, 0xa2, 0x30, 0x5f, 0xee, 0xd4, 0xff, 0x00, 0xc2, 0xbf, 0x23,
    0xe5, 0xaa, 0x7c, 0x6f, 0xd4, 0x28, 0xae, 0x92, 0x02, 0xbd, 0xcb, 0x41, 0xff, 0x00, 0x91, 0x77,
    0x4c, 0xff, 0x00, 0xaf, 0x48, 0xbf, 0xf4, 0x01, 0x5f, 0x9f, 0xf1, 0xff, 0x00, 0xfb, 0xb5, 0x1f,
    0xf1, 0x3f, 0xc8, 0xf4, 0xf2, 0xcf, 0x8e, 0x5e, 0x86, 0x85, 0x15, 0xf9, 0x71, 0xec, 0x85, 0x14,
    0x01, 0xe1, 0xba, 0xf7, 0xfc, 0x8c, 0x5a, 0x9f, 0xfd, 0x7d, 0xcb, 0xff, 0x00, 0xa1, 0x9a, 0xcf,
    0xaf, 0xe8, 0x8c, 0x17, 0xfb, 0xb5, 0x3f, 0xf0, 0xaf, 0xc8, 0xf9, 0x6a, 0x9f, 0x1b, 0xf5, 0x0a,
    0x2b, 0xa4, 0x80, 0xaf, 0x72, 0xd0, 0x7f, 0xe4, 0x5d, 0xd3, 0x3f, 0xeb, 0xd2, 0x2f, 0xfd, 0x00,
    0x57, 0xe7, 0xfc, 0x7f, 0xfe, 0xed, 0x47, 0xfc, 0x4f, 0xf2, 0x3d, 0x3c, 0xb3, 0xe3, 0x97, 0xa1,
    0xa1, 0x45, 0x7e, 0x5c, 0x7b, 0x21, 0x45, 0x00, 0x78, 0x6e, 0xbd, 0xff, 0x00, 0x23, 0x16, 0xa7,
    0xff, 0x00, 0x5f, 0x72, 0xff, 0x00, 0xe8, 0x66, 0xb3, 0xeb, 0xfa, 0x23, 0x05, 0xfe, 0xed, 0x4f,
    0xfc, 0x2b, 0xf2, 0x3e, 0x5a, 0xa7, 0xc6, 0xfd, 0x42, 0x8a, 0xe9, 0x20, 0x2b, 0xdc, 0xb4, 0x1f,
    0xf9, 0x17, 0x74, 0xcf, 0xfa, 0xf4, 0x8b, 0xff, 0x00, 0x40, 0x15, 0xf9, 0xff, 0x00, 0x1f, 0xff,
    0x00, 0xbb, 0x51, 0xff, 0x00, 0x13, 0xfc, 0x8f, 0x4f, 0x2c, 0xf8, 0xe5, 0xe8, 0x68, 0x51, 0x5f,
    0x97, 0x1e, 0xc8, 0x51, 0x40, 0x1e, 0x1b, 0xaf, 0x7f, 0xc8, 0xc5, 0xa9, 0xff, 0x00, 0xd7, 0xdc,
    0xbf, 0xfa, 0x19, 0xac, 0xfa, 0xfe, 0x88, 0xc1, 0x7f, 0xbb, 0x53, 0xff, 0x00, 0x0a, 0xfc, 0x8f,
    0x96, 0xa9, 0xf1, 0xbf, 0x50, 0xa2, 0xba, 0x48, 0x0a, 0xf7, 0x2d, 0x07, 0xfe, 0x45, 0xdd, 0x33,
    0xfe, 0xbd, 0x22, 0xff, 0x00, 0xd0, 0x05, 0x7e, 0x7f, 0xc7, 0xff, 0x00, 0xee, 0xd4, 0x7f, 0xc4,
    0xff, 0x00, 0x23, 0xd3, 0xcb, 0x3e, 0x39, 0x7a, 0x1a, 0x14, 0x57, 0xe5, 0xc7, 0xb2, 0x14, 0x50,
    0x07, 0x86, 0xeb, 0xdf, 0xf2, 0x31, 0x6a, 0x7f, 0xf5, 0xf7, 0x2f, 0xfe, 0x86, 0x6b, 0x3e, 0xbf,
    0xa2, 0x30, 0x5f, 0xee, 0xd4, 0xff, 0x00, 0xc2, 0xbf, 0x23, 0xe5, 0xaa, 0x7c, 0x6f, 0xd4, 0x28,
    0xae, 0x92, 0x02, 0xbd, 0xcb, 0x41, 0xff, 0x00, 0x91, 0x77, 0x4c, 0xff, 0x00, 0xaf, 0x48, 0xbf,
    0xf4, 0x01, 0x5f, 0x9f, 0xf1, 0xff, 0x00, 0xfb, 0xb5, 0x1f, 0xf1, 0x3f, 0xc8, 0xf4, 0xf2, 0xcf,
    0x8e, 0x5e, 0x86, 0x85, 0x15, 0xf9, 0x71, 0xec, 0x85, 0x14, 0x01, 0xe1, 0xba, 0xf7, 0xfc, 0x8c,
    0x5a, 0x9f, 0xfd, 0x7d, 0xcb, 0xff, 0x00, 0xa1, 0x9a, 0xcf, 0xaf, 0xe8, 0x8c, 0x17, 0xfb, 0xb5,
    0x3f, 0xf0, 0xaf, 0xc8, 0xf9, 0x6a, 0x9f, 0x1b, 0xf5, 0x0a, 0x2b, 0xa4, 0x80, 0xaf, 0x72, 0xd0,
    0x7f, 0xe4, 0x5d, 0xd3, 0x3f, 0xeb, 0xd2, 0x2f, 0xfd, 0x00, 0x57, 0xe7, 0xfc, 0x7f, 0xfe, 0xed,
    0x47, 0xfc, 0x4f, 0xf2, 0x3d, 0x3c, 0xb3, 0xe3, 0x97, 0xa1, 0xa1, 0x45, 0x7e, 0x5c, 0x7b, 0x21,
    0x45, 0x00, 0x78, 0x6e, 0xbd, 0xff, 0x00, 0x23, 0x16, 0xa7, 0xff, 0x00, 0x5f, 0x72, 0xff, 0x00,
    0xe8, 0x66, 0xb3, 0xeb, 0xfa, 0x23, 0x05, 0xfe, 0xed, 0x4f, 0xfc, 0x2b, 0xf2, 0x3e, 0x5a, 0xa7,
    0xc6, 0xfd, 0x42, 0x8a, 0xe9, 0x20, 0x2b, 0xdc, 0xb4, 0x1f, 0xf9, 0x17, 0x74, 0xcf, 0xfa, 0xf4,
    0x8b, 0xff, 0x00, 0x40, 0x15, 0xf9, 0xff, 0x00, 0x1f, 0xff, 0x00, 0xbb, 0x51, 0xff, 0x00, 0x13,
    0xfc, 0x8f, 0x4f, 0x2c, 0xf8, 0xe5, 0xe8, 0x68, 0x51, 0x5f, 0x97, 0x1e, 0xc8, 0x51, 0x40, 0x1e,
    0x1b, 0xaf, 0x7f, 0xc8, 0xc5, 0xa9, 0xff, 0x00, 0xd7, 0xdc, 0xbf, 0xfa, 0x19, 0xac, 0xfa, 0xfe,
    0x88, 0xc1, 0x7f, 0xbb, 0x53, 0xff, 0x00, 0x0a, 0xfc, 0x8f, 0x96, 0xa9, 0xf1, 0xbf, 0x50, 0xa2,
    0xba, 0x48, 0x0a, 0xf7, 0x2d, 0x07, 0xfe, 0x45, 0xdd, 0x33, 0xfe, 0xbd, 0x22, 0xff, 0x00, 0xd0,
    0x05, 0x7e, 0x7f, 0xc7, 0xff, 0x00, 0xee, 0xd4, 0x7f, 0xc4, 0xff, 0x00, 0x23, 0xd3, 0xcb, 0x3e,
    0x39, 0x7a, 0x1a, 0x14, 0x57, 0xe5, 0xc7, 0xb2, 0x14, 0x50, 0x07, 0x86, 0xeb, 0xdf, 0xf2, 0x31,
    0x6a, 0x7f, 0xf5, 0xf7, 0x2f, 0xfe, 0x86, 0x6b, 0x3e, 0xbf, 0xa2, 0x30, 0x5f, 0xee, 0xd4, 0xff,
    0x00, 0xc2, 0xbf, 0x23, 0xe5, 0xaa, 0x7c, 0x6f, 0xd4, 0x28, 0xae, 0x92, 0x02, 0xbd, 0xcb, 0x41,
    0xff, 0x00, 0x91, 0x77, 0x4c, 0xff, 0x00, 0xaf, 0x48, 0xbf, 0xf4, 0x01, 0x5f, 0x9f, 0xf1, 0xff,
    0x00, 0xfb, 0xb5, 0x1f, 0xf1, 0x3f, 0xc8, 0xf4, 0xf2, 0xcf, 0x8e, 0x5e, 0x86, 0x85, 0x15, 0xf9,
    0x71, 0xec, 0x85, 0x14, 0x01, 0xe1, 0xba, 0xf7, 0xfc, 0x8c, 0x5a, 0x9f, 0xfd, 0x7d, 0xcb, 0xff,
    0x00, 0xa1, 0x9a, 0xcf, 0xaf, 0xe8, 0x8c, 0x17, 0xfb, 0xb5, 0x3f, 0xf0, 0xaf, 0xc8, 0xf9, 0x6a,
    0x9f, 0x1b, 0xf5, 0x0a, 0x2b, 0xa4, 0x80, 0xaf, 0x72, 0xd0, 0x7f, 0xe4, 0x5d, 0xd3, 0x3f, 0xeb,
    0xd2, 0x2f, 0xfd, 0x00, 0x57, 0xe7, 0xfc, 0x7f, 0xfe, 0xed, 0x47, 0xfc, 0x4f, 0xf2, 0x3d, 0x3c,
    0xb3, 0xe3, 0x97, 0xa1, 0xa1, 0x45, 0x7e, 0x5c, 0x7b, 0x21, 0x45, 0x00, 0x78, 0x6e, 0xbd, 0xff,
    0x00, 0x23, 0x16, 0xa7, 0xff, 0x00, 0x5f, 0x72, 0xff, 0x00, 0xe8, 0x66, 0xb3, 0xeb, 0xfa, 0x23,
    0x05, 0xfe, 0xed, 0x4f, 0xfc, 0x2b, 0xf2, 0x3e, 0x5a, 0xa7, 0xc6, 0xfd, 0x42, 0x8a, 0xe9, 0x20,
    0x2b, 0xdc, 0xb4, 0x1f, 0xf9, 0x17, 0x74, 0xcf, 0xfa, 0xf4, 0x8b, 0xff, 0x00, 0x40, 0x15, 0xf9,
    0xff, 0x00, 0x1f, 0xff, 0x00, 0xbb, 0x51, 0xff, 0x00, 0x13, 0xfc, 0x8f, 0x4f, 0x2c, 0xf8, 0xe5,
    0xe8, 0x68, 0x51, 0x5f, 0x97, 0x1e, 0xc8, 0x51, 0x40, 0x1e, 0x1b, 0xaf, 0x7f, 0xc8, 0xc5, 0xa9,
    0xff, 0x00, 0xd7, 0xdc, 0xbf, 0xfa, 0x19, 0xac, 0xfa, 0xfe, 0x88, 0xc1, 0x7f, 0xbb, 0x53, 0xff,
    0x00, 0x0a, 0xfc, 0x8f, 0x96, 0xa9, 0xf1, 0xbf, 0x50, 0xa2, 0xba, 0x48, 0x0a, 0xf7, 0x2d, 0x07,
    0xfe, 0x45, 0xdd, 0x33, 0xfe, 0xbd, 0x22, 0xff, 0x00, 0xd0, 0x05, 0x7e, 0x7f, 0xc7, 0xff, 0x00,
    0xee, 0xd4, 0x7f, 0xc4, 0xff, 0x00, 0x23, 0xd3, 0xcb, 0x3e, 0x39, 0x7a, 0x1a, 0x14, 0x57, 0xe5,
    0xc7, 0xb2, 0x14, 0x50, 0x07, 0x86, 0xeb, 0xdf, 0xf2, 0x31, 0x6a, 0x7f, 0xf5, 0xf7, 0x2f, 0xfe,
    0x86, 0x6b, 0x3e, 0xbf, 0xa2, 0x30, 0x5f, 0xee, 0xd4, 0xff, 0x00, 0xc2, 0xbf, 0x23, 0xe5, 0xaa,
    0x7c, 0x6f, 0xd4, 0x28, 0xae, 0x92, 0x02, 0xbd, 0xcb, 0x41, 0xff, 0x00, 0x91, 0x77, 0x4c, 0xff,
    0x00, 0xaf, 0x48, 0xbf, 0xf4, 0x01, 0x5f, 0x9f, 0xf1, 0xff, 0x00, 0xfb, 0xb5, 0x1f, 0xf1, 0x3f,
    0xc8, 0xf4, 0xf2, 0xcf, 0x8e, 0x5e, 0x86, 0x85, 0x15, 0xf9, 0x71, 0xec, 0x85, 0x14, 0x01, 0xe1,
    0xba, 0xf7, 0xfc, 0x8c, 0x5a, 0x9f, 0xfd, 0x7d, 0xcb, 0xff, 0x00, 0xa1, 0x9a, 0xcf, 0xaf, 0xe8,
    0x8c, 0x17, 0xfb, 0xb5, 0x3f, 0xf0, 0xaf, 0xc8, 0xf9, 0x6a, 0x9f, 0x1b, 0xf5, 0x0a, 0x2b, 0xa4,
    0x80, 0xaf, 0x72, 0xd0, 0x7f, 0xe4, 0x5d, 0xd3, 0x3f, 0xeb, 0xd2, 0x2f, 0xfd, 0x00, 0x57, 0xe7,
    0xfc, 0x7f, 0xfe, 0xed, 0x47, 0xfc, 0x4f, 0xf2, 0x3d, 0x3c, 0xb3, 0xe3, 0x97, 0xa1, 0xa1, 0x45,
    0x7e, 0x5c, 0x7b, 0x21, 0x45, 0x00, 0x78, 0x6e, 0xbd, 0xff, 0x00, 0x23, 0x16, 0xa7, 0xff, 0x00,
    0x5f, 0x72, 0xff, 0x00, 0xe8, 0x66, 0xb3, 0xeb, 0xfa, 0x23, 0x05, 0xfe, 0xed, 0x4f, 0xfc, 0x2b,
    0xf2, 0x3e, 0x5a, 0xa7, 0xc6, 0xfd, 0x42, 0x8a, 0xe9, 0x20, 0x2b, 0xdc, 0xb4, 0x1f, 0xf9, 0x17,
    0x74, 0xcf, 0xfa, 0xf4, 0x8b, 0xff, 0x00, 0x40, 0x15, 0xf9, 0xff, 0x00, 0x1f, 0xff, 0x00, 0xbb,
    0x51, 0xff, 0x00, 0x13, 0xfc, 0x8f, 0x4f, 0x2c, 0xf8, 0xe5, 0xe8, 0x68, 0x51, 0x5f, 0x97, 0x1e,
    0xc8, 0x51, 0x40, 0x1e, 0x1b, 0xaf, 0x7f, 0xc8, 0xc5, 0xa9, 0xff, 0x00, 0xd7, 0xdc, 0xbf, 0xfa,
    0x19, 0xac, 0xfa, 0xfe, 0x88, 0xc1, 0x7f, 0xbb, 0x53, 0xff, 0x00, 0x0a, 0xfc, 0x8f, 0x96, 0xa9,
    0xf1, 0xbf, 0x50, 0xa2, 0xba, 0x48, 0x0a, 0xf7, 0x2d, 0x07, 0xfe, 0x45, 0xdd, 0x33, 0xfe, 0xbd,
    0x22, 0xff, 0x00, 0xd0, 0x05, 0x7e, 0x7f, 0xc7, 0xff, 0x00, 0xee, 0xd4, 0x7f, 0xc4, 0xff, 0x00,
    0x23, 0xd3, 0xcb, 0x3e, 0x39, 0x7a, 0x1a, 0x14, 0x57, 0xe5, 0xc7, 0xb2, 0x14, 0x50, 0x07, 0x86,
    0xeb, 0xdf, 0xf2, 0x31, 0x6a, 0x7f, 0xf5, 0xf7, 0x2f, 0xfe, 0x86, 0x6b, 0x3e, 0xbf, 0xa2, 0x30,
    0x5f, 0xee, 0xd4, 0xff, 0x00, 0xc2, 0xbf, 0x23, 0xe5, 0xaa, 0x7c, 0x6f, 0xd4, 0x28, 0xae, 0x92,
    0x02, 0xbd, 0xcb, 0x41, 0xff, 0x00, 0x91, 0x77, 0x4c, 0xff, 0x00, 0xaf, 0x48, 0xbf, 0xf4, 0x01,
    0x5f, 0x9f, 0xf1, 0xff, 0x00, 0xfb, 0xb5, 0x1f, 0xf1, 0x3f, 0xc8, 0xf4, 0xf2, 0xcf, 0x8e, 0x5e,
    0x86, 0x85, 0x15, 0xf9, 0x71, 0xec, 0x85, 0x14, 0x01, 0xe1, 0xba, 0xf7, 0xfc, 0x8c, 0x5a, 0x9f,
    0xfd, 0x7d, 0xcb, 0xff, 0x00, 0xa1, 0x9a, 0xcf, 0xaf, 0xe8, 0x8c, 0x17, 0xfb, 0xb5, 0x3f, 0xf0,
    0xaf, 0xc8, 0xf9, 0x6a, 0x9f, 0x1b, 0xf5, 0x0a, 0x2b, 0xa4, 0x80, 0xaf, 0x72, 0xd0, 0x7f, 0xe4,
    0x5d, 0xd3, 0x3f, 0xeb, 0xd2, 0x2f, 0xfd, 0x00, 0x57, 0xe7, 0xfc, 0x7f, 0xfe, 0xed, 0x47, 0xfc,
    0x4f, 0xf2, 0x3d, 0x3c, 0xb3, 0xe3, 0x97, 0xa1, 0xa1, 0x45, 0x7e, 0x5c, 0x7b, 0x21, 0x45, 0x00,
    0x78, 0x6e, 0xbd, 0xff, 0x00, 0x23, 0x16, 0xa7, 0xff, 0x00, 0x5f, 0x72, 0xff, 0x00, 0xe8, 0x66,
    0xb3, 0xeb, 0xfa, 0x23, 0x05, 0xfe, 0xed, 0x4f, 0xfc, 0x2b, 0xf2, 0x3e, 0x5a, 0xa7, 0xc6, 0xfd,
    0x4f, 0xa0, 0xa8, 0xaf, 0xe7, 0x73, 0xea, 0x42, 0xbc, 0x37, 0x5e, 0xff, 0x00, 0x91, 0x8b, 0x53,
    0xff, 0x00, 0xaf, 0xb9, 0x7f, 0xf4, 0x33, 0x5f, 0x7f, 0xc0, 0x1f, 0xef, 0x35, 0xbf, 0xc2, 0xbf,
    0x33, 0xcc, 0xcc, 0xfe, 0x08, 0xfa, 0x99, 0xf4, 0x57, 0xea, 0x47, 0x8c, 0x14, 0x50, 0x07, 0xb9,
    0x68, 0x3f, 0xf2, 0x2e, 0xe9, 0x9f, 0xf5, 0xe9, 0x17, 0xfe, 0x80, 0x2b, 0x42, 0xbf, 0x9d, 0xf1,
    0x9f, 0xef, 0x35, 0x3f, 0xc4, 0xff, 0x00, 0x33, 0xea, 0xa9, 0xfc, 0x0b, 0xd0, 0x28, 0xae, 0x62,
    0x82, 0xbc, 0x37, 0x5e, 0xff, 0x00, 0x91, 0x8b, 0x53, 0xff, 0x00, 0xaf, 0xb9, 0x7f, 0xf4, 0x33,
    0x5f, 0x7f, 0xc0, 0x1f, 0xef, 0x35, 0xbf, 0xc2, 0xbf, 0x33, 0xcc, 0xcc, 0xfe, 0x08, 0xfa, 0x99,
    0xf4, 0x57, 0xea, 0x47, 0x8c, 0x14, 0x50, 0x07, 0xb9, 0x68, 0x3f, 0xf2, 0x2e, 0xe9, 0x9f, 0xf5,
    0xe9, 0x17, 0xfe, 0x80, 0x2b, 0x42, 0xbf, 0x9d, 0xf1, 0x9f, 0xef, 0x35, 0x3f, 0xc4, 0xff, 0x00,
    0x33, 0xea, 0xa9, 0xfc, 0x0b, 0xd0, 0x28, 0xae, 0x62, 0x82, 0xbc, 0x37, 0x5e, 0xff, 0x00, 0x91,
    0x8b, 0x53, 0xff, 0x00, 0xaf, 0xb9, 0x7f, 0xf4, 0x33, 0x5f, 0x7f, 0xc0, 0x1f, 0xef, 0x35, 0xbf,
    0xc2, 0xbf, 0x33, 0xcc, 0xcc, 0xfe, 0x08, 0xfa, 0x99, 0xf4, 0x57, 0xea, 0x47, 0x8c, 0x14, 0x50,
    0x07, 0xb9, 0x68, 0x3f, 0xf2, 0x2e, 0xe9, 0x9f, 0xf5, 0xe9, 0x17, 0xfe, 0x80, 0x2b, 0x42, 0xbf,
    0x9d, 0xf1, 0x9f, 0xef, 0x35, 0x3f, 0xc4, 0xff, 0x00, 0x33, 0xea, 0xa9, 0xfc, 0x0b, 0xd0, 0x28,
    0xae, 0x62, 0x82, 0xbc, 0x37, 0x5e, 0xff, 0x00, 0x91, 0x8b, 0x53, 0xff, 0x00, 0xaf, 0xb9, 0x7f,
    0xf4, 0x33, 0x5f, 0x7f, 0xc0, 0x1f, 0xef, 0x35, 0xbf, 0xc2, 0xbf, 0x33, 0xcc, 0xcc, 0xfe, 0x08,
    0xfa, 0x99, 0xf4, 0x57, 0xea, 0x47, 0x8c, 0x14, 0x50, 0x07, 0xb9, 0x68, 0x3f, 0xf2, 0x2e, 0xe9,
    0x9f, 0xf5, 0xe9, 0x17, 0xfe, 0x80, 0x2b, 0x42, 0xbf, 0x9d, 0xf1, 0x9f, 0xef, 0x35, 0x3f, 0xc4,
    0xff, 0x00, 0x33, 0xea, 0xa9, 0xfc, 0x0b, 0xd0, 0x28, 0xae, 0x62, 0x82, 0xbc, 0x37, 0x5e, 0xff,
    0x00, 0x91, 0x8b, 0x53, 0xff, 0x00, 0xaf, 0xb9, 0x7f, 0xf4, 0x33, 0x5f, 0x7f, 0xc0, 0x1f, 0xef,
    0x35, 0xbf, 0xc2, 0xbf, 0x33, 0xcc, 0xcc, 0xfe, 0x08, 0xfa, 0x99, 0xf4, 0x57, 0xea, 0x47, 0x8c,
    0x14, 0x50, 0x07, 0xb9, 0x68, 0x3f, 0xf2, 0x2e, 0xe9, 0x9f, 0xf5, 0xe9, 0x17, 0xfe, 0x80, 0x2b,
    0x42, 0xbf, 0x9d, 0xf1, 0x9f, 0xef, 0x35, 0x3f, 0xc4, 0xff, 0x00, 0x33, 0xea, 0xa9, 0xfc, 0x0b,
    0xd0, 0x28, 0xae, 0x62, 0x82, 0xbc, 0x37, 0x5e, 0xff, 0x00, 0x91, 0x8b, 0x53, 0xff, 0x00, 0xaf,
    0xb9, 0x7f, 0xf4, 0x33, 0x5f, 0x7f, 0xc0, 0x1f, 0xef, 0x35, 0xbf, 0xc2, 0xbf, 0x33, 0xcc, 0xcc,
    0xfe, 0x08, 0xfa, 0x99, 0xf4, 0x57, 0xea, 0x47, 0x8c, 0x14, 0x50, 0x07, 0xb9, 0x68, 0x3f, 0xf2,
    0x2e, 0xe9, 0x9f, 0xf5, 0xe9, 0x17, 0xfe, 0x80, 0x2b, 0x42, 0xbf, 0x9d, 0xf1, 0x9f, 0xef, 0x35,
    0x3f, 0xc4, 0xff, 0x00, 0x33, 0xea, 0xa9, 0xfc, 0x0b, 0xd0, 0x28, 0xae, 0x62, 0x82, 0xbc, 0x37,
    0x5e, 0xff, 0x00, 0x91, 0x8b, 0x53, 0xff, 0x00, 0xaf, 0xb9, 0x7f, 0xf4, 0x33, 0x5f, 0x7f, 0xc0,
    0x1f, 0xef, 0x35, 0xbf, 0xc2, 0xbf, 0x33, 0xcc, 0xcc, 0xfe, 0x08, 0xfa, 0x99, 0xf4, 0x57, 0xea,
    0x47, 0x8c, 0x14, 0x50, 0x07, 0xb9, 0x68, 0x3f, 0xf2, 0x2e, 0xe9, 0x9f, 0xf5, 0xe9, 0x17, 0xfe,
    0x80, 0x2b, 0x42, 0xbf, 0x9d, 0xf1, 0x9f, 0xef, 0x35, 0x3f, 0xc4, 0xff, 0x00, 0x33, 0xea, 0xa9,
    0xfc, 0x0b, 0xd0, 0x28, 0xae, 0x62, 0x82, 0xbc, 0x37, 0x5e, 0xff, 0x00, 0x91, 0x8b, 0x53, 0xff,
    0x00, 0xaf, 0xb9, 0x7f, 0xf4, 0x33, 0x5f, 0x7f, 0xc0, 0x1f, 0xef, 0x35, 0xbf, 0xc2, 0xbf, 0x33,
    0xcc, 0xcc, 0xfe, 0x08, 0xfa, 0x99, 0xf4, 0x57, 0xea, 0x47, 0x8c, 0x14, 0x50, 0x07, 0xb9, 0x68,
    0x3f, 0xf2, 0x2e, 0xe9, 0x9f, 0xf5, 0xe9, 0x17, 0xfe, 0x80, 0x2b, 0x42, 0xbf, 0x9d, 0xf1, 0x9f,
    0xef, 0x35, 0x3f, 0xc4, 0xff, 0x00, 0x33, 0xea, 0xa9, 0xfc, 0x0b, 0xd0, 0x28, 0xae, 0x62, 0x82,
    0xbc, 0x37, 0x5e, 0xff, 0x00, 0x91, 0x8b, 0x53, 0xff, 0x00, 0xaf, 0xb9, 0x7f, 0xf4, 0x33, 0x5f,
    0x7f, 0xc0, 0x1f, 0xef, 0x35, 0xbf, 0xc2, 0xbf, 0x33, 0xcc, 0xcc, 0xfe, 0x08, 0xfa, 0x99, 0xf4,
    0x57, 0xea, 0x47, 0x8c, 0x14, 0x50, 0x07, 0xb9, 0x68, 0x3f, 0xf2, 0x2e, 0xe9, 0x9f, 0xf5, 0xe9,
    0x17, 0xfe, 0x80, 0x2b, 0x42, 0xbf, 0x9d, 0xf1, 0x9f, 0xef, 0x35, 0x3f, 0xc4, 0xff, 0x00, 0x33,
    0xea, 0xa9, 0xfc, 0x0b, 0xd0, 0x28, 0xae, 0x62, 0x82, 0xbc, 0x37, 0x5e, 0xff, 0x00, 0x91, 0x8b,
    0x53, 0xff, 0x00, 0xaf, 0xb9, 0x7f, 0xf4, 0x33, 0x5f, 0x7f, 0xc0, 0x1f, 0xef, 0x35, 0xbf, 0xc2,
    0xbf, 0x33, 0xcc, 0xcc, 0xfe, 0x08, 0xfa, 0x99, 0xf4, 0x57, 0xea, 0x47, 0x8c, 0x14, 0x50, 0x07,
    0xb9, 0x68, 0x3f, 0xf2, 0x2e, 0xe9, 0x9f, 0xf5, 0xe9, 0x17, 0xfe, 0x80, 0x2b, 0x42, 0xbf, 0x9d,
    0xf1, 0x9f, 0xef, 0x35, 0x3f, 0xc4, 0xff, 0x00, 0x33, 0xea, 0xa9, 0xfc, 0x0b, 0xd0, 0x28, 0xae,
    0x62, 0x82, 0xbc, 0x37, 0x5e, 0xff, 0x00, 0x91, 0x8b, 0x53, 0xff, 0x00, 0xaf, 0xb9, 0x7f, 0xf4,
    0x33, 0x5f, 0x7f, 0xc0, 0x1f, 0xef, 0x35, 0xbf, 0xc2, 0xbf, 0x33, 0xcc, 0xcc, 0xfe, 0x08, 0xfa,
    0x99, 0xf4, 0x57, 0xea, 0x47, 0x8c, 0x14, 0x50, 0x07, 0xb9, 0x68, 0x3f, 0xf2, 0x2e, 0xe9, 0x9f,
    0xf5, 0xe9, 0x17, 0xfe, 0x80, 0x2b, 0x42, 0xbf, 0x9d, 0xf1, 0x9f, 0xef, 0x35, 0x3f, 0xc4, 0xff,
    0x00, 0x33, 0xea, 0xa9, 0xfc, 0x0b, 0xd0, 0x28, 0xae, 0x62, 0x82, 0xbc, 0x37, 0x5e, 0xff, 0x00,
    0x91, 0x8b, 0x53, 0xff, 0x00, 0xaf, 0xb9, 0x7f, 0xf4, 0x33, 0x5f, 0x7f, 0xc0, 0x1f, 0xef, 0x35,
    0xbf, 0xc2, 0xbf, 0x33, 0xcc, 0xcc, 0xfe, 0x08, 0xfa, 0x99, 0xf4, 0x57, 0xea, 0x47, 0x8c, 0x14,
    0x50, 0x07, 0xb9, 0x68, 0x3f, 0xf2, 0x2e, 0xe9, 0x9f, 0xf5, 0xe9, 0x17, 0xfe, 0x80, 0x2b, 0x42,
    0xbf, 0x9d, 0xf1, 0x9f, 0xef, 0x35, 0x3f, 0xc4, 0xff, 0x00, 0x33, 0xea, 0xa9, 0xfc, 0x0b, 0xd0,
    0x28, 0xae, 0x62, 0x82, 0xbc, 0x37, 0x5e, 0xff, 0x00, 0x91, 0x8b, 0x53, 0xff, 0x00, 0xaf, 0xb9,
    0x7f, 0xf4, 0x33, 0x5f, 0x7f, 0xc0, 0x1f, 0xef, 0x35, 0xbf, 0xc2, 0xbf, 0x33, 0xcc, 0xcc, 0xfe,
    0x08, 0xfa, 0x99, 0xf4, 0x57, 0xea, 0x47, 0x8c, 0x14, 0x50, 0x07, 0xb9, 0x68, 0x3f, 0xf2, 0x2e,
    0xe9, 0x9f, 0xf5, 0xe9, 0x17, 0xfe, 0x80, 0x2b, 0x42, 0xbf, 0x9d, 0xf1, 0x9f, 0xef, 0x35, 0x3f,
    0xc4, 0xff, 0x00, 0x33, 0xea, 0xa9, 0xfc, 0x0b, 0xd0, 0x28, 0xae, 0x62, 0x82, 0xbc, 0x37, 0x5e,
    0xff, 0x00, 0x91, 0x8b, 0x53, 0xff, 0x00, 0xaf, 0xb9, 0x7f, 0xf4, 0x33, 0x5f, 0x7f, 0xc0, 0x1f,
    0xef, 0x35, 0xbf, 0xc2, 0xbf, 0x33, 0xcc, 0xcc, 0xfe, 0x08, 0xfa, 0x99, 0xf4, 0x57, 0xea, 0x47,
    0x8c, 0x14, 0x50, 0x07, 0xb9, 0x68, 0x3f, 0xf2, 0x2e, 0xe9, 0x9f, 0xf5, 0xe9, 0x17, 0xfe, 0x80,
    0x2b, 0x42, 0xbf, 0x9d, 0xf1, 0x9f, 0xef, 0x35, 0x3f, 0xc4, 0xff, 0x00, 0x33, 0xea, 0xa9, 0xfc,
    0x0b, 0xd0, 0x28, 0xae, 0x62, 0x82, 0xbc, 0x37, 0x5e, 0xff, 0x00, 0x91, 0x8b, 0x53, 0xff, 0x00,
    0xaf, 0xb9, 0x7f, 0xf4, 0x33, 0x5f, 0x7f, 0xc0, 0x1f, 0xef, 0x35, 0xbf, 0xc2, 0xbf, 0x33, 0xcc,
    0xcc, 0xfe, 0x08, 0xfa, 0x99, 0xf4, 0x57, 0xea, 0x47, 0x8c, 0x14, 0x50, 0x07, 0xb9, 0x68, 0x3f,
    0xf2, 0x2e, 0xe9, 0x9f, 0xf5, 0xe9, 0x17, 0xfe, 0x80, 0x2b, 0x42, 0xbf, 0x9d, 0xf1, 0x9f, 0xef,
    0x35, 0x3f, 0xc4, 0xff, 0x00, 0x33, 0xea, 0xa9, 0xfc, 0x0b, 0xd0, 0x28, 0xae, 0x62, 0x82, 0xbc,
    0x37, 0x5e, 0xff, 0x00, 0x91, 0x8b, 0x53, 0xff, 0x00, 0xaf, 0xb9, 0x7f, 0xf4, 0x33, 0x5f, 0x7f,
    0xc0, 0x1f, 0xef, 0x35, 0xbf, 0xc2, 0xbf, 0x33, 0xcc, 0xcc, 0xfe, 0x08, 0xfa, 0x99, 0xf4, 0x57,
    0xea, 0x47, 0x8c, 0x14, 0x50, 0x07, 0xb9, 0x68, 0x3f, 0xf2, 0x2e, 0xe9, 0x9f, 0xf5, 0xe9, 0x17,
    0xfe, 0x80, 0x2b, 0x42, 0xbf, 0x9d, 0xf1, 0x9f, 0xef, 0x35, 0x3f, 0xc4, 0xff, 0x00, 0x33, 0xea,
    0xa9, 0xfc, 0x0b, 0xd0, 0x28, 0xae, 0x62, 0x82, 0xbc, 0x37, 0x5e, 0xff, 0x00, 0x91, 0x8b, 0x53,
    0xff, 0x00, 0xaf, 0xb9, 0x7f, 0xf4, 0x33, 0x5f, 0x7f, 0xc0, 0x1f, 0xef, 0x35, 0xbf, 0xc2, 0xbf,
    0x33, 0xcc, 0xcc, 0xfe, 0x08, 0xfa, 0x99, 0xf4, 0x57, 0xea, 0x47, 0x8c, 0x14, 0x50, 0x07, 0xb9,
    0x68, 0x3f, 0xf2, 0x2e, 0xe9, 0x9f, 0xf5, 0xe9, 0x17, 0xfe, 0x80, 0x2b, 0x42, 0xbf, 0x9d, 0xf1,
    0x9f, 0xef, 0x35, 0x3f, 0xc4, 0xff, 0x00, 0x33, 0xea, 0xa9, 0xfc, 0x0b, 0xd0, 0x28, 0xae, 0x62,
    0x82, 0xbc, 0x37, 0x5e, 0xff, 0x00, 0x91, 0x8b, 0x53, 0xff, 0x00, 0xaf, 0xb9, 0x7f, 0xf4, 0x33,
    0x5f, 0x7f, 0xc0, 0x1f, 0xef, 0x35, 0xbf, 0xc2, 0xbf, 0x33, 0xcc, 0xcc, 0xfe, 0x08, 0xfa, 0x99,
    0xf4, 0x57, 0xea, 0x47, 0x8c, 0x14, 0x50, 0x07, 0xb9, 0x68, 0x3f, 0xf2, 0x2e, 0xe9, 0x9f, 0xf5,
    0xe9, 0x17, 0xfe, 0x80, 0x2b, 0x42, 0xbf, 0x9d, 0xf1, 0x9f, 0xef, 0x35, 0x3f, 0xc4, 0xff, 0x00,
    0x33, 0xea, 0xa9, 0xfc, 0x0b, 0xd0, 0x28, 0xae, 0x62, 0x82, 0xbc, 0x37, 0x5e, 0xff, 0x00, 0x91,
    0x8b, 0x53, 0xff, 0x00, 0xaf, 0xb9, 0x7f, 0xf4, 0x33, 0x5f, 0x7f, 0xc0, 0x1f, 0xef, 0x35, 0xbf,
    0xc2, 0xbf, 0x33, 0xcc, 0xcc, 0xfe, 0x08, 0xfa, 0x99, 0xf4, 0x57, 0xea, 0x47, 0x8c, 0x14, 0x50,
    0x07, 0xb9, 0x68, 0x3f, 0xf2, 0x2e, 0xe9, 0x9f, 0xf5, 0xe9, 0x17, 0xfe, 0x80, 0x2b, 0x42, 0xbf,
    0x9d, 0xf1, 0x9f, 0xef, 0x35, 0x3f, 0xc4, 0xff, 0x00, 0x33, 0xea, 0xa9, 0xfc, 0x0b, 0xd0, 0x28,
    0xae, 0x62, 0x82, 0xbc, 0x37, 0x5e, 0xff, 0x00, 0x91, 0x8b, 0x53, 0xff, 0x00, 0xaf, 0xb9, 0x7f,
    0xf4, 0x33, 0x5f, 0x7f, 0xc0, 0x1f, 0xef, 0x35, 0xbf, 0xc2, 0xbf, 0x33, 0xcc, 0xcc, 0xfe, 0x08,
    0xfa, 0x99, 0xf4, 0x57, 0xea, 0x47, 0x8c, 0x14, 0x50, 0x07, 0xb9, 0x68, 0x3f, 0xf2, 0x2e, 0xe9,
    0x9f, 0xf5, 0xe9, 0x17, 0xfe, 0x80, 0x2b, 0x42, 0xbf, 0x9d, 0xf1, 0x9f, 0xef, 0x35, 0x3f, 0xc4,
    0xff, 0x00, 0x33, 0xea, 0xa9, 0xfc, 0x0b, 0xd0, 0xf9, 0xf6, 0x8a, 0xfe, 0x88, 0x3e, 0x54, 0x2b,
    0xdc, 0xb4, 0x1f, 0xf9, 0x17, 0x74, 0xcf, 0xfa, 0xf4, 0x8b, 0xff, 0x00, 0x40, 0x15, 0xf9, 0xff,
    0x00, 0x1f, 0xff, 0x00, 0xbb, 0x51, 0xff, 0x00, 0x13, 0xfc, 0x8f, 0x4f, 0x2c, 0xf8, 0xe5, 0xe8,
    0x68, 0x51, 0x5f, 0x97, 0x1e, 0xc8, 0x51, 0x40, 0x1e, 0x1b, 0xaf, 0x7f, 0xc8, 0xc5, 0xa9, 0xff,
    0x00, 0xd7, 0xdc, 0xbf, 0xfa, 0x19, 0xac, 0xfa, 0xfe, 0x88, 0xc1, 0x7f, 0xbb, 0x53, 0xff, 0x00,
    0x0a, 0xfc, 0x8f, 0x96, 0xa9, 0xf1, 0xbf, 0x50, 0xa2, 0xba, 0x48, 0x0a, 0xf7, 0x2d, 0x07, 0xfe,
    0x45, 0xdd, 0x33, 0xfe, 0xbd, 0x22, 0xff, 0x00, 0xd0, 0x05, 0x7e, 0x7f, 0xc7, 0xff, 0x00, 0xee,
    0xd4, 0x7f, 0xc4, 0xff, 0x00, 0x23, 0xd3, 0xcb, 0x3e, 0x39, 0x7a, 0x1a, 0x14, 0x57, 0xe5, 0xc7,
    0xb2, 0x14, 0x50, 0x07, 0x86, 0xeb, 0xdf, 0xf2, 0x31, 0x6a, 0x7f, 0xf5, 0xf7, 0x2f, 0xfe, 0x86,
    0x6b, 0x3e, 0xbf, 0xa2, 0x30, 0x5f, 0xee, 0xd4, 0xff, 0x00, 0xc2, 0xbf, 0x23, 0xe5, 0xaa, 0x7c,
    0x6f, 0xd4, 0x28, 0xae, 0x92, 0x02, 0xbd, 0xcb, 0x41, 0xff, 0x00, 0x91, 0x77, 0x4c, 0xff, 0x00,
    0xaf, 0x48, 0xbf, 0xf4, 0x01, 0x5f, 0x9f, 0xf1, 0xff, 0x00, 0xfb, 0xb5, 0x1f, 0xf1, 0x3f, 0xc8,
    0xf4, 0xf2, 0xcf, 0x8e, 0x5e, 0x86, 0x85, 0x15, 0xf9, 0x71, 0xec, 0x85, 0x14, 0x01, 0xe1, 0xba,
    0xf7, 0xfc, 0x8c, 0x5a, 0x9f, 0xfd, 0x7d, 0xcb, 0xff, 0x00, 0xa1, 0x9a, 0xcf, 0xaf, 0xe8, 0x8c,
    0x17, 0xfb, 0xb5, 0x3f, 0xf0, 0xaf, 0xc8, 0xf9, 0x6a, 0x9f, 0x1b, 0xf5, 0x0a, 0x2b, 0xa4, 0x80,
    0xaf, 0x72, 0xd0, 0x7f, 0xe4, 0x5d, 0xd3, 0x3f, 0xeb, 0xd2, 0x2f, 0xfd, 0x00, 0x57, 0xe7, 0xfc,
    0x7f, 0xfe, 0xed, 0x47, 0xfc, 0x4f, 0xf2, 0x3d, 0x3c, 0xb3, 0xe3, 0x97, 0xa1, 0xa1, 0x45, 0x7e,
    0x5c, 0x7b, 0x21, 0x45, 0x00, 0x78, 0x6e, 0xbd, 0xff, 0x00, 0x23, 0x16, 0xa7, 0xff, 0x00, 0x5f,
    0x72, 0xff, 0x00, 0xe8, 0x66, 0xb3, 0xeb, 0xfa, 0x23, 0x05, 0xfe, 0xed, 0x4f, 0xfc, 0x2b, 0xf2,
    0x3e, 0x5a, 0xa7, 0xc6, 0xfd, 0x42, 0x8a, 0xe9, 0x20, 0x2b, 0xdc, 0xb4, 0x1f, 0xf9, 0x17, 0x74,
    0xcf, 0xfa, 0xf4, 0x8b, 0xff, 0x00, 0x40, 0x15, 0xf9, 0xff, 0x00, 0x1f, 0xff, 0x00, 0xbb, 0x51,
    0xff, 0x00, 0x13, 0xfc, 0x8f, 0x4f, 0x2c, 0xf8, 0xe5, 0xe8, 0x68, 0x51, 0x5f, 0x97, 0x1e, 0xc8,
    0x51, 0x40, 0x1e, 0x1b, 0xaf, 0x7f, 0xc8, 0xc5, 0xa9, 0xff, 0x00, 0xd7, 0xdc, 0xbf, 0xfa, 0x19,
    0xac, 0xfa, 0xfe, 0x88, 0xc1, 0x7f, 0xbb, 0x53, 0xff, 0x00, 0x0a, 0xfc, 0x8f, 0x96, 0xa9, 0xf1,
    0xbf, 0x50, 0xa2, 0xba, 0x48, 0x0a, 0xf7, 0x2d, 0x07, 0xfe, 0x45, 0xdd, 0x33, 0xfe, 0xbd, 0x22,
    0xff, 0x00, 0xd0, 0x05, 0x7e, 0x7f, 0xc7, 0xff, 0x00, 0xee, 0xd4, 0x7f, 0xc4, 0xff, 0x00, 0x23,
    0xd3, 0xcb, 0x3e, 0x39, 0x7a, 0x1a, 0x14, 0x57, 0xe5, 0xc7, 0xb2, 0x14, 0x50, 0x07, 0x86, 0xeb,
    0xdf, 0xf2, 0x31, 0x6a, 0x7f, 0xf5, 0xf7, 0x2f, 0xfe, 0x86, 0x6b, 0x3e, 0xbf, 0xa2, 0x30, 0x5f,
    0xee, 0xd4, 0xff, 0x00, 0xc2, 0xbf, 0x23, 0xe5, 0xaa, 0x7c, 0x6f, 0xd4, 0x28, 0xae, 0x92, 0x02,
    0xbd, 0xcb, 0x41, 0xff, 0x00, 0x91, 0x77, 0x4c, 0xff, 0x00, 0xaf, 0x48, 0xbf, 0xf4, 0x01, 0x5f,
    0x9f, 0xf1, 0xff, 0x00, 0xfb, 0xb5, 0x1f, 0xf1, 0x3f, 0xc8, 0xf4, 0xf2, 0xcf, 0x8e, 0x5e, 0x86,
    0x85, 0x15, 0xf9, 0x71, 0xec, 0x85, 0x14, 0x01, 0xe1, 0xba, 0xf7, 0xfc, 0x8c, 0x5a, 0x9f, 0xfd,
    0x7d, 0xcb, 0xff, 0x00, 0xa1, 0x9a, 0xcf, 0xaf, 0xe8, 0x8c, 0x17, 0xfb, 0xb5, 0x3f, 0xf0, 0xaf,
    0xc8, 0xf9, 0x6a, 0x9f, 0x1b, 0xf5, 0x0a, 0x2b, 0xa4, 0x80, 0xaf, 0x72, 0xd0, 0x7f, 0xe4, 0x5d,
    0xd3, 0x3f, 0xeb, 0xd2, 0x2f, 0xfd, 0x00, 0x57, 0xe7, 0xfc, 0x7f, 0xfe, 0xed, 0x47, 0xfc, 0x4f,
    0xf2, 0x3d, 0x3c, 0xb3, 0xe3, 0x97, 0xa1, 0xa1, 0x45, 0x7e, 0x5c, 0x7b, 0x21, 0x45, 0x00, 0x78,
    0x6e, 0xbd, 0xff, 0x00, 0x23, 0x16, 0xa7, 0xff, 0x00, 0x5f, 0x72, 0xff, 0x00, 0xe8, 0x66, 0xb3,
    0xeb, 0xfa, 0x23, 0x05, 0xfe, 0xed, 0x4f, 0xfc, 0x2b, 0xf2, 0x3e, 0x5a, 0xa7, 0xc6, 0xfd, 0x42,
    0x8a, 0xe9, 0x20, 0x2b, 0xdc, 0xb4, 0x1f, 0xf9, 0x17, 0x74, 0xcf, 0xfa, 0xf4, 0x8b, 0xff, 0x00,
    0x40, 0x15, 0xf9, 0xff, 0x00, 0x1f, 0xff, 0x00, 0xbb, 0x51, 0xff, 0x00, 0x13, 0xfc, 0x8f, 0x4f,
    0x2c, 0xf8, 0xe5, 0xe8, 0x68, 0x51, 0x5f, 0x97, 0x1e, 0xc8, 0x51, 0x40, 0x1e, 0x1b, 0xaf, 0x7f,
    0xc8, 0xc5, 0xa9, 0xff, 0x00, 0xd7, 0xdc, 0xbf, 0xfa, 0x19, 0xac, 0xfa, 0xfe, 0x88, 0xc1, 0x7f,
    0xbb, 0x53, 0xff, 0x00, 0x0a, 0xfc, 0x8f, 0x96, 0xa9, 0xf1, 0xbf, 0x50, 0xa2, 0xba, 0x48, 0x0a,
    0xf7, 0x2d, 0x07, 0xfe, 0x45, 0xdd, 0x33, 0xfe, 0xbd, 0x22, 0xff, 0x00, 0xd0, 0x05, 0x7e, 0x7f,
    0xc7, 0xff, 0x00, 0xee, 0xd4, 0x7f, 0xc4, 0xff, 0x00, 0x23, 0xd3, 0xcb, 0x3e, 0x39, 0x7a, 0x1a,
    0x14, 0x57, 0xe5, 0xc7, 0xb2, 0x14, 0x50, 0x07, 0x86, 0xeb, 0xdf, 0xf2, 0x31, 0x6a, 0x7f, 0xf5,
    0xf7, 0x2f, 0xfe, 0x86, 0x6b, 0x3e, 0xbf, 0xa2, 0x30, 0x5f, 0xee, 0xd4, 0xff, 0x00, 0xc2, 0xbf,
    0x23, 0xe5, 0xaa, 0x7c, 0x6f, 0xd4, 0x28, 0xae, 0x92, 0x02, 0xbd, 0xcb, 0x41, 0xff, 0x00, 0x91,
    0x77, 0x4c, 0xff, 0x00, 0xaf, 0x48, 0xbf, 0xf4, 0x01, 0x5f, 0x9f, 0xf1, 0xff, 0x00, 0xfb, 0xb5,
    0x1f, 0xf1, 0x3f, 0xc8, 0xf4, 0xf2, 0xcf, 0x8e, 0x5e, 0x86, 0x85, 0x15, 0xf9, 0x71, 0xec, 0x85,
    0x14, 0x01, 0xe1, 0xba, 0xf7, 0xfc, 0x8c, 0x5a, 0x9f, 0xfd, 0x7d, 0xcb, 0xff, 0x00, 0xa1, 0x9a,
    0xcf, 0xaf, 0xe8, 0x8c, 0x17, 0xfb, 0xb5, 0x3f, 0xf0, 0xaf, 0xc8, 0xf9, 0x6a, 0x9f, 0x1b, 0xf5,
    0x0a, 0x2b, 0xa4, 0x80, 0xaf, 0x72, 0xd0, 0x7f, 0xe4, 0x5d, 0xd3, 0x3f, 0xeb, 0xd2, 0x2f, 0xfd,
    0x00, 0x57, 0xe7, 0xfc, 0x7f, 0xfe, 0xed, 0x47, 0xfc, 0x4f, 0xf2, 0x3d, 0x3c, 0xb3, 0xe3, 0x97,
    0xa1, 0xa1, 0x45, 0x7e, 0x5c, 0x7b, 0x21, 0x45, 0x00, 0x78, 0x6e, 0xbd, 0xff, 0x00, 0x23, 0x16,
    0xa7, 0xff, 0x00, 0x5f, 0x72, 0xff, 0x00, 0xe8, 0x66, 0xb3, 0xeb, 0xfa, 0x23, 0x05, 0xfe, 0xed,
    0x4f, 0xfc, 0x2b, 0xf2, 0x3e, 0x5a, 0xa7, 0xc6, 0xfd, 0x42, 0x8a, 0xe9, 0x20, 0x2b, 0xdc, 0xb4,
    0x1f, 0xf9, 0x17, 0x74, 0xcf, 0xfa, 0xf4, 0x8b, 0xff, 0x00, 0x40, 0x15, 0xf9, 0xff, 0x00, 0x1f,
    0xff, 0x00, 0xbb, 0x51, 0xff, 0x00, 0x13, 0xfc, 0x8f, 0x4f, 0x2c, 0xf8, 0xe5, 0xe8, 0x68, 0x51,
    0x5f, 0x97, 0x1e, 0xc8, 0x51, 0x40, 0x1e, 0x1b, 0xaf, 0x7f, 0xc8, 0xc5, 0xa9, 0xff, 0x00, 0xd7,
    0xdc, 0xbf, 0xfa, 0x19, 0xac, 0xfa, 0xfe, 0x88, 0xc1, 0x7f, 0xbb, 0x53, 0xff, 0x00, 0x0a, 0xfc,
    0x8f, 0x96, 0xa9, 0xf1, 0xbf, 0x50, 0xa2, 0xba, 0x48, 0x0a, 0xf7, 0x2d, 0x07, 0xfe, 0x45, 0xdd,
    0x33, 0xfe, 0xbd, 0x22, 0xff, 0x00, 0xd0, 0x05, 0x7e, 0x7f, 0xc7, 0xff, 0x00, 0xee, 0xd4, 0x7f,
    0xc4, 0xff, 0x00, 0x23, 0xd3, 0xcb, 0x3e, 0x39, 0x7a, 0x1a, 0x14, 0x57, 0xe5, 0xc7, 0xb2, 0x14,
    0x50, 0x07, 0x86, 0xeb, 0xdf, 0xf2, 0x31, 0x6a, 0x7f, 0xf5, 0xf7, 0x2f, 0xfe, 0x86, 0x6b, 0x3e,
    0xbf, 0xa2, 0x30, 0x5f, 0xee, 0xd4, 0xff, 0x00, 0xc2, 0xbf, 0x23, 0xe5, 0xaa, 0x7c, 0x6f, 0xd4,
    0x28, 0xae, 0x92, 0x02, 0xbd, 0xcb, 0x41, 0xff, 0x00, 0x91, 0x77, 0x4c, 0xff, 0x00, 0xaf, 0x48,
    0xbf, 0xf4, 0x01, 0x5f, 0x9f, 0xf1, 0xff, 0x00, 0xfb, 0xb5, 0x1f, 0xf1, 0x3f, 0xc8, 0xf4, 0xf2,
    0xcf, 0x8e, 0x5e, 0x86, 0x85, 0x15, 0xf9, 0x71, 0xec, 0x85, 0x14, 0x01, 0xe1, 0xba, 0xf7, 0xfc,
    0x8c, 0x5a, 0x9f, 0xfd, 0x7d, 0xcb, 0xff, 0x00, 0xa1, 0x9a, 0xcf, 0xaf, 0xe8, 0x8c, 0x17, 0xfb,
    0xb5, 0x3f, 0xf0, 0xaf, 0xc8, 0xf9, 0x6a, 0x9f, 0x1b, 0xf5, 0x0a, 0x2b, 0xa4, 0x80, 0xaf, 0x72,
    0xd0, 0x7f, 0xe4, 0x5d, 0xd3, 0x3f, 0xeb, 0xd2, 0x2f, 0xfd, 0x00, 0x57, 0xe7, 0xfc, 0x7f, 0xfe,
    0xed, 0x47, 0xfc, 0x4f, 0xf2, 0x3d, 0x3c, 0xb3, 0xe3, 0x97, 0xa1, 0xa1, 0x45, 0x7e, 0x5c, 0x7b,
    0x21, 0x45, 0x00, 0x78, 0x6e, 0xbd, 0xff, 0x00, 0x23, 0x16, 0xa7, 0xff, 0x00, 0x5f, 0x72, 0xff,
    0x00, 0xe8, 0x66, 0xb3, 0xeb, 0xfa, 0x23, 0x05, 0xfe, 0xed, 0x4f, 0xfc, 0x2b, 0xf2, 0x3e, 0x5a,
    0xa7, 0xc6, 0xfd, 0x42, 0x8a, 0xe9, 0x20, 0x2b, 0xdc, 0xb4, 0x1f, 0xf9, 0x17, 0x74, 0xcf, 0xfa,
    0xf4, 0x8b, 0xff, 0x00, 0x40, 0x15, 0xf9, 0xff, 0x00, 0x1f, 0xff, 0x00, 0xbb, 0x51, 0xff, 0x00,
    0x13, 0xfc, 0x8f, 0x4f, 0x2c, 0xf8, 0xe5, 0xe8, 0x68, 0x51, 0x5f, 0x97, 0x1e, 0xc8, 0x51, 0x40,
    0x1e, 0x1b, 0xaf, 0x7f, 0xc8, 0xc5, 0xa9, 0xff, 0x00, 0xd7, 0xdc, 0xbf, 0xfa, 0x19, 0xac, 0xfa,
    0xfe, 0x88, 0xc1, 0x7f, 0xbb, 0x53, 0xff, 0x00, 0x0a, 0xfc, 0x8f, 0x96, 0xa9, 0xf1, 0xbf, 0x50,
    0xa2, 0xba, 0x48, 0x0a, 0xf7, 0x2d, 0x07, 0xfe, 0x45, 0xdd, 0x33, 0xfe, 0xbd, 0x22, 0xff, 0x00,
    0xd0, 0x05, 0x7e, 0x7f, 0xc7, 0xff, 0x00, 0xee, 0xd4, 0x7f, 0xc4, 0xff, 0x00, 0x23, 0xd3, 0xcb,
    0x3e, 0x39, 0x7a, 0x1a, 0x14, 0x57, 0xe5, 0xc7, 0xb2, 0x14, 0x50, 0x07, 0x86, 0xeb, 0xdf, 0xf2,
    0x31, 0x6a, 0x7f, 0xf5, 0xf7, 0x2f, 0xfe, 0x86, 0x6b, 0x3e, 0xbf, 0xa2, 0x30, 0x5f, 0xee, 0xd4,
    0xff, 0x00, 0xc2, 0xbf, 0x23, 0xe5, 0xaa, 0x7c, 0x6f, 0xd4, 0x28, 0xae, 0x92, 0x02, 0xbd, 0xcb,
    0x41, 0xff, 0x00, 0x91, 0x77, 0x4c, 0xff, 0x00, 0xaf, 0x48, 0xbf, 0xf4, 0x01, 0x5f, 0x9f, 0xf1,
    0xff, 0x00, 0xfb, 0xb5, 0x1f, 0xf1, 0x3f, 0xc8, 0xf4, 0xf2, 0xcf, 0x8e, 0x5e, 0x86, 0x85, 0x15,
    0xf9, 0x71, 0xec, 0x85, 0x14, 0x01, 0xe1, 0xba, 0xf7, 0xfc, 0x8c, 0x5a, 0x9f, 0xfd, 0x7d, 0xcb,
    0xff, 0x00, 0xa1, 0x9a, 0xcf, 0xaf, 0xe8, 0x8c, 0x17, 0xfb, 0xb5, 0x3f, 0xf0, 0xaf, 0xc8, 0xf9,
    0x6a, 0x9f, 0x1b, 0xf5, 0x0a, 0x2b, 0xa4, 0x80, 0xaf, 0x72, 0xd0, 0x7f, 0xe4, 0x5d, 0xd3, 0x3f,
    0xeb, 0xd2, 0x2f, 0xfd, 0x00, 0x57, 0xe7, 0xfc, 0x7f, 0xfe, 0xed, 0x47, 0xfc, 0x4f, 0xf2, 0x3d,
    0x3c, 0xb3, 0xe3, 0x97, 0xa1, 0xa1, 0x45, 0x7e, 0x5c, 0x7b, 0x21, 0x45, 0x00, 0x78, 0x6e, 0xbd,
    0xff, 0x00, 0x23, 0x16, 0xa7, 0xff, 0x00, 0x5f, 0x72, 0xff, 0x00, 0xe8, 0x66, 0xb3, 0xeb, 0xfa,
    0x23, 0x05, 0xfe, 0xed, 0x4f, 0xfc, 0x2b, 0xf2, 0x3e, 0x5a, 0xa7, 0xc6, 0xfd, 0x4f, 0xa0, 0xa8,
    0xaf, 0xe7, 0x73, 0xea, 0x42, 0xbc, 0x37, 0x5e, 0xff, 0x00, 0x91, 0x8b, 0x53, 0xff, 0x00, 0xaf,
    0xb9, 0x7f, 0xf4, 0x33, 0x5f, 0x7f, 0xc0, 0x1f, 0xef, 0x35, 0xbf, 0xc2, 0xbf, 0x33, 0xcc, 0xcc,
    0xfe, 0x08, 0xfa, 0x99, 0xf4, 0x57, 0xea, 0x47, 0x8c, 0x14, 0x50, 0x07, 0xb9, 0x68, 0x3f, 0xf2,
    0x2e, 0xe9, 0x9f, 0xf5, 0xe9, 0x17, 0xfe, 0x80, 0x2b, 0x42, 0xbf, 0x9d, 0xf1, 0x9f, 0xef, 0x35,
    0x3f, 0xc4, 0xff, 0x00, 0x33, 0xea, 0xa9, 0xfc, 0x0b, 0xd0, 0x28, 0xae, 0x62, 0x82, 0xbc, 0x37,
    0x5e, 0xff, 0x00, 0x91, 0x8b, 0x53, 0xff, 0x00, 0xaf, 0xb9, 0x7f, 0xf4, 0x33, 0x5f, 0x7f, 0xc0,
    0x1f, 0xef, 0x35, 0xbf, 0xc2, 0xbf, 0x33, 0xcc, 0xcc, 0xfe, 0x08, 0xfa, 0x99, 0xf4, 0x57, 0xea,
    0x47, 0x8c, 0x14, 0x50, 0x07, 0xb9, 0x68, 0x3f, 0xf2, 0x2e, 0xe9, 0x9f, 0xf5, 0xe9, 0x17, 0xfe,
    0x80, 0x2b, 0x42, 0xbf, 0x9d, 0xf1, 0x9f, 0xef, 0x35, 0x3f, 0xc4, 0xff, 0x00, 0x33, 0xea, 0xa9,
    0xfc, 0x0b, 0xd0, 0x28, 0xae, 0x62, 0x82, 0xbc, 0x37, 0x5e, 0xff, 0x00, 0x91, 0x8b, 0x53, 0xff,
    0x00, 0xaf, 0xb9, 0x7f, 0xf4, 0x33, 0x5f, 0x7f, 0xc0, 0x1f, 0xef, 0x35, 0xbf, 0xc2, 0xbf, 0x33,
    0xcc, 0xcc, 0xfe, 0x08, 0xfa, 0x99, 0xf4, 0x57, 0xea, 0x47, 0x8c, 0x14, 0x50, 0x07, 0xb9, 0x68,
    0x3f, 0xf2, 0x2e, 0xe9, 0x9f, 0xf5, 0xe9, 0x17, 0xfe, 0x80, 0x2b, 0x42, 0xbf, 0x9d, 0xf1, 0x9f,
    0xef, 0x35, 0x3f, 0xc4, 0xff, 0x00, 0x33, 0xea, 0xa9, 0xfc, 0x0b, 0xd0, 0x28, 0xae, 0x62, 0x82,
    0xbc, 0x37, 0x5e, 0xff, 0x00, 0x91, 0x8b, 0x53, 0xff, 0x00, 0xaf, 0xb9, 0x7f, 0xf4, 0x33, 0x5f,
    0x7f, 0xc0, 0x1f, 0xef, 0x35, 0xbf, 0xc2, 0xbf, 0x33, 0xcc, 0xcc, 0xfe, 0x08, 0xfa, 0x99, 0xf4,
    0x57, 0xea, 0x47, 0x8c, 0x14, 0x50, 0x07, 0xb9, 0x68, 0x3f, 0xf2, 0x2e, 0xe9, 0x9f, 0xf5, 0xe9,
    0x17, 0xfe, 0x80, 0x2b, 0x42, 0xbf, 0x9d, 0xf1, 0x9f, 0xef, 0x35, 0x3f, 0xc4, 0xff, 0x00, 0x33,
    0xea, 0xa9, 0xfc, 0x0b, 0xd0, 0x28, 0xae, 0x62, 0x82, 0xbc, 0x37, 0x5e, 0xff, 0x00, 0x91, 0x8b,
    0x53, 0xff, 0x00, 0xaf, 0xb9, 0x7f, 0xf4, 0x33, 0x5f, 0x7f, 0xc0, 0x1f, 0xef, 0x35, 0xbf, 0xc2,
    0xbf, 0x33, 0xcc, 0xcc, 0xfe, 0x08, 0xfa, 0x99, 0xf4, 0x57, 0xea, 0x47, 0x8c, 0x14, 0x50, 0x07,
    0xb9, 0x68, 0x3f, 0xf2, 0x2e, 0xe9, 0x9f, 0xf5, 0xe9, 0x17, 0xfe, 0x80, 0x2b, 0x42, 0xbf, 0x9d,
    0xf1, 0x9f, 0xef, 0x35, 0x3f, 0xc4, 0xff, 0x00, 0x33, 0xea, 0xa9, 0xfc, 0x0b, 0xd0, 0x28, 0xae,
    0x62, 0x82, 0xbc, 0x37, 0x5e, 0xff, 0x00, 0x91, 0x8b, 0x53, 0xff, 0x00, 0xaf, 0xb9, 0x7f, 0xf4,
    0x33, 0x5f, 0x7f, 0xc0, 0x1f, 0xef, 0x35, 0xbf, 0xc2, 0xbf, 0x33, 0xcc, 0xcc, 0xfe, 0x08, 0xfa,
    0x99, 0xf4, 0x57, 0xea, 0x47, 0x8c, 0x14, 0x50, 0x07, 0xb9, 0x68, 0x3f, 0xf2, 0x2e, 0xe9, 0x9f,
    0xf5, 0xe9, 0x17, 0xfe, 0x80, 0x2b, 0x42, 0xbf, 0x9d, 0xf1, 0x9f, 0xef, 0x35, 0x3f, 0xc4, 0xff,
    0x00, 0x33, 0xea, 0xa9, 0xfc, 0x0b, 0xd0, 0x28, 0xae, 0x62, 0x82, 0xbc, 0x37, 0x5e, 0xff, 0x00,
    0x91, 0x8b, 0x53, 0xff, 0x00, 0xaf, 0xb9, 0x7f, 0xf4, 0x33, 0x5f, 0x7f, 0xc0, 0x1f, 0xef, 0x35,
    0xbf, 0xc2, 0xbf, 0x33, 0xcc, 0xcc, 0xfe, 0x08, 0xfa, 0x99, 0xf4, 0x57, 0xea, 0x47, 0x8c, 0x14,
    0x50, 0x07, 0xb9, 0x68, 0x3f, 0xf2, 0x2e, 0xe9, 0x9f, 0xf5, 0xe9, 0x17, 0xfe, 0x80, 0x2b, 0x42,
    0xbf, 0x9d, 0xf1, 0x9f, 0xef, 0x35, 0x3f, 0xc4, 0xff, 0x00, 0x33, 0xea, 0xa9, 0xfc, 0x0b, 0xd0,
    0x28, 0xae, 0x62, 0x82, 0xbc, 0x37, 0x5e, 0xff, 0x00, 0x91, 0x8b, 0x53, 0xff, 0x00, 0xaf, 0xb9,
    0x7f, 0xf4, 0x33, 0x5f, 0x7f, 0xc0, 0x1f, 0xef, 0x35, 0xbf, 0xc2, 0xbf, 0x33, 0xcc, 0xcc, 0xfe,
    0x08, 0xfa, 0x99, 0xf4, 0x57, 0xea, 0x47, 0x8c, 0x14, 0x50, 0x07, 0xb9, 0x68, 0x3f, 0xf2, 0x2e,
    0xe9, 0x9f, 0xf5, 0xe9, 0x17, 0xfe, 0x80, 0x2b, 0x42, 0xbf, 0x9d, 0xf1, 0x9f, 0xef, 0x35, 0x3f,
    0xc4, 0xff, 0x00, 0x33, 0xea, 0xa9, 0xfc, 0x0b, 0xd0, 0x28, 0xae, 0x62, 0x82, 0xbc, 0x37, 0x5e,
    0xff, 0x00, 0x91, 0x8b, 0x53, 0xff, 0x00, 0xaf, 0xb9, 0x7f, 0xf4, 0x33, 0x5f, 0x7f, 0xc0, 0x1f,
    0xef, 0x35, 0xbf, 0xc2, 0xbf, 0x33, 0xcc, 0xcc, 0xfe, 0x08, 0xfa, 0x99, 0xf4, 0x57, 0xea, 0x47,
    0x8c, 0x14, 0x50, 0x07, 0xb9, 0x68, 0x3f, 0xf2, 0x2e, 0xe9, 0x9f, 0xf5, 0xe9, 0x17, 0xfe, 0x80,
    0x2b, 0x42, 0xbf, 0x9d, 0xf1, 0x9f, 0xef, 0x35, 0x3f, 0xc4, 0xff, 0x00, 0x33, 0xea, 0xa9, 0xfc,
    0x0b, 0xd0, 0x28, 0xae, 0x62, 0x82, 0xbc, 0x37, 0x5e, 0xff, 0x00, 0x91, 0x8b, 0x53, 0xff, 0x00,
    0xaf, 0xb9, 0x7f, 0xf4, 0x33, 0x5f, 0x7f, 0xc0, 0x1f, 0xef, 0x35, 0xbf, 0xc2, 0xbf, 0x33, 0xcc,
    0xcc, 0xfe, 0x08, 0xfa, 0x99, 0xf4, 0x57, 0xea, 0x47, 0x8c, 0x14, 0x50, 0x07, 0xb9, 0x68, 0x3f,
    0xf2, 0x2e, 0xe9, 0x9f, 0xf5, 0xe9, 0x17, 0xfe, 0x80, 0x2b, 0x42, 0xbf, 0x9d, 0xf1, 0x9f, 0xef,
    0x35, 0x3f, 0xc4, 0xff, 0x00, 0x33, 0xea, 0xa9, 0xfc, 0x0b, 0xd0, 0x28, 0xae, 0x62, 0x82, 0xbc,
    0x37, 0x5e, 0xff, 0x00, 0x91, 0x8b, 0x53, 0xff, 0x00, 0xaf, 0xb9, 0x7f, 0xf4, 0x33, 0x5f, 0x7f,
    0xc0, 0x1f, 0xef, 0x35, 0xbf, 0xc2, 0xbf, 0x33, 0xcc, 0xcc, 0xfe, 0x08, 0xfa, 0x99, 0xf4, 0x57,
    0xea, 0x47, 0x8c, 0x14, 0x50, 0x07, 0xb9, 0x68, 0x3f, 0xf2, 0x2e, 0xe9, 0x9f, 0xf5, 0xe9, 0x17,
    0xfe, 0x80, 0x2b, 0x42, 0xbf, 0x9d, 0xf1, 0x9f, 0xef, 0x35, 0x3f, 0xc4, 0xff, 0x00, 0x33, 0xea,
    0xa9, 0xfc, 0x0b, 0xd0, 0x28, 0xae, 0x62, 0x82, 0xbc, 0x37, 0x5e, 0xff, 0x00, 0x91, 0x8b, 0x53,
    0xff, 0x00, 0xaf, 0xb9, 0x7f, 0xf4, 0x33, 0x5f, 0x7f, 0xc0, 0x1f, 0xef, 0x35, 0xbf, 0xc2, 0xbf,
    0x33, 0xcc, 0xcc, 0xfe, 0x08, 0xfa, 0x99, 0xf4, 0x57, 0xea, 0x47, 0x8c, 0x14, 0x50, 0x07, 0xb9,
    0x68, 0x3f, 0xf2, 0x2e, 0xe9, 0x9f, 0xf5, 0xe9, 0x17, 0xfe, 0x80, 0x2b, 0x42, 0xbf, 0x9d, 0xf1,
    0x9f, 0xef, 0x35, 0x3f, 0xc4, 0xff, 0x00, 0x33, 0xea, 0xa9, 0xfc, 0x0b, 0xd0, 0x28, 0xae, 0x62,
    0x82, 0xbc, 0x37, 0x5e, 0xff, 0x00, 0x91, 0x8b, 0x53, 0xff, 0x00, 0xaf, 0xb9, 0x7f, 0xf4, 0x33,
    0x5f, 0x7f, 0xc0, 0x1f, 0xef, 0x35, 0xbf, 0xc2, 0xbf, 0x33, 0xcc, 0xcc, 0xfe, 0x08, 0xfa, 0x99,
    0xf4, 0x57, 0xea, 0x47, 0x8c, 0x14, 0x50, 0x07, 0xb9, 0x68, 0x3f, 0xf2, 0x2e, 0xe9, 0x9f, 0xf5,
    0xe9, 0x17, 0xfe, 0x80, 0x2b, 0x42, 0xbf, 0x9d, 0xf1, 0x9f, 0xef, 0x35, 0x3f, 0xc4, 0xff, 0x00,
    0x33, 0xea, 0xa9, 0xfc, 0x0b, 0xd0, 0x28, 0xae, 0x62, 0x82, 0xbc, 0x37, 0x5e, 0xff, 0x00, 0x91,
    0x8b, 0x53, 0xff, 0x00, 0xaf, 0xb9, 0x7f, 0xf4, 0x33, 0x5f, 0x7f, 0xc0, 0x1f, 0xef, 0x35, 0xbf,
    0xc2, 0xbf, 0x33, 0xcc, 0xcc, 0xfe, 0x08, 0xfa, 0x99, 0xf4, 0x57, 0xea, 0x47, 0x8c, 0x14, 0x50,
    0x07, 0xb9, 0x68, 0x3f, 0xf2, 0x2e, 0xe9, 0x9f, 0xf5, 0xe9, 0x17, 0xfe, 0x80, 0x2b, 0x42, 0xbf,
    0x9d, 0xf1, 0x9f, 0xef, 0x35, 0x3f, 0xc4, 0xff, 0x00, 0x33, 0xea, 0xa9, 0xfc, 0x0b, 0xd0, 0x28,
    0xae, 0x62, 0x82, 0xbc, 0x37, 0x5e, 0xff, 0x00, 0x91, 0x8b, 0x53, 0xff, 0x00, 0xaf, 0xb9, 0x7f,
    0xf4, 0x33, 0x5f, 0x7f, 0xc0, 0x1f, 0xef, 0x35, 0xbf, 0xc2, 0xbf, 0x33, 0xcc, 0xcc, 0xfe, 0x08,
    0xfa, 0x99, 0xf4, 0x57, 0xea, 0x47, 0x8c, 0x14, 0x50, 0x07, 0xb9, 0x68, 0x3f, 0xf2, 0x2e, 0xe9,
    0x9f, 0xf5, 0xe9, 0x17, 0xfe, 0x80, 0x2b, 0x42, 0xbf, 0x9d, 0xf1, 0x9f, 0xef, 0x35, 0x3f, 0xc4,
    0xff, 0x00, 0x33, 0xea, 0xa9, 0xfc, 0x0b, 0xd0, 0x28, 0xae, 0x62, 0x82, 0xbc, 0x37, 0x5e, 0xff,
    0x00, 0x91, 0x8b, 0x53, 0xff, 0x00, 0xaf, 0xb9, 0x7f, 0xf4, 0x33, 0x5f, 0x7f, 0xc0, 0x1f, 0xef,
    0x35, 0xbf, 0xc2, 0xbf, 0x33, 0xcc, 0xcc, 0xfe, 0x08, 0xfa, 0x99, 0xf4, 0x57, 0xea, 0x47, 0x8c,
    0x14, 0x50, 0x07, 0xb9, 0x68, 0x3f, 0xf2, 0x2e, 0xe9, 0x9f, 0xf5, 0xe9, 0x17, 0xfe, 0x80, 0x2b,
    0x42, 0xbf, 0x9d, 0xf1, 0x9f, 0xef, 0x35, 0x3f, 0xc4, 0xff, 0x00, 0x33, 0xea, 0xa9, 0xfc, 0x0b,
    0xd0, 0x28, 0xae, 0x62, 0x82, 0xbc, 0x37, 0x5e, 0xff, 0x00, 0x91, 0x8b, 0x53, 0xff, 0x00, 0xaf,
    0xb9, 0x7f, 0xf4, 0x33, 0x5f, 0x7f, 0xc0, 0x1f, 0xef, 0x35, 0xbf, 0xc2, 0xbf, 0x33, 0xcc, 0xcc,
    0xfe, 0x08, 0xfa, 0x99, 0xf4, 0x57, 0xea, 0x47, 0x8c, 0x14, 0x50, 0x07, 0xb9, 0x68, 0x3f, 0xf2,
    0x2e, 0xe9, 0x9f, 0xf5, 0xe9, 0x17, 0xfe, 0x80, 0x2b, 0x42, 0xbf, 0x9d, 0xf1, 0x9f, 0xef, 0x35,
    0x3f, 0xc4, 0xff, 0x00, 0x33, 0xea, 0xa9, 0xfc, 0x0b, 0xd0, 0x28, 0xae, 0x62, 0x82, 0xbc, 0x37,
    0x5e, 0xff, 0x00, 0x91, 0x8b, 0x53, 0xff, 0x00, 0xaf, 0xb9, 0x7f, 0xf4, 0x33, 0x5f, 0x7f, 0xc0,
    0x1f, 0xef, 0x35, 0xbf, 0xc2, 0xbf, 0x33, 0xcc, 0xcc, 0xfe, 0x08, 0xfa, 0x99, 0xf4, 0x57, 0xea,
    0x47, 0x8c, 0x14, 0x50, 0x07, 0xb9, 0x68, 0x3f, 0xf2, 0x2e, 0xe9, 0x9f, 0xf5, 0xe9, 0x17, 0xfe,
    0x80, 0x2b, 0x42, 0xbf, 0x9d, 0xf1, 0x9f, 0xef, 0x35, 0x3f, 0xc4, 0xff, 0x00, 0x33, 0xea, 0xa9,
    0xfc, 0x0b, 0xd0, 0x28, 0xae, 0x62, 0x82, 0xbc, 0x37, 0x5e, 0xff, 0x00, 0x91, 0x8b, 0x53, 0xff,
    0x00, 0xaf, 0xb9, 0x7f, 0xf4, 0x33, 0x5f, 0x7f, 0xc0, 0x1f, 0xef, 0x35, 0xbf, 0xc2, 0xbf, 0x33,
    0xcc, 0xcc, 0xfe, 0x08, 0xfa, 0x99, 0xf4, 0x57, 0xea, 0x47, 0x8c, 0x14, 0x50, 0x07, 0xb9, 0x68,
    0x3f, 0xf2, 0x2e, 0xe9, 0x9f, 0xf5, 0xe9, 0x17, 0xfe, 0x80, 0x2b, 0x42, 0xbf, 0x9d, 0xf1, 0x9f,
    0xef, 0x35, 0x3f, 0xc4, 0xff, 0x00, 0x33, 0xea, 0xa9, 0xfc, 0x0b, 0xd0, 0x28, 0xae, 0x62, 0x82,
    0xbc, 0x37, 0x5e, 0xff, 0x00, 0x91, 0x8b, 0x53, 0xff, 0x00, 0xaf, 0xb9, 0x7f, 0xf4, 0x33, 0x5f,
    0x7f, 0xc0, 0x1f, 0xef, 0x35, 0xbf, 0xc2, 0xbf, 0x33, 0xcc, 0xcc, 0xfe, 0x08, 0xfa, 0x99, 0xf4,
    0x57, 0xea, 0x47, 0x8c, 0x14, 0x50, 0x07, 0xb9, 0x68, 0x3f, 0xf2, 0x2e, 0xe9, 0x9f, 0xf5, 0xe9,
    0x17, 0xfe, 0x80, 0x2b, 0x42, 0xbf, 0x9d, 0xf1, 0x9f, 0xef, 0x35, 0x3f, 0xc4, 0xff, 0x00, 0x33,
    0xea, 0xa9, 0xfc, 0x0b, 0xd0, 0xff, 0xd9,
};
static const unsigned char cb_frame_4[] = {
    0xff, 0xd8, 0xff, 0xe0, 0x00, 0x10, 0x4a, 0x46, 0x49, 0x46, 0x00, 0x01, 0x01, 0x00, 0x00, 0x01,
    0x00, 0x01, 0x00, 0x00, 0xff, 0xdb, 0x00, 0x43, 0x00, 0x08, 0x06, 0x06, 0x07, 0x06, 0x05, 0x08,
    0x07, 0x07, 0x07, 0x09, 0x09, 0x08, 0x0a, 0x0c, 0x14, 0x0d, 0x0c, 0x0b, 0x0b, 0x0c, 0x19, 0x12,
    0x13, 0x0f, 0x14, 0x1d, 0x1a, 0x1f, 0x1e, 0x1d, 0x1a, 0x1c, 0x1c, 0x20, 0x24, 0x2e, 0x27, 0x20,
    0x22, 0x2c, 0x23, 0x1c, 0x1c, 0x28, 0x37, 0x29, 0x2c, 0x30, 0x31, 0x34, 0x34, 0x34, 0x1f, 0x27,
    0x39, 0x3d, 0x38, 0x32, 0x3c, 0x2e, 0x33, 0x34, 0x32, 0xff, 0xdb, 0x00, 0x43, 0x01, 0x09, 0x09,
    0x09, 0x0c, 0x0b, 0x0c, 0x18, 0x0d, 0x0d, 0x18, 0x32, 0x21, 0x1c, 0x21, 0x32, 0x32, 0x32, 0x32,
    0x32, 0x32, 0x32, 0x32, 0x32, 0x32, 0x32, 0x32, 0x32, 0x32, 0x32, 0x32, 0x32, 0x32, 0x32, 0x32,
    0x32, 0x32, 0x32, 0x32, 0x32, 0x32, 0x32, 0x32, 0x32, 0x32, 0x32, 0x32, 0x32, 0x32, 0x32, 0x32,
    0x32, 0x32, 0x32, 0x32, 0x32, 0x32, 0x32, 0x32, 0x32, 0x32, 0x32, 0x32, 0x32, 0x32, 0xff, 0xc0,
    0x00, 0x11, 0x08, 0x00, 0xf0, 0x01, 0x40, 0x03, 0x01, 0x21, 0x00, 0x02, 0x11, 0x01, 0x03, 0x11,
    0x01, 0xff, 0xc4, 0x00, 0x1f, 0x00, 0x00, 0x01, 0x05, 0x01, 0x01, 0x01, 0x01, 0x01, 0x01, 0x00,
    0x00, 0x00, 0x00, 0x00, 0x00, 0x00, 0x00, 0x01, 0x02, 0x03, 0x04, 0x05, 0x06, 0x07, 0x08, 0x09,
    0x0a, 0x0b, 0xff, 0xc4, 0x00, 0xb5, 0x10, 0x00, 0x02, 0x01, 0x03, 0x03, 0x02, 0x04, 0x03, 0x05,
    0x05, 0x04, 0x04, 0x00, 0x00, 0x01, 0x7d, 0x01, 0x02, 0x03, 0x00, 0x04, 0x11, 0x05, 0x12, 0x21,
    0x31, 0x41, 0x06, 0x13, 0x51, 0x61, 0x07, 0x22, 0x71, 0x14, 0x32, 0x81, 0x91, 0xa1, 0x08, 0x23,
    0x42, 0xb1, 0xc1, 0x15, 0x52, 0xd1, 0xf0, 0x24, 0x33, 0x62, 0x72, 0x82, 0x09, 0x0a, 0x16, 0x17,
    0x18, 0x19, 0x1a, 0x25, 0x26, 0x27, 0x28, 0x29, 0x2a, 0x34, 0x35, 0x36, 0x37, 0x38, 0x39, 0x3a,
    0x43, 0x44, 0x45, 0x46, 0x47, 0x48, 0x49, 0x4a, 0x53, 0x54, 0x55, 0x56, 0x57, 0x58, 0x59, 0x5a,
    0x63, 0x64, 0x65, 0x66, 0x67, 0x68, 0x69, 0x6a, 0x73, 0x74, 0x75, 0x76, 0x77, 0x78, 0x79, 0x7a,
    0x83, 0x84, 0x85, 0x86, 0x87, 0x88, 0x89, 0x8a, 0x92, 0x93, 0x94, 0x95, 0x96, 0x97, 0x98, 0x99,
    0x9a, 0xa2, 0xa3, 0xa4, 0xa5, 0xa6, 0xa7, 0xa8, 0xa9, 0xaa, 0xb2, 0xb3, 0xb4, 0xb5, 0xb6, 0xb7,
    0xb8, 0xb9, 0xba, 0xc2, 0xc3, 0xc4, 0xc5, 0xc6, 0xc7, 0xc8, 0xc9, 0xca, 0xd2, 0xd3, 0xd4, 0xd5,
    0xd6, 0xd7, 0xd8, 0xd9, 0xda, 0xe1, 0xe2, 0xe3, 0xe4, 0xe5, 0xe6, 0xe7, 0xe8, 0xe9, 0xea, 0xf1,
    0xf2, 0xf3, 0xf4, 0xf5, 0xf6, 0xf7, 0xf8, 0xf9, 0xfa, 0xff, 0xc4, 0x00, 0x1f, 0x01, 0x00, 0x03,
    0x01, 0x01, 0x01, 0x01, 0x01, 0x01, 0x01, 0x01, 0x01, 0x00, 0x00, 0x00, 0x00, 0x00, 0x00, 0x01,
    0x02, 0x03, 0x04, 0x05, 0x06, 0x07, 0x08, 0x09, 0x0a, 0x0b, 0xff, 0xc4, 0x00, 0xb5, 0x11, 0x00,
    0x02, 0x01, 0x02, 0x04, 0x04, 0x03, 0x04, 0x07, 0x05, 0x04, 0x04, 0x00, 0x01, 0x02, 0x77, 0x00,
    0x01, 0x02, 0x03, 0x11, 0x04, 0x05, 0x21, 0x31, 0x06, 0x12, 0x41, 0x51, 0x07, 0x61, 0x71, 0x13,
    0x22, 0x32, 0x81, 0x08, 0x14, 0x42, 0x91, 0xa1, 0xb1, 0xc1, 0x09, 0x23, 0x33, 0x52, 0xf0, 0x15,
    0x62, 0x72, 0xd1, 0x0a, 0x16, 0x24, 0x34, 0xe1, 0x25, 0xf1, 0x17, 0x18, 0x19, 0x1a, 0x26, 0x27,
    0x28, 0x29, 0x2a, 0x35, 0x36, 0x37, 0x38, 0x39, 0x3a, 0x43, 0x44, 0x45, 0x46, 0x47, 0x48, 0x49,
    0x4a, 0x53, 0x54, 0x55, 0x56, 0x57, 0x58, 0x59, 0x5a, 0x63, 0x64, 0x65, 0x66, 0x67, 0x68, 0x69,
    0x6a, 0x73, 0x74, 0x75, 0x76, 0x77, 0x78, 0x79, 0x7a, 0x82, 0x83, 0x84, 0x85, 0x86, 0x87, 0x88,
    0x89, 0x8a, 0x92, 0x93, 0x94, 0x95, 0x96, 0x97, 0x98, 0x99, 0x9a, 0xa2, 0xa3, 0xa4, 0xa5, 0xa6,
    0xa7, 0xa8, 0xa9, 0xaa, 0xb2, 0xb3, 0xb4, 0xb5, 0xb6, 0xb7, 0xb8, 0xb9, 0xba, 0xc2, 0xc3, 0xc4,
    0xc5, 0xc6, 0xc7, 0xc8, 0xc9, 0xca, 0xd2, 0xd3, 0xd4, 0xd5, 0xd6, 0xd7, 0xd8, 0xd9, 0xda, 0xe2,
    0xe3, 0xe4, 0xe5, 0xe6, 0xe7, 0xe8, 0xe9, 0xea, 0xf2, 0xf3, 0xf4, 0xf5, 0xf6, 0xf7, 0xf8, 0xf9,
    0xfa, 0xff, 0xda, 0x00, 0x0c, 0x03, 0x01, 0x00, 0x02, 0x11, 0x03, 0x11, 0x00, 0x3f, 0x00, 0xe0,
    0xa8, 0xaf, 0xd0, 0xcf, 0x20, 0xf4, 0x1f, 0x86, 0x1f, 0xf3, 0x15, 0xff, 0x00, 0xb6, 0x3f, 0xfb,
    0x3d, 0x7a, 0x0d, 0x7e, 0x25, 0xc5, 0xdf, 0xf2, 0x39, 0xad, 0xff, 0x00, 0x6e, 0xff, 0x00, 0xe9,
    0x31, 0x3e, 0x87, 0x03, 0xfe, 0xef, 0x1f, 0x9f, 0xe6, 0xc2, 0x8a, 0xf9, 0xb3, 0xac, 0x2b, 0xcf,
    0xbe, 0x27, 0xff, 0x00, 0xcc, 0x2b, 0xfe, 0xdb, 0x7f, 0xec, 0x95, 0xf4, 0x9c, 0x23, 0xff, 0x00,
    0x23, 0x9a, 0x3f, 0xf6, 0xf7, 0xfe, 0x93, 0x23, 0x93, 0x1d, 0xfe, 0xef, 0x2f, 0x97, 0xe6, 0x8f,
    0x3e, 0xa2, 0xbf, 0x6d, 0x3e, 0x78, 0x28, 0xa0, 0x0f, 0x41, 0xf8, 0x61, 0xff, 0x00, 0x31, 0x5f,
    0xfb, 0x63, 0xff, 0x00, 0xb3, 0xd7, 0xa0, 0xd7, 0xe2, 0x5c, 0x5d, 0xff, 0x00, 0x23, 0x9a, 0xdf,
    0xf6, 0xef, 0xfe, 0x93, 0x13, 0xe8, 0x70, 0x3f, 0xee, 0xf1, 0xf9, 0xfe, 0x6c, 0x28, 0xaf, 0x9b,
    0x3a, 0xc2, 0xbc, 0xfb, 0xe2, 0x7f, 0xfc, 0xc2, 0xbf, 0xed, 0xb7, 0xfe, 0xc9, 0x5f, 0x49, 0xc2,
    0x3f, 0xf2, 0x39, 0xa3, 0xff, 0x00, 0x6f, 0x7f, 0xe9, 0x32, 0x39, 0x31, 0xdf, 0xee, 0xf2, 0xf9,
    0x7e, 0x68, 0xf3, 0xea, 0x2b, 0xf6, 0xd3, 0xe7, 0x82, 0x8a, 0x00, 0xf4, 0x1f, 0x86, 0x1f, 0xf3,
    0x15, 0xff, 0x00, 0xb6, 0x3f, 0xfb, 0x3d, 0x7a, 0x0d, 0x7e, 0x25, 0xc5, 0xdf, 0xf2, 0x39, 0xad,
    0xff, 0x00, 0x6e, 0xff, 0x00, 0xe9, 0x31, 0x3e, 0x87, 0x03, 0xfe, 0xef, 0x1f, 0x9f, 0xe6, 0xc2,
    0x8a, 0xf9, 0xb3, 0xac, 0x2b, 0xcf, 0xbe, 0x27, 0xff, 0x00, 0xcc, 0x2b, 0xfe, 0xdb, 0x7f, 0xec,
    0x95, 0xf4, 0x9c, 0x23, 0xff, 0x00, 0x23, 0x9a, 0x3f, 0xf6, 0xf7, 0xfe, 0x93, 0x23, 0x93, 0x1d,
    0xfe, 0xef, 0x2f, 0x97, 0xe6, 0x8f, 0x3e, 0xa2, 0xbf, 0x6d, 0x3e, 0x78, 0x28, 0xa0, 0x0f, 0x41,
    0xf8, 0x61, 0xff, 0x00, 0x31, 0x5f, 0xfb, 0x63, 0xff, 0x00, 0xb3, 0xd7, 0xa0, 0xd7, 0xe2, 0x5c,
    0x5d, 0xff, 0x00, 0x23, 0x9a, 0xdf, 0xf6, 0xef, 0xfe, 0x93, 0x13, 0xe8, 0x70, 0x3f, 0xee, 0xf1,
    0xf9, 0xfe, 0x6c, 0x28, 0xaf, 0x9b, 0x3a, 0xc2, 0xbc, 0xfb, 0xe2, 0x7f, 0xfc, 0xc2, 0xbf, 0xed,
    0xb7, 0xfe, 0xc9, 0x5f, 0x49, 0xc2, 0x3f, 0xf2, 0x39, 0xa3, 0xff, 0x00, 0x6f, 0x7f, 0xe9, 0x32,
    0x39, 0x31, 0xdf, 0xee, 0xf2, 0xf9, 0x7e, 0x68, 0xf3, 0xea, 0x2b, 0xf6, 0xd3, 0xe7, 0x82, 0x8a,
    0x00, 0xf4, 0x1f, 0x86, 0x1f, 0xf3, 0x15, 0xff, 0x00, 0xb6, 0x3f, 0xfb, 0x3d, 0x7a, 0x0d, 0x7e,
    0x25, 0xc5, 0xdf, 0xf2, 0x39, 0xad, 0xff, 0x00, 0x6e, 0xff, 0x00, 0xe9, 0x31, 0x3e, 0x87, 0x03,
    0xfe, 0xef, 0x1f, 0x9f, 0xe6, 0xc2, 0x8a, 0xf9, 0xb3, 0xac, 0x2b, 0xcf, 0xbe, 0x27, 0xff, 0x00,
    0xcc, 0x2b, 0xfe, 0xdb, 0x7f, 0xec, 0x95, 0xf4, 0x9c, 0x23, 0xff, 0x00, 0x23, 0x9a, 0x3f, 0xf6,
    0xf7, 0xfe, 0x93, 0x23, 0x93, 0x1d, 0xfe, 0xef, 0x2f, 0x97, 0xe6, 0x8f, 0x3e, 0xa2, 0xbf, 0x6d,
    0x3e, 0x78, 0x28, 0xa0, 0x0f, 0x41, 0xf8, 0x61, 0xff, 0x00, 0x31, 0x5f, 0xfb, 0x63, 0xff, 0x00,
    0xb3, 0xd7, 0xa0, 0xd7, 0xe2, 0x5c, 0x5d, 0xff, 0x00, 0x23, 0x9a, 0xdf, 0xf6, 0xef, 0xfe, 0x93,
    0x13, 0xe8, 0x70, 0x3f, 0xee, 0xf1, 0xf9, 0xfe, 0x6c, 0x28, 0xaf, 0x9b, 0x3a, 0xc2, 0xbc, 0xfb,
    0xe2, 0x7f, 0xfc, 0xc2, 0xbf, 0xed, 0xb7, 0xfe, 0xc9, 0x5f, 0x49, 0xc2, 0x3f, 0xf2, 0x39, 0xa3,
    0xff, 0x00, 0x6f, 0x7f, 0xe9, 0x32, 0x39, 0x31, 0xdf, 0xee, 0xf2, 0xf9, 0x7e, 0x68, 0xf3, 0xea,
    0x2b, 0xf6, 0xd3, 0xe7, 0x82, 0x8a, 0x00, 0xf4, 0x1f, 0x86, 0x1f, 0xf3, 0x15, 0xff, 0x00, 0xb6,
    0x3f, 0xfb, 0x3d, 0x7a, 0x0d, 0x7e, 0x25, 0xc5, 0xdf, 0xf2, 0x39, 0xad, 0xff, 0x00, 0x6e, 0xff,
    0x00, 0xe9, 0x31, 0x3e, 0x87, 0x03, 0xfe, 0xef, 0x1f, 0x9f, 0xe6, 0xc2, 0x8a, 0xf9, 0xb3, 0xac,
    0x2b, 0xcf, 0xbe, 0x27, 0xff, 0x00, 0xcc, 0x2b, 0xfe, 0xdb, 0x7f, 0xec, 0x95, 0xf4, 0x9c, 0x23,
    0xff, 0x00, 0x23, 0x9a, 0x3f, 0xf6, 0xf7, 0xfe, 0x93, 0x23, 0x93, 0x1d, 0xfe, 0xef, 0x2f, 0x97,
    0xe6, 0x8f, 0x3e, 0xa2, 0xbf, 0x6d, 0x3e, 0x78, 0x28, 0xa0, 0x0f, 0x41, 0xf8, 0x61, 0xff, 0x00,
    0x31, 0x5f, 0xfb, 0x63, 0xff, 0x00, 0xb3, 0xd7, 0xa0, 0xd7, 0xe2, 0x5c, 0x5d, 0xff, 0x00, 0x23,
    0x9a, 0xdf, 0xf6, 0xef, 0xfe, 0x93, 0x13, 0xe8, 0x70, 0x3f, 0xee, 0xf1, 0xf9, 0xfe, 0x6c, 0x28,
    0xaf, 0x9b, 0x3a, 0xc2, 0xbc, 0xfb, 0xe2, 0x7f, 0xfc, 0xc2, 0xbf, 0xed, 0xb7, 0xfe, 0xc9, 0x5f,
    0x49, 0xc2, 0x3f, 0xf2, 0x39, 0xa3, 0xff, 0x00, 0x6f, 0x7f, 0xe9, 0x32, 0x39, 0x31, 0xdf, 0xee,
    0xf2, 0xf9, 0x7e, 0x68, 0xf3, 0xea, 0x2b, 0xf6, 0xd3, 0xe7, 0x82, 0x8a, 0x00, 0xf4, 0x1f, 0x86,
    0x1f, 0xf3, 0x15, 0xff, 0x00, 0xb6, 0x3f, 0xfb, 0x3d, 0x7a, 0x0d, 0x7e, 0x25, 0xc5, 0xdf, 0xf2,
    0x39, 0xad, 0xff, 0x00, 0x6e, 0xff, 0x00, 0xe9, 0x31, 0x3e, 0x87, 0x03, 0xfe, 0xef, 0x1f, 0x9f,
    0xe6, 0xc2, 0x8a, 0xf9, 0xb3, 0xac, 0x2b, 0xcf, 0xbe, 0x27, 0xff, 0x00, 0xcc, 0x2b, 0xfe, 0xdb,
    0x7f, 0xec, 0x95, 0xf4, 0x9c, 0x23, 0xff, 0x00, 0x23, 0x9a, 0x3f, 0xf6, 0xf7, 0xfe, 0x93, 0x23,
    0x93, 0x1d, 0xfe, 0xef, 0x2f, 0x97, 0xe6, 0x8f, 0x3e, 0xa2, 0xbf, 0x6d, 0x3e, 0x78, 0x28, 0xa0,
    0x0f, 0x41, 0xf8, 0x61, 0xff, 0x00, 0x31, 0x5f, 0xfb, 0x63, 0xff, 0x00, 0xb3, 0xd7, 0xa0, 0xd7,
    0xe2, 0x5c, 0x5d, 0xff, 0x00, 0x23, 0x9a, 0xdf, 0xf6, 0xef, 0xfe, 0x93, 0x13, 0xe8, 0x70, 0x3f,
    0xee, 0xf1, 0xf9, 0xfe, 0x6c, 0x28, 0xaf, 0x9b, 0x3a, 0xc2, 0xbc, 0xfb, 0xe2, 0x7f, 0xfc, 0xc2,
    0xbf, 0xed, 0xb7, 0xfe, 0xc9, 0x5f, 0x49, 0xc2, 0x3f, 0xf2, 0x39, 0xa3, 0xff, 0x00, 0x6f, 0x7f,
    0xe9, 0x32, 0x39, 0x31, 0xdf, 0xee, 0xf2, 0xf9, 0x7e, 0x68, 0xf3, 0xea, 0x2b, 0xf6, 0xd3, 0xe7,
    0x82, 0x8a, 0x00, 0xf4, 0x1f, 0x86, 0x1f, 0xf3, 0x15, 0xff, 0x00, 0xb6, 0x3f, 0xfb, 0x3d, 0x7a,
    0x0d, 0x7e, 0x25, 0xc5, 0xdf, 0xf2, 0x39, 0xad, 0xff, 0x00, 0x6e, 0xff, 0x00, 0xe9, 0x31, 0x3e,
    0x87, 0x03, 0xfe, 0xef, 0x1f, 0x9f, 0xe6, 0xc2, 0x8a, 0xf9, 0xb3, 0xac, 0x2b, 0xcf, 0xbe, 0x27,
    0xff, 0x00, 0xcc, 0x2b, 0xfe, 0xdb, 0x7f, 0xec, 0x95, 0xf4, 0x9c, 0x23, 0xff, 0x00, 0x23, 0x9a,
    0x3f, 0xf6, 0xf7, 0xfe, 0x93, 0x23, 0x93, 0x1d, 0xfe, 0xef, 0x2f, 0x97, 0xe6, 0x8f, 0x3e, 0xa2,
    0xbf, 0x6d, 0x3e, 0x78, 0x28, 0xa0, 0x0f, 0x41, 0xf8, 0x61, 0xff, 0x00, 0x31, 0x5f, 0xfb, 0x63,
    0xff, 0x00, 0xb3, 0xd7, 0xa0, 0xd7, 0xe2, 0x5c, 0x5d, 0xff, 0x00, 0x23, 0x9a, 0xdf, 0xf6, 0xef,
    0xfe, 0x93, 0x13, 0xe8, 0x70, 0x3f, 0xee, 0xf1, 0xf9, 0xfe, 0x6c, 0x28, 0xaf, 0x9b, 0x3a, 0xc2,
    0xbc, 0xfb, 0xe2, 0x7f, 0xfc, 0xc2, 0xbf, 0xed, 0xb7, 0xfe, 0xc9, 0x5f, 0x49, 0xc2, 0x3f, 0xf2,
    0x39, 0xa3, 0xff, 0x00, 0x6f, 0x7f, 0xe9, 0x32, 0x39, 0x31, 0xdf, 0xee, 0xf2, 0xf9, 0x7e, 0x68,
    0xf3, 0xea, 0x2b, 0xf6, 0xd3, 0xe7, 0x82, 0x8a, 0x00, 0xf4, 0x1f, 0x86, 0x1f, 0xf3, 0x15, 0xff,
    0x00, 0xb6, 0x3f, 0xfb, 0x3d, 0x7a, 0x0d, 0x7e, 0x25, 0xc5, 0xdf, 0xf2, 0x39, 0xad, 0xff, 0x00,
    0x6e, 0xff, 0x00, 0xe9, 0x31, 0x3e, 0x87, 0x03, 0xfe, 0xef, 0x1f, 0x9f, 0xe6, 0xc2, 0x8a, 0xf9,
    0xb3, 0xac, 0x2b, 0xcf, 0xbe, 0x27, 0xff, 0x00, 0xcc, 0x2b, 0xfe, 0xdb, 0x7f, 0xec, 0x95, 0xf4,
    0x9c, 0x23, 0xff, 0x00, 0x23, 0x9a, 0x3f, 0xf6, 0xf7, 0xfe, 0x93, 0x23, 0x93, 0x1d, 0xfe, 0xef,
    0x2f, 0x97, 0xe6, 0x8f, 0x3e, 0xa2, 0xbf, 0x6d, 0x3e, 0x78, 0x28, 0xa0, 0x0f, 0x41, 0xf8, 0x61,
    0xff, 0x00, 0x31, 0x5f, 0xfb, 0x63, 0xff, 0x00, 0xb3, 0xd7, 0xa0, 0xd7, 0xe2, 0x5c, 0x5d, 0xff,
    0x00, 0x23, 0x9a, 0xdf, 0xf6, 0xef, 0xfe, 0x93, 0x13, 0xe8, 0x70, 0x3f, 0xee, 0xf1, 0xf9, 0xfe,
    0x6c, 0x28, 0xaf, 0x9b, 0x3a, 0xc2, 0xbc, 0xfb, 0xe2, 0x7f, 0xfc, 0xc2, 0xbf, 0xed, 0xb7, 0xfe,
    0xc9, 0x5f, 0x49, 0xc2, 0x3f, 0xf2, 0x39, 0xa3, 0xff, 0x00, 0x6f, 0x7f, 0xe9, 0x32, 0x39, 0x31,
    0xdf, 0xee, 0xf2, 0xf9, 0x7e, 0x68, 0xf3, 0xea, 0x2b, 0xf6, 0xd3, 0xe7, 0x82, 0x8a, 0x00, 0xf4,
    0x1f, 0x86, 0x1f, 0xf3, 0x15, 0xff, 0x00, 0xb6, 0x3f, 0xfb, 0x3d, 0x7a, 0x0d, 0x7e, 0x25, 0xc5,
    0xdf, 0xf2, 0x39, 0xad, 0xff, 0x00, 0x6e, 0xff, 0x00, 0xe9, 0x31, 0x3e, 0x87, 0x03, 0xfe, 0xef,
    0x1f, 0x9f, 0xe6, 0xc2, 0x8a, 0xf9, 0xb3, 0xac, 0x2b, 0xcf, 0xbe, 0x27, 0xff, 0x00, 0xcc, 0x2b,
    0xfe, 0xdb, 0x7f, 0xec, 0x95, 0xf4, 0x9c, 0x23, 0xff, 0x00, 0x23, 0x9a, 0x3f, 0xf6, 0xf7, 0xfe,
    0x93, 0x23, 0x93, 0x1d, 0xfe, 0xef, 0x2f, 0x97, 0xe6, 0x8f, 0x3e, 0xa2, 0xbf, 0x6d, 0x3e, 0x78,
    0x28, 0xa0, 0x0f, 0x41, 0xf8, 0x61, 0xff, 0x00, 0x31, 0x5f, 0xfb, 0x63, 0xff, 0x00, 0xb3, 0xd7,
    0xa0, 0xd7, 0xe2, 0x5c, 0x5d, 0xff, 0x00, 0x23, 0x9a, 0xdf, 0xf6, 0xef, 0xfe, 0x93, 0x13, 0xe8,
    0x70, 0x3f, 0xee, 0xf1, 0xf9, 0xfe, 0x6c, 0x28, 0xaf, 0x9b, 0x3a, 0xc2, 0xbc, 0xfb, 0xe2, 0x7f,
    0xfc, 0xc2, 0xbf, 0xed, 0xb7, 0xfe, 0xc9, 0x5f, 0x49, 0xc2, 0x3f, 0xf2, 0x39, 0xa3, 0xff, 0x00,
    0x6f, 0x7f, 0xe9, 0x32, 0x39, 0x31, 0xdf, 0xee, 0xf2, 0xf9, 0x7e, 0x68, 0xf3, 0xea, 0x2b, 0xf6,
    0xd3, 0xe7, 0x82, 0x8a, 0x00, 0xf4, 0x1f, 0x86, 0x1f, 0xf3, 0x15, 0xff, 0x00, 0xb6, 0x3f, 0xfb,
    0x3d, 0x7a, 0x0d, 0x7e, 0x25, 0xc5, 0xdf, 0xf2, 0x39, 0xad, 0xff, 0x00, 0x6e, 0xff, 0x00, 0xe9,
    0x31, 0x3e, 0x87, 0x03, 0xfe, 0xef, 0x1f, 0x9f, 0xe6, 0xc2, 0x8a, 0xf9, 0xb3, 0xac, 0x2b, 0xcf,
    0xbe, 0x27, 0xff, 0x00, 0xcc, 0x2b, 0xfe, 0xdb, 0x7f, 0xec, 0x95, 0xf4, 0x9c, 0x23, 0xff, 0x00,
    0x23, 0x9a, 0x3f, 0xf6, 0xf7, 0xfe, 0x93, 0x23, 0x93, 0x1d, 0xfe, 0xef, 0x2f, 0x97, 0xe6, 0x8f,
    0x3e, 0xa2, 0xbf, 0x6d, 0x3e, 0x78, 0x28, 0xa0, 0x0f, 0x41, 0xf8, 0x61, 0xff, 0x00, 0x31, 0x5f,
    0xfb, 0x63, 0xff, 0x00, 0xb3, 0xd7, 0xa0, 0xd7, 0xe2, 0x5c, 0x5d, 0xff, 0x00, 0x23, 0x9a, 0xdf,
    0xf6, 0xef, 0xfe, 0x93, 0x13, 0xe8, 0x70, 0x3f, 0xee, 0xf1, 0xf9, 0xfe, 0x6c, 0x28, 0xaf, 0x9b,
    0x3a, 0xc2, 0xbc, 0xfb, 0xe2, 0x7f, 0xfc, 0xc2, 0xbf, 0xed, 0xb7, 0xfe, 0xc9, 0x5f, 0x49, 0xc2,
    0x3f, 0xf2, 0x39, 0xa3, 0xff, 0x00, 0x6f, 0x7f, 0xe9, 0x32, 0x39, 0x31, 0xdf, 0xee, 0xf2, 0xf9,
    0x7e, 0x68, 0xf3, 0xea, 0x2b, 0xf6, 0xd3, 0xe7, 0x82, 0x8a, 0x00, 0xf4, 0x1f, 0x86, 0x1f, 0xf3,
    0x15, 0xff, 0x00, 0xb6, 0x3f, 0xfb, 0x3d, 0x7a, 0x0d, 0x7e, 0x25, 0xc5, 0xdf, 0xf2, 0x39, 0xad,
    0xff, 0x00, 0x6e, 0xff, 0x00, 0xe9, 0x31, 0x3e, 0x87, 0x03, 0xfe, 0xef, 0x1f, 0x9f, 0xe6, 0xc2,
    0x8a, 0xf9, 0xb3, 0xac, 0x2b, 0xcf, 0xbe, 0x27, 0xff, 0x00, 0xcc, 0x2b, 0xfe, 0xdb, 0x7f, 0xec,
    0x95, 0xf4, 0x9c, 0x23, 0xff, 0x00, 0x23, 0x9a, 0x3f, 0xf6, 0xf7, 0xfe, 0x93, 0x23, 0x93, 0x1d,
    0xfe, 0xef, 0x2f, 0x97, 0xe6, 0x8f, 0x3e, 0xa2, 0xbf, 0x6d, 0x3e, 0x78, 0x28, 0xa0, 0x0f, 0x41,
    0xf8, 0x61, 0xff, 0x00, 0x31, 0x5f, 0xfb, 0x63, 0xff, 0x00, 0xb3, 0xd7, 0xa0, 0xd7, 0xe2, 0x5c,
    0x5d, 0xff, 0x00, 0x23, 0x9a, 0xdf, 0xf6, 0xef, 0xfe, 0x93, 0x13, 0xe8, 0x70, 0x3f, 0xee, 0xf1,
    0xf9, 0xfe, 0x6c, 0x28, 0xaf, 0x9b, 0x3a, 0xc2, 0xbc, 0xfb, 0xe2, 0x7f, 0xfc, 0xc2, 0xbf, 0xed,
    0xb7, 0xfe, 0xc9, 0x5f, 0x49, 0xc2, 0x3f, 0xf2, 0x39, 0xa3, 0xff, 0x00, 0x6f, 0x7f, 0xe9, 0x32,
    0x39, 0x31, 0xdf, 0xee, 0xf2, 0xf9, 0x7e, 0x68, 0xf3, 0xea, 0x2b, 0xf6, 0xd3, 0xe7, 0x8f, 0xa0,
    0xa8, 0xaf, 0xe6, 0xe3, 0xeb, 0x0f, 0x3e, 0xf8, 0x9f, 0xff, 0x00, 0x30, 0xaf, 0xfb, 0x6d, 0xff,
    0x00, 0xb2, 0x57, 0x9f, 0x57, 0xed, 0x9c, 0x23, 0xff, 0x00, 0x22, 0x6a, 0x3f, 0xf6, 0xf7, 0xfe,
    0x95, 0x23, 0xe7, 0xb1, 0xdf, 0xef, 0x12, 0xf9, 0x7e, 0x48, 0x28, 0xaf, 0xa5, 0x39, 0x02, 0xbd,
    0x07, 0xe1, 0x87, 0xfc, 0xc5, 0x7f, 0xed, 0x8f, 0xfe, 0xcf, 0x5f, 0x35, 0xc5, 0xdf, 0xf2, 0x26,
    0xad, 0xff, 0x00, 0x6e, 0xff, 0x00, 0xe9, 0x51, 0x3a, 0xf0, 0x3f, 0xef, 0x11, 0xf9, 0xfe, 0x4c,
    0xf4, 0x1a, 0x2b, 0xf1, 0x33, 0xe8, 0x42, 0x8a, 0x00, 0xf3, 0xef, 0x89, 0xff, 0x00, 0xf3, 0x0a,
    0xff, 0x00, 0xb6, 0xdf, 0xfb, 0x25, 0x79, 0xf5, 0x7e, 0xd9, 0xc2, 0x3f, 0xf2, 0x26, 0xa3, 0xff,
    0x00, 0x6f, 0x7f, 0xe9, 0x52, 0x3e, 0x7b, 0x1d, 0xfe, 0xf1, 0x2f, 0x97, 0xe4, 0x82, 0x8a, 0xfa,
    0x53, 0x90, 0x2b, 0xd0, 0x7e, 0x18, 0x7f, 0xcc, 0x57, 0xfe, 0xd8, 0xff, 0x00, 0xec, 0xf5, 0xf3,
    0x5c, 0x5d, 0xff, 0x00, 0x22, 0x6a, 0xdf, 0xf6, 0xef, 0xfe, 0x95, 0x13, 0xaf, 0x03, 0xfe, 0xf1,
    0x1f, 0x9f, 0xe4, 0xcf, 0x41, 0xa2, 0xbf, 0x13, 0x3e, 0x84, 0x28, 0xa0, 0x0f, 0x3e, 0xf8, 0x9f,
    0xff, 0x00, 0x30, 0xaf, 0xfb, 0x6d, 0xff, 0x00, 0xb2, 0x57, 0x9f, 0x57, 0xed, 0x9c, 0x23, 0xff,
    0x00, 0x22, 0x6a, 0x3f, 0xf6, 0xf7, 0xfe, 0x95, 0x23, 0xe7, 0xb1, 0xdf, 0xef, 0x12, 0xf9, 0x7e,
    0x48, 0x28, 0xaf, 0xa5, 0x39, 0x02, 0xbd, 0x07, 0xe1, 0x87, 0xfc, 0xc5, 0x7f, 0xed, 0x8f, 0xfe,
    0xcf, 0x5f, 0x35, 0xc5, 0xdf, 0xf2, 0x26, 0xad, 0xff, 0x00, 0x6e, 0xff, 0x00, 0xe9, 0x51, 0x3a,
    0xf0, 0x3f, 0xef, 0x11, 0xf9, 0xfe, 0x4c, 0xf4, 0x1a, 0x2b, 0xf1, 0x33, 0xe8, 0x42, 0x8a, 0x00,
    0xf3, 0xef, 0x89, 0xff, 0x00, 0xf3, 0x0a, 0xff, 0x00, 0xb6, 0xdf, 0xfb, 0x25, 0x79, 0xf5, 0x7e,
    0xd9, 0xc2, 0x3f, 0xf2, 0x26, 0xa3, 0xff, 0x00, 0x6f, 0x7f, 0xe9, 0x52, 0x3e, 0x7b, 0x1d, 0xfe,
    0xf1, 0x2f, 0x97, 0xe4, 0x82, 0x8a, 0xfa, 0x53, 0x90, 0x2b, 0xd0, 0x7e, 0x18, 0x7f, 0xcc, 0x57,
    0xfe, 0xd8, 0xff, 0x00, 0xec, 0xf5, 0xf3, 0x5c, 0x5d, 0xff, 0x00, 0x22, 0x6a, 0xdf, 0xf6, 0xef,
    0xfe, 0x95, 0x13, 0xaf, 0x03, 0xfe, 0xf1, 0x1f, 0x9f, 0xe4, 0xcf, 0x41, 0xa2, 0xbf, 0x13, 0x3e,
    0x84, 0x28, 0xa0, 0x0f, 0x3e, 0xf8, 0x9f, 0xff, 0x00, 0x30, 0xaf, 0xfb, 0x6d, 0xff, 0x00, 0xb2,
    0x57, 0x9f, 0x57, 0xed, 0x9c, 0x23, 0xff, 0x00, 0x22, 0x6a, 0x3f, 0xf6, 0xf7, 0xfe, 0x95, 0x23,
    0xe7, 0xb1, 0xdf, 0xef, 0x12, 0xf9, 0x7e, 0x48, 0x28, 0xaf, 0xa5, 0x39, 0x02, 0xbd, 0x07, 0xe1,
    0x87, 0xfc, 0xc5, 0x7f, 0xed, 0x8f, 0xfe, 0xcf, 0x5f, 0x35, 0xc5, 0xdf, 0xf2, 0x26, 0xad, 0xff,
    0x00, 0x6e, 0xff, 0x00, 0xe9, 0x51, 0x3a, 0xf0, 0x3f, 0xef, 0x11, 0xf9, 0xfe, 0x4c, 0xf4, 0x1a,
    0x2b, 0xf1, 0x33, 0xe8, 0x42, 0x8a, 0x00, 0xf3, 0xef, 0x89, 0xff, 0x00, 0xf3, 0x0a, 0xff, 0x00,
    0xb6, 0xdf, 0xfb, 0x25, 0x79, 0xf5, 0x7e, 0xd9, 0xc2, 0x3f, 0xf2, 0x26, 0xa3, 0xff, 0x00, 0x6f,
    0x7f, 0xe9, 0x52, 0x3e, 0x7b, 0x1d, 0xfe, 0xf1, 0x2f, 0x97, 0xe4, 0x82, 0x8a, 0xfa, 0x53, 0x90,
    0x2b, 0xd0, 0x7e, 0x18, 0x7f, 0xcc, 0x57, 0xfe, 0xd8, 0xff, 0x00, 0xec, 0xf5, 0xf3, 0x5c, 0x5d,
    0xff, 0x00, 0x22, 0x6a, 0xdf, 0xf6, 0xef, 0xfe, 0x95, 0x13, 0xaf, 0x03, 0xfe, 0xf1, 0x1f, 0x9f,
    0xe4, 0xcf, 0x41, 0xa2, 0xbf, 0x13, 0x3e, 0x84, 0x28, 0xa0, 0x0f, 0x3e, 0xf8, 0x9f, 0xff, 0x00,
    0x30, 0xaf, 0xfb, 0x6d, 0xff, 0x00, 0xb2, 0x57, 0x9f, 0x57, 0xed, 0x9c, 0x23, 0xff, 0x00, 0x22,
    0x6a, 0x3f, 0xf6, 0xf7, 0xfe, 0x95, 0x23, 0xe7, 0xb1, 0xdf, 0xef, 0x12, 0xf9, 0x7e, 0x48, 0x28,
    0xaf, 0xa5, 0x39, 0x02, 0xbd, 0x07, 0xe1, 0x87, 0xfc, 0xc5, 0x7f, 0xed, 0x8f, 0xfe, 0xcf, 0x5f,
    0x35, 0xc5, 0xdf, 0xf2, 0x26, 0xad, 0xff, 0x00, 0x6e, 0xff, 0x00, 0xe9, 0x51, 0x3a, 0xf0, 0x3f,
    0xef, 0x11, 0xf9, 0xfe, 0x4c, 0xf4, 0x1a, 0x2b, 0xf1, 0x33, 0xe8, 0x42, 0x8a, 0x00, 0xf3, 0xef,
    0x89, 0xff, 0x00, 0xf3, 0x0a, 0xff, 0x00, 0xb6, 0xdf, 0xfb, 0x25, 0x79, 0xf5, 0x7e, 0xd9, 0xc2,
    0x3f, 0xf2, 0x26, 0xa3, 0xff, 0x00, 0x6f, 0x7f, 0xe9, 0x52, 0x3e, 0x7b, 0x1d, 0xfe, 0xf1, 0x2f,
    0x97, 0xe4, 0x82, 0x8a, 0xfa, 0x53, 0x90, 0x2b, 0xd0, 0x7e, 0x18, 0x7f, 0xcc, 0x57, 0xfe, 0xd8,
    0xff, 0x00, 0xec, 0xf5, 0xf3, 0x5c, 0x5d, 0xff, 0x00, 0x22, 0x6a, 0xdf, 0xf6, 0xef, 0xfe, 0x95,
    0x13, 0xaf, 0x03, 0xfe, 0xf1, 0x1f, 0x9f, 0xe4, 0xcf, 0x41, 0xa2, 0xbf, 0x13, 0x3e, 0x84, 0x28,
    0xa0, 0x0f, 0x3e, 0xf8, 0x9f, 0xff, 0x00, 0x30, 0xaf, 0xfb, 0x6d, 0xff, 0x00, 0xb2, 0x57, 0x9f,
    0x57, 0xed, 0x9c, 0x23, 0xff, 0x00, 0x22, 0x6a, 0x3f, 0xf6, 0xf7, 0xfe, 0x95, 0x23, 0xe7, 0xb1,
    0xdf, 0xef, 0x12, 0xf9, 0x7e, 0x48, 0x28, 0xaf, 0xa5, 0x39, 0x02, 0xbd, 0x07, 0xe1, 0x87, 0xfc,
    0xc5, 0x7f, 0xed, 0x8f, 0xfe, 0xcf, 0x5f, 0x35, 0xc5, 0xdf, 0xf2, 0x26, 0xad, 0xff, 0x00, 0x6e,
    0xff, 0x00, 0xe9, 0x51, 0x3a, 0xf0, 0x3f, 0xef, 0x11, 0xf9, 0xfe, 0x4c, 0xf4, 0x1a, 0x2b, 0xf1,
    0x33, 0xe8, 0x42, 0x8a, 0x00, 0xf3, 0xef, 0x89, 0xff, 0x00, 0xf3, 0x0a, 0xff, 0x00, 0xb6, 0xdf,
    0xfb, 0x25, 0x79, 0xf5, 0x7e, 0xd9, 0xc2, 0x3f, 0xf2, 0x26, 0xa3, 0xff, 0x00, 0x6f, 0x7f, 0xe9,
    0x52, 0x3e, 0x7b, 0x1d, 0xfe, 0xf1, 0x2f, 0x97, 0xe4, 0x82, 0x8a, 0xfa, 0x53, 0x90, 0x2b, 0xd0,
    0x7e, 0x18, 0x7f, 0xcc, 0x57, 0xfe, 0xd8, 0xff, 0x00, 0xec, 0xf5, 0xf3, 0x5c, 0x5d, 0xff, 0x00,
    0x22, 0x6a, 0xdf, 0xf6, 0xef, 0xfe, 0x95, 0x13, 0xaf, 0x03, 0xfe, 0xf1, 0x1f, 0x9f, 0xe4, 0xcf,
    0x41, 0xa2, 0xbf, 0x13, 0x3e, 0x84, 0x28, 0xa0, 0x0f, 0x3e, 0xf8, 0x9f, 0xff, 0x00, 0x30, 0xaf,
    0xfb, 0x6d, 0xff, 0x00, 0xb2, 0x57, 0x9f, 0x57, 0xed, 0x9c, 0x23, 0xff, 0x00, 0x22, 0x6a, 0x3f,
    0xf6, 0xf7, 0xfe, 0x95, 0x23, 0xe7, 0xb1, 0xdf, 0xef, 0x12, 0xf9, 0x7e, 0x48, 0x28, 0xaf, 0xa5,
    0x39, 0x02, 0xbd, 0x07, 0xe1, 0x87, 0xfc, 0xc5, 0x7f, 0xed, 0x8f, 0xfe, 0xcf, 0x5f, 0x35, 0xc5,
    0xdf, 0xf2, 0x26, 0xad, 0xff, 0x00, 0x6e, 0xff, 0x00, 0xe9, 0x51, 0x3a, 0xf0, 0x3f, 0xef, 0x11,
    0xf9, 0xfe, 0x4c, 0xf4, 0x1a, 0x2b, 0xf1, 0x33, 0xe8, 0x42, 0x8a, 0x00, 0xf3, 0xef, 0x89, 0xff,
    0x00, 0xf3, 0x0a, 0xff, 0x00, 0xb6, 0xdf, 0xfb, 0x25, 0x79, 0xf5, 0x7e, 0xd9, 0xc2, 0x3f, 0xf2,
    0x26, 0xa3, 0xff, 0x00, 0x6f, 0x7f, 0xe9, 0x52, 0x3e, 0x7b, 0x1d, 0xfe, 0xf1, 0x2f, 0x97, 0xe4,
    0x82, 0x8a, 0xfa, 0x53, 0x90, 0x2b, 0xd0, 0x7e, 0x18, 0x7f, 0xcc, 0x57, 0xfe, 0xd8, 0xff, 0x00,
    0xec, 0xf5, 0xf3, 0x5c, 0x5d, 0xff, 0x00, 0x22, 0x6a, 0xdf, 0xf6, 0xef, 0xfe, 0x95, 0x13, 0xaf,
    0x03, 0xfe, 0xf1, 0x1f, 0x9f, 0xe4, 0xcf, 0x41, 0xa2, 0xbf, 0x13, 0x3e, 0x84, 0x28, 0xa0, 0x0f,
    0x3e, 0xf8, 0x9f, 0xff, 0x00, 0x30, 0xaf, 0xfb, 0x6d, 0xff, 0x00, 0xb2, 0x57, 0x9f, 0x57, 0xed,
    0x9c, 0x23, 0xff, 0x00, 0x22, 0x6a, 0x3f, 0xf6, 0xf7, 0xfe, 0x95, 0x23, 0xe7, 0xb1, 0xdf, 0xef,
    0x12, 0xf9, 0x7e, 0x48, 0x28, 0xaf, 0xa5, 0x39, 0x02, 0xbd, 0x07, 0xe1, 0x87, 0xfc, 0xc5, 0x7f,
    0xed, 0x8f, 0xfe, 0xcf, 0x5f, 0x35, 0xc5, 0xdf, 0xf2, 0x26, 0xad, 0xff, 0x00, 0x6e, 0xff, 0x00,
    0xe9, 0x51, 0x3a, 0xf0, 0x3f, 0xef, 0x11, 0xf9, 0xfe, 0x4c, 0xf4, 0x1a, 0x2b, 0xf1, 0x33, 0xe8,
    0x42, 0x8a, 0x00, 0xf3, 0xef, 0x89, 0xff, 0x00, 0xf3, 0x0a, 0xff, 0x00, 0xb6, 0xdf, 0xfb, 0x25,
    0x79, 0xf5, 0x7e, 0xd9, 0xc2, 0x3f, 0xf2, 0x26, 0xa3, 0xff, 0x00, 0x6f, 0x7f, 0xe9, 0x52, 0x3e,
    0x7b, 0x1d, 0xfe, 0xf1, 0x2f, 0x97, 0xe4, 0x82, 0x8a, 0xfa, 0x53, 0x90, 0x2b, 0xd0, 0x7e, 0x18,
    0x7f, 0xcc, 0x57, 0xfe, 0xd8, 0xff, 0x00, 0xec, 0xf5, 0xf3, 0x5c, 0x5d, 0xff, 0x00, 0x22, 0x6a,
    0xdf, 0xf6, 0xef, 0xfe, 0x95, 0x13, 0xaf, 0x03, 0xfe, 0xf1, 0x1f, 0x9f, 0xe4, 0xcf, 0x41, 0xa2,
    0xbf, 0x13, 0x3e, 0x84, 0x28, 0xa0, 0x0f, 0x3e, 0xf8, 0x9f, 0xff, 0x00, 0x30, 0xaf, 0xfb, 0x6d,
    0xff, 0x00, 0xb2, 0x57, 0x9f, 0x57, 0xed, 0x9c, 0x23, 0xff, 0x00, 0x22, 0x6a, 0x3f, 0xf6, 0xf7,
    0xfe, 0x95, 0x23, 0xe7, 0xb1, 0xdf, 0xef, 0x12, 0xf9, 0x7e, 0x48, 0x28, 0xaf, 0xa5, 0x39, 0x02,
    0xbd, 0x07, 0xe1, 0x87, 0xfc, 0xc5, 0x7f, 0xed, 0x8f, 0xfe, 0xcf, 0x5f, 0x35, 0xc5, 0xdf, 0xf2,
    0x26, 0xad, 0xff, 0x00, 0x6e, 0xff, 0x00, 0xe9, 0x51, 0x3a, 0xf0, 0x3f, 0xef, 0x11, 0xf9, 0xfe,
    0x4c, 0xf4, 0x1a, 0x2b, 0xf1, 0x33, 0xe8, 0x42, 0x8a, 0x00, 0xf3, 0xef, 0x89, 0xff, 0x00, 0xf3,
    0x0a, 0xff, 0x00, 0xb6, 0xdf, 0xfb, 0x25, 0x79, 0xf5, 0x7e, 0xd9, 0xc2, 0x3f, 0xf2, 0x26, 0xa3,
    0xff, 0x00, 0x6f, 0x7f, 0xe9, 0x52, 0x3e, 0x7b, 0x1d, 0xfe, 0xf1, 0x2f, 0x97, 0xe4, 0x82, 0x8a,
    0xfa, 0x53, 0x90, 0x2b, 0xd0, 0x7e, 0x18, 0x7f, 0xcc, 0x57, 0xfe, 0xd8, 0xff, 0x00, 0xec, 0xf5,
    0xf3, 0x5c, 0x5d, 0xff, 0x00, 0x22, 0x6a, 0xdf, 0xf6, 0xef, 0xfe, 0x95, 0x13, 0xaf, 0x03, 0xfe,
    0xf1, 0x1f, 0x9f, 0xe4, 0xcf, 0x41, 0xa2, 0xbf, 0x13, 0x3e, 0x84, 0x28, 0xa0, 0x0f, 0x3e, 0xf8,
    0x9f, 0xff, 0x00, 0x30, 0xaf, 0xfb, 0x6d, 0xff, 0x00, 0xb2, 0x57, 0x9f, 0x57, 0xed, 0x9c, 0x23,
    0xff, 0x00, 0x22, 0x6a, 0x3f, 0xf6, 0xf7, 0xfe, 0x95, 0x23, 0xe7, 0xb1, 0xdf, 0xef, 0x12, 0xf9,
    0x7e, 0x48, 0x28, 0xaf, 0xa5, 0x39, 0x02, 0xbd, 0x07, 0xe1, 0x87, 0xfc, 0xc5, 0x7f, 0xed, 0x8f,
    0xfe, 0xcf, 0x5f, 0x35, 0xc5, 0xdf, 0xf2, 0x26, 0xad, 0xff, 0x00, 0x6e, 0xff, 0x00, 0xe9, 0x51,
    0x3a, 0xf0, 0x3f, 0xef, 0x11, 0xf9, 0xfe, 0x4c, 0xf4, 0x1a, 0x2b, 0xf1, 0x33, 0xe8, 0x42, 0x8a,
    0x00, 0xf3, 0xef, 0x89, 0xff, 0x00, 0xf3, 0x0a, 0xff, 0x00, 0xb6, 0xdf, 0xfb, 0x25, 0x79, 0xf5,
    0x7e, 0xd9, 0xc2, 0x3f, 0xf2, 0x26, 0xa3, 0xff, 0x00, 0x6f, 0x7f, 0xe9, 0x52, 0x3e, 0x7b, 0x1d,
    0xfe, 0xf1, 0x2f, 0x97, 0xe4, 0x82, 0x8a, 0xfa, 0x53, 0x90, 0x2b, 0xd0, 0x7e, 0x18, 0x7f, 0xcc,
    0x57, 0xfe, 0xd8, 0xff, 0x00, 0xec, 0xf5, 0xf3, 0x5c, 0x5d, 0xff, 0x00, 0x22, 0x6a, 0xdf, 0xf6,
    0xef, 0xfe, 0x95, 0x13, 0xaf, 0x03, 0xfe, 0xf1, 0x1f, 0x9f, 0xe4, 0xcf, 0x41, 0xa2, 0xbf, 0x13,
    0x3e, 0x84, 0x28, 0xa0, 0x0f, 0x3e, 0xf8, 0x9f, 0xff, 0x00, 0x30, 0xaf, 0xfb, 0x6d, 0xff, 0x00,
    0xb2, 0x57, 0x9f, 0x57, 0xed, 0x9c, 0x23, 0xff, 0x00, 0x22, 0x6a, 0x3f, 0xf6, 0xf7, 0xfe, 0x95,
    0x23, 0xe7, 0xb1, 0xdf, 0xef, 0x12, 0xf9, 0x7e, 0x48, 0x28, 0xaf, 0xa5, 0x39, 0x02, 0xbd, 0x07,
    0xe1, 0x87, 0xfc, 0xc5, 0x7f, 0xed, 0x8f, 0xfe, 0xcf, 0x5f, 0x35, 0xc5, 0xdf, 0xf2, 0x26, 0xad,
    0xff, 0x00, 0x6e, 0xff, 0x00, 0xe9, 0x51, 0x3a, 0xf0, 0x3f, 0xef, 0x11, 0xf9, 0xfe, 0x4c, 0xf4,
    0x1a, 0x2b, 0xf1, 0x33, 0xe8, 0x42, 0x8a, 0x00, 0xf3, 0xef, 0x89, 0xff, 0x00, 0xf3, 0x0a, 0xff,
    0x00, 0xb6, 0xdf, 0xfb, 0x25, 0x79, 0xf5, 0x7e, 0xd9, 0xc2, 0x3f, 0xf2, 0x26, 0xa3, 0xff, 0x00,
    0x6f, 0x7f, 0xe9, 0x52, 0x3e, 0x7b, 0x1d, 0xfe, 0xf1, 0x2f, 0x97, 0xe4, 0x82, 0x8a, 0xfa, 0x53,
    0x90, 0x2b, 0xd0, 0x7e, 0x18, 0x7f, 0xcc, 0x57, 0xfe, 0xd8, 0xff, 0x00, 0xec, 0xf5, 0xf3, 0x5c,
    0x5d, 0xff, 0x00, 0x22, 0x6a, 0xdf, 0xf6, 0xef, 0xfe, 0x95, 0x13, 0xaf, 0x03, 0xfe, 0xf1, 0x1f,
    0x9f, 0xe4, 0xcf, 0x41, 0xa2, 0xbf, 0x13, 0x3e, 0x84, 0xf9, 0xf6, 0x8a, 0xfe, 0x91, 0x3e, 0x4c,
    0xf4, 0x1f, 0x86, 0x1f, 0xf3, 0x15, 0xff, 0x00, 0xb6, 0x3f, 0xfb, 0x3d, 0x7a, 0x0d, 0x7e, 0x25,
    0xc5, 0xdf, 0xf2, 0x39, 0xad, 0xff, 0x00, 0x6e, 0xff, 0x00, 0xe9, 0x31, 0x3e, 0x87, 0x03, 0xfe,
    0xef, 0x1f, 0x9f, 0xe6, 0xc2, 0x8a, 0xf9, 0xb3, 0xac, 0x2b, 0xcf, 0xbe, 0x27, 0xff, 0x00, 0xcc,
    0x2b, 0xfe, 0xdb, 0x7f, 0xec, 0x95, 0xf4, 0x9c, 0x23, 0xff, 0x00, 0x23, 0x9a, 0x3f, 0xf6, 0xf7,
    0xfe, 0x93, 0x23, 0x93, 0x1d, 0xfe, 0xef, 0x2f, 0x97, 0xe6, 0x8f, 0x3e, 0xa2, 0xbf, 0x6d, 0x3e,
    0x78, 0x28, 0xa0, 0x0f, 0x41, 0xf8, 0x61, 0xff, 0x00, 0x31, 0x5f, 0xfb, 0x63, 0xff, 0x00, 0xb3,
    0xd7, 0xa0, 0xd7, 0xe2, 0x5c, 0x5d, 0xff, 0x00, 0x23, 0x9a, 0xdf, 0xf6, 0xef, 0xfe, 0x93, 0x13,
    0xe8, 0x70, 0x3f, 0xee, 0xf1, 0xf9, 0xfe, 0x6c, 0x28, 0xaf, 0x9b, 0x3a, 0xc2, 0xbc, 0xfb, 0xe2,
    0x7f, 0xfc, 0xc2, 0xbf, 0xed, 0xb7, 0xfe, 0xc9, 0x5f, 0x49, 0xc2, 0x3f, 0xf2, 0x39, 0xa3, 0xff,
    0x00, 0x6f, 0x7f, 0xe9, 0x32, 0x39, 0x31, 0xdf, 0xee, 0xf2, 0xf9, 0x7e, 0x68, 0xf3, 0xea, 0x2b,
    0xf6, 0xd3, 0xe7, 0x82, 0x8a, 0x00, 0xf4, 0x1f, 0x86, 0x1f, 0xf3, 0x15, 0xff, 0x00, 0xb6, 0x3f,
    0xfb, 0x3d, 0x7a, 0x0d, 0x7e, 0x25, 0xc5, 0xdf, 0xf2, 0x39, 0xad, 0xff, 0x00, 0x6e, 0xff, 0x00,
    0xe9, 0x31, 0x3e, 0x87, 0x03, 0xfe, 0xef, 0x1f, 0x9f, 0xe6, 0xc2, 0x8a, 0xf9, 0xb3, 0xac, 0x2b,
    0xcf, 0xbe, 0x27, 0xff, 0x00, 0xcc, 0x2b, 0xfe, 0xdb, 0x7f, 0xec, 0x95, 0xf4, 0x9c, 0x23, 0xff,
    0x00, 0x23, 0x9a, 0x3f, 0xf6, 0xf7, 0xfe, 0x93, 0x23, 0x93, 0x1d, 0xfe, 0xef, 0x2f, 0x97, 0xe6,
    0x8f, 0x3e, 0xa2, 0xbf, 0x6d, 0x3e, 0x78, 0x28, 0xa0, 0x0f, 0x41, 0xf8, 0x61, 0xff, 0x00, 0x31,
    0x5f, 0xfb, 0x63, 0xff, 0x00, 0xb3, 0xd7, 0xa0, 0xd7, 0xe2, 0x5c, 0x5d, 0xff, 0x00, 0x23, 0x9a,
    0xdf, 0xf6, 0xef, 0xfe, 0x93, 0x13, 0xe8, 0x70, 0x3f, 0xee, 0xf1, 0xf9, 0xfe, 0x6c, 0x28, 0xaf,
    0x9b, 0x3a, 0xc2, 0xbc, 0xfb, 0xe2, 0x7f, 0xfc, 0xc2, 0xbf, 0xed, 0xb7, 0xfe, 0xc9, 0x5f, 0x49,
    0xc2, 0x3f, 0xf2, 0x39, 0xa3, 0xff, 0x00, 0x6f, 0x7f, 0xe9, 0x32, 0x39, 0x31, 0xdf, 0xee, 0xf2,
    0xf9, 0x7e, 0x68, 0xf3, 0xea, 0x2b, 0xf6, 0xd3, 0xe7, 0x82, 0x8a, 0x00, 0xf4, 0x1f, 0x86, 0x1f,
    0xf3, 0x15, 0xff, 0x00, 0xb6, 0x3f, 0xfb, 0x3d, 0x7a, 0x0d, 0x7e, 0x25, 0xc5, 0xdf, 0xf2, 0x39,
    0xad, 0xff, 0x00, 0x6e, 0xff, 0x00, 0xe9, 0x31, 0x3e, 0x87, 0x03, 0xfe, 0xef, 0x1f, 0x9f, 0xe6,
    0xc2, 0x8a, 0xf9, 0xb3, 0xac, 0x2b, 0xcf, 0xbe, 0x27, 0xff, 0x00, 0xcc, 0x2b, 0xfe, 0xdb, 0x7f,
    0xec, 0x95, 0xf4, 0x9c, 0x23, 0xff, 0x00, 0x23, 0x9a, 0x3f, 0xf6, 0xf7, 0xfe, 0x93, 0x23, 0x93,
    0x1d, 0xfe, 0xef, 0x2f, 0x97, 0xe6, 0x8f, 0x3e, 0xa2, 0xbf, 0x6d, 0x3e, 0x78, 0x28, 0xa0, 0x0f,
    0x41, 0xf8, 0x61, 0xff, 0x00, 0x31, 0x5f, 0xfb, 0x63, 0xff, 0x00, 0xb3, 0xd7, 0xa0, 0xd7, 0xe2,
    0x5c, 0x5d, 0xff, 0x00, 0x23, 0x9a, 0xdf, 0xf6, 0xef, 0xfe, 0x93, 0x13, 0xe8, 0x70, 0x3f, 0xee,
    0xf1, 0xf9, 0xfe, 0x6c, 0x28, 0xaf, 0x9b, 0x3a, 0xc2, 0xbc, 0xfb, 0xe2, 0x7f, 0xfc, 0xc2, 0xbf,
    0xed, 0xb7, 0xfe, 0xc9, 0x5f, 0x49, 0xc2, 0x3f, 0xf2, 0x39, 0xa3, 0xff, 0x00, 0x6f, 0x7f, 0xe9,
    0x32, 0x39, 0x31, 0xdf, 0xee, 0xf2, 0xf9, 0x7e, 0x68, 0xf3, 0xea, 0x2b, 0xf6, 0xd3, 0xe7, 0x82,
    0x8a, 0x00, 0xf4, 0x1f, 0x86, 0x1f, 0xf3, 0x15, 0xff, 0x00, 0xb6, 0x3f, 0xfb, 0x3d, 0x7a, 0x0d,
    0x7e, 0x25, 0xc5, 0xdf, 0xf2, 0x39, 0xad, 0xff, 0x00, 0x6e, 0xff, 0x00, 0xe9, 0x31, 0x3e, 0x87,
    0x03, 0xfe, 0xef, 0x1f, 0x9f, 0xe6, 0xc2, 0x8a, 0xf9, 0xb3, 0xac, 0x2b, 0xcf, 0xbe, 0x27, 0xff,
    0x00, 0xcc, 0x2b, 0xfe, 0xdb, 0x7f, 0xec, 0x95, 0xf4, 0x9c, 0x23, 0xff, 0x00, 0x23, 0x9a, 0x3f,
    0xf6, 0xf7, 0xfe, 0x93, 0x23, 0x93, 0x1d, 0xfe, 0xef, 0x2f, 0x97, 0xe6, 0x8f, 0x3e, 0xa2, 0xbf,
    0x6d, 0x3e, 0x78, 0x28, 0xa0, 0x0f, 0x41, 0xf8, 0x61, 0xff, 0x00, 0x31, 0x5f, 0xfb, 0x63, 0xff,
    0x00, 0xb3, 0xd7, 0xa0, 0xd7, 0xe2, 0x5c, 0x5d, 0xff, 0x00, 0x23, 0x9a, 0xdf, 0xf6, 0xef, 0xfe,
    0x93, 0x13, 0xe8, 0x70, 0x3f, 0xee, 0xf1, 0xf9, 0xfe, 0x6c, 0x28, 0xaf, 0x9b, 0x3a, 0xc2, 0xbc,
    0xfb, 0xe2, 0x7f, 0xfc, 0xc2, 0xbf, 0xed, 0xb7, 0xfe, 0xc9, 0x5f, 0x49, 0xc2, 0x3f, 0xf2, 0x39,
    0xa3, 0xff, 0x00, 0x6f, 0x7f, 0xe9, 0x32, 0x39, 0x31, 0xdf, 0xee, 0xf2, 0xf9, 0x7e, 0x68, 0xf3,
    0xea, 0x2b, 0xf6, 0xd3, 0xe7, 0x82, 0x8a, 0x00, 0xf4, 0x1f, 0x86, 0x1f, 0xf3, 0x15, 0xff, 0x00,
    0xb6, 0x3f, 0xfb, 0x3d, 0x7a, 0x0d, 0x7e, 0x25, 0xc5, 0xdf, 0xf2, 0x39, 0xad, 0xff, 0x00, 0x6e,
    0xff, 0x00, 0xe9, 0x31, 0x3e, 0x87, 0x03, 0xfe, 0xef, 0x1f, 0x9f, 0xe6, 0xc2, 0x8a, 0xf9, 0xb3,
    0xac, 0x2b, 0xcf, 0xbe, 0x27, 0xff, 0x00, 0xcc, 0x2b, 0xfe, 0xdb, 0x7f, 0xec, 0x95, 0xf4, 0x9c,
    0x23, 0xff, 0x00, 0x23, 0x9a, 0x3f, 0xf6, 0xf7, 0xfe, 0x93, 0x23, 0x93, 0x1d, 0xfe, 0xef, 0x2f,
    0x97, 0xe6, 0x8f, 0x3e, 0xa2, 0xbf, 0x6d, 0x3e, 0x78, 0x28, 0xa0, 0x0f, 0x41, 0xf8, 0x61, 0xff,
    0x00, 0x31, 0x5f, 0xfb, 0x63, 0xff, 0x00, 0xb3, 0xd7, 0xa0, 0xd7, 0xe2, 0x5c, 0x5d, 0xff, 0x00,
    0x23, 0x9a, 0xdf, 0xf6, 0xef, 0xfe, 0x93, 0x13, 0xe8, 0x70, 0x3f, 0xee, 0xf1, 0xf9, 0xfe, 0x6c,
    0x28, 0xaf, 0x9b, 0x3a, 0xc2, 0xbc, 0xfb, 0xe2, 0x7f, 0xfc, 0xc2, 0xbf, 0xed, 0xb7, 0xfe, 0xc9,
    0x5f, 0x49, 0xc2, 0x3f, 0xf2, 0x39, 0xa3, 0xff, 0x00, 0x6f, 0x7f, 0xe9, 0x32, 0x39, 0x31, 0xdf,
    0xee, 0xf2, 0xf9, 0x7e, 0x68, 0xf3, 0xea, 0x2b, 0xf6, 0xd3, 0xe7, 0x82, 0x8a, 0x00, 0xf4, 0x1f,
    0x86, 0x1f, 0xf3, 0x15, 0xff, 0x00, 0xb6, 0x3f, 0xfb, 0x3d, 0x7a, 0x0d, 0x7e, 0x25, 0xc5, 0xdf,
    0xf2, 0x39, 0xad, 0xff, 0x00, 0x6e, 0xff, 0x00, 0xe9, 0x31, 0x3e, 0x87, 0x03, 0xfe, 0xef, 0x1f,
    0x9f, 0xe6, 0xc2, 0x8a, 0xf9, 0xb3, 0xac, 0x2b, 0xcf, 0xbe, 0x27, 0xff, 0x00, 0xcc, 0x2b, 0xfe,
    0xdb, 0x7f, 0xec, 0x95, 0xf4, 0x9c, 0x23, 0xff, 0x00, 0x23, 0x9a, 0x3f, 0xf6, 0xf7, 0xfe, 0x93,
    0x23, 0x93, 0x1d, 0xfe, 0xef, 0x2f, 0x97, 0xe6, 0x8f, 0x3e, 0xa2, 0xbf, 0x6d, 0x3e, 0x78, 0x28,
    0xa0, 0x0f, 0x41, 0xf8, 0x61, 0xff, 0x00, 0x31, 0x5f, 0xfb, 0x63, 0xff, 0x00, 0xb3, 0xd7, 0xa0,
    0xd7, 0xe2, 0x5c, 0x5d, 0xff, 0x00, 0x23, 0x9a, 0xdf, 0xf6, 0xef, 0xfe, 0x93, 0x13, 0xe8, 0x70,
    0x3f, 0xee, 0xf1, 0xf9, 0xfe, 0x6c, 0x28, 0xaf, 0x9b, 0x3a, 0xc2, 0xbc, 0xfb, 0xe2, 0x7f, 0xfc,
    0xc2, 0xbf, 0xed, 0xb7, 0xfe, 0xc9, 0x5f, 0x49, 0xc2, 0x3f, 0xf2, 0x39, 0xa3, 0xff, 0x00, 0x6f,
    0x7f, 0xe9, 0x32, 0x39, 0x31, 0xdf, 0xee, 0xf2, 0xf9, 0x7e, 0x68, 0xf3, 0xea, 0x2b, 0xf6, 0xd3,
    0xe7, 0x82, 0x8a, 0x00, 0xf4, 0x1f, 0x86, 0x1f, 0xf3, 0x15, 0xff, 0x00, 0xb6, 0x3f, 0xfb, 0x3d,
    0x7a, 0x0d, 0x7e, 0x25, 0xc5, 0xdf, 0xf2, 0x39, 0xad, 0xff, 0x00, 0x6e, 0xff, 0x00, 0xe9, 0x31,
    0x3e, 0x87, 0x03, 0xfe, 0xef, 0x1f, 0x9f, 0xe6, 0xc2, 0x8a, 0xf9, 0xb3, 0xac, 0x2b, 0xcf, 0xbe,
    0x27, 0xff, 0x00, 0xcc, 0x2b, 0xfe, 0xdb, 0x7f, 0xec, 0x95, 0xf4, 0x9c, 0x23, 0xff, 0x00, 0x23,
    0x9a, 0x3f, 0xf6, 0xf7, 0xfe, 0x93, 0x23, 0x93, 0x1d, 0xfe, 0xef, 0x2f, 0x97, 0xe6, 0x8f, 0x3e,
    0xa2, 0xbf, 0x6d, 0x3e, 0x78, 0x28, 0xa0, 0x0f, 0x41, 0xf8, 0x61, 0xff, 0x00, 0x31, 0x5f, 0xfb,
    0x63, 0xff, 0x00, 0xb3, 0xd7, 0xa0, 0xd7, 0xe2, 0x5c, 0x5d, 0xff, 0x00, 0x23, 0x9a, 0xdf, 0xf6,
    0xef, 0xfe, 0x93, 0x13, 0xe8, 0x70, 0x3f, 0xee, 0xf1, 0xf9, 0xfe, 0x6c, 0x28, 0xaf, 0x9b, 0x3a,
    0xc2, 0xbc, 0xfb, 0xe2, 0x7f, 0xfc, 0xc2, 0xbf, 0xed, 0xb7, 0xfe, 0xc9, 0x5f, 0x49, 0xc2, 0x3f,
    0xf2, 0x39, 0xa3, 0xff, 0x00, 0x6f, 0x7f, 0xe9, 0x32, 0x39, 0x31, 0xdf, 0xee, 0xf2, 0xf9, 0x7e,
    0x68, 0xf3, 0xea, 0x2b, 0xf6, 0xd3, 0xe7, 0x82, 0x8a, 0x00, 0xf4, 0x1f, 0x86, 0x1f, 0xf3, 0x15,
    0xff, 0x00, 0xb6, 0x3f, 0xfb, 0x3d, 0x7a, 0x0d, 0x7e, 0x25, 0xc5, 0xdf, 0xf2, 0x39, 0xad, 0xff,
    0x00, 0x6e, 0xff, 0x00, 0xe9, 0x31, 0x3e, 0x87, 0x03, 0xfe, 0xef, 0x1f, 0x9f, 0xe6, 0xc2, 0x8a,
    0xf9, 0xb3, 0xac, 0x2b, 0xcf, 0xbe, 0x27, 0xff, 0x00, 0xcc, 0x2b, 0xfe, 0xdb, 0x7f, 0xec, 0x95,
    0xf4, 0x9c, 0x23, 0xff, 0x00, 0x23, 0x9a, 0x3f, 0xf6, 0xf7, 0xfe, 0x93, 0x23, 0x93, 0x1d, 0xfe,
    0xef, 0x2f, 0x97, 0xe6, 0x8f, 0x3e, 0xa2, 0xbf, 0x6d, 0x3e, 0x78, 0x28, 0xa0, 0x0f, 0x41, 0xf8,
    0x61, 0xff, 0x00, 0x31, 0x5f, 0xfb, 0x63, 0xff, 0x00, 0xb3, 0xd7, 0xa0, 0xd7, 0xe2, 0x5c, 0x5d,
    0xff, 0x00, 0x23, 0x9a, 0xdf, 0xf6, 0xef, 0xfe, 0x93, 0x13, 0xe8, 0x70, 0x3f, 0xee, 0xf1, 0xf9,
    0xfe, 0x6c, 0x28, 0xaf, 0x9b, 0x3a, 0xc2, 0xbc, 0xfb, 0xe2, 0x7f, 0xfc, 0xc2, 0xbf, 0xed, 0xb7,
    0xfe, 0xc9, 0x5f, 0x49, 0xc2, 0x3f, 0xf2, 0x39, 0xa3, 0xff, 0x00, 0x6f, 0x7f, 0xe9, 0x32, 0x39,
    0x31, 0xdf, 0xee, 0xf2, 0xf9, 0x7e, 0x68, 0xf3, 0xea, 0x2b, 0xf6, 0xd3, 0xe7, 0x82, 0x8a, 0x00,
    0xf4, 0x1f, 0x86, 0x1f, 0xf3, 0x15, 0xff, 0x00, 0xb6, 0x3f, 0xfb, 0x3d, 0x7a, 0x0d, 0x7e, 0x25,
    0xc5, 0xdf, 0xf2, 0x39, 0xad, 0xff, 0x00, 0x6e, 0xff, 0x00, 0xe9, 0x31, 0x3e, 0x87, 0x03, 0xfe,
    0xef, 0x1f, 0x9f, 0xe6, 0xc2, 0x8a, 0xf9, 0xb3, 0xac, 0x2b, 0xcf, 0xbe, 0x27, 0xff, 0x00, 0xcc,
    0x2b, 0xfe, 0xdb, 0x7f, 0xec, 0x95, 0xf4, 0x9c, 0x23, 0xff, 0x00, 0x23, 0x9a, 0x3f, 0xf6, 0xf7,
    0xfe, 0x93, 0x23, 0x93, 0x1d, 0xfe, 0xef, 0x2f, 0x97, 0xe6, 0x8f, 0x3e, 0xa2, 0xbf, 0x6d, 0x3e,
    0x78, 0x28, 0xa0, 0x0f, 0x41, 0xf8, 0x61, 0xff, 0x00, 0x31, 0x5f, 0xfb, 0x63, 0xff, 0x00, 0xb3,
    0xd7, 0xa0, 0xd7, 0xe2, 0x5c, 0x5d, 0xff, 0x00, 0x23, 0x9a, 0xdf, 0xf6, 0xef, 0xfe, 0x93, 0x13,
    0xe8, 0x70, 0x3f, 0xee, 0xf1, 0xf9, 0xfe, 0x6c, 0x28, 0xaf, 0x9b, 0x3a, 0xc2, 0xbc, 0xfb, 0xe2,
    0x7f, 0xfc, 0xc2, 0xbf, 0xed, 0xb7, 0xfe, 0xc9, 0x5f, 0x49, 0xc2, 0x3f, 0xf2, 0x39, 0xa3, 0xff,
    0x00, 0x6f, 0x7f, 0xe9, 0x32, 0x39, 0x31, 0xdf, 0xee, 0xf2, 0xf9, 0x7e, 0x68, 0xf3, 0xea, 0x2b,
    0xf6, 0xd3, 0xe7, 0x82, 0x8a, 0x00, 0xf4, 0x1f, 0x86, 0x1f, 0xf3, 0x15, 0xff, 0x00, 0xb6, 0x3f,
    0xfb, 0x3d, 0x7a, 0x0d, 0x7e, 0x25, 0xc5, 0xdf, 0xf2, 0x39, 0xad, 0xff, 0x00, 0x6e, 0xff, 0x00,
    0xe9, 0x31, 0x3e, 0x87, 0x03, 0xfe, 0xef, 0x1f, 0x9f, 0xe6, 0xc2, 0x8a, 0xf9, 0xb3, 0xac, 0x2b,
    0xcf, 0xbe, 0x27, 0xff, 0x00, 0xcc, 0x2b, 0xfe, 0xdb, 0x7f, 0xec, 0x95, 0xf4, 0x9c, 0x23, 0xff,
    0x00, 0x23, 0x9a, 0x3f, 0xf6, 0xf7, 0xfe, 0x93, 0x23, 0x93, 0x1d, 0xfe, 0xef, 0x2f, 0x97, 0xe6,
    0x8f, 0x3e, 0xa2, 0xbf, 0x6d, 0x3e, 0x78, 0x28, 0xa0, 0x0f, 0x41, 0xf8, 0x61, 0xff, 0x00, 0x31,
    0x5f, 0xfb, 0x63, 0xff, 0x00, 0xb3, 0xd7, 0xa0, 0xd7, 0xe2, 0x5c, 0x5d, 0xff, 0x00, 0x23, 0x9a,
    0xdf, 0xf6, 0xef, 0xfe, 0x93, 0x13, 0xe8, 0x70, 0x3f, 0xee, 0xf1, 0xf9, 0xfe, 0x6c, 0x28, 0xaf,
    0x9b, 0x3a, 0xc2, 0xbc, 0xfb, 0xe2, 0x7f, 0xfc, 0xc2, 0xbf, 0xed, 0xb7, 0xfe, 0xc9, 0x5f, 0x49,
    0xc2, 0x3f, 0xf2, 0x39, 0xa3, 0xff, 0x00, 0x6f, 0x7f, 0xe9, 0x32, 0x39, 0x31, 0xdf, 0xee, 0xf2,
    0xf9, 0x7e, 0x68, 0xf3, 0xea, 0x2b, 0xf6, 0xd3, 0xe7, 0x8f, 0xa0, 0xa8, 0xaf, 0xe6, 0xe3, 0xeb,
    0x0f, 0x3e, 0xf8, 0x9f, 0xff, 0x00, 0x30, 0xaf, 0xfb, 0x6d, 0xff, 0x00, 0xb2, 0x57, 0x9f, 0x57,
    0xed, 0x9c, 0x23, 0xff, 0x00, 0x22, 0x6a, 0x3f, 0xf6, 0xf7, 0xfe, 0x95, 0x23, 0xe7, 0xb1, 0xdf,
    0xef, 0x12, 0xf9, 0x7e, 0x48, 0x28, 0xaf, 0xa5, 0x39, 0x02, 0xbd, 0x07, 0xe1, 0x87, 0xfc, 0xc5,
    0x7f, 0xed, 0x8f, 0xfe, 0xcf, 0x5f, 0x35, 0xc5, 0xdf, 0xf2, 0x26, 0xad, 0xff, 0x00, 0x6e, 0xff,
    0x00, 0xe9, 0x51, 0x3a, 0xf0, 0x3f, 0xef, 0x11, 0xf9, 0xfe, 0x4c, 0xf4, 0x1a, 0x2b, 0xf1, 0x33,
    0xe8, 0x42, 0x8a, 0x00, 0xf3, 0xef, 0x89, 0xff, 0x00, 0xf3, 0x0a, 0xff, 0x00, 0xb6, 0xdf, 0xfb,
    0x25, 0x79, 0xf5, 0x7e, 0xd9, 0xc2, 0x3f, 0xf2, 0x26, 0xa3, 0xff, 0x00, 0x6f, 0x7f, 0xe9, 0x52,
    0x3e, 0x7b, 0x1d, 0xfe, 0xf1, 0x2f, 0x97, 0xe4, 0x82, 0x8a, 0xfa, 0x53, 0x90, 0x2b, 0xd0, 0x7e,
    0x18, 0x7f, 0xcc, 0x57, 0xfe, 0xd8, 0xff, 0x00, 0xec, 0xf5, 0xf3, 0x5c, 0x5d, 0xff, 0x00, 0x22,
    0x6a, 0xdf, 0xf6, 0xef, 0xfe, 0x95, 0x13, 0xaf, 0x03, 0xfe, 0xf1, 0x1f, 0x9f, 0xe4, 0xcf, 0x41,
    0xa2, 0xbf, 0x13, 0x3e, 0x84, 0x28, 0xa0, 0x0f, 0x3e, 0xf8, 0x9f, 0xff, 0x00, 0x30, 0xaf, 0xfb,
    0x6d, 0xff, 0x00, 0xb2, 0x57, 0x9f, 0x57, 0xed, 0x9c, 0x23, 0xff, 0x00, 0x22, 0x6a, 0x3f, 0xf6,
    0xf7, 0xfe, 0x95, 0x23, 0xe7, 0xb1, 0xdf, 0xef, 0x12, 0xf9, 0x7e, 0x48, 0x28, 0xaf, 0xa5, 0x39,
    0x02, 0xbd, 0x07, 0xe1, 0x87, 0xfc, 0xc5, 0x7f, 0xed, 0x8f, 0xfe, 0xcf, 0x5f, 0x35, 0xc5, 0xdf,
    0xf2, 0x26, 0xad, 0xff, 0x00, 0x6e, 0xff, 0x00, 0xe9, 0x51, 0x3a, 0xf0, 0x3f, 0xef, 0x11, 0xf9,
    0xfe, 0x4c, 0xf4, 0x1a, 0x2b, 0xf1, 0x33, 0xe8, 0x42, 0x8a, 0x00, 0xf3, 0xef, 0x89, 0xff, 0x00,
    0xf3, 0x0a, 0xff, 0x00, 0xb6, 0xdf, 0xfb, 0x25, 0x79, 0xf5, 0x7e, 0xd9, 0xc2, 0x3f, 0xf2, 0x26,
    0xa3, 0xff, 0x00, 0x6f, 0x7f, 0xe9, 0x52, 0x3e, 0x7b, 0x1d, 0xfe, 0xf1, 0x2f, 0x97, 0xe4, 0x82,
    0x8a, 0xfa, 0x53, 0x90, 0x2b, 0xd0, 0x7e, 0x18, 0x7f, 0xcc, 0x57, 0xfe, 0xd8, 0xff, 0x00, 0xec,
    0xf5, 0xf3, 0x5c, 0x5d, 0xff, 0x00, 0x22, 0x6a, 0xdf, 0xf6, 0xef, 0xfe, 0x95, 0x13, 0xaf, 0x03,
    0xfe, 0xf1, 0x1f, 0x9f, 0xe4, 0xcf, 0x41, 0xa2, 0xbf, 0x13, 0x3e, 0x84, 0x28, 0xa0, 0x0f, 0x3e,
    0xf8, 0x9f, 0xff, 0x00, 0x30, 0xaf, 0xfb, 0x6d, 0xff, 0x00, 0xb2, 0x57, 0x9f, 0x57, 0xed, 0x9c,
    0x23, 0xff, 0x00, 0x22, 0x6a, 0x3f, 0xf6, 0xf7, 0xfe, 0x95, 0x23, 0xe7, 0xb1, 0xdf, 0xef, 0x12,
    0xf9, 0x7e, 0x48, 0x28, 0xaf, 0xa5, 0x39, 0x02, 0xbd, 0x07, 0xe1, 0x87, 0xfc, 0xc5, 0x7f, 0xed,
    0x8f, 0xfe, 0xcf, 0x5f, 0x35, 0xc5, 0xdf, 0xf2, 0x26, 0xad, 0xff, 0x00, 0x6e, 0xff, 0x00, 0xe9,
    0x51, 0x3a, 0xf0, 0x3f, 0xef, 0x11, 0xf9, 0xfe, 0x4c, 0xf4, 0x1a, 0x2b, 0xf1, 0x33, 0xe8, 0x42,
    0x8a, 0x00, 0xf3, 0xef, 0x89, 0xff, 0x00, 0xf3, 0x0a, 0xff, 0x00, 0xb6, 0xdf, 0xfb, 0x25, 0x79,
    0xf5, 0x7e, 0xd9, 0xc2, 0x3f, 0xf2, 0x26, 0xa3, 0xff, 0x00, 0x6f, 0x7f, 0xe9, 0x52, 0x3e, 0x7b,
    0x1d, 0xfe, 0xf1, 0x2f, 0x97, 0xe4, 0x82, 0x8a, 0xfa, 0x53, 0x90, 0x2b, 0xd0, 0x7e, 0x18, 0x7f,
    0xcc, 0x57, 0xfe, 0xd8, 0xff, 0x00, 0xec, 0xf5, 0xf3, 0x5c, 0x5d, 0xff, 0x00, 0x22, 0x6a, 0xdf,
    0xf6, 0xef, 0xfe, 0x95, 0x13, 0xaf, 0x03, 0xfe, 0xf1, 0x1f, 0x9f, 0xe4, 0xcf, 0x41, 0xa2, 0xbf,
    0x13, 0x3e, 0x84, 0x28, 0xa0, 0x0f, 0x3e, 0xf8, 0x9f, 0xff, 0x00, 0x30, 0xaf, 0xfb, 0x6d, 0xff,
    0x00, 0xb2, 0x57, 0x9f, 0x57, 0xed, 0x9c, 0x23, 0xff, 0x00, 0x22, 0x6a, 0x3f, 0xf6, 0xf7, 0xfe,
    0x95, 0x23, 0xe7, 0xb1, 0xdf, 0xef, 0x12, 0xf9, 0x7e, 0x48, 0x28, 0xaf, 0xa5, 0x39, 0x02, 0xbd,
    0x07, 0xe1, 0x87, 0xfc, 0xc5, 0x7f, 0xed, 0x8f, 0xfe, 0xcf, 0x5f, 0x35, 0xc5, 0xdf, 0xf2, 0x26,
    0xad, 0xff, 0x00, 0x6e, 0xff, 0x00, 0xe9, 0x51, 0x3a, 0xf0, 0x3f, 0xef, 0x11, 0xf9, 0xfe, 0x4c,
    0xf4, 0x1a, 0x2b, 0xf1, 0x33, 0xe8, 0x42, 0x8a, 0x00, 0xf3, 0xef, 0x89, 0xff, 0x00, 0xf3, 0x0a,
    0xff, 0x00, 0xb6, 0xdf, 0xfb, 0x25, 0x79, 0xf5, 0x7e, 0xd9, 0xc2, 0x3f, 0xf2, 0x26, 0xa3, 0xff,
    0x00, 0x6f, 0x7f, 0xe9, 0x52, 0x3e, 0x7b, 0x1d, 0xfe, 0xf1, 0x2f, 0x97, 0xe4, 0x82, 0x8a, 0xfa,
    0x53, 0x90, 0x2b, 0xd0, 0x7e, 0x18, 0x7f, 0xcc, 0x57, 0xfe, 0xd8, 0xff, 0x00, 0xec, 0xf5, 0xf3,
    0x5c, 0x5d, 0xff, 0x00, 0x22, 0x6a, 0xdf, 0xf6, 0xef, 0xfe, 0x95, 0x13, 0xaf, 0x03, 0xfe, 0xf1,
    0x1f, 0x9f, 0xe4, 0xcf, 0x41, 0xa2, 0xbf, 0x13, 0x3e, 0x84, 0x28, 0xa0, 0x0f, 0x3e, 0xf8, 0x9f,
    0xff, 0x00, 0x30, 0xaf, 0xfb, 0x6d, 0xff, 0x00, 0xb2, 0x57, 0x9f, 0x57, 0xed, 0x9c, 0x23, 0xff,
    0x00, 0x22, 0x6a, 0x3f, 0xf6, 0xf7, 0xfe, 0x95, 0x23, 0xe7, 0xb1, 0xdf, 0xef, 0x12, 0xf9, 0x7e,
    0x48, 0x28, 0xaf, 0xa5, 0x39, 0x02, 0xbd, 0x07, 0xe1, 0x87, 0xfc, 0xc5, 0x7f, 0xed, 0x8f, 0xfe,
    0xcf, 0x5f, 0x35, 0xc5, 0xdf, 0xf2, 0x26, 0xad, 0xff, 0x00, 0x6e, 0xff, 0x00, 0xe9, 0x51, 0x3a,
    0xf0, 0x3f, 0xef, 0x11, 0xf9, 0xfe, 0x4c, 0xf4, 0x1a, 0x2b, 0xf1, 0x33, 0xe8, 0x42, 0x8a, 0x00,
    0xf3, 0xef, 0x89, 0xff, 0x00, 0xf3, 0x0a, 0xff, 0x00, 0xb6, 0xdf, 0xfb, 0x25, 0x79, 0xf5, 0x7e,
    0xd9, 0xc2, 0x3f, 0xf2, 0x26, 0xa3, 0xff, 0x00, 0x6f, 0x7f, 0xe9, 0x52, 0x3e, 0x7b, 0x1d, 0xfe,
    0xf1, 0x2f, 0x97, 0xe4, 0x82, 0x8a, 0xfa, 0x53, 0x90, 0x2b, 0xd0, 0x7e, 0x18, 0x7f, 0xcc, 0x57,
    0xfe, 0xd8, 0xff, 0x00, 0xec, 0xf5, 0xf3, 0x5c, 0x5d, 0xff, 0x00, 0x22, 0x6a, 0xdf, 0xf6, 0xef,
    0xfe, 0x95, 0x13, 0xaf, 0x03, 0xfe, 0xf1, 0x1f, 0x9f, 0xe4, 0xcf, 0x41, 0xa2, 0xbf, 0x13, 0x3e,
    0x84, 0x28, 0xa0, 0x0f, 0x3e, 0xf8, 0x9f, 0xff, 0x00, 0x30, 0xaf, 0xfb, 0x6d, 0xff, 0x00, 0xb2,
    0x57, 0x9f, 0x57, 0xed, 0x9c, 0x23, 0xff, 0x00, 0x22, 0x6a, 0x3f, 0xf6, 0xf7, 0xfe, 0x95, 0x23,
    0xe7, 0xb1, 0xdf, 0xef, 0x12, 0xf9, 0x7e, 0x48, 0x28, 0xaf, 0xa5, 0x39, 0x02, 0xbd, 0x07, 0xe1,
    0x87, 0xfc, 0xc5, 0x7f, 0xed, 0x8f, 0xfe, 0xcf, 0x5f, 0x35, 0xc5, 0xdf, 0xf2, 0x26, 0xad, 0xff,
    0x00, 0x6e, 0xff, 0x00, 0xe9, 0x51, 0x3a, 0xf0, 0x3f, 0xef, 0x11, 0xf9, 0xfe, 0x4c, 0xf4, 0x1a,
    0x2b, 0xf1, 0x33, 0xe8, 0x42, 0x8a, 0x00, 0xf3, 0xef, 0x89, 0xff, 0x00, 0xf3, 0x0a, 0xff, 0x00,
    0xb6, 0xdf, 0xfb, 0x25, 0x79, 0xf5, 0x7e, 0xd9, 0xc2, 0x3f, 0xf2, 0x26, 0xa3, 0xff, 0x00, 0x6f,
    0x7f, 0xe9, 0x52, 0x3e, 0x7b, 0x1d, 0xfe, 0xf1, 0x2f, 0x97, 0xe4, 0x82, 0x8a, 0xfa, 0x53, 0x90,
    0x2b, 0xd0, 0x7e, 0x18, 0x7f, 0xcc, 0x57, 0xfe, 0xd8, 0xff, 0x00, 0xec, 0xf5, 0xf3, 0x5c, 0x5d,
    0xff, 0x00, 0x22, 0x6a, 0xdf, 0xf6, 0xef, 0xfe, 0x95, 0x13, 0xaf, 0x03, 0xfe, 0xf1, 0x1f, 0x9f,
    0xe4, 0xcf, 0x41, 0xa2, 0xbf, 0x13, 0x3e, 0x84, 0x28, 0xa0, 0x0f, 0x3e, 0xf8, 0x9f, 0xff, 0x00,
    0x30, 0xaf, 0xfb, 0x6d, 0xff, 0x00, 0xb2, 0x57, 0x9f, 0x57, 0xed, 0x9c, 0x23, 0xff, 0x00, 0x22,
    0x6a, 0x3f, 0xf6, 0xf7, 0xfe, 0x95, 0x23, 0xe7, 0xb1, 0xdf, 0xef, 0x12, 0xf9, 0x7e, 0x48, 0x28,
    0xaf, 0xa5, 0x39, 0x02, 0xbd, 0x07, 0xe1, 0x87, 0xfc, 0xc5, 0x7f, 0xed, 0x8f, 0xfe, 0xcf, 0x5f,
    0x35, 0xc5, 0xdf, 0xf2, 0x26, 0xad, 0xff, 0x00, 0x6e, 0xff, 0x00, 0xe9, 0x51, 0x3a, 0xf0, 0x3f,
    0xef, 0x11, 0xf9, 0xfe, 0x4c, 0xf4, 0x1a, 0x2b, 0xf1, 0x33, 0xe8, 0x42, 0x8a, 0x00, 0xf3, 0xef,
    0x89, 0xff, 0x00, 0xf3, 0x0a, 0xff, 0x00, 0xb6, 0xdf, 0xfb, 0x25, 0x79, 0xf5, 0x7e, 0xd9, 0xc2,
    0x3f, 0xf2, 0x26, 0xa3, 0xff, 0x00, 0x6f, 0x7f, 0xe9, 0x52, 0x3e, 0x7b, 0x1d, 0xfe, 0xf1, 0x2f,
    0x97, 0xe4, 0x82, 0x8a, 0xfa, 0x53, 0x90, 0x2b, 0xd0, 0x7e, 0x18, 0x7f, 0xcc, 0x57, 0xfe, 0xd8,
    0xff, 0x00, 0xec, 0xf5, 0xf3, 0x5c, 0x5d, 0xff, 0x00, 0x22, 0x6a, 0xdf, 0xf6, 0xef, 0xfe, 0x95,
    0x13, 0xaf, 0x03, 0xfe, 0xf1, 0x1f, 0x9f, 0xe4, 0xcf, 0x41, 0xa2, 0xbf, 0x13, 0x3e, 0x84, 0x28,
    0xa0, 0x0f, 0x3e, 0xf8, 0x9f, 0xff, 0x00, 0x30, 0xaf, 0xfb, 0x6d, 0xff, 0x00, 0xb2, 0x57, 0x9f,
    0x57, 0xed, 0x9c, 0x23, 0xff, 0x00, 0x22, 0x6a, 0x3f, 0xf6, 0xf7, 0xfe, 0x95, 0x23, 0xe7, 0xb1,
    0xdf, 0xef, 0x12, 0xf9, 0x7e, 0x48, 0x28, 0xaf, 0xa5, 0x39, 0x02, 0xbd, 0x07, 0xe1, 0x87, 0xfc,
    0xc5, 0x7f, 0xed, 0x8f, 0xfe, 0xcf, 0x5f, 0x35, 0xc5, 0xdf, 0xf2, 0x26, 0xad, 0xff, 0x00, 0x6e,
    0xff, 0x00, 0xe9, 0x51, 0x3a, 0xf0, 0x3f, 0xef, 0x11, 0xf9, 0xfe, 0x4c, 0xf4, 0x1a, 0x2b, 0xf1,
    0x33, 0xe8, 0x42, 0x8a, 0x00, 0xf3, 0xef, 0x89, 0xff, 0x00, 0xf3, 0x0a, 0xff, 0x00, 0xb6, 0xdf,
    0xfb, 0x25, 0x79, 0xf5, 0x7e, 0xd9, 0xc2, 0x3f, 0xf2, 0x26, 0xa3, 0xff, 0x00, 0x6f, 0x7f, 0xe9,
    0x52, 0x3e, 0x7b, 0x1d, 0xfe, 0xf1, 0x2f, 0x97, 0xe4, 0x82, 0x8a, 0xfa, 0x53, 0x90, 0x2b, 0xd0,
    0x7e, 0x18, 0x7f, 0xcc, 0x57, 0xfe, 0xd8, 0xff, 0x00, 0xec, 0xf5, 0xf3, 0x5c, 0x5d, 0xff, 0x00,
    0x22, 0x6a, 0xdf, 0xf6, 0xef, 0xfe, 0x95, 0x13, 0xaf, 0x03, 0xfe, 0xf1, 0x1f, 0x9f, 0xe4, 0xcf,
    0x41, 0xa2, 0xbf, 0x13, 0x3e, 0x84, 0x28, 0xa0, 0x0f, 0x3e, 0xf8, 0x9f, 0xff, 0x00, 0x30, 0xaf,
    0xfb, 0x6d, 0xff, 0x00, 0xb2, 0x57, 0x9f, 0x57, 0xed, 0x9c, 0x23, 0xff, 0x00, 0x22, 0x6a, 0x3f,
    0xf6, 0xf7, 0xfe, 0x95, 0x23, 0xe7, 0xb1, 0xdf, 0xef, 0x12, 0xf9, 0x7e, 0x48, 0x28, 0xaf, 0xa5,
    0x39, 0x02, 0xbd, 0x07, 0xe1, 0x87, 0xfc, 0xc5, 0x7f, 0xed, 0x8f, 0xfe, 0xcf, 0x5f, 0x35, 0xc5,
    0xdf, 0xf2, 0x26, 0xad, 0xff, 0x00, 0x6e, 0xff, 0x00, 0xe9, 0x51, 0x3a, 0xf0, 0x3f, 0xef, 0x11,
    0xf9, 0xfe, 0x4c, 0xf4, 0x1a, 0x2b, 0xf1, 0x33, 0xe8, 0x42, 0x8a, 0x00, 0xf3, 0xef, 0x89, 0xff,
    0x00, 0xf3, 0x0a, 0xff, 0x00, 0xb6, 0xdf, 0xfb, 0x25, 0x79, 0xf5, 0x7e, 0xd9, 0xc2, 0x3f, 0xf2,
    0x26, 0xa3, 0xff, 0x00, 0x6f, 0x7f, 0xe9, 0x52, 0x3e, 0x7b, 0x1d, 0xfe, 0xf1, 0x2f, 0x97, 0xe4,
    0x82, 0x8a, 0xfa, 0x53, 0x90, 0x2b, 0xd0, 0x7e, 0x18, 0x7f, 0xcc, 0x57, 0xfe, 0xd8, 0xff, 0x00,
    0xec, 0xf5, 0xf3, 0x5c, 0x5d, 0xff, 0x00, 0x22, 0x6a, 0xdf, 0xf6, 0xef, 0xfe, 0x95, 0x13, 0xaf,
    0x03, 0xfe, 0xf1, 0x1f, 0x9f, 0xe4, 0xcf, 0x41, 0xa2, 0xbf, 0x13, 0x3e, 0x84, 0x28, 0xa0, 0x0f,
    0x3e, 0xf8, 0x9f, 0xff, 0x00, 0x30, 0xaf, 0xfb, 0x6d, 0xff, 0x00, 0xb2, 0x57, 0x9f, 0x57, 0xed,
    0x9c, 0x23, 0xff, 0x00, 0x22, 0x6a, 0x3f, 0xf6, 0xf7, 0xfe, 0x95, 0x23, 0xe7, 0xb1, 0xdf, 0xef,
    0x12, 0xf9, 0x7e, 0x48, 0x28, 0xaf, 0xa5, 0x39, 0x02, 0xbd, 0x07, 0xe1, 0x87, 0xfc, 0xc5, 0x7f,
    0xed, 0x8f, 0xfe, 0xcf, 0x5f, 0x35, 0xc5, 0xdf, 0xf2, 0x26, 0xad, 0xff, 0x00, 0x6e, 0xff, 0x00,
    0xe9, 0x51, 0x3a, 0xf0, 0x3f, 0xef, 0x11, 0xf9, 0xfe, 0x4c, 0xf4, 0x1a, 0x2b, 0xf1, 0x33, 0xe8,
    0x42, 0x8a, 0x00, 0xf3, 0xef, 0x89, 0xff, 0x00, 0xf3, 0x0a, 0xff, 0x00, 0xb6, 0xdf, 0xfb, 0x25,
    0x79, 0xf5, 0x7e, 0xd9, 0xc2, 0x3f, 0xf2, 0x26, 0xa3, 0xff, 0x00, 0x6f, 0x7f, 0xe9, 0x52, 0x3e,
    0x7b, 0x1d, 0xfe, 0xf1, 0x2f, 0x97, 0xe4, 0x82, 0x8a, 0xfa, 0x53, 0x90, 0x2b, 0xd0, 0x7e, 0x18,
    0x7f, 0xcc, 0x57, 0xfe, 0xd8, 0xff, 0x00, 0xec, 0xf5, 0xf3, 0x5c, 0x5d, 0xff, 0x00, 0x22, 0x6a,
    0xdf, 0xf6, 0xef, 0xfe, 0x95, 0x13, 0xaf, 0x03, 0xfe, 0xf1, 0x1f, 0x9f, 0xe4, 0xcf, 0x41, 0xa2,
    0xbf, 0x13, 0x3e, 0x84, 0xf9, 0xf6, 0x8a, 0xfe, 0x91, 0x3e, 0x4c, 0xf4, 0x1f, 0x86, 0x1f, 0xf3,
    0x15, 0xff, 0x00, 0xb6, 0x3f, 0xfb, 0x3d, 0x7a, 0x0d, 0x7e, 0x25, 0xc5, 0xdf, 0xf2, 0x39, 0xad,
    0xff, 0x00, 0x6e, 0xff, 0x00, 0xe9, 0x31, 0x3e, 0x87, 0x03, 0xfe, 0xef, 0x1f, 0x9f, 0xe6, 0xc2,
    0x8a, 0xf9, 0xb3, 0xac, 0x2b, 0xcf, 0xbe, 0x27, 0xff, 0x00, 0xcc, 0x2b, 0xfe, 0xdb, 0x7f, 0xec,
    0x95, 0xf4, 0x9c, 0x23, 0xff, 0x00, 0x23, 0x9a, 0x3f, 0xf6, 0xf7, 0xfe, 0x93, 0x23, 0x93, 0x1d,
    0xfe, 0xef, 0x2f, 0x97, 0xe6, 0x8f, 0x3e, 0xa2, 0xbf, 0x6d, 0x3e, 0x78, 0x28, 0xa0, 0x0f, 0x41,
    0xf8, 0x61, 0xff, 0x00, 0x31, 0x5f, 0xfb, 0x63, 0xff, 0x00, 0xb3, 0xd7, 0xa0, 0xd7, 0xe2, 0x5c,
    0x5d, 0xff, 0x00, 0x23, 0x9a, 0xdf, 0xf6, 0xef, 0xfe, 0x93, 0x13, 0xe8, 0x70, 0x3f, 0xee, 0xf1,
    0xf9, 0xfe, 0x6c, 0x28, 0xaf, 0x9b, 0x3a, 0xc2, 0xbc, 0xfb, 0xe2, 0x7f, 0xfc, 0xc2, 0xbf, 0xed,
    0xb7, 0xfe, 0xc9, 0x5f, 0x49, 0xc2, 0x3f, 0xf2, 0x39, 0xa3, 0xff, 0x00, 0x6f, 0x7f, 0xe9, 0x32,
    0x39, 0x31, 0xdf, 0xee, 0xf2, 0xf9, 0x7e, 0x68, 0xf3, 0xea, 0x2b, 0xf6, 0xd3, 0xe7, 0x82, 0x8a,
    0x00, 0xf4, 0x1f, 0x86, 0x1f, 0xf3, 0x15, 0xff, 0x00, 0xb6, 0x3f, 0xfb, 0x3d, 0x7a, 0x0d, 0x7e,
    0x25, 0xc5, 0xdf, 0xf2, 0x39, 0xad, 0xff, 0x00, 0x6e, 0xff, 0x00, 0xe9, 0x31, 0x3e, 0x87, 0x03,
    0xfe, 0xef, 0x1f, 0x9f, 0xe6, 0xc2, 0x8a, 0xf9, 0xb3, 0xac, 0x2b, 0xcf, 0xbe, 0x27, 0xff, 0x00,
    0xcc, 0x2b, 0xfe, 0xdb, 0x7f, 0xec, 0x95, 0xf4, 0x9c, 0x23, 0xff, 0x00, 0x23, 0x9a, 0x3f, 0xf6,
    0xf7, 0xfe, 0x93, 0x23, 0x93, 0x1d, 0xfe, 0xef, 0x2f, 0x97, 0xe6, 0x8f, 0x3e, 0xa2, 0xbf, 0x6d,
    0x3e, 0x78, 0x28, 0xa0, 0x0f, 0x41, 0xf8, 0x61, 0xff, 0x00, 0x31, 0x5f, 0xfb, 0x63, 0xff, 0x00,
    0xb3, 0xd7, 0xa0, 0xd7, 0xe2, 0x5c, 0x5d, 0xff, 0x00, 0x23, 0x9a, 0xdf, 0xf6, 0xef, 0xfe, 0x93,
    0x13, 0xe8, 0x70, 0x3f, 0xee, 0xf1, 0xf9, 0xfe, 0x6c, 0x28, 0xaf, 0x9b, 0x3a, 0xc2, 0xbc, 0xfb,
    0xe2, 0x7f, 0xfc, 0xc2, 0xbf, 0xed, 0xb7, 0xfe, 0xc9, 0x5f, 0x49, 0xc2, 0x3f, 0xf2, 0x39, 0xa3,
    0xff, 0x00, 0x6f, 0x7f, 0xe9, 0x32, 0x39, 0x31, 0xdf, 0xee, 0xf2, 0xf9, 0x7e, 0x68, 0xf3, 0xea,
    0x2b, 0xf6, 0xd3, 0xe7, 0x82, 0x8a, 0x00, 0xf4, 0x1f, 0x86, 0x1f, 0xf3, 0x15, 0xff, 0x00, 0xb6,
    0x3f, 0xfb, 0x3d, 0x7a, 0x0d, 0x7e, 0x25, 0xc5, 0xdf, 0xf2, 0x39, 0xad, 0xff, 0x00, 0x6e, 0xff,
    0x00, 0xe9, 0x31, 0x3e, 0x87, 0x03, 0xfe, 0xef, 0x1f, 0x9f, 0xe6, 0xc2, 0x8a, 0xf9, 0xb3, 0xac,
    0x2b, 0xcf, 0xbe, 0x27, 0xff, 0x00, 0xcc, 0x2b, 0xfe, 0xdb, 0x7f, 0xec, 0x95, 0xf4, 0x9c, 0x23,
    0xff, 0x00, 0x23, 0x9a, 0x3f, 0xf6, 0xf7, 0xfe, 0x93, 0x23, 0x93, 0x1d, 0xfe, 0xef, 0x2f, 0x97,
    0xe6, 0x8f, 0x3e, 0xa2, 0xbf, 0x6d, 0x3e, 0x78, 0x28, 0xa0, 0x0f, 0x41, 0xf8, 0x61, 0xff, 0x00,
    0x31, 0x5f, 0xfb, 0x63, 0xff, 0x00, 0xb3, 0xd7, 0xa0, 0xd7, 0xe2, 0x5c, 0x5d, 0xff, 0x00, 0x23,
    0x9a, 0xdf, 0xf6, 0xef, 0xfe, 0x93, 0x13, 0xe8, 0x70, 0x3f, 0xee, 0xf1, 0xf9, 0xfe, 0x6c, 0x28,
    0xaf, 0x9b, 0x3a, 0xc2, 0xbc, 0xfb, 0xe2, 0x7f, 0xfc, 0xc2, 0xbf, 0xed, 0xb7, 0xfe, 0xc9, 0x5f,
    0x49, 0xc2, 0x3f, 0xf2, 0x39, 0xa3, 0xff, 0x00, 0x6f, 0x7f, 0xe9, 0x32, 0x39, 0x31, 0xdf, 0xee,
    0xf2, 0xf9, 0x7e, 0x68, 0xf3, 0xea, 0x2b, 0xf6, 0xd3, 0xe7, 0x82, 0x8a, 0x00, 0xf4, 0x1f, 0x86,
    0x1f, 0xf3, 0x15, 0xff, 0x00, 0xb6, 0x3f, 0xfb, 0x3d, 0x7a, 0x0d, 0x7e, 0x25, 0xc5, 0xdf, 0xf2,
    0x39, 0xad, 0xff, 0x00, 0x6e, 0xff, 0x00, 0xe9, 0x31, 0x3e, 0x87, 0x03, 0xfe, 0xef, 0x1f, 0x9f,
    0xe6, 0xc2, 0x8a, 0xf9, 0xb3, 0xac, 0x2b, 0xcf, 0xbe, 0x27, 0xff, 0x00, 0xcc, 0x2b, 0xfe, 0xdb,
    0x7f, 0xec, 0x95, 0xf4, 0x9c, 0x23, 0xff, 0x00, 0x23, 0x9a, 0x3f, 0xf6, 0xf7, 0xfe, 0x93, 0x23,
    0x93, 0x1d, 0xfe, 0xef, 0x2f, 0x97, 0xe6, 0x8f, 0x3e, 0xa2, 0xbf, 0x6d, 0x3e, 0x78, 0x28, 0xa0,
    0x0f, 0x41, 0xf8, 0x61, 0xff, 0x00, 0x31, 0x5f, 0xfb, 0x63, 0xff, 0x00, 0xb3, 0xd7, 0xa0, 0xd7,
    0xe2, 0x5c, 0x5d, 0xff, 0x00, 0x23, 0x9a, 0xdf, 0xf6, 0xef, 0xfe, 0x93, 0x13, 0xe8, 0x70, 0x3f,
    0xee, 0xf1, 0xf9, 0xfe, 0x6c, 0x28, 0xaf, 0x9b, 0x3a, 0xc2, 0xbc, 0xfb, 0xe2, 0x7f, 0xfc, 0xc2,
    0xbf, 0xed, 0xb7, 0xfe, 0xc9, 0x5f, 0x49, 0xc2, 0x3f, 0xf2, 0x39, 0xa3, 0xff, 0x00, 0x6f, 0x7f,
    0xe9, 0x32, 0x39, 0x31, 0xdf, 0xee, 0xf2, 0xf9, 0x7e, 0x68, 0xf3, 0xea, 0x2b, 0xf6, 0xd3, 0xe7,
    0x82, 0x8a, 0x00, 0xf4, 0x1f, 0x86, 0x1f, 0xf3, 0x15, 0xff, 0x00, 0xb6, 0x3f, 0xfb, 0x3d, 0x7a,
    0x0d, 0x7e, 0x25, 0xc5, 0xdf, 0xf2, 0x39, 0xad, 0xff, 0x00, 0x6e, 0xff, 0x00, 0xe9, 0x31, 0x3e,
    0x87, 0x03, 0xfe, 0xef, 0x1f, 0x9f, 0xe6, 0xc2, 0x8a, 0xf9, 0xb3, 0xac, 0x2b, 0xcf, 0xbe, 0x27,
    0xff, 0x00, 0xcc, 0x2b, 0xfe, 0xdb, 0x7f, 0xec, 0x95, 0xf4, 0x9c, 0x23, 0xff, 0x00, 0x23, 0x9a,
    0x3f, 0xf6, 0xf7, 0xfe, 0x93, 0x23, 0x93, 0x1d, 0xfe, 0xef, 0x2f, 0x97, 0xe6, 0x8f, 0x3e, 0xa2,
    0xbf, 0x6d, 0x3e, 0x78, 0x28, 0xa0, 0x0f, 0x41, 0xf8, 0x61, 0xff, 0x00, 0x31, 0x5f, 0xfb, 0x63,
    0xff, 0x00, 0xb3, 0xd7, 0xa0, 0xd7, 0xe2, 0x5c, 0x5d, 0xff, 0x00, 0x23, 0x9a, 0xdf, 0xf6, 0xef,
    0xfe, 0x93, 0x13, 0xe8, 0x70, 0x3f, 0xee, 0xf1, 0xf9, 0xfe, 0x6c, 0x28, 0xaf, 0x9b, 0x3a, 0xc2,
    0xbc, 0xfb, 0xe2, 0x7f, 0xfc, 0xc2, 0xbf, 0xed, 0xb7, 0xfe, 0xc9, 0x5f, 0x49, 0xc2, 0x3f, 0xf2,
    0x39, 0xa3, 0xff, 0x00, 0x6f, 0x7f, 0xe9, 0x32, 0x39, 0x31, 0xdf, 0xee, 0xf2, 0xf9, 0x7e, 0x68,
    0xf3, 0xea, 0x2b, 0xf6, 0xd3, 0xe7, 0x82, 0x8a, 0x00, 0xf4, 0x1f, 0x86, 0x1f, 0xf3, 0x15, 0xff,
    0x00, 0xb6, 0x3f, 0xfb, 0x3d, 0x7a, 0x0d, 0x7e, 0x25, 0xc5, 0xdf, 0xf2, 0x39, 0xad, 0xff, 0x00,
    0x6e, 0xff, 0x00, 0xe9, 0x31, 0x3e, 0x87, 0x03, 0xfe, 0xef, 0x1f, 0x9f, 0xe6, 0xc2, 0x8a, 0xf9,
    0xb3, 0xac, 0x2b, 0xcf, 0xbe, 0x27, 0xff, 0x00, 0xcc, 0x2b, 0xfe, 0xdb, 0x7f, 0xec, 0x95, 0xf4,
    0x9c, 0x23, 0xff, 0x00, 0x23, 0x9a, 0x3f, 0xf6, 0xf7, 0xfe, 0x93, 0x23, 0x93, 0x1d, 0xfe, 0xef,
    0x2f, 0x97, 0xe6, 0x8f, 0x3e, 0xa2, 0xbf, 0x6d, 0x3e, 0x78, 0x28, 0xa0, 0x0f, 0x41, 0xf8, 0x61,
    0xff, 0x00, 0x31, 0x5f, 0xfb, 0x63, 0xff, 0x00, 0xb3, 0xd7, 0xa0, 0xd7, 0xe2, 0x5c, 0x5d, 0xff,
    0x00, 0x23, 0x9a, 0xdf, 0xf6, 0xef, 0xfe, 0x93, 0x13, 0xe8, 0x70, 0x3f, 0xee, 0xf1, 0xf9, 0xfe,
    0x6c, 0x28, 0xaf, 0x9b, 0x3a, 0xc2, 0xbc, 0xfb, 0xe2, 0x7f, 0xfc, 0xc2, 0xbf, 0xed, 0xb7, 0xfe,
    0xc9, 0x5f, 0x49, 0xc2, 0x3f, 0xf2, 0x39, 0xa3, 0xff, 0x00, 0x6f, 0x7f, 0xe9, 0x32, 0x39, 0x31,
    0xdf, 0xee, 0xf2, 0xf9, 0x7e, 0x68, 0xf3, 0xea, 0x2b, 0xf6, 0xd3, 0xe7, 0x82, 0x8a, 0x00, 0xf4,
    0x1f, 0x86, 0x1f, 0xf3, 0x15, 0xff, 0x00, 0xb6, 0x3f, 0xfb, 0x3d, 0x7a, 0x0d, 0x7e, 0x25, 0xc5,
    0xdf, 0xf2, 0x39, 0xad, 0xff, 0x00, 0x6e, 0xff, 0x00, 0xe9, 0x31, 0x3e, 0x87, 0x03, 0xfe, 0xef,
    0x1f, 0x9f, 0xe6, 0xc2, 0x8a, 0xf9, 0xb3, 0xac, 0x2b, 0xcf, 0xbe, 0x27, 0xff, 0x00, 0xcc, 0x2b,
    0xfe, 0xdb, 0x7f, 0xec, 0x95, 0xf4, 0x9c, 0x23, 0xff, 0x00, 0x23, 0x9a, 0x3f, 0xf6, 0xf7, 0xfe,
    0x93, 0x23, 0x93, 0x1d, 0xfe, 0xef, 0x2f, 0x97, 0xe6, 0x8f, 0x3e, 0xa2, 0xbf, 0x6d, 0x3e, 0x78,
    0x28, 0xa0, 0x0f, 0x41, 0xf8, 0x61, 0xff, 0x00, 0x31, 0x5f, 0xfb, 0x63, 0xff, 0x00, 0xb3, 0xd7,
    0xa0, 0xd7, 0xe2, 0x5c, 0x5d, 0xff, 0x00, 0x23, 0x9a, 0xdf, 0xf6, 0xef, 0xfe, 0x93, 0x13, 0xe8,
    0x70, 0x3f, 0xee, 0xf1, 0xf9, 0xfe, 0x6c, 0x28, 0xaf, 0x9b, 0x3a, 0xc2, 0xbc, 0xfb, 0xe2, 0x7f,
    0xfc, 0xc2, 0xbf, 0xed, 0xb7, 0xfe, 0xc9, 0x5f, 0x49, 0xc2, 0x3f, 0xf2, 0x39, 0xa3, 0xff, 0x00,
    0x6f, 0x7f, 0xe9, 0x32, 0x39, 0x31, 0xdf, 0xee, 0xf2, 0xf9, 0x7e, 0x68, 0xf3, 0xea, 0x2b, 0xf6,
    0xd3, 0xe7, 0x82, 0x8a, 0x00, 0xf4, 0x1f, 0x86, 0x1f, 0xf3, 0x15, 0xff, 0x00, 0xb6, 0x3f, 0xfb,
    0x3d, 0x7a, 0x0d, 0x7e, 0x25, 0xc5, 0xdf, 0xf2, 0x39, 0xad, 0xff, 0x00, 0x6e, 0xff, 0x00, 0xe9,
    0x31, 0x3e, 0x87, 0x03, 0xfe, 0xef, 0x1f, 0x9f, 0xe6, 0xc2, 0x8a, 0xf9, 0xb3, 0xac, 0x2b, 0xcf,
    0xbe, 0x27, 0xff, 0x00, 0xcc, 0x2b, 0xfe, 0xdb, 0x7f, 0xec, 0x95, 0xf4, 0x9c, 0x23, 0xff, 0x00,
    0x23, 0x9a, 0x3f, 0xf6, 0xf7, 0xfe, 0x93, 0x23, 0x93, 0x1d, 0xfe, 0xef, 0x2f, 0x97, 0xe6, 0x8f,
    0x3e, 0xa2, 0xbf, 0x6d, 0x3e, 0x78, 0x28, 0xa0, 0x0f, 0x41, 0xf8, 0x61, 0xff, 0x00, 0x31, 0x5f,
    0xfb, 0x63, 0xff, 0x00, 0xb3, 0xd7, 0xa0, 0xd7, 0xe2, 0x5c, 0x5d, 0xff, 0x00, 0x23, 0x9a, 0xdf,
    0xf6, 0xef, 0xfe, 0x93, 0x13, 0xe8, 0x70, 0x3f, 0xee, 0xf1, 0xf9, 0xfe, 0x6c, 0x28, 0xaf, 0x9b,
    0x3a, 0xc2, 0xbc, 0xfb, 0xe2, 0x7f, 0xfc, 0xc2, 0xbf, 0xed, 0xb7, 0xfe, 0xc9, 0x5f, 0x49, 0xc2,
    0x3f, 0xf2, 0x39, 0xa3, 0xff, 0x00, 0x6f, 0x7f, 0xe9, 0x32, 0x39, 0x31, 0xdf, 0xee, 0xf2, 0xf9,
    0x7e, 0x68, 0xf3, 0xea, 0x2b, 0xf6, 0xd3, 0xe7, 0x82, 0x8a, 0x00, 0xf4, 0x1f, 0x86, 0x1f, 0xf3,
    0x15, 0xff, 0x00, 0xb6, 0x3f, 0xfb, 0x3d, 0x7a, 0x0d, 0x7e, 0x25, 0xc5, 0xdf, 0xf2, 0x39, 0xad,
    0xff, 0x00, 0x6e, 0xff, 0x00, 0xe9, 0x31, 0x3e, 0x87, 0x03, 0xfe, 0xef, 0x1f, 0x9f, 0xe6, 0xc2,
    0x8a, 0xf9, 0xb3, 0xac, 0x2b, 0xcf, 0xbe, 0x27, 0xff, 0x00, 0xcc, 0x2b, 0xfe, 0xdb, 0x7f, 0xec,
    0x95, 0xf4, 0x9c, 0x23, 0xff, 0x00, 0x23, 0x9a, 0x3f, 0xf6, 0xf7, 0xfe, 0x93, 0x23, 0x93, 0x1d,
    0xfe, 0xef, 0x2f, 0x97, 0xe6, 0x8f, 0x3e, 0xa2, 0xbf, 0x6d, 0x3e, 0x78, 0x28, 0xa0, 0x0f, 0x41,
    0xf8, 0x61, 0xff, 0x00, 0x31, 0x5f, 0xfb, 0x63, 0xff, 0x00, 0xb3, 0xd7, 0xa0, 0xd7, 0xe2, 0x5c,
    0x5d, 0xff, 0x00, 0x23, 0x9a, 0xdf, 0xf6, 0xef, 0xfe, 0x93, 0x13, 0xe8, 0x70, 0x3f, 0xee, 0xf1,
    0xf9, 0xfe, 0x6c, 0x28, 0xaf, 0x9b, 0x3a, 0xc2, 0xbc, 0xfb, 0xe2, 0x7f, 0xfc, 0xc2, 0xbf, 0xed,
    0xb7, 0xfe, 0xc9, 0x5f, 0x49, 0xc2, 0x3f, 0xf2, 0x39, 0xa3, 0xff, 0x00, 0x6f, 0x7f, 0xe9, 0x32,
    0x39, 0x31, 0xdf, 0xee, 0xf2, 0xf9, 0x7e, 0x68, 0xf3, 0xea, 0x2b, 0xf6, 0xd3, 0xe7, 0x82, 0x8a,
    0x00, 0xf4, 0x1f, 0x86, 0x1f, 0xf3, 0x15, 0xff, 0x00, 0xb6, 0x3f, 0xfb, 0x3d, 0x7a, 0x0d, 0x7e,
    0x25, 0xc5, 0xdf, 0xf2, 0x39, 0xad, 0xff, 0x00, 0x6e, 0xff, 0x00, 0xe9, 0x31, 0x3e, 0x87, 0x03,
    0xfe, 0xef, 0x1f, 0x9f, 0xe6, 0xc2, 0x8a, 0xf9, 0xb3, 0xac, 0x2b, 0xcf, 0xbe, 0x27, 0xff, 0x00,
    0xcc, 0x2b, 0xfe, 0xdb, 0x7f, 0xec, 0x95, 0xf4, 0x9c, 0x23, 0xff, 0x00, 0x23, 0x9a, 0x3f, 0xf6,
    0xf7, 0xfe, 0x93, 0x23, 0x93, 0x1d, 0xfe, 0xef, 0x2f, 0x97, 0xe6, 0x8f, 0x3e, 0xa2, 0xbf, 0x6d,
    0x3e, 0x78, 0x28, 0xa0, 0x0f, 0x41, 0xf8, 0x61, 0xff, 0x00, 0x31, 0x5f, 0xfb, 0x63, 0xff, 0x00,
    0xb3, 0xd7, 0xa0, 0xd7, 0xe2, 0x5c, 0x5d, 0xff, 0x00, 0x23, 0x9a, 0xdf, 0xf6, 0xef, 0xfe, 0x93,
    0x13, 0xe8, 0x70, 0x3f, 0xee, 0xf1, 0xf9, 0xfe, 0x6c, 0x28, 0xaf, 0x9b, 0x3a, 0xc2, 0xbc, 0xfb,
    0xe2, 0x7f, 0xfc, 0xc2, 0xbf, 0xed, 0xb7, 0xfe, 0xc9, 0x5f, 0x49, 0xc2, 0x3f, 0xf2, 0x39, 0xa3,
    0xff, 0x00, 0x6f, 0x7f, 0xe9, 0x32, 0x39, 0x31, 0xdf, 0xee, 0xf2, 0xf9, 0x7e, 0x68, 0xf3, 0xea,
    0x2b, 0xf6, 0xd3, 0xe7, 0x8f, 0xa0, 0xa8, 0xaf, 0xe6, 0xe3, 0xeb, 0x0f, 0x3e, 0xf8, 0x9f, 0xff,
    0x00, 0x30, 0xaf, 0xfb, 0x6d, 0xff, 0x00, 0xb2, 0x57, 0x9f, 0x57, 0xed, 0x9c, 0x23, 0xff, 0x00,
    0x22, 0x6a, 0x3f, 0xf6, 0xf7, 0xfe, 0x95, 0x23, 0xe7, 0xb1, 0xdf, 0xef, 0x12, 0xf9, 0x7e, 0x48,
    0x28, 0xaf, 0xa5, 0x39, 0x02, 0xbd, 0x07, 0xe1, 0x87, 0xfc, 0xc5, 0x7f, 0xed, 0x8f, 0xfe, 0xcf,
    0x5f, 0x35, 0xc5, 0xdf, 0xf2, 0x26, 0xad, 0xff, 0x00, 0x6e, 0xff, 0x00, 0xe9, 0x51, 0x3a, 0xf0,
    0x3f, 0xef, 0x11, 0xf9, 0xfe, 0x4c, 0xf4, 0x1a, 0x2b, 0xf1, 0x33, 0xe8, 0x42, 0x8a, 0x00, 0xf3,
    0xef, 0x89, 0xff, 0x00, 0xf3, 0x0a, 0xff, 0x00, 0xb6, 0xdf, 0xfb, 0x25, 0x79, 0xf5, 0x7e, 0xd9,
    0xc2, 0x3f, 0xf2, 0x26, 0xa3, 0xff, 0x00, 0x6f, 0x7f, 0xe9, 0x52, 0x3e, 0x7b, 0x1d, 0xfe, 0xf1,
    0x2f, 0x97, 0xe4, 0x82, 0x8a, 0xfa, 0x53, 0x90, 0x2b, 0xd0, 0x7e, 0x18, 0x7f, 0xcc, 0x57, 0xfe,
    0xd8, 0xff, 0x00, 0xec, 0xf5, 0xf3, 0x5c, 0x5d, 0xff, 0x00, 0x22, 0x6a, 0xdf, 0xf6, 0xef, 0xfe,
    0x95, 0x13, 0xaf, 0x03, 0xfe, 0xf1, 0x1f, 0x9f, 0xe4, 0xcf, 0x41, 0xa2, 0xbf, 0x13, 0x3e, 0x84,
    0x28, 0xa0, 0x0f, 0x3e, 0xf8, 0x9f, 0xff, 0x00, 0x30, 0xaf, 0xfb, 0x6d, 0xff, 0x00, 0xb2, 0x57,
    0x9f, 0x57, 0xed, 0x9c, 0x23, 0xff, 0x00, 0x22, 0x6a, 0x3f, 0xf6, 0xf7, 0xfe, 0x95, 0x23, 0xe7,
    0xb1, 0xdf, 0xef, 0x12, 0xf9, 0x7e, 0x48, 0x28, 0xaf, 0xa5, 0x39, 0x02, 0xbd, 0x07, 0xe1, 0x87,
    0xfc, 0xc5, 0x7f, 0xed, 0x8f, 0xfe, 0xcf, 0x5f, 0x35, 0xc5, 0xdf, 0xf2, 0x26, 0xad, 0xff, 0x00,
    0x6e, 0xff, 0x00, 0xe9, 0x51, 0x3a, 0xf0, 0x3f, 0xef, 0x11, 0xf9, 0xfe, 0x4c, 0xf4, 0x1a, 0x2b,
    0xf1, 0x33, 0xe8, 0x42, 0x8a, 0x00, 0xf3, 0xef, 0x89, 0xff, 0x00, 0xf3, 0x0a, 0xff, 0x00, 0xb6,
    0xdf, 0xfb, 0x25, 0x79, 0xf5, 0x7e, 0xd9, 0xc2, 0x3f, 0xf2, 0x26, 0xa3, 0xff, 0x00, 0x6f, 0x7f,
    0xe9, 0x52, 0x3e, 0x7b, 0x1d, 0xfe, 0xf1, 0x2f, 0x97, 0xe4, 0x82, 0x8a, 0xfa, 0x53, 0x90, 0x2b,
    0xd0, 0x7e, 0x18, 0x7f, 0xcc, 0x57, 0xfe, 0xd8, 0xff, 0x00, 0xec, 0xf5, 0xf3, 0x5c, 0x5d, 0xff,
    0x00, 0x22, 0x6a, 0xdf, 0xf6, 0xef, 0xfe, 0x95, 0x13, 0xaf, 0x03, 0xfe, 0xf1, 0x1f, 0x9f, 0xe4,
    0xcf, 0x41, 0xa2, 0xbf, 0x13, 0x3e, 0x84, 0x28, 0xa0, 0x0f, 0x3e, 0xf8, 0x9f, 0xff, 0x00, 0x30,
    0xaf, 0xfb, 0x6d, 0xff, 0x00, 0xb2, 0x57, 0x9f, 0x57, 0xed, 0x9c, 0x23, 0xff, 0x00, 0x22, 0x6a,
    0x3f, 0xf6, 0xf7, 0xfe, 0x95, 0x23, 0xe7, 0xb1, 0xdf, 0xef, 0x12, 0xf9, 0x7e, 0x48, 0x28, 0xaf,
    0xa5, 0x39, 0x02, 0xbd, 0x07, 0xe1, 0x87, 0xfc, 0xc5, 0x7f, 0xed, 0x8f, 0xfe, 0xcf, 0x5f, 0x35,
    0xc5, 0xdf, 0xf2, 0x26, 0xad, 0xff, 0x00, 0x6e, 0xff, 0x00, 0xe9, 0x51, 0x3a, 0xf0, 0x3f, 0xef,
    0x11, 0xf9, 0xfe, 0x4c, 0xf4, 0x1a, 0x2b, 0xf1, 0x33, 0xe8, 0x42, 0x8a, 0x00, 0xf3, 0xef, 0x89,
    0xff, 0x00, 0xf3, 0x0a, 0xff, 0x00, 0xb6, 0xdf, 0xfb, 0x25, 0x79, 0xf5, 0x7e, 0xd9, 0xc2, 0x3f,
    0xf2, 0x26, 0xa3, 0xff, 0x00, 0x6f, 0x7f, 0xe9, 0x52, 0x3e, 0x7b, 0x1d, 0xfe, 0xf1, 0x2f, 0x97,
    0xe4, 0x82, 0x8a, 0xfa, 0x53, 0x90, 0x2b, 0xd0, 0x7e, 0x18, 0x7f, 0xcc, 0x57, 0xfe, 0xd8, 0xff,
    0x00, 0xec, 0xf5, 0xf3, 0x5c, 0x5d, 0xff, 0x00, 0x22, 0x6a, 0xdf, 0xf6, 0xef, 0xfe, 0x95, 0x13,
    0xaf, 0x03, 0xfe, 0xf1, 0x1f, 0x9f, 0xe4, 0xcf, 0x41, 0xa2, 0xbf, 0x13, 0x3e, 0x84, 0x28, 0xa0,
    0x0f, 0x3e, 0xf8, 0x9f, 0xff, 0x00, 0x30, 0xaf, 0xfb, 0x6d, 0xff, 0x00, 0xb2, 0x57, 0x9f, 0x57,
    0xed, 0x9c, 0x23, 0xff, 0x00, 0x22, 0x6a, 0x3f, 0xf6, 0xf7, 0xfe, 0x95, 0x23, 0xe7, 0xb1, 0xdf,
    0xef, 0x12, 0xf9, 0x7e, 0x48, 0x28, 0xaf, 0xa5, 0x39, 0x02, 0xbd, 0x07, 0xe1, 0x87, 0xfc, 0xc5,
    0x7f, 0xed, 0x8f, 0xfe, 0xcf, 0x5f, 0x35, 0xc5, 0xdf, 0xf2, 0x26, 0xad, 0xff, 0x00, 0x6e, 0xff,
    0x00, 0xe9, 0x51, 0x3a, 0xf0, 0x3f, 0xef, 0x11, 0xf9, 0xfe, 0x4c, 0xf4, 0x1a, 0x2b, 0xf1, 0x33,
    0xe8, 0x42, 0x8a, 0x00, 0xf3, 0xef, 0x89, 0xff, 0x00, 0xf3, 0x0a, 0xff, 0x00, 0xb6, 0xdf, 0xfb,
    0x25, 0x79, 0xf5, 0x7e, 0xd9, 0xc2, 0x3f, 0xf2, 0x26, 0xa3, 0xff, 0x00, 0x6f, 0x7f, 0xe9, 0x52,
    0x3e, 0x7b, 0x1d, 0xfe, 0xf1, 0x2f, 0x97, 0xe4, 0x82, 0x8a, 0xfa, 0x53, 0x90, 0x2b, 0xd0, 0x7e,
    0x18, 0x7f, 0xcc, 0x57, 0xfe, 0xd8, 0xff, 0x00, 0xec, 0xf5, 0xf3, 0x5c, 0x5d, 0xff, 0x00, 0x22,
    0x6a, 0xdf, 0xf6, 0xef, 0xfe, 0x95, 0x13, 0xaf, 0x03, 0xfe, 0xf1, 0x1f, 0x9f, 0xe4, 0xcf, 0x41,
    0xa2, 0xbf, 0x13, 0x3e, 0x84, 0x28, 0xa0, 0x0f, 0x3e, 0xf8, 0x9f, 0xff, 0x00, 0x30, 0xaf, 0xfb,
    0x6d, 0xff, 0x00, 0xb2, 0x57, 0x9f, 0x57, 0xed, 0x9c, 0x23, 0xff, 0x00, 0x22, 0x6a, 0x3f, 0xf6,
    0xf7, 0xfe, 0x95, 0x23, 0xe7, 0xb1, 0xdf, 0xef, 0x12, 0xf9, 0x7e, 0x48, 0x28, 0xaf, 0xa5, 0x39,
    0x02, 0xbd, 0x07, 0xe1, 0x87, 0xfc, 0xc5, 0x7f, 0xed, 0x8f, 0xfe, 0xcf, 0x5f, 0x35, 0xc5, 0xdf,
    0xf2, 0x26, 0xad, 0xff, 0x00, 0x6e, 0xff, 0x00, 0xe9, 0x51, 0x3a, 0xf0, 0x3f, 0xef, 0x11, 0xf9,
    0xfe, 0x4c, 0xf4, 0x1a, 0x2b, 0xf1, 0x33, 0xe8, 0x42, 0x8a, 0x00, 0xf3, 0xef, 0x89, 0xff, 0x00,
    0xf3, 0x0a, 0xff, 0x00, 0xb6, 0xdf, 0xfb, 0x25, 0x79, 0xf5, 0x7e, 0xd9, 0xc2, 0x3f, 0xf2, 0x26,
    0xa3, 0xff, 0x00, 0x6f, 0x7f, 0xe9, 0x52, 0x3e, 0x7b, 0x1d, 0xfe, 0xf1, 0x2f, 0x97, 0xe4, 0x82,
    0x8a, 0xfa, 0x53, 0x90, 0x2b, 0xd0, 0x7e, 0x18, 0x7f, 0xcc, 0x57, 0xfe, 0xd8, 0xff, 0x00, 0xec,
    0xf5, 0xf3, 0x5c, 0x5d, 0xff, 0x00, 0x22, 0x6a, 0xdf, 0xf6, 0xef, 0xfe, 0x95, 0x13, 0xaf, 0x03,
    0xfe, 0xf1, 0x1f, 0x9f, 0xe4, 0xcf, 0x41, 0xa2, 0xbf, 0x13, 0x3e, 0x84, 0x28, 0xa0, 0x0f, 0x3e,
    0xf8, 0x9f, 0xff, 0x00, 0x30, 0xaf, 0xfb, 0x6d, 0xff, 0x00, 0xb2, 0x57, 0x9f, 0x57, 0xed, 0x9c,
    0x23, 0xff, 0x00, 0x22, 0x6a, 0x3f, 0xf6, 0xf7, 0xfe, 0x95, 0x23, 0xe7, 0xb1, 0xdf, 0xef, 0x12,
    0xf9, 0x7e, 0x48, 0x28, 0xaf, 0xa5, 0x39, 0x02, 0xbd, 0x07, 0xe1, 0x87, 0xfc, 0xc5, 0x7f, 0xed,
    0x8f, 0xfe, 0xcf, 0x5f, 0x35, 0xc5, 0xdf, 0xf2, 0x26, 0xad, 0xff, 0x00, 0x6e, 0xff, 0x00, 0xe9,
    0x51, 0x3a, 0xf0, 0x3f, 0xef, 0x11, 0xf9, 0xfe, 0x4c, 0xf4, 0x1a, 0x2b, 0xf1, 0x33, 0xe8, 0x42,
    0x8a, 0x00, 0xf3, 0xef, 0x89, 0xff, 0x00, 0xf3, 0x0a, 0xff, 0x00, 0xb6, 0xdf, 0xfb, 0x25, 0x79,
    0xf5, 0x7e, 0xd9, 0xc2, 0x3f, 0xf2, 0x26, 0xa3, 0xff, 0x00, 0x6f, 0x7f, 0xe9, 0x52, 0x3e, 0x7b,
    0x1d, 0xfe, 0xf1, 0x2f, 0x97, 0xe4, 0x82, 0x8a, 0xfa, 0x53, 0x90, 0x2b, 0xd0, 0x7e, 0x18, 0x7f,
    0xcc, 0x57, 0xfe, 0xd8, 0xff, 0x00, 0xec, 0xf5, 0xf3, 0x5c, 0x5d, 0xff, 0x00, 0x22, 0x6a, 0xdf,
    0xf6, 0xef, 0xfe, 0x95, 0x13, 0xaf, 0x03, 0xfe, 0xf1, 0x1f, 0x9f, 0xe4, 0xcf, 0x41, 0xa2, 0xbf,
    0x13, 0x3e, 0x84, 0x28, 0xa0, 0x0f, 0x3e, 0xf8, 0x9f, 0xff, 0x00, 0x30, 0xaf, 0xfb, 0x6d, 0xff,
    0x00, 0xb2, 0x57, 0x9f, 0x57, 0xed, 0x9c, 0x23, 0xff, 0x00, 0x22, 0x6a, 0x3f, 0xf6, 0xf7, 0xfe,
    0x95, 0x23, 0xe7, 0xb1, 0xdf, 0xef, 0x12, 0xf9, 0x7e, 0x48, 0x28, 0xaf, 0xa5, 0x39, 0x02, 0xbd,
    0x07, 0xe1, 0x87, 0xfc, 0xc5, 0x7f, 0xed, 0x8f, 0xfe, 0xcf, 0x5f, 0x35, 0xc5, 0xdf, 0xf2, 0x26,
    0xad, 0xff, 0x00, 0x6e, 0xff, 0x00, 0xe9, 0x51, 0x3a, 0xf0, 0x3f, 0xef, 0x11, 0xf9, 0xfe, 0x4c,
    0xf4, 0x1a, 0x2b, 0xf1, 0x33, 0xe8, 0x42, 0x8a, 0x00, 0xf3, 0xef, 0x89, 0xff, 0x00, 0xf3, 0x0a,
    0xff, 0x00, 0xb6, 0xdf, 0xfb, 0x25, 0x79, 0xf5, 0x7e, 0xd9, 0xc2, 0x3f, 0xf2, 0x26, 0xa3, 0xff,
    0x00, 0x6f, 0x7f, 0xe9, 0x52, 0x3e, 0x7b, 0x1d, 0xfe, 0xf1, 0x2f, 0x97, 0xe4, 0x82, 0x8a, 0xfa,
    0x53, 0x90, 0x2b, 0xd0, 0x7e, 0x18, 0x7f, 0xcc, 0x57, 0xfe, 0xd8, 0xff, 0x00, 0xec, 0xf5, 0xf3,
    0x5c, 0x5d, 0xff, 0x00, 0x22, 0x6a, 0xdf, 0xf6, 0xef, 0xfe, 0x95, 0x13, 0xaf, 0x03, 0xfe, 0xf1,
    0x1f, 0x9f, 0xe4, 0xcf, 0x41, 0xa2, 0xbf, 0x13, 0x3e, 0x84, 0x28, 0xa0, 0x0f, 0x3e, 0xf8, 0x9f,
    0xff, 0x00, 0x30, 0xaf, 0xfb, 0x6d, 0xff, 0x00, 0xb2, 0x57, 0x9f, 0x57, 0xed, 0x9c, 0x23, 0xff,
    0x00, 0x22, 0x6a, 0x3f, 0xf6, 0xf7, 0xfe, 0x95, 0x23, 0xe7, 0xb1, 0xdf, 0xef, 0x12, 0xf9, 0x7e,
    0x48, 0x28, 0xaf, 0xa5, 0x39, 0x02, 0xbd, 0x07, 0xe1, 0x87, 0xfc, 0xc5, 0x7f, 0xed, 0x8f, 0xfe,
    0xcf, 0x5f, 0x35, 0xc5, 0xdf, 0xf2, 0x26, 0xad, 0xff, 0x00, 0x6e, 0xff, 0x00, 0xe9, 0x51, 0x3a,
    0xf0, 0x3f, 0xef, 0x11, 0xf9, 0xfe, 0x4c, 0xf4, 0x1a, 0x2b, 0xf1, 0x33, 0xe8, 0x42, 0x8a, 0x00,
    0xf3, 0xef, 0x89, 0xff, 0x00, 0xf3, 0x0a, 0xff, 0x00, 0xb6, 0xdf, 0xfb, 0x25, 0x79, 0xf5, 0x7e,
    0xd9, 0xc2, 0x3f, 0xf2, 0x26, 0xa3, 0xff, 0x00, 0x6f, 0x7f, 0xe9, 0x52, 0x3e, 0x7b, 0x1d, 0xfe,
    0xf1, 0x2f, 0x97, 0xe4, 0x82, 0x8a, 0xfa, 0x53, 0x90, 0x2b, 0xd0, 0x7e, 0x18, 0x7f, 0xcc, 0x57,
    0xfe, 0xd8, 0xff, 0x00, 0xec, 0xf5, 0xf3, 0x5c, 0x5d, 0xff, 0x00, 0x22, 0x6a, 0xdf, 0xf6, 0xef,
    0xfe, 0x95, 0x13, 0xaf, 0x03, 0xfe, 0xf1, 0x1f, 0x9f, 0xe4, 0xcf, 0x41, 0xa2, 0xbf, 0x13, 0x3e,
    0x84, 0x28, 0xa0, 0x0f, 0x3e, 0xf8, 0x9f, 0xff, 0x00, 0x30, 0xaf, 0xfb, 0x6d, 0xff, 0x00, 0xb2,
    0x57, 0x9f, 0x57, 0xed, 0x9c, 0x23, 0xff, 0x00, 0x22, 0x6a, 0x3f, 0xf6, 0xf7, 0xfe, 0x95, 0x23,
    0xe7, 0xb1, 0xdf, 0xef, 0x12, 0xf9, 0x7e, 0x48, 0x28, 0xaf, 0xa5, 0x39, 0x02, 0xbd, 0x07, 0xe1,
    0x87, 0xfc, 0xc5, 0x7f, 0xed, 0x8f, 0xfe, 0xcf, 0x5f, 0x35, 0xc5, 0xdf, 0xf2, 0x26, 0xad, 0xff,
    0x00, 0x6e, 0xff, 0x00, 0xe9, 0x51, 0x3a, 0xf0, 0x3f, 0xef, 0x11, 0xf9, 0xfe, 0x4c, 0xf4, 0x1a,
    0x2b, 0xf1, 0x33, 0xe8, 0x42, 0x8a, 0x00, 0xf3, 0xef, 0x89, 0xff, 0x00, 0xf3, 0x0a, 0xff, 0x00,
    0xb6, 0xdf, 0xfb, 0x25, 0x79, 0xf5, 0x7e, 0xd9, 0xc2, 0x3f, 0xf2, 0x26, 0xa3, 0xff, 0x00, 0x6f,
    0x7f, 0xe9, 0x52, 0x3e, 0x7b, 0x1d, 0xfe, 0xf1, 0x2f, 0x97, 0xe4, 0x82, 0x8a, 0xfa, 0x53, 0x90,
    0x2b, 0xd0, 0x7e, 0x18, 0x7f, 0xcc, 0x57, 0xfe, 0xd8, 0xff, 0x00, 0xec, 0xf5, 0xf3, 0x5c, 0x5d,
    0xff, 0x00, 0x22, 0x6a, 0xdf, 0xf6, 0xef, 0xfe, 0x95, 0x13, 0xaf, 0x03, 0xfe, 0xf1, 0x1f, 0x9f,
    0xe4, 0xcf, 0x41, 0xa2, 0xbf, 0x13, 0x3e, 0x84, 0x28, 0xa0, 0x0f, 0x3e, 0xf8, 0x9f, 0xff, 0x00,
    0x30, 0xaf, 0xfb, 0x6d, 0xff, 0x00, 0xb2, 0x57, 0x9f, 0x57, 0xed, 0x9c, 0x23, 0xff, 0x00, 0x22,
    0x6a, 0x3f, 0xf6, 0xf7, 0xfe, 0x95, 0x23, 0xe7, 0xb1, 0xdf, 0xef, 0x12, 0xf9, 0x7e, 0x48, 0x28,
    0xaf, 0xa5, 0x39, 0x02, 0xbd, 0x07, 0xe1, 0x87, 0xfc, 0xc5, 0x7f, 0xed, 0x8f, 0xfe, 0xcf, 0x5f,
    0x35, 0xc5, 0xdf, 0xf2, 0x26, 0xad, 0xff, 0x00, 0x6e, 0xff, 0x00, 0xe9, 0x51, 0x3a, 0xf0, 0x3f,
    0xef, 0x11, 0xf9, 0xfe, 0x4c, 0xf4, 0x1a, 0x2b, 0xf1, 0x33, 0xe8, 0x42, 0x8a, 0x00, 0xf3, 0xef,
    0x89, 0xff, 0x00, 0xf3, 0x0a, 0xff, 0x00, 0xb6, 0xdf, 0xfb, 0x25, 0x79, 0xf5, 0x7e, 0xd9, 0xc2,
    0x3f, 0xf2, 0x26, 0xa3, 0xff, 0x00, 0x6f, 0x7f, 0xe9, 0x52, 0x3e, 0x7b, 0x1d, 0xfe, 0xf1, 0x2f,
    0x97, 0xe4, 0x82, 0x8a, 0xfa, 0x53, 0x90, 0x2b, 0xd0, 0x7e, 0x18, 0x7f, 0xcc, 0x57, 0xfe, 0xd8,
    0xff, 0x00, 0xec, 0xf5, 0xf3, 0x5c, 0x5d, 0xff, 0x00, 0x22, 0x6a, 0xdf, 0xf6, 0xef, 0xfe, 0x95,
    0x13, 0xaf, 0x03, 0xfe, 0xf1, 0x1f, 0x9f, 0xe4, 0xcf, 0x41, 0xa2, 0xbf, 0x13, 0x3e, 0x84, 0xff,
    0xd9,
};
static const unsigned char cb_frame_5[] = {
    0xff, 0xd8, 0xff, 0xe0, 0x00, 0x10, 0x4a, 0x46, 0x49, 0x46, 0x00, 0x01, 0x01, 0x00, 0x00, 0x01,
    0x00, 0x01, 0x00, 0x00, 0xff, 0xdb, 0x00, 0x43, 0x00, 0x08, 0x06, 0x06, 0x07, 0x06, 0x05, 0x08,
    0x07, 0x07, 0x07, 0x09, 0x09, 0x08, 0x0a, 0x0c, 0x14, 0x0d, 0x0c, 0x0b, 0x0b, 0x0c, 0x19, 0x12,
    0x13, 0x0f, 0x14, 0x1d, 0x1a, 0x1f, 0x1e, 0x1d, 0x1a, 0x1c, 0x1c, 0x20, 0x24, 0x2e, 0x27, 0x20,
    0x22, 0x2c, 0x23, 0x1c, 0x1c, 0x28, 0x37, 0x29, 0x2c, 0x30, 0x31, 0x34, 0x34, 0x34, 0x1f, 0x27,
    0x39, 0x3d, 0x38, 0x32, 0x3c, 0x2e, 0x33, 0x34, 0x32, 0xff, 0xdb, 0x00, 0x43, 0x01, 0x09, 0x09,
    0x09, 0x0c, 0x0b, 0x0c, 0x18, 0x0d, 0x0d, 0x18, 0x32, 0x21, 0x1c, 0x21, 0x32, 0x32, 0x32, 0x32,
    0x32, 0x32, 0x32, 0x32, 0x32, 0x32, 0x32, 0x32, 0x32, 0x32, 0x32, 0x32, 0x32, 0x32, 0x32, 0x32,
    0x32, 0x32, 0x32, 0x32, 0x32, 0x32, 0x32, 0x32, 0x32, 0x32, 0x32, 0x32, 0x32, 0x32, 0x32, 0x32,
    0x32, 0x32, 0x32, 0x32, 0x32, 0x32, 0x32, 0x32, 0x32, 0x32, 0x32, 0x32, 0x32, 0x32, 0xff, 0xc0,
    0x00, 0x11, 0x08, 0x00, 0xf0, 0x01, 0x40, 0x03, 0x01, 0x21, 0x00, 0x02, 0x11, 0x01, 0x03, 0x11,
    0x01, 0xff, 0xc4, 0x00, 0x1f, 0x00, 0x00, 0x01, 0x05, 0x01, 0x01, 0x01, 0x01, 0x01, 0x01, 0x00,
    0x00, 0x00, 0x00, 0x00, 0x00, 0x00, 0x00, 0x01, 0x02, 0x03, 0x04, 0x05, 0x06, 0x07, 0x08, 0x09,
    0x0a, 0x0b, 0xff, 0xc4, 0x00, 0xb5, 0x10, 0x00, 0x02, 0x01, 0x03, 0x03, 0x02, 0x04, 0x03, 0x05,
    0x05, 0x04, 0x04, 0x00, 0x00, 0x01, 0x7d, 0x01, 0x02, 0x03, 0x00, 0x04, 0x11, 0x05, 0x12, 0x21,
    0x31, 0x41, 0x06, 0x13, 0x51, 0x61, 0x07, 0x22, 0x71, 0x14, 0x32, 0x81, 0x91, 0xa1, 0x08, 0x23,
    0x42, 0xb1, 0xc1, 0x15, 0x52, 0xd1, 0xf0, 0x24, 0x33, 0x62, 0x72, 0x82, 0x09, 0x0a, 0x16, 0x17,
    0x18, 0x19, 0x1a, 0x25, 0x26, 0x27, 0x28, 0x29, 0x2a, 0x34, 0x35, 0x36, 0x37, 0x38, 0x39, 0x3a,
    0x43, 0x44, 0x45, 0x46, 0x47, 0x48, 0x49, 0x4a, 0x53, 0x54, 0x55, 0x56, 0x57, 0x58, 0x59, 0x5a,
    0x63, 0x64, 0x65, 0x66, 0x67, 0x68, 0x69, 0x6a, 0x73, 0x74, 0x75, 0x76, 0x77, 0x78, 0x79, 0x7a,
    0x83, 0x84, 0x85, 0x86, 0x87, 0x88, 0x89, 0x8a, 0x92, 0x93, 0x94, 0x95, 0x96, 0x97, 0x98, 0x99,
    0x9a, 0xa2, 0xa3, 0xa4, 0xa5, 0xa6, 0xa7, 0xa8, 0xa9, 0xaa, 0xb2, 0xb3, 0xb4, 0xb5, 0xb6, 0xb7,
    0xb8, 0xb9, 0xba, 0xc2, 0xc3, 0xc4, 0xc5, 0xc6, 0xc7, 0xc8, 0xc9, 0xca, 0xd2, 0xd3, 0xd4, 0xd5,
    0xd6, 0xd7, 0xd8, 0xd9, 0xda, 0xe1, 0xe2, 0xe3, 0xe4, 0xe5, 0xe6, 0xe7, 0xe8, 0xe9, 0xea, 0xf1,
    0xf2, 0xf3, 0xf4, 0xf5, 0xf6, 0xf7, 0xf8, 0xf9, 0xfa, 0xff, 0xc4, 0x00, 0x1f, 0x01, 0x00, 0x03,
    0x01, 0x01, 0x01, 0x01, 0x01, 0x01, 0x01, 0x01, 0x01, 0x00, 0x00, 0x00, 0x00, 0x00, 0x00, 0x01,
    0x02, 0x03, 0x04, 0x05, 0x06, 0x07, 0x08, 0x09, 0x0a, 0x0b, 0xff, 0xc4, 0x00, 0xb5, 0x11, 0x00,
    0x02, 0x01, 0x02, 0x04, 0x04, 0x03, 0x04, 0x07, 0x05, 0x04, 0x04, 0x00, 0x01, 0x02, 0x77, 0x00,
    0x01, 0x02, 0x03, 0x11, 0x04, 0x05, 0x21, 0x31, 0x06, 0x12, 0x41, 0x51, 0x07, 0x61, 0x71, 0x13,
    0x22, 0x32, 0x81, 0x08, 0x14, 0x42, 0x91, 0xa1, 0xb1, 0xc1, 0x09, 0x23, 0x33, 0x52, 0xf0, 0x15,
    0x62, 0x72, 0xd1, 0x0a, 0x16, 0x24, 0x34, 0xe1, 0x25, 0xf1, 0x17, 0x18, 0x19, 0x1a, 0x26, 0x27,
    0x28, 0x29, 0x2a, 0x35, 0x36, 0x37, 0x38, 0x39, 0x3a, 0x43, 0x44, 0x45, 0x46, 0x47, 0x48, 0x49,
    0x4a, 0x53, 0x54, 0x55, 0x56, 0x57, 0x58, 0x59, 0x5a, 0x63, 0x64, 0x65, 0x66, 0x67, 0x68, 0x69,
    0x6a, 0x73, 0x74, 0x75, 0x76, 0x77, 0x78, 0x79, 0x7a, 0x82, 0x83, 0x84, 0x85, 0x86, 0x87, 0x88,
    0x89, 0x8a, 0x92, 0x93, 0x94, 0x95, 0x96, 0x97, 0x98, 0x99, 0x9a, 0xa2, 0xa3, 0xa4, 0xa5, 0xa6,
    0xa7, 0xa8, 0xa9, 0xaa, 0xb2, 0xb3, 0xb4, 0xb5, 0xb6, 0xb7, 0xb8, 0xb9, 0xba, 0xc2, 0xc3, 0xc4,
    0xc5, 0xc6, 0xc7, 0xc8, 0xc9, 0xca, 0xd2, 0xd3, 0xd4, 0xd5, 0xd6, 0xd7, 0xd8, 0xd9, 0xda, 0xe2,
    0xe3, 0xe4, 0xe5, 0xe6, 0xe7, 0xe8, 0xe9, 0xea, 0xf2, 0xf3, 0xf4, 0xf5, 0xf6, 0xf7, 0xf8, 0xf9,
    0xfa, 0xff, 0xda, 0x00, 0x0c, 0x03, 0x01, 0x00, 0x02, 0x11, 0x03, 0x11, 0x00, 0x3f, 0x00, 0xe0,
    0xab, 0x43, 0x41, 0xff, 0x00, 0x91, 0x8b, 0x4c, 0xff, 0x00, 0xaf, 0xb8, 0xbf, 0xf4, 0x31, 0x5f,
    0x75, 0x8c, 0xff, 0x00, 0x76, 0xa9, 0xfe, 0x17, 0xf9, 0x1e, 0x5d, 0x3f, 0x8d, 0x7a, 0x9e, 0xe5,
    0x45, 0x7f, 0x3b, 0x9f, 0x52, 0x14, 0x50, 0x06, 0x7e, 0xbd, 0xff, 0x00, 0x22, 0xee, 0xa7, 0xff,
    0x00, 0x5e, 0x92, 0xff, 0x00, 0xe8, 0x06, 0xbc, 0x36, 0xbf, 0x51, 0xe0, 0x0f, 0xf7, 0x6a, 0xdf,
    0xe2, 0x5f, 0x91, 0xe3, 0x66, 0x7f, 0x1c, 0x7d, 0x02, 0x8a, 0xfd, 0x00, 0xf3, 0x02, 0xb4, 0x34,
    0x1f, 0xf9, 0x18, 0xb4, 0xcf, 0xfa, 0xfb, 0x8b, 0xff, 0x00, 0x43, 0x15, 0xcd, 0x8c, 0xff, 0x00,
    0x76, 0xa9, 0xfe, 0x17, 0xf9, 0x17, 0x4f, 0xe3, 0x5e, 0xa7, 0xb9, 0x51, 0x5f, 0xce, 0xe7, 0xd4,
    0x85, 0x14, 0x01, 0x9f, 0xaf, 0x7f, 0xc8, 0xbb, 0xa9, 0xff, 0x00, 0xd7, 0xa4, 0xbf, 0xfa, 0x01,
    0xaf, 0x0d, 0xaf, 0xd4, 0x78, 0x03, 0xfd, 0xda, 0xb7, 0xf8, 0x97, 0xe4, 0x78, 0xd9, 0x9f, 0xc7,
    0x1f, 0x40, 0xa2, 0xbf, 0x40, 0x3c, 0xc0, 0xad, 0x0d, 0x07, 0xfe, 0x46, 0x2d, 0x33, 0xfe, 0xbe,
    0xe2, 0xff, 0x00, 0xd0, 0xc5, 0x73, 0x63, 0x3f, 0xdd, 0xaa, 0x7f, 0x85, 0xfe, 0x45, 0xd3, 0xf8,
    0xd7, 0xa9, 0xee, 0x54, 0x57, 0xf3, 0xb9, 0xf5, 0x21, 0x45, 0x00, 0x67, 0xeb, 0xdf, 0xf2, 0x2e,
    0xea, 0x7f, 0xf5, 0xe9, 0x2f, 0xfe, 0x80, 0x6b, 0xc3, 0x6b, 0xf5, 0x1e, 0x00, 0xff, 0x00, 0x76,
    0xad, 0xfe, 0x25, 0xf9, 0x1e, 0x36, 0x67, 0xf1, 0xc7, 0xd0, 0x28, 0xaf, 0xd0, 0x0f, 0x30, 0x2b,
    0x43, 0x41, 0xff, 0x00, 0x91, 0x8b, 0x4c, 0xff, 0x00, 0xaf, 0xb8, 0xbf, 0xf4, 0x31, 0x5c, 0xd8,
    0xcf, 0xf7, 0x6a, 0x9f, 0xe1, 0x7f, 0x91, 0x74, 0xfe, 0x35, 0xea, 0x7b, 0x95, 0x15, 0xfc, 0xee,
    0x7d, 0x48, 0x51, 0x40, 0x19, 0xfa, 0xf7, 0xfc, 0x8b, 0xba, 0x9f, 0xfd, 0x7a, 0x4b, 0xff, 0x00,
    0xa0, 0x1a, 0xf0, 0xda, 0xfd, 0x47, 0x80, 0x3f, 0xdd, 0xab, 0x7f, 0x89, 0x7e, 0x47, 0x8d, 0x99,
    0xfc, 0x71, 0xf4, 0x0a, 0x2b, 0xf4, 0x03, 0xcc, 0x0a, 0xd0, 0xd0, 0x7f, 0xe4, 0x62, 0xd3, 0x3f,
    0xeb, 0xee, 0x2f, 0xfd, 0x0c, 0x57, 0x36, 0x33, 0xfd, 0xda, 0xa7, 0xf8, 0x5f, 0xe4, 0x5d, 0x3f,
    0x8d, 0x7a, 0x9e, 0xe5, 0x45, 0x7f, 0x3b, 0x9f, 0x52, 0x14, 0x50, 0x06, 0x7e, 0xbd, 0xff, 0x00,
    0x22, 0xee, 0xa7, 0xff, 0x00, 0x5e, 0x92, 0xff, 0x00, 0xe8, 0x06, 0xbc, 0x36, 0xbf, 0x51, 0xe0,
    0x0f, 0xf7, 0x6a, 0xdf, 0xe2, 0x5f, 0x91, 0xe3, 0x66, 0x7f, 0x1c, 0x7d, 0x02, 0x8a, 0xfd, 0x00,
    0xf3, 0x02, 0xb4, 0x34, 0x1f, 0xf9, 0x18, 0xb4, 0xcf, 0xfa, 0xfb, 0x8b, 0xff, 0x00, 0x43, 0x15,
    0xcd, 0x8c, 0xff, 0x00, 0x76, 0xa9, 0xfe, 0x17, 0xf9, 0x17, 0x4f, 0xe3, 0x5e, 0xa7, 0xb9, 0x51,
    0x5f, 0xce, 0xe7, 0xd4, 0x85, 0x14, 0x01, 0x9f, 0xaf, 0x7f, 0xc8, 0xbb, 0xa9, 0xff, 0x00, 0xd7,
    0xa4, 0xbf, 0xfa, 0x01, 0xaf, 0x0d, 0xaf, 0xd4, 0x78, 0x03, 0xfd, 0xda, 0xb7, 0xf8, 0x97, 0xe4,
    0x78, 0xd9, 0x9f, 0xc7, 0x1f, 0x40, 0xa2, 0xbf, 0x40, 0x3c, 0xc0, 0xad, 0x0d, 0x07, 0xfe, 0x46,
    0x2d, 0x33, 0xfe, 0xbe, 0xe2, 0xff, 0x00, 0xd0, 0xc5, 0x73, 0x63, 0x3f, 0xdd, 0xaa, 0x7f, 0x85,
    0xfe, 0x45, 0xd3, 0xf8, 0xd7, 0xa9, 0xee, 0x54, 0x57, 0xf3, 0xb9, 0xf5, 0x21, 0x45, 0x00, 0x67,
    0xeb, 0xdf, 0xf2, 0x2e, 0xea, 0x7f, 0xf5, 0xe9, 0x2f, 0xfe, 0x80, 0x6b, 0xc3, 0x6b, 0xf5, 0x1e,
    0x00, 0xff, 0x00, 0x76, 0xad, 0xfe, 0x25, 0xf9, 0x1e, 0x36, 0x67, 0xf1, 0xc7, 0xd0, 0x28, 0xaf,
    0xd0, 0x0f, 0x30, 0x2b, 0x43, 0x41, 0xff, 0x00, 0x91, 0x8b, 0x4c, 0xff, 0x00, 0xaf, 0xb8, 0xbf,
    0xf4, 0x31, 0x5c, 0xd8, 0xcf, 0xf7, 0x6a, 0x9f, 0xe1, 0x7f, 0x91, 0x74, 0xfe, 0x35, 0xea, 0x7b,
    0x95, 0x15, 0xfc, 0xee, 0x7d, 0x48, 0x51, 0x40, 0x19, 0xfa, 0xf7, 0xfc, 0x8b, 0xba, 0x9f, 0xfd,
    0x7a, 0x4b, 0xff, 0x00, 0xa0, 0x1a, 0xf0, 0xda, 0xfd, 0x47, 0x80, 0x3f, 0xdd, 0xab, 0x7f, 0x89,
    0x7e, 0x47, 0x8d, 0x99, 0xfc, 0x71, 0xf4, 0x0a, 0x2b, 0xf4, 0x03, 0xcc, 0x0a, 0xd0, 0xd0, 0x7f,
    0xe4, 0x62, 0xd3, 0x3f, 0xeb, 0xee, 0x2f, 0xfd, 0x0c, 0x57, 0x36, 0x33, 0xfd, 0xda, 0xa7, 0xf8,
    0x5f, 0xe4, 0x5d, 0x3f, 0x8d, 0x7a, 0x9e, 0xe5, 0x45, 0x7f, 0x3b, 0x9f, 0x52, 0x14, 0x50, 0x06,
    0x7e, 0xbd, 0xff, 0x00, 0x22, 0xee, 0xa7, 0xff, 0x00, 0x5e, 0x92, 0xff, 0x00, 0xe8, 0x06, 0xbc,
    0x36, 0xbf, 0x51, 0xe0, 0x0f, 0xf7, 0x6a, 0xdf, 0xe2, 0x5f, 0x91, 0xe3, 0x66, 0x7f, 0x1c, 0x7d,
    0x02, 0x8a, 0xfd, 0x00, 0xf3, 0x02, 0xb4, 0x34, 0x1f, 0xf9, 0x18, 0xb4, 0xcf, 0xfa, 0xfb, 0x8b,
    0xff, 0x00, 0x43, 0x15, 0xcd, 0x8c, 0xff, 0x00, 0x76, 0xa9, 0xfe, 0x17, 0xf9, 0x17, 0x4f, 0xe3,
    0x5e, 0xa7, 0xb9, 0x51, 0x5f, 0xce, 0xe7, 0xd4, 0x85, 0x14, 0x01, 0x9f, 0xaf, 0x7f, 0xc8, 0xbb,
    0xa9, 0xff, 0x00, 0xd7, 0xa4, 0xbf, 0xfa, 0x01, 0xaf, 0x0d, 0xaf, 0xd4, 0x78, 0x03, 0xfd, 0xda,
    0xb7, 0xf8, 0x97, 0xe4, 0x78, 0xd9, 0x9f, 0xc7, 0x1f, 0x40, 0xa2, 0xbf, 0x40, 0x3c, 0xc0, 0xad,
    0x0d, 0x07, 0xfe, 0x46, 0x2d, 0x33, 0xfe, 0xbe, 0xe2, 0xff, 0x00, 0xd0, 0xc5, 0x73, 0x63, 0x3f,
    0xdd, 0xaa, 0x7f, 0x85, 0xfe, 0x45, 0xd3, 0xf8, 0xd7, 0xa9, 0xee, 0x54, 0x57, 0xf3, 0xb9, 0xf5,
    0x21, 0x45, 0x00, 0x67, 0xeb, 0xdf, 0xf2, 0x2e, 0xea, 0x7f, 0xf5, 0xe9, 0x2f, 0xfe, 0x80, 0x6b,
    0xc3, 0x6b, 0xf5, 0x1e, 0x00, 0xff, 0x00, 0x76, 0xad, 0xfe, 0x25, 0xf9, 0x1e, 0x36, 0x67, 0xf1,
    0xc7, 0xd0, 0x28, 0xaf, 0xd0, 0x0f, 0x30, 0x2b, 0x43, 0x41, 0xff, 0x00, 0x91, 0x8b, 0x4c, 0xff,
    0x00, 0xaf, 0xb8, 0xbf, 0xf4, 0x31, 0x5c, 0xd8, 0xcf, 0xf7, 0x6a, 0x9f, 0xe1, 0x7f, 0x91, 0x74,
    0xfe, 0x35, 0xea, 0x7b, 0x95, 0x15, 0xfc, 0xee, 0x7d, 0x48, 0x51, 0x40, 0x19, 0xfa, 0xf7, 0xfc,
    0x8b, 0xba, 0x9f, 0xfd, 0x7a, 0x4b, 0xff, 0x00, 0xa0, 0x1a, 0xf0, 0xda, 0xfd, 0x47, 0x80, 0x3f,
    0xdd, 0xab, 0x7f, 0x89, 0x7e, 0x47, 0x8d, 0x99, 0xfc, 0x71, 0xf4, 0x0a, 0x2b, 0xf4, 0x03, 0xcc,
    0x0a, 0xd0, 0xd0, 0x7f, 0xe4, 0x62, 0xd3, 0x3f, 0xeb, 0xee, 0x2f, 0xfd, 0x0c, 0x57, 0x36, 0x33,
    0xfd, 0xda, 0xa7, 0xf8, 0x5f, 0xe4, 0x5d, 0x3f, 0x8d, 0x7a, 0x9e, 0xe5, 0x45, 0x7f, 0x3b, 0x9f,
    0x52, 0x14, 0x50, 0x06, 0x7e, 0xbd, 0xff, 0x00, 0x22, 0xee, 0xa7, 0xff, 0x00, 0x5e, 0x92, 0xff,
    0x00, 0xe8, 0x06, 0xbc, 0x36, 0xbf, 0x51, 0xe0, 0x0f, 0xf7, 0x6a, 0xdf, 0xe2, 0x5f, 0x91, 0xe3,
    0x66, 0x7f, 0x1c, 0x7d, 0x02, 0x8a, 0xfd, 0x00, 0xf3, 0x02, 0xb4, 0x34, 0x1f, 0xf9, 0x18, 0xb4,
    0xcf, 0xfa, 0xfb, 0x8b, 0xff, 0x00, 0x43, 0x15, 0xcd, 0x8c, 0xff, 0x00, 0x76, 0xa9, 0xfe, 0x17,
    0xf9, 0x17, 0x4f, 0xe3, 0x5e, 0xa7, 0xb9, 0x51, 0x5f, 0xce, 0xe7, 0xd4, 0x85, 0x14, 0x01, 0x9f,
    0xaf, 0x7f, 0xc8, 0xbb, 0xa9, 0xff, 0x00, 0xd7, 0xa4, 0xbf, 0xfa, 0x01, 0xaf, 0x0d, 0xaf, 0xd4,
    0x78, 0x03, 0xfd, 0xda, 0xb7, 0xf8, 0x97, 0xe4, 0x78, 0xd9, 0x9f, 0xc7, 0x1f, 0x40, 0xa2, 0xbf,
    0x40, 0x3c, 0xc0, 0xad, 0x0d, 0x07, 0xfe, 0x46, 0x2d, 0x33, 0xfe, 0xbe, 0xe2, 0xff, 0x00, 0xd0,
    0xc5, 0x73, 0x63, 0x3f, 0xdd, 0xaa, 0x7f, 0x85, 0xfe, 0x45, 0xd3, 0xf8, 0xd7, 0xa9, 0xee, 0x54,
    0x57, 0xf3, 0xb9, 0xf5, 0x21, 0x45, 0x00, 0x67, 0xeb, 0xdf, 0xf2, 0x2e, 0xea, 0x7f, 0xf5, 0xe9,
    0x2f, 0xfe, 0x80, 0x6b, 0xc3, 0x6b, 0xf5, 0x1e, 0x00, 0xff, 0x00, 0x76, 0xad, 0xfe, 0x25, 0xf9,
    0x1e, 0x36, 0x67, 0xf1, 0xc7, 0xd0, 0x28, 0xaf, 0xd0, 0x0f, 0x30, 0x2b, 0x43, 0x41, 0xff, 0x00,
    0x91, 0x8b, 0x4c, 0xff, 0x00, 0xaf, 0xb8, 0xbf, 0xf4, 0x31, 0x5c, 0xd8, 0xcf, 0xf7, 0x6a, 0x9f,
    0xe1, 0x7f, 0x91, 0x74, 0xfe, 0x35, 0xea, 0x7b, 0x95, 0x15, 0xfc, 0xee, 0x7d, 0x48, 0x51, 0x40,
    0x19, 0xfa, 0xf7, 0xfc, 0x8b, 0xba, 0x9f, 0xfd, 0x7a, 0x4b, 0xff, 0x00, 0xa0, 0x1a, 0xf0, 0xda,
    0xfd, 0x47, 0x80, 0x3f, 0xdd, 0xab, 0x7f, 0x89, 0x7e, 0x47, 0x8d, 0x99, 0xfc, 0x71, 0xf4, 0x0a,
    0x2b, 0xf4, 0x03, 0xcc, 0x0a, 0xd0, 0xd0, 0x7f, 0xe4, 0x62, 0xd3, 0x3f, 0xeb, 0xee, 0x2f, 0xfd,
    0x0c, 0x57, 0x36, 0x33, 0xfd, 0xda, 0xa7, 0xf8, 0x5f, 0xe4, 0x5d, 0x3f, 0x8d, 0x7a, 0x9e, 0xe5,
    0x45, 0x7f, 0x3b, 0x9f, 0x52, 0x14, 0x50, 0x06, 0x7e, 0xbd, 0xff, 0x00, 0x22, 0xee, 0xa7, 0xff,
    0x00, 0x5e, 0x92, 0xff, 0x00, 0xe8, 0x06, 0xbc, 0x36, 0xbf, 0x51, 0xe0, 0x0f, 0xf7, 0x6a, 0xdf,
    0xe2, 0x5f, 0x91, 0xe3, 0x66, 0x7f, 0x1c, 0x7d, 0x02, 0x8a, 0xfd, 0x00, 0xf3, 0x02, 0xb4, 0x34,
    0x1f, 0xf9, 0x18, 0xb4, 0xcf, 0xfa, 0xfb, 0x8b, 0xff, 0x00, 0x43, 0x15, 0xcd, 0x8c, 0xff, 0x00,
    0x76, 0xa9, 0xfe, 0x17, 0xf9, 0x17, 0x4f, 0xe3, 0x5e, 0xa7, 0xb9, 0x51, 0x5f, 0xce, 0xe7, 0xd4,
    0x85, 0x14, 0x01, 0x9f, 0xaf, 0x7f, 0xc8, 0xbb, 0xa9, 0xff, 0x00, 0xd7, 0xa4, 0xbf, 0xfa, 0x01,
    0xaf, 0x0d, 0xaf, 0xd4, 0x78, 0x03, 0xfd, 0xda, 0xb7, 0xf8, 0x97, 0xe4, 0x78, 0xd9, 0x9f, 0xc7,
    0x1f, 0x40, 0xa2, 0xbf, 0x40, 0x3c, 0xc0, 0xad, 0x0d, 0x07, 0xfe, 0x46, 0x2d, 0x33, 0xfe, 0xbe,
    0xe2, 0xff, 0x00, 0xd0, 0xc5, 0x73, 0x63, 0x3f, 0xdd, 0xaa, 0x7f, 0x85, 0xfe, 0x45, 0xd3, 0xf8,
    0xd7, 0xa9, 0xee, 0x54, 0x57, 0xf3, 0xb9, 0xf5, 0x21, 0x45, 0x00, 0x67, 0xeb, 0xdf, 0xf2, 0x2e,
    0xea, 0x7f, 0xf5, 0xe9, 0x2f, 0xfe, 0x80, 0x6b, 0xc3, 0x6b, 0xf5, 0x1e, 0x00, 0xff, 0x00, 0x76,
    0xad, 0xfe, 0x25, 0xf9, 0x1e, 0x36, 0x67, 0xf1, 0xc7, 0xd0, 0x28, 0xaf, 0xd0, 0x0f, 0x30, 0x2b,
    0x43, 0x41, 0xff, 0x00, 0x91, 0x8b, 0x4c, 0xff, 0x00, 0xaf, 0xb8, 0xbf, 0xf4, 0x31, 0x5c, 0xd8,
    0xcf, 0xf7, 0x6a, 0x9f, 0xe1, 0x7f, 0x91, 0x74, 0xfe, 0x35, 0xea, 0x7b, 0x95, 0x15, 0xfc, 0xee,
    0x7d, 0x48, 0x51, 0x40, 0x19, 0xfa, 0xf7, 0xfc, 0x8b, 0xba, 0x9f, 0xfd, 0x7a, 0x4b, 0xff, 0x00,
    0xa0, 0x1a, 0xf0, 0xda, 0xfd, 0x47, 0x80, 0x3f, 0xdd, 0xab, 0x7f, 0x89, 0x7e, 0x47, 0x8d, 0x99,
    0xfc, 0x71, 0xf4, 0x0a, 0x2b, 0xf4, 0x03, 0xcc, 0x3e, 0x82, 0xac, 0xfd, 0x7b, 0xfe, 0x45, 0xdd,
    0x4f, 0xfe, 0xbd, 0x25, 0xff, 0x00, 0xd0, 0x0d, 0x7f, 0x3b, 0xe0, 0xbf, 0xde, 0x69, 0xff, 0x00,
    0x89, 0x7e, 0x67, 0xd5, 0x54, 0xf8, 0x1f, 0xa1, 0xe1, 0xb4, 0x57, 0xf4, 0x41, 0xf2, 0xa1, 0x45,
    0x00, 0x68, 0x68, 0x3f, 0xf2, 0x31, 0x69, 0x9f, 0xf5, 0xf7, 0x17, 0xfe, 0x86, 0x2b, 0xdc, 0xab,
    0xf2, 0xde, 0x3f, 0xff, 0x00, 0x79, 0xa3, 0xfe, 0x17, 0xf9, 0x9e, 0xce, 0x59, 0xf0, 0x4b, 0xd4,
    0x28, 0xaf, 0x80, 0x3d, 0x30, 0xac, 0xfd, 0x7b, 0xfe, 0x45, 0xdd, 0x4f, 0xfe, 0xbd, 0x25, 0xff,
    0x00, 0xd0, 0x0d, 0x74, 0xe0, 0xbf, 0xde, 0x69, 0xff, 0x00, 0x89, 0x7e, 0x64, 0xd4, 0xf8, 0x1f,
    0xa1, 0xe1, 0xb4, 0x57, 0xf4, 0x41, 0xf2, 0xa1, 0x45, 0x00, 0x68, 0x68, 0x3f, 0xf2, 0x31, 0x69,
    0x9f, 0xf5, 0xf7, 0x17, 0xfe, 0x86, 0x2b, 0xdc, 0xab, 0xf2, 0xde, 0x3f, 0xff, 0x00, 0x79, 0xa3,
    0xfe, 0x17, 0xf9, 0x9e, 0xce, 0x59, 0xf0, 0x4b, 0xd4, 0x28, 0xaf, 0x80, 0x3d, 0x30, 0xac, 0xfd,
    0x7b, 0xfe, 0x45, 0xdd, 0x4f, 0xfe, 0xbd, 0x25, 0xff, 0x00, 0xd0, 0x0d, 0x74, 0xe0, 0xbf, 0xde,
    0x69, 0xff, 0x00, 0x89, 0x7e, 0x64, 0xd4, 0xf8, 0x1f, 0xa1, 0xe1, 0xb4, 0x57, 0xf4, 0x41, 0xf2,
    0xa1, 0x45, 0x00, 0x68, 0x68, 0x3f, 0xf2, 0x31, 0x69, 0x9f, 0xf5, 0xf7, 0x17, 0xfe, 0x86, 0x2b,
    0xdc, 0xab, 0xf2, 0xde, 0x3f, 0xff, 0x00, 0x79, 0xa3, 0xfe, 0x17, 0xf9, 0x9e, 0xce, 0x59, 0xf0,
    0x4b, 0xd4, 0x28, 0xaf, 0x80, 0x3d, 0x30, 0xac, 0xfd, 0x7b, 0xfe, 0x45, 0xdd, 0x4f, 0xfe, 0xbd,
    0x25, 0xff, 0x00, 0xd0, 0x0d, 0x74, 0xe0, 0xbf, 0xde, 0x69, 0xff, 0x00, 0x89, 0x7e, 0x64, 0xd4,
    0xf8, 0x1f, 0xa1, 0xe1, 0xb4, 0x57, 0xf4, 0x41, 0xf2, 0xa1, 0x45, 0x00, 0x68, 0x68, 0x3f, 0xf2,
    0x31, 0x69, 0x9f, 0xf5, 0xf7, 0x17, 0xfe, 0x86, 0x2b, 0xdc, 0xab, 0xf2, 0xde, 0x3f, 0xff, 0x00,
    0x79, 0xa3, 0xfe, 0x17, 0xf9, 0x9e, 0xce, 0x59, 0xf0, 0x4b, 0xd4, 0x28, 0xaf, 0x80, 0x3d, 0x30,
    0xac, 0xfd, 0x7b, 0xfe, 0x45, 0xdd, 0x4f, 0xfe, 0xbd, 0x25, 0xff, 0x00, 0xd0, 0x0d, 0x74, 0xe0,
    0xbf, 0xde, 0x69, 0xff, 0x00, 0x89, 0x7e, 0x64, 0xd4, 0xf8, 0x1f, 0xa1, 0xe1, 0xb4, 0x57, 0xf4,
    0x41, 0xf2, 0xa1, 0x45, 0x00, 0x68, 0x68, 0x3f, 0xf2, 0x31, 0x69, 0x9f, 0xf5, 0xf7, 0x17, 0xfe,
    0x86, 0x2b, 0xdc, 0xab, 0xf2, 0xde, 0x3f, 0xff, 0x00, 0x79, 0xa3, 0xfe, 0x17, 0xf9, 0x9e, 0xce,
    0x59, 0xf0, 0x4b, 0xd4, 0x28, 0xaf, 0x80, 0x3d, 0x30, 0xac, 0xfd, 0x7b, 0xfe, 0x45, 0xdd, 0x4f,
    0xfe, 0xbd, 0x25, 0xff, 0x00, 0xd0, 0x0d, 0x74, 0xe0, 0xbf, 0xde, 0x69, 0xff, 0x00, 0x89, 0x7e,
    0x64, 0xd4, 0xf8, 0x1f, 0xa1, 0xe1, 0xb4, 0x57, 0xf4, 0x41, 0xf2, 0xa1, 0x45, 0x00, 0x68, 0x68,
    0x3f, 0xf2, 0x31, 0x69, 0x9f, 0xf5, 0xf7, 0x17, 0xfe, 0x86, 0x2b, 0xdc, 0xab, 0xf2, 0xde, 0x3f,
    0xff, 0x00, 0x79, 0xa3, 0xfe, 0x17, 0xf9, 0x9e, 0xce, 0x59, 0xf0, 0x4b, 0xd4, 0x28, 0xaf, 0x80,
    0x3d, 0x30, 0xac, 0xfd, 0x7b, 0xfe, 0x45, 0xdd, 0x4f, 0xfe, 0xbd, 0x25, 0xff, 0x00, 0xd0, 0x0d,
    0x74, 0xe0, 0xbf, 0xde, 0x69, 0xff, 0x00, 0x89, 0x7e, 0x64, 0xd4, 0xf8, 0x1f, 0xa1, 0xe1, 0xb4,
    0x57, 0xf4, 0x41, 0xf2, 0xa1, 0x45, 0x00, 0x68, 0x68, 0x3f, 0xf2, 0x31, 0x69, 0x9f, 0xf5, 0xf7,
    0x17, 0xfe, 0x86, 0x2b, 0xdc, 0xab, 0xf2, 0xde, 0x3f, 0xff, 0x00, 0x79, 0xa3, 0xfe, 0x17, 0xf9,
    0x9e, 0xce, 0x59, 0xf0, 0x4b, 0xd4, 0x28, 0xaf, 0x80, 0x3d, 0x30, 0xac, 0xfd, 0x7b, 0xfe, 0x45,
    0xdd, 0x4f, 0xfe, 0xbd, 0x25, 0xff, 0x00, 0xd0, 0x0d, 0x74, 0xe0, 0xbf, 0xde, 0x69, 0xff, 0x00,
    0x89, 0x7e, 0x64, 0xd4, 0xf8, 0x1f, 0xa1, 0xe1, 0xb4, 0x57, 0xf4, 0x41, 0xf2, 0xa1, 0x45, 0x00,
    0x68, 0x68, 0x3f, 0xf2, 0x31, 0x69, 0x9f, 0xf5, 0xf7, 0x17, 0xfe, 0x86, 0x2b, 0xdc, 0xab, 0xf2,
    0xde, 0x3f, 0xff, 0x00, 0x79, 0xa3, 0xfe, 0x17, 0xf9, 0x9e, 0xce, 0x59, 0xf0, 0x4b, 0xd4, 0x28,
    0xaf, 0x80, 0x3d, 0x30, 0xac, 0xfd, 0x7b, 0xfe, 0x45, 0xdd, 0x4f, 0xfe, 0xbd, 0x25, 0xff, 0x00,
    0xd0, 0x0d, 0x74, 0xe0, 0xbf, 0xde, 0x69, 0xff, 0x00, 0x89, 0x7e, 0x64, 0xd4, 0xf8, 0x1f, 0xa1,
    0xe1, 0xb4, 0x57, 0xf4, 0x41, 0xf2, 0xa1, 0x45, 0x00, 0x68, 0x68, 0x3f, 0xf2, 0x31, 0x69, 0x9f,
    0xf5, 0xf7, 0x17, 0xfe, 0x86, 0x2b, 0xdc, 0xab, 0xf2, 0xde, 0x3f, 0xff, 0x00, 0x79, 0xa3, 0xfe,
    0x17, 0xf9, 0x9e, 0xce, 0x59, 0xf0, 0x4b, 0xd4, 0x28, 0xaf, 0x80, 0x3d, 0x30, 0xac, 0xfd, 0x7b,
    0xfe, 0x45, 0xdd, 0x4f, 0xfe, 0xbd, 0x25, 0xff, 0x00, 0xd0, 0x0d, 0x74, 0xe0, 0xbf, 0xde, 0x69,
    0xff, 0x00, 0x89, 0x7e, 0x64, 0xd4, 0xf8, 0x1f, 0xa1, 0xe1, 0xb4, 0x57, 0xf4, 0x41, 0xf2, 0xa1,
    0x45, 0x00, 0x68, 0x68, 0x3f, 0xf2, 0x31, 0x69, 0x9f, 0xf5, 0xf7, 0x17, 0xfe, 0x86, 0x2b, 0xdc,
    0xab, 0xf2, 0xde, 0x3f, 0xff, 0x00, 0x79, 0xa3, 0xfe, 0x17, 0xf9, 0x9e, 0xce, 0x59, 0xf0, 0x4b,
    0xd4, 0x28, 0xaf, 0x80, 0x3d, 0x30, 0xac, 0xfd, 0x7b, 0xfe, 0x45, 0xdd, 0x4f, 0xfe, 0xbd, 0x25,
    0xff, 0x00, 0xd0, 0x0d, 0x74, 0xe0, 0xbf, 0xde, 0x69, 0xff, 0x00, 0x89, 0x7e, 0x64, 0xd4, 0xf8,
    0x1f, 0xa1, 0xe1, 0xb4, 0x57, 0xf4, 0x41, 0xf2, 0xa1, 0x45, 0x00, 0x68, 0x68, 0x3f, 0xf2, 0x31,
    0x69, 0x9f, 0xf5, 0xf7, 0x17, 0xfe, 0x86, 0x2b, 0xdc, 0xab, 0xf2, 0xde, 0x3f, 0xff, 0x00, 0x79,
    0xa3, 0xfe, 0x17, 0xf9, 0x9e, 0xce, 0x59, 0xf0, 0x4b, 0xd4, 0x28, 0xaf, 0x80, 0x3d, 0x30, 0xac,
    0xfd, 0x7b, 0xfe, 0x45, 0xdd, 0x4f, 0xfe, 0xbd, 0x25, 0xff, 0x00, 0xd0, 0x0d, 0x74, 0xe0, 0xbf,
    0xde, 0x69, 0xff, 0x00, 0x89, 0x7e, 0x64, 0xd4, 0xf8, 0x1f, 0xa1, 0xe1, 0xb4, 0x57, 0xf4, 0x41,
    0xf2, 0xa1, 0x45, 0x00, 0x68, 0x68, 0x3f, 0xf2, 0x31, 0x69, 0x9f, 0xf5, 0xf7, 0x17, 0xfe, 0x86,
    0x2b, 0xdc, 0xab, 0xf2, 0xde, 0x3f, 0xff, 0x00, 0x79, 0xa3, 0xfe, 0x17, 0xf9, 0x9e, 0xce, 0x59,
    0xf0, 0x4b, 0xd4, 0x28, 0xaf, 0x80, 0x3d, 0x30, 0xac, 0xfd, 0x7b, 0xfe, 0x45, 0xdd, 0x4f, 0xfe,
    0xbd, 0x25, 0xff, 0x00, 0xd0, 0x0d, 0x74, 0xe0, 0xbf, 0xde, 0x69, 0xff, 0x00, 0x89, 0x7e, 0x64,
    0xd4, 0xf8, 0x1f, 0xa1, 0xe1, 0xb4, 0x57, 0xf4, 0x41, 0xf2, 0xa1, 0x45, 0x00, 0x68, 0x68, 0x3f,
    0xf2, 0x31, 0x69, 0x9f, 0xf5, 0xf7, 0x17, 0xfe, 0x86, 0x2b, 0xdc, 0xab, 0xf2, 0xde, 0x3f, 0xff,
    0x00, 0x79, 0xa3, 0xfe, 0x17, 0xf9, 0x9e, 0xce, 0x59, 0xf0, 0x4b, 0xd4, 0x28, 0xaf, 0x80, 0x3d,
    0x30, 0xac, 0xfd, 0x7b, 0xfe, 0x45, 0xdd, 0x4f, 0xfe, 0xbd, 0x25, 0xff, 0x00, 0xd0, 0x0d, 0x74,
    0xe0, 0xbf, 0xde, 0x69, 0xff, 0x00, 0x89, 0x7e, 0x64, 0xd4, 0xf8, 0x1f, 0xa1, 0xe1, 0xb4, 0x57,
    0xf4, 0x41, 0xf2, 0xa1, 0x45, 0x00, 0x68, 0x68, 0x3f, 0xf2, 0x31, 0x69, 0x9f, 0xf5, 0xf7, 0x17,
    0xfe, 0x86, 0x2b, 0xdc, 0xab, 0xf2, 0xde, 0x3f, 0xff, 0x00, 0x79, 0xa3, 0xfe, 0x17, 0xf9, 0x9e,
    0xce, 0x59, 0xf0, 0x4b, 0xd4, 0x28, 0xaf, 0x80, 0x3d, 0x30, 0xac, 0xfd, 0x7b, 0xfe, 0x45, 0xdd,
    0x4f, 0xfe, 0xbd, 0x25, 0xff, 0x00, 0xd0, 0x0d, 0x74, 0xe0, 0xbf, 0xde, 0x69, 0xff, 0x00, 0x89,
    0x7e, 0x64, 0xd4, 0xf8, 0x1f, 0xa1, 0xe1, 0xb4, 0x57, 0xf4, 0x41, 0xf2, 0xa1, 0x45, 0x00, 0x68,
    0x68, 0x3f, 0xf2, 0x31, 0x69, 0x9f, 0xf5, 0xf7, 0x17, 0xfe, 0x86, 0x2b, 0xdc, 0xab, 0xf2, 0xde,
    0x3f, 0xff, 0x00, 0x79, 0xa3, 0xfe, 0x17, 0xf9, 0x9e, 0xce, 0x59, 0xf0, 0x4b, 0xd4, 0x28, 0xaf,
    0x80, 0x3d, 0x30, 0xac, 0xfd, 0x7b, 0xfe, 0x45, 0xdd, 0x4f, 0xfe, 0xbd, 0x25, 0xff, 0x00, 0xd0,
    0x0d, 0x74, 0xe0, 0xbf, 0xde, 0x69, 0xff, 0x00, 0x89, 0x7e, 0x64, 0xd4, 0xf8, 0x1f, 0xa1, 0xe1,
    0xb4, 0x57, 0xf4, 0x41, 0xf2, 0xa1, 0x45, 0x00, 0x68, 0x68, 0x3f, 0xf2, 0x31, 0x69, 0x9f, 0xf5,
    0xf7, 0x17, 0xfe, 0x86, 0x2b, 0xdc, 0xab, 0xf2, 0xde, 0x3f, 0xff, 0x00, 0x79, 0xa3, 0xfe, 0x17,
    0xf9, 0x9e, 0xce, 0x59, 0xf0, 0x4b, 0xd4, 0x28, 0xaf, 0x80, 0x3d, 0x30, 0xac, 0xfd, 0x7b, 0xfe,
    0x45, 0xdd, 0x4f, 0xfe, 0xbd, 0x25, 0xff, 0x00, 0xd0, 0x0d, 0x74, 0xe0, 0xbf, 0xde, 0x69, 0xff,
    0x00, 0x89, 0x7e, 0x64, 0xd4, 0xf8, 0x1f, 0xa1, 0xe1, 0xb4, 0x57, 0xf4, 0x41, 0xf2, 0xa1, 0x45,
    0x00, 0x68, 0x68, 0x3f, 0xf2, 0x31, 0x69, 0x9f, 0xf5, 0xf7, 0x17, 0xfe, 0x86, 0x2b, 0xdc, 0xab,
    0xf2, 0xde, 0x3f, 0xff, 0x00, 0x79, 0xa3, 0xfe, 0x17, 0xf9, 0x9e, 0xce, 0x59, 0xf0, 0x4b, 0xd4,
    0x28, 0xaf, 0x80, 0x3d, 0x30, 0xac, 0xfd, 0x7b, 0xfe, 0x45, 0xdd, 0x4f, 0xfe, 0xbd, 0x25, 0xff,
    0x00, 0xd0, 0x0d, 0x74, 0xe0, 0xbf, 0xde, 0x69, 0xff, 0x00, 0x89, 0x7e, 0x64, 0xd4, 0xf8, 0x1f,
    0xa1, 0xe1, 0xb4, 0x57, 0xf4, 0x41, 0xf2, 0xa1, 0x45, 0x00, 0x68, 0x68, 0x3f, 0xf2, 0x31, 0x69,
    0x9f, 0xf5, 0xf7, 0x17, 0xfe, 0x86, 0x2b, 0xdc, 0xab, 0xf2, 0xde, 0x3f, 0xff, 0x00, 0x79, 0xa3,
    0xfe, 0x17, 0xf9, 0x9e, 0xce, 0x59, 0xf0, 0x4b, 0xd4, 0x28, 0xaf, 0x80, 0x3d, 0x30, 0xac, 0xfd,
    0x7b, 0xfe, 0x45, 0xdd, 0x4f, 0xfe, 0xbd, 0x25, 0xff, 0x00, 0xd0, 0x0d, 0x74, 0xe0, 0xbf, 0xde,
    0x69, 0xff, 0x00, 0x89, 0x7e, 0x64, 0xd4, 0xf8, 0x1f, 0xa1, 0xe1, 0xb4, 0x57, 0xf4, 0x41, 0xf2,
    0xa1, 0x45, 0x00, 0x68, 0x68, 0x3f, 0xf2, 0x31, 0x69, 0x9f, 0xf5, 0xf7, 0x17, 0xfe, 0x86, 0x2b,
    0xdc, 0xab, 0xf2, 0xde, 0x3f, 0xff, 0x00, 0x79, 0xa3, 0xfe, 0x17, 0xf9, 0x9e, 0xce, 0x59, 0xf0,
    0x4b, 0xd4, 0x28, 0xaf, 0x80, 0x3d, 0x30, 0xac, 0xfd, 0x7b, 0xfe, 0x45, 0xdd, 0x4f, 0xfe, 0xbd,
    0x25, 0xff, 0x00, 0xd0, 0x0d, 0x74, 0xe0, 0xbf, 0xde, 0x69, 0xff, 0x00, 0x89, 0x7e, 0x64, 0xd4,
    0xf8, 0x1f, 0xa1, 0xe1, 0xb4, 0x57, 0xf4, 0x41, 0xf2, 0xa1, 0x45, 0x00, 0x68, 0x68, 0x3f, 0xf2,
    0x31, 0x69, 0x9f, 0xf5, 0xf7, 0x17, 0xfe, 0x86, 0x2b, 0xdc, 0xab, 0xf2, 0xde, 0x3f, 0xff, 0x00,
    0x79, 0xa3, 0xfe, 0x17, 0xf9, 0x9e, 0xce, 0x59, 0xf0, 0x4b, 0xd4, 0x28, 0xaf, 0x80, 0x3d, 0x33,
    0xe7, 0xda, 0xd0, 0xd0, 0x7f, 0xe4, 0x62, 0xd3, 0x3f, 0xeb, 0xee, 0x2f, 0xfd, 0x0c, 0x57, 0xf4,
    0x46, 0x33, 0xfd, 0xda, 0xa7, 0xf8, 0x5f, 0xe4, 0x7c, 0xb5, 0x3f, 0x8d, 0x7a, 0x9e, 0xe5, 0x45,
    0x7f, 0x3b, 0x9f, 0x52, 0x14, 0x50, 0x06, 0x7e, 0xbd, 0xff, 0x00, 0x22, 0xee, 0xa7, 0xff, 0x00,
    0x5e, 0x92, 0xff, 0x00, 0xe8, 0x06, 0xbc, 0x36, 0xbf, 0x51, 0xe0, 0x0f, 0xf7, 0x6a, 0xdf, 0xe2,
    0x5f, 0x91, 0xe3, 0x66, 0x7f, 0x1c, 0x7d, 0x02, 0x8a, 0xfd, 0x00, 0xf3, 0x02, 0xb4, 0x34, 0x1f,
    0xf9, 0x18, 0xb4, 0xcf, 0xfa, 0xfb, 0x8b, 0xff, 0x00, 0x43, 0x15, 0xcd, 0x8c, 0xff, 0x00, 0x76,
    0xa9, 0xfe, 0x17, 0xf9, 0x17, 0x4f, 0xe3, 0x5e, 0xa7, 0xb9, 0x51, 0x5f, 0xce, 0xe7, 0xd4, 0x85,
    0x14, 0x01, 0x9f, 0xaf, 0x7f, 0xc8, 0xbb, 0xa9, 0xff, 0x00, 0xd7, 0xa4, 0xbf, 0xfa, 0x01, 0xaf,
    0x0d, 0xaf, 0xd4, 0x78, 0x03, 0xfd, 0xda, 0xb7, 0xf8, 0x97, 0xe4, 0x78, 0xd9, 0x9f, 0xc7, 0x1f,
    0x40, 0xa2, 0xbf, 0x40, 0x3c, 0xc0, 0xad, 0x0d, 0x07, 0xfe, 0x46, 0x2d, 0x33, 0xfe, 0xbe, 0xe2,
    0xff, 0x00, 0xd0, 0xc5, 0x73, 0x63, 0x3f, 0xdd, 0xaa, 0x7f, 0x85, 0xfe, 0x45, 0xd3, 0xf8, 0xd7,
    0xa9, 0xee, 0x54, 0x57, 0xf3, 0xb9, 0xf5, 0x21, 0x45, 0x00, 0x67, 0xeb, 0xdf, 0xf2, 0x2e, 0xea,
    0x7f, 0xf5, 0xe9, 0x2f, 0xfe, 0x80, 0x6b, 0xc3, 0x6b, 0xf5, 0x1e, 0x00, 0xff, 0x00, 0x76, 0xad,
    0xfe, 0x25, 0xf9, 0x1e, 0x36, 0x67, 0xf1, 0xc7, 0xd0, 0x28, 0xaf, 0xd0, 0x0f, 0x30, 0x2b, 0x43,
    0x41, 0xff, 0x00, 0x91, 0x8b, 0x4c, 0xff, 0x00, 0xaf, 0xb8, 0xbf, 0xf4, 0x31, 0x5c, 0xd8, 0xcf,
    0xf7, 0x6a, 0x9f, 0xe1, 0x7f, 0x91, 0x74, 0xfe, 0x35, 0xea, 0x7b, 0x95, 0x15, 0xfc, 0xee, 0x7d,
    0x48, 0x51, 0x40, 0x19, 0xfa, 0xf7, 0xfc, 0x8b, 0xba, 0x9f, 0xfd, 0x7a, 0x4b, 0xff, 0x00, 0xa0,
    0x1a, 0xf0, 0xda, 0xfd, 0x47, 0x80, 0x3f, 0xdd, 0xab, 0x7f, 0x89, 0x7e, 0x47, 0x8d, 0x99, 0xfc,
    0x71, 0xf4, 0x0a, 0x2b, 0xf4, 0x03, 0xcc, 0x0a, 0xd0, 0xd0, 0x7f, 0xe4, 0x62, 0xd3, 0x3f, 0xeb,
    0xee, 0x2f, 0xfd, 0x0c, 0x57, 0x36, 0x33, 0xfd, 0xda, 0xa7, 0xf8, 0x5f, 0xe4, 0x5d, 0x3f, 0x8d,
    0x7a, 0x9e, 0xe5, 0x45, 0x7f, 0x3b, 0x9f, 0x52, 0x14, 0x50, 0x06, 0x7e, 0xbd, 0xff, 0x00, 0x22,
    0xee, 0xa7, 0xff, 0x00, 0x5e, 0x92, 0xff, 0x00, 0xe8, 0x06, 0xbc, 0x36, 0xbf, 0x51, 0xe0, 0x0f,
    0xf7, 0x6a, 0xdf, 0xe2, 0x5f, 0x91, 0xe3, 0x66, 0x7f, 0x1c, 0x7d, 0x02, 0x8a, 0xfd, 0x00, 0xf3,
    0x02, 0xb4, 0x34, 0x1f, 0xf9, 0x18, 0xb4, 0xcf, 0xfa, 0xfb, 0x8b, 0xff, 0x00, 0x43, 0x15, 0xcd,
    0x8c, 0xff, 0x00, 0x76, 0xa9, 0xfe, 0x17, 0xf9, 0x17, 0x4f, 0xe3, 0x5e, 0xa7, 0xb9, 0x51, 0x5f,
    0xce, 0xe7, 0xd4, 0x85, 0x14, 0x01, 0x9f, 0xaf, 0x7f, 0xc8, 0xbb, 0xa9, 0xff, 0x00, 0xd7, 0xa4,
    0xbf, 0xfa, 0x01, 0xaf, 0x0d, 0xaf, 0xd4, 0x78, 0x03, 0xfd, 0xda, 0xb7, 0xf8, 0x97, 0xe4, 0x78,
    0xd9, 0x9f, 0xc7, 0x1f, 0x40, 0xa2, 0xbf, 0x40, 0x3c, 0xc0, 0xad, 0x0d, 0x07, 0xfe, 0x46, 0x2d,
    0x33, 0xfe, 0xbe, 0xe2, 0xff, 0x00, 0xd0, 0xc5, 0x73, 0x63, 0x3f, 0xdd, 0xaa, 0x7f, 0x85, 0xfe,
    0x45, 0xd3, 0xf8, 0xd7, 0xa9, 0xee, 0x54, 0x57, 0xf3, 0xb9, 0xf5, 0x21, 0x45, 0x00, 0x67, 0xeb,
    0xdf, 0xf2, 0x2e, 0xea, 0x7f, 0xf5, 0xe9, 0x2f, 0xfe, 0x80, 0x6b, 0xc3, 0x6b, 0xf5, 0x1e, 0x00,
    0xff, 0x00, 0x76, 0xad, 0xfe, 0x25, 0xf9, 0x1e, 0x36, 0x67, 0xf1, 0xc7, 0xd0, 0x28, 0xaf, 0xd0,
    0x0f, 0x30, 0x2b, 0x43, 0x41, 0xff, 0x00, 0x91, 0x8b, 0x4c, 0xff, 0x00, 0xaf, 0xb8, 0xbf, 0xf4,
    0x31, 0x5c, 0xd8, 0xcf, 0xf7, 0x6a, 0x9f, 0xe1, 0x7f, 0x91, 0x74, 0xfe, 0x35, 0xea, 0x7b, 0x95,
    0x15, 0xfc, 0xee, 0x7d, 0x48, 0x51, 0x40, 0x19, 0xfa, 0xf7, 0xfc, 0x8b, 0xba, 0x9f, 0xfd, 0x7a,
    0x4b, 0xff, 0x00, 0xa0, 0x1a, 0xf0, 0xda, 0xfd, 0x47, 0x80, 0x3f, 0xdd, 0xab, 0x7f, 0x89, 0x7e,
    0x47, 0x8d, 0x99, 0xfc, 0x71, 0xf4, 0x0a, 0x2b, 0xf4, 0x03, 0xcc, 0x0a, 0xd0, 0xd0, 0x7f, 0xe4,
    0x62, 0xd3, 0x3f, 0xeb, 0xee, 0x2f, 0xfd, 0x0c, 0x57, 0x36, 0x33, 0xfd, 0xda, 0xa7, 0xf8, 0x5f,
    0xe4, 0x5d, 0x3f, 0x8d, 0x7a, 0x9e, 0xe5, 0x45, 0x7f, 0x3b, 0x9f, 0x52, 0x14, 0x50, 0x06, 0x7e,
    0xbd, 0xff, 0x00, 0x22, 0xee, 0xa7, 0xff, 0x00, 0x5e, 0x92, 0xff, 0x00, 0xe8, 0x06, 0xbc, 0x36,
    0xbf, 0x51, 0xe0, 0x0f, 0xf7, 0x6a, 0xdf, 0xe2, 0x5f, 0x91, 0xe3, 0x66, 0x7f, 0x1c, 0x7d, 0x02,
    0x8a, 0xfd, 0x00, 0xf3, 0x02, 0xb4, 0x34, 0x1f, 0xf9, 0x18, 0xb4, 0xcf, 0xfa, 0xfb, 0x8b, 0xff,
    0x00, 0x43, 0x15, 0xcd, 0x8c, 0xff, 0x00, 0x76, 0xa9, 0xfe, 0x17, 0xf9, 0x17, 0x4f, 0xe3, 0x5e,
    0xa7, 0xb9, 0x51, 0x5f, 0xce, 0xe7, 0xd4, 0x85, 0x14, 0x01, 0x9f, 0xaf, 0x7f, 0xc8, 0xbb, 0xa9,
    0xff, 0x00, 0xd7, 0xa4, 0xbf, 0xfa, 0x01, 0xaf, 0x0d, 0xaf, 0xd4, 0x78, 0x03, 0xfd, 0xda, 0xb7,
    0xf8, 0x97, 0xe4, 0x78, 0xd9, 0x9f, 0xc7, 0x1f, 0x40, 0xa2, 0xbf, 0x40, 0x3c, 0xc0, 0xad, 0x0d,
    0x07, 0xfe, 0x46, 0x2d, 0x33, 0xfe, 0xbe, 0xe2, 0xff, 0x00, 0xd0, 0xc5, 0x73, 0x63, 0x3f, 0xdd,
    0xaa, 0x7f, 0x85, 0xfe, 0x45, 0xd3, 0xf8, 0xd7, 0xa9, 0xee, 0x54, 0x57, 0xf3, 0xb9, 0xf5, 0x21,
    0x45, 0x00, 0x67, 0xeb, 0xdf, 0xf2, 0x2e, 0xea, 0x7f, 0xf5, 0xe9, 0x2f, 0xfe, 0x80, 0x6b, 0xc3,
    0x6b, 0xf5, 0x1e, 0x00, 0xff, 0x00, 0x76, 0xad, 0xfe, 0x25, 0xf9, 0x1e, 0x36, 0x67, 0xf1, 0xc7,
    0xd0, 0x28, 0xaf, 0xd0, 0x0f, 0x30, 0x2b, 0x43, 0x41, 0xff, 0x00, 0x91, 0x8b, 0x4c, 0xff, 0x00,
    0xaf, 0xb8, 0xbf, 0xf4, 0x31, 0x5c, 0xd8, 0xcf, 0xf7, 0x6a, 0x9f, 0xe1, 0x7f, 0x91, 0x74, 0xfe,
    0x35, 0xea, 0x7b, 0x95, 0x15, 0xfc, 0xee, 0x7d, 0x48, 0x51, 0x40, 0x19, 0xfa, 0xf7, 0xfc, 0x8b,
    0xba, 0x9f, 0xfd, 0x7a, 0x4b, 0xff, 0x00, 0xa0, 0x1a, 0xf0, 0xda, 0xfd, 0x47, 0x80, 0x3f, 0xdd,
    0xab, 0x7f, 0x89, 0x7e, 0x47, 0x8d, 0x99, 0xfc, 0x71, 0xf4, 0x0a, 0x2b, 0xf4, 0x03, 0xcc, 0x0a,
    0xd0, 0xd0, 0x7f, 0xe4, 0x62, 0xd3, 0x3f, 0xeb, 0xee, 0x2f, 0xfd, 0x0c, 0x57, 0x36, 0x33, 0xfd,
    0xda, 0xa7, 0xf8, 0x5f, 0xe4, 0x5d, 0x3f, 0x8d, 0x7a, 0x9e, 0xe5, 0x45, 0x7f, 0x3b, 0x9f, 0x52,
    0x14, 0x50, 0x06, 0x7e, 0xbd, 0xff, 0x00, 0x22, 0xee, 0xa7, 0xff, 0x00, 0x5e, 0x92, 0xff, 0x00,
    0xe8, 0x06, 0xbc, 0x36, 0xbf, 0x51, 0xe0, 0x0f, 0xf7, 0x6a, 0xdf, 0xe2, 0x5f, 0x91, 0xe3, 0x66,
    0x7f, 0x1c, 0x7d, 0x02, 0x8a, 0xfd, 0x00, 0xf3, 0x02, 0xb4, 0x34, 0x1f, 0xf9, 0x18, 0xb4, 0xcf,
    0xfa, 0xfb, 0x8b, 0xff, 0x00, 0x43, 0x15, 0xcd, 0x8c, 0xff, 0x00, 0x76, 0xa9, 0xfe, 0x17, 0xf9,
    0x17, 0x4f, 0xe3, 0x5e, 0xa7, 0xb9, 0x51, 0x5f, 0xce, 0xe7, 0xd4, 0x85, 0x14, 0x01, 0x9f, 0xaf,
    0x7f, 0xc8, 0xbb, 0xa9, 0xff, 0x00, 0xd7, 0xa4, 0xbf, 0xfa, 0x01, 0xaf, 0x0d, 0xaf, 0xd4, 0x78,
    0x03, 0xfd, 0xda, 0xb7, 0xf8, 0x97, 0xe4, 0x78, 0xd9, 0x9f, 0xc7, 0x1f, 0x40, 0xa2, 0xbf, 0x40,
    0x3c, 0xc0, 0xad, 0x0d, 0x07, 0xfe, 0x46, 0x2d, 0x33, 0xfe, 0xbe, 0xe2, 0xff, 0x00, 0xd0, 0xc5,
    0x73, 0x63, 0x3f, 0xdd, 0xaa, 0x7f, 0x85, 0xfe, 0x45, 0xd3, 0xf8, 0xd7, 0xa9, 0xee, 0x54, 0x57,
    0xf3, 0xb9, 0xf5, 0x21, 0x45, 0x00, 0x67, 0xeb, 0xdf, 0xf2, 0x2e, 0xea, 0x7f, 0xf5, 0xe9, 0x2f,
    0xfe, 0x80, 0x6b, 0xc3, 0x6b, 0xf5, 0x1e, 0x00, 0xff, 0x00, 0x76, 0xad, 0xfe, 0x25, 0xf9, 0x1e,
    0x36, 0x67, 0xf1, 0xc7, 0xd0, 0x28, 0xaf, 0xd0, 0x0f, 0x30, 0x2b, 0x43, 0x41, 0xff, 0x00, 0x91,
    0x8b, 0x4c, 0xff, 0x00, 0xaf, 0xb8, 0xbf, 0xf4, 0x31, 0x5c, 0xd8, 0xcf, 0xf7, 0x6a, 0x9f, 0xe1,
    0x7f, 0x91, 0x74, 0xfe, 0x35, 0xea, 0x7b, 0x95, 0x15, 0xfc, 0xee, 0x7d, 0x48, 0x51, 0x40, 0x19,
    0xfa, 0xf7, 0xfc, 0x8b, 0xba, 0x9f, 0xfd, 0x7a, 0x4b, 0xff, 0x00, 0xa0, 0x1a, 0xf0, 0xda, 0xfd,
    0x47, 0x80, 0x3f, 0xdd, 0xab, 0x7f, 0x89, 0x7e, 0x47, 0x8d, 0x99, 0xfc, 0x71, 0xf4, 0x0a, 0x2b,
    0xf4, 0x03, 0xcc, 0x0a, 0xd0, 0xd0, 0x7f, 0xe4, 0x62, 0xd3, 0x3f, 0xeb, 0xee, 0x2f, 0xfd, 0x0c,
    0x57, 0x36, 0x33, 0xfd, 0xda, 0xa7, 0xf8, 0x5f, 0xe4, 0x5d, 0x3f, 0x8d, 0x7a, 0x9e, 0xe5, 0x45,
    0x7f, 0x3b, 0x9f, 0x52, 0x14, 0x50, 0x06, 0x7e, 0xbd, 0xff, 0x00, 0x22, 0xee, 0xa7, 0xff, 0x00,
    0x5e, 0x92, 0xff, 0x00, 0xe8, 0x06, 0xbc, 0x36, 0xbf, 0x51, 0xe0, 0x0f, 0xf7, 0x6a, 0xdf, 0xe2,
    0x5f, 0x91, 0xe3, 0x66, 0x7f, 0x1c, 0x7d, 0x02, 0x8a, 0xfd, 0x00, 0xf3, 0x02, 0xb4, 0x34, 0x1f,
    0xf9, 0x18, 0xb4, 0xcf, 0xfa, 0xfb, 0x8b, 0xff, 0x00, 0x43, 0x15, 0xcd, 0x8c, 0xff, 0x00, 0x76,
    0xa9, 0xfe, 0x17, 0xf9, 0x17, 0x4f, 0xe3, 0x5e, 0xa7, 0xb9, 0x51, 0x5f, 0xce, 0xe7, 0xd4, 0x85,
    0x14, 0x01, 0x9f, 0xaf, 0x7f, 0xc8, 0xbb, 0xa9, 0xff, 0x00, 0xd7, 0xa4, 0xbf, 0xfa, 0x01, 0xaf,
    0x0d, 0xaf, 0xd4, 0x78, 0x03, 0xfd, 0xda, 0xb7, 0xf8, 0x97, 0xe4, 0x78, 0xd9, 0x9f, 0xc7, 0x1f,
    0x40, 0xa2, 0xbf, 0x40, 0x3c, 0xc0, 0xad, 0x0d, 0x07, 0xfe, 0x46, 0x2d, 0x33, 0xfe, 0xbe, 0xe2,
    0xff, 0x00, 0xd0, 0xc5, 0x73, 0x63, 0x3f, 0xdd, 0xaa, 0x7f, 0x85, 0xfe, 0x45, 0xd3, 0xf8, 0xd7,
    0xa9, 0xee, 0x54, 0x57, 0xf3, 0xb9, 0xf5, 0x21, 0x45, 0x00, 0x67, 0xeb, 0xdf, 0xf2, 0x2e, 0xea,
    0x7f, 0xf5, 0xe9, 0x2f, 0xfe, 0x80, 0x6b, 0xc3, 0x6b, 0xf5, 0x1e, 0x00, 0xff, 0x00, 0x76, 0xad,
    0xfe, 0x25, 0xf9, 0x1e, 0x36, 0x67, 0xf1, 0xc7, 0xd0, 0x28, 0xaf, 0xd0, 0x0f, 0x30, 0x2b, 0x43,
    0x41, 0xff, 0x00, 0x91, 0x8b, 0x4c, 0xff, 0x00, 0xaf, 0xb8, 0xbf, 0xf4, 0x31, 0x5c, 0xd8, 0xcf,
    0xf7, 0x6a, 0x9f, 0xe1, 0x7f, 0x91, 0x74, 0xfe, 0x35, 0xea, 0x7b, 0x95, 0x15, 0xfc, 0xee, 0x7d,
    0x48, 0x51, 0x40, 0x19, 0xfa, 0xf7, 0xfc, 0x8b, 0xba, 0x9f, 0xfd, 0x7a, 0x4b, 0xff, 0x00, 0xa0,
    0x1a, 0xf0, 0xda, 0xfd, 0x47, 0x80, 0x3f, 0xdd, 0xab, 0x7f, 0x89, 0x7e, 0x47, 0x8d, 0x99, 0xfc,
    0x71, 0xf4, 0x0a, 0x2b, 0xf4, 0x03, 0xcc, 0x3e, 0x82, 0xac, 0xfd, 0x7b, 0xfe, 0x45, 0xdd, 0x4f,
    0xfe, 0xbd, 0x25, 0xff, 0x00, 0xd0, 0x0d, 0x7f, 0x3b, 0xe0, 0xbf, 0xde, 0x69, 0xff, 0x00, 0x89,
    0x7e, 0x67, 0xd5, 0x54, 0xf8, 0x1f, 0xa1, 0xe1, 0xb4, 0x57, 0xf4, 0x41, 0xf2, 0xa1, 0x45, 0x00,
    0x68, 0x68, 0x3f, 0xf2, 0x31, 0x69, 0x9f, 0xf5, 0xf7, 0x17, 0xfe, 0x86, 0x2b, 0xdc, 0xab, 0xf2,
    0xde, 0x3f, 0xff, 0x00, 0x79, 0xa3, 0xfe, 0x17, 0xf9, 0x9e, 0xce, 0x59, 0xf0, 0x4b, 0xd4, 0x28,
    0xaf, 0x80, 0x3d, 0x30, 0xac, 0xfd, 0x7b, 0xfe, 0x45, 0xdd, 0x4f, 0xfe, 0xbd, 0x25, 0xff, 0x00,
    0xd0, 0x0d, 0x74, 0xe0, 0xbf, 0xde, 0x69, 0xff, 0x00, 0x89, 0x7e, 0x64, 0xd4, 0xf8, 0x1f, 0xa1,
    0xe1, 0xb4, 0x57, 0xf4, 0x41, 0xf2, 0xa1, 0x45, 0x00, 0x68, 0x68, 0x3f, 0xf2, 0x31, 0x69, 0x9f,
    0xf5, 0xf7, 0x17, 0xfe, 0x86, 0x2b, 0xdc, 0xab, 0xf2, 0xde, 0x3f, 0xff, 0x00, 0x79, 0xa3, 0xfe,
    0x17, 0xf9, 0x9e, 0xce, 0x59, 0xf0, 0x4b, 0xd4, 0x28, 0xaf, 0x80, 0x3d, 0x30, 0xac, 0xfd, 0x7b,
    0xfe, 0x45, 0xdd, 0x4f, 0xfe, 0xbd, 0x25, 0xff, 0x00, 0xd0, 0x0d, 0x74, 0xe0, 0xbf, 0xde, 0x69,
    0xff, 0x00, 0x89, 0x7e, 0x64, 0xd4, 0xf8, 0x1f, 0xa1, 0xe1, 0xb4, 0x57, 0xf4, 0x41, 0xf2, 0xa1,
    0x45, 0x00, 0x68, 0x68, 0x3f, 0xf2, 0x31, 0x69, 0x9f, 0xf5, 0xf7, 0x17, 0xfe, 0x86, 0x2b, 0xdc,
    0xab, 0xf2, 0xde, 0x3f, 0xff, 0x00, 0x79, 0xa3, 0xfe, 0x17, 0xf9, 0x9e, 0xce, 0x59, 0xf0, 0x4b,
    0xd4, 0x28, 0xaf, 0x80, 0x3d, 0x30, 0xac, 0xfd, 0x7b, 0xfe, 0x45, 0xdd, 0x4f, 0xfe, 0xbd, 0x25,
    0xff, 0x00, 0xd0, 0x0d, 0x74, 0xe0, 0xbf, 0xde, 0x69, 0xff, 0x00, 0x89, 0x7e, 0x64, 0xd4, 0xf8,
    0x1f, 0xa1, 0xe1, 0xb4, 0x57, 0xf4, 0x41, 0xf2, 0xa1, 0x45, 0x00, 0x68, 0x68, 0x3f, 0xf2, 0x31,
    0x69, 0x9f, 0xf5, 0xf7, 0x17, 0xfe, 0x86, 0x2b, 0xdc, 0xab, 0xf2, 0xde, 0x3f, 0xff, 0x00, 0x79,
    0xa3, 0xfe, 0x17, 0xf9, 0x9e, 0xce, 0x59, 0xf0, 0x4b, 0xd4, 0x28, 0xaf, 0x80, 0x3d, 0x30, 0xac,
    0xfd, 0x7b, 0xfe, 0x45, 0xdd, 0x4f, 0xfe, 0xbd, 0x25, 0xff, 0x00, 0xd0, 0x0d, 0x74, 0xe0, 0xbf,
    0xde, 0x69, 0xff, 0x00, 0x89, 0x7e, 0x64, 0xd4, 0xf8, 0x1f, 0xa1, 0xe1, 0xb4, 0x57, 0xf4, 0x41,
    0xf2, 0xa1, 0x45, 0x00, 0x68, 0x68, 0x3f, 0xf2, 0x31, 0x69, 0x9f, 0xf5, 0xf7, 0x17, 0xfe, 0x86,
    0x2b, 0xdc, 0xab, 0xf2, 0xde, 0x3f, 0xff, 0x00, 0x79, 0xa3, 0xfe, 0x17, 0xf9, 0x9e, 0xce, 0x59,
    0xf0, 0x4b, 0xd4, 0x28, 0xaf, 0x80, 0x3d, 0x30, 0xac, 0xfd, 0x7b, 0xfe, 0x45, 0xdd, 0x4f, 0xfe,
    0xbd, 0x25, 0xff, 0x00, 0xd0, 0x0d, 0x74, 0xe0, 0xbf, 0xde, 0x69, 0xff, 0x00, 0x89, 0x7e, 0x64,
    0xd4, 0xf8, 0x1f, 0xa1, 0xe1, 0xb4, 0x57, 0xf4, 0x41, 0xf2, 0xa1, 0x45, 0x00, 0x68, 0x68, 0x3f,
    0xf2, 0x31, 0x69, 0x9f, 0xf5, 0xf7, 0x17, 0xfe, 0x86, 0x2b, 0xdc, 0xab, 0xf2, 0xde, 0x3f, 0xff,
    0x00, 0x79, 0xa3, 0xfe, 0x17, 0xf9, 0x9e, 0xce, 0x59, 0xf0, 0x4b, 0xd4, 0x28, 0xaf, 0x80, 0x3d,
    0x30, 0xac, 0xfd, 0x7b, 0xfe, 0x45, 0xdd, 0x4f, 0xfe, 0xbd, 0x25, 0xff, 0x00, 0xd0, 0x0d, 0x74,
    0xe0, 0xbf, 0xde, 0x69, 0xff, 0x00, 0x89, 0x7e, 0x64, 0xd4, 0xf8, 0x1f, 0xa1, 0xe1, 0xb4, 0x57,
    0xf4, 0x41, 0xf2, 0xa1, 0x45, 0x00, 0x68, 0x68, 0x3f, 0xf2, 0x31, 0x69, 0x9f, 0xf5, 0xf7, 0x17,
    0xfe, 0x86, 0x2b, 0xdc, 0xab, 0xf2, 0xde, 0x3f, 0xff, 0x00, 0x79, 0xa3, 0xfe, 0x17, 0xf9, 0x9e,
    0xce, 0x59, 0xf0, 0x4b, 0xd4, 0x28, 0xaf, 0x80, 0x3d, 0x30, 0xac, 0xfd, 0x7b, 0xfe, 0x45, 0xdd,
    0x4f, 0xfe, 0xbd, 0x25, 0xff, 0x00, 0xd0, 0x0d, 0x74, 0xe0, 0xbf, 0xde, 0x69, 0xff, 0x00, 0x89,
    0x7e, 0x64, 0xd4, 0xf8, 0x1f, 0xa1, 0xe1, 0xb4, 0x57, 0xf4, 0x41, 0xf2, 0xa1, 0x45, 0x00, 0x68,
    0x68, 0x3f, 0xf2, 0x31, 0x69, 0x9f, 0xf5, 0xf7, 0x17, 0xfe, 0x86, 0x2b, 0xdc, 0xab, 0xf2, 0xde,
    0x3f, 0xff, 0x00, 0x79, 0xa3, 0xfe, 0x17, 0xf9, 0x9e, 0xce, 0x59, 0xf0, 0x4b, 0xd4, 0x28, 0xaf,
    0x80, 0x3d, 0x30, 0xac, 0xfd, 0x7b, 0xfe, 0x45, 0xdd, 0x4f, 0xfe, 0xbd, 0x25, 0xff, 0x00, 0xd0,
    0x0d, 0x74, 0xe0, 0xbf, 0xde, 0x69, 0xff, 0x00, 0x89, 0x7e, 0x64, 0xd4, 0xf8, 0x1f, 0xa1, 0xe1,
    0xb4, 0x57, 0xf4, 0x41, 0xf2, 0xa1, 0x45, 0x00, 0x68, 0x68, 0x3f, 0xf2, 0x31, 0x69, 0x9f, 0xf5,
    0xf7, 0x17, 0xfe, 0x86, 0x2b, 0xdc, 0xab, 0xf2, 0xde, 0x3f, 0xff, 0x00, 0x79, 0xa3, 0xfe, 0x17,
    0xf9, 0x9e, 0xce, 0x59, 0xf0, 0x4b, 0xd4, 0x28, 0xaf, 0x80, 0x3d, 0x30, 0xac, 0xfd, 0x7b, 0xfe,
    0x45, 0xdd, 0x4f, 0xfe, 0xbd, 0x25, 0xff, 0x00, 0xd0, 0x0d, 0x74, 0xe0, 0xbf, 0xde, 0x69, 0xff,
    0x00, 0x89, 0x7e, 0x64, 0xd4, 0xf8, 0x1f, 0xa1, 0xe1, 0xb4, 0x57, 0xf4, 0x41, 0xf2, 0xa1, 0x45,
    0x00, 0x68, 0x68, 0x3f, 0xf2, 0x31, 0x69, 0x9f, 0xf5, 0xf7, 0x17, 0xfe, 0x86, 0x2b, 0xdc, 0xab,
    0xf2, 0xde, 0x3f, 0xff, 0x00, 0x79, 0xa3, 0xfe, 0x17, 0xf9, 0x9e, 0xce, 0x59, 0xf0, 0x4b, 0xd4,
    0x28, 0xaf, 0x80, 0x3d, 0x30, 0xac, 0xfd, 0x7b, 0xfe, 0x45, 0xdd, 0x4f, 0xfe, 0xbd, 0x25, 0xff,
    0x00, 0xd0, 0x0d, 0x74, 0xe0, 0xbf, 0xde, 0x69, 0xff, 0x00, 0x89, 0x7e, 0x64, 0xd4, 0xf8, 0x1f,
    0xa1, 0xe1, 0xb4, 0x57, 0xf4, 0x41, 0xf2, 0xa1, 0x45, 0x00, 0x68, 0x68, 0x3f, 0xf2, 0x31, 0x69,
    0x9f, 0xf5, 0xf7, 0x17, 0xfe, 0x86, 0x2b, 0xdc, 0xab, 0xf2, 0xde, 0x3f, 0xff, 0x00, 0x79, 0xa3,
    0xfe, 0x17, 0xf9, 0x9e, 0xce, 0x59, 0xf0, 0x4b, 0xd4, 0x28, 0xaf, 0x80, 0x3d, 0x30, 0xac, 0xfd,
    0x7b, 0xfe, 0x45, 0xdd, 0x4f, 0xfe, 0xbd, 0x25, 0xff, 0x00, 0xd0, 0x0d, 0x74, 0xe0, 0xbf, 0xde,
    0x69, 0xff, 0x00, 0x89, 0x7e, 0x64, 0xd4, 0xf8, 0x1f, 0xa1, 0xe1, 0xb4, 0x57, 0xf4, 0x41, 0xf2,
    0xa1, 0x45, 0x00, 0x68, 0x68, 0x3f, 0xf2, 0x31, 0x69, 0x9f, 0xf5, 0xf7, 0x17, 0xfe, 0x86, 0x2b,
    0xdc, 0xab, 0xf2, 0xde, 0x3f, 0xff, 0x00, 0x79, 0xa3, 0xfe, 0x17, 0xf9, 0x9e, 0xce, 0x59, 0xf0,
    0x4b, 0xd4, 0x28, 0xaf, 0x80, 0x3d, 0x30, 0xac, 0xfd, 0x7b, 0xfe, 0x45, 0xdd, 0x4f, 0xfe, 0xbd,
    0x25, 0xff, 0x00, 0xd0, 0x0d, 0x74, 0xe0, 0xbf, 0xde, 0x69, 0xff, 0x00, 0x89, 0x7e, 0x64, 0xd4,
    0xf8, 0x1f, 0xa1, 0xe1, 0xb4, 0x57, 0xf4, 0x41, 0xf2, 0xa1, 0x45, 0x00, 0x68, 0x68, 0x3f, 0xf2,
    0x31, 0x69, 0x9f, 0xf5, 0xf7, 0x17, 0xfe, 0x86, 0x2b, 0xdc, 0xab, 0xf2, 0xde, 0x3f, 0xff, 0x00,
    0x79, 0xa3, 0xfe, 0x17, 0xf9, 0x9e, 0xce, 0x59, 0xf0, 0x4b, 0xd4, 0x28, 0xaf, 0x80, 0x3d, 0x30,
    0xac, 0xfd, 0x7b, 0xfe, 0x45, 0xdd, 0x4f, 0xfe, 0xbd, 0x25, 0xff, 0x00, 0xd0, 0x0d, 0x74, 0xe0,
    0xbf, 0xde, 0x69, 0xff, 0x00, 0x89, 0x7e, 0x64, 0xd4, 0xf8, 0x1f, 0xa1, 0xe1, 0xb4, 0x57, 0xf4,
    0x41, 0xf2, 0xa1, 0x45, 0x00, 0x68, 0x68, 0x3f, 0xf2, 0x31, 0x69, 0x9f, 0xf5, 0xf7, 0x17, 0xfe,
    0x86, 0x2b, 0xdc, 0xab, 0xf2, 0xde, 0x3f, 0xff, 0x00, 0x79, 0xa3, 0xfe, 0x17, 0xf9, 0x9e, 0xce,
    0x59, 0xf0, 0x4b, 0xd4, 0x28, 0xaf, 0x80, 0x3d, 0x30, 0xac, 0xfd, 0x7b, 0xfe, 0x45, 0xdd, 0x4f,
    0xfe, 0xbd, 0x25, 0xff, 0x00, 0xd0, 0x0d, 0x74, 0xe0, 0xbf, 0xde, 0x69, 0xff, 0x00, 0x89, 0x7e,
    0x64, 0xd4, 0xf8, 0x1f, 0xa1, 0xe1, 0xb4, 0x57, 0xf4, 0x41, 0xf2, 0xa1, 0x45, 0x00, 0x68, 0x68,
    0x3f, 0xf2, 0x31, 0x69, 0x9f, 0xf5, 0xf7, 0x17, 0xfe, 0x86, 0x2b, 0xdc, 0xab, 0xf2, 0xde, 0x3f,
    0xff, 0x00, 0x79, 0xa3, 0xfe, 0x17, 0xf9, 0x9e, 0xce, 0x59, 0xf0, 0x4b, 0xd4, 0x28, 0xaf, 0x80,
    0x3d, 0x30, 0xac, 0xfd, 0x7b, 0xfe, 0x45, 0xdd, 0x4f, 0xfe, 0xbd, 0x25, 0xff, 0x00, 0xd0, 0x0d,
    0x74, 0xe0, 0xbf, 0xde, 0x69, 0xff, 0x00, 0x89, 0x7e, 0x64, 0xd4, 0xf8, 0x1f, 0xa1, 0xe1, 0xb4,
    0x57, 0xf4, 0x41, 0xf2, 0xa1, 0x45, 0x00, 0x68, 0x68, 0x3f, 0xf2, 0x31, 0x69, 0x9f, 0xf5, 0xf7,
    0x17, 0xfe, 0x86, 0x2b, 0xdc, 0xab, 0xf2, 0xde, 0x3f, 0xff, 0x00, 0x79, 0xa3, 0xfe, 0x17, 0xf9,
    0x9e, 0xce, 0x59, 0xf0, 0x4b, 0xd4, 0x28, 0xaf, 0x80, 0x3d, 0x30, 0xac, 0xfd, 0x7b, 0xfe, 0x45,
    0xdd, 0x4f, 0xfe, 0xbd, 0x25, 0xff, 0x00, 0xd0, 0x0d, 0x74, 0xe0, 0xbf, 0xde, 0x69, 0xff, 0x00,
    0x89, 0x7e, 0x64, 0xd4, 0xf8, 0x1f, 0xa1, 0xe1, 0xb4, 0x57, 0xf4, 0x41, 0xf2, 0xa1, 0x45, 0x00,
    0x68, 0x68, 0x3f, 0xf2, 0x31, 0x69, 0x9f, 0xf5, 0xf7, 0x17, 0xfe, 0x86, 0x2b, 0xdc, 0xab, 0xf2,
    0xde, 0x3f, 0xff, 0x00, 0x79, 0xa3, 0xfe, 0x17, 0xf9, 0x9e, 0xce, 0x59, 0xf0, 0x4b, 0xd4, 0x28,
    0xaf, 0x80, 0x3d, 0x30, 0xac, 0xfd, 0x7b, 0xfe, 0x45, 0xdd, 0x4f, 0xfe, 0xbd, 0x25, 0xff, 0x00,
    0xd0, 0x0d, 0x74, 0xe0, 0xbf, 0xde, 0x69, 0xff, 0x00, 0x89, 0x7e, 0x64, 0xd4, 0xf8, 0x1f, 0xa1,
    0xe1, 0xb4, 0x57, 0xf4, 0x41, 0xf2, 0xa1, 0x45, 0x00, 0x68, 0x68, 0x3f, 0xf2, 0x31, 0x69, 0x9f,
    0xf5, 0xf7, 0x17, 0xfe, 0x86, 0x2b, 0xdc, 0xab, 0xf2, 0xde, 0x3f, 0xff, 0x00, 0x79, 0xa3, 0xfe,
    0x17, 0xf9, 0x9e, 0xce, 0x59, 0xf0, 0x4b, 0xd4, 0x28, 0xaf, 0x80, 0x3d, 0x30, 0xac, 0xfd, 0x7b,
    0xfe, 0x45, 0xdd, 0x4f, 0xfe, 0xbd, 0x25, 0xff, 0x00, 0xd0, 0x0d, 0x74, 0xe0, 0xbf, 0xde, 0x69,
    0xff, 0x00, 0x89, 0x7e, 0x64, 0xd4, 0xf8, 0x1f, 0xa1, 0xe1, 0xb4, 0x57, 0xf4, 0x41, 0xf2, 0xa1,
    0x45, 0x00, 0x68, 0x68, 0x3f, 0xf2, 0x31, 0x69, 0x9f, 0xf5, 0xf7, 0x17, 0xfe, 0x86, 0x2b, 0xdc,
    0xab, 0xf2, 0xde, 0x3f, 0xff, 0x00, 0x79, 0xa3, 0xfe, 0x17, 0xf9, 0x9e, 0xce, 0x59, 0xf0, 0x4b,
    0xd4, 0x28, 0xaf, 0x80, 0x3d, 0x30, 0xac, 0xfd, 0x7b, 0xfe, 0x45, 0xdd, 0x4f, 0xfe, 0xbd, 0x25,
    0xff, 0x00, 0xd0, 0x0d, 0x74, 0xe0, 0xbf, 0xde, 0x69, 0xff, 0x00, 0x89, 0x7e, 0x64, 0xd4, 0xf8,
    0x1f, 0xa1, 0xe1, 0xb4, 0x57, 0xf4, 0x41, 0xf2, 0xa1, 0x45, 0x00, 0x68, 0x68, 0x3f, 0xf2, 0x31,
    0x69, 0x9f, 0xf5, 0xf7, 0x17, 0xfe, 0x86, 0x2b, 0xdc, 0xab, 0xf2, 0xde, 0x3f, 0xff, 0x00, 0x79,
    0xa3, 0xfe, 0x17, 0xf9, 0x9e, 0xce, 0x59, 0xf0, 0x4b, 0xd4, 0x28, 0xaf, 0x80, 0x3d, 0x33, 0xe7,
    0xda, 0xd0, 0xd0, 0x7f, 0xe4, 0x62, 0xd3, 0x3f, 0xeb, 0xee, 0x2f, 0xfd, 0x0c, 0x57, 0xf4, 0x46,
    0x33, 0xfd, 0xda, 0xa7, 0xf8, 0x5f, 0xe4, 0x7c, 0xb5, 0x3f, 0x8d, 0x7a, 0x9e, 0xe5, 0x45, 0x7f,
    0x3b, 0x9f, 0x52, 0x14, 0x50, 0x06, 0x7e, 0xbd, 0xff, 0x00, 0x22, 0xee, 0xa7, 0xff, 0x00, 0x5e,
    0x92, 0xff, 0x00, 0xe8, 0x06, 0xbc, 0x36, 0xbf, 0x51, 0xe0, 0x0f, 0xf7, 0x6a, 0xdf, 0xe2, 0x5f,
    0x91, 0xe3, 0x66, 0x7f, 0x1c, 0x7d, 0x02, 0x8a, 0xfd, 0x00, 0xf3, 0x02, 0xb4, 0x34, 0x1f, 0xf9,
    0x18, 0xb4, 0xcf, 0xfa, 0xfb, 0x8b, 0xff, 0x00, 0x43, 0x15, 0xcd, 0x8c, 0xff, 0x00, 0x76, 0xa9,
    0xfe, 0x17, 0xf9, 0x17, 0x4f, 0xe3, 0x5e, 0xa7, 0xb9, 0x51, 0x5f, 0xce, 0xe7, 0xd4, 0x85, 0x14,
    0x01, 0x9f, 0xaf, 0x7f, 0xc8, 0xbb, 0xa9, 0xff, 0x00, 0xd7, 0xa4, 0xbf, 0xfa, 0x01, 0xaf, 0x0d,
    0xaf, 0xd4, 0x78, 0x03, 0xfd, 0xda, 0xb7, 0xf8, 0x97, 0xe4, 0x78, 0xd9, 0x9f, 0xc7, 0x1f, 0x40,
    0xa2, 0xbf, 0x40, 0x3c, 0xc0, 0xad, 0x0d, 0x07, 0xfe, 0x46, 0x2d, 0x33, 0xfe, 0xbe, 0xe2, 0xff,
    0x00, 0xd0, 0xc5, 0x73, 0x63, 0x3f, 0xdd, 0xaa, 0x7f, 0x85, 0xfe, 0x45, 0xd3, 0xf8, 0xd7, 0xa9,
    0xee, 0x54, 0x57, 0xf3, 0xb9, 0xf5, 0x21, 0x45, 0x00, 0x67, 0xeb, 0xdf, 0xf2, 0x2e, 0xea, 0x7f,
    0xf5, 0xe9, 0x2f, 0xfe, 0x80, 0x6b, 0xc3, 0x6b, 0xf5, 0x1e, 0x00, 0xff, 0x00, 0x76, 0xad, 0xfe,
    0x25, 0xf9, 0x1e, 0x36, 0x67, 0xf1, 0xc7, 0xd0, 0x28, 0xaf, 0xd0, 0x0f, 0x30, 0x2b, 0x43, 0x41,
    0xff, 0x00, 0x91, 0x8b, 0x4c, 0xff, 0x00, 0xaf, 0xb8, 0xbf, 0xf4, 0x31, 0x5c, 0xd8, 0xcf, 0xf7,
    0x6a, 0x9f, 0xe1, 0x7f, 0x91, 0x74, 0xfe, 0x35, 0xea, 0x7b, 0x95, 0x15, 0xfc, 0xee, 0x7d, 0x48,
    0x51, 0x40, 0x19, 0xfa, 0xf7, 0xfc, 0x8b, 0xba, 0x9f, 0xfd, 0x7a, 0x4b, 0xff, 0x00, 0xa0, 0x1a,
    0xf0, 0xda, 0xfd, 0x47, 0x80, 0x3f, 0xdd, 0xab, 0x7f, 0x89, 0x7e, 0x47, 0x8d, 0x99, 0xfc, 0x71,
    0xf4, 0x0a, 0x2b, 0xf4, 0x03, 0xcc, 0x0a, 0xd0, 0xd0, 0x7f, 0xe4, 0x62, 0xd3, 0x3f, 0xeb, 0xee,
    0x2f, 0xfd, 0x0c, 0x57, 0x36, 0x33, 0xfd, 0xda, 0xa7, 0xf8, 0x5f, 0xe4, 0x5d, 0x3f, 0x8d, 0x7a,
    0x9e, 0xe5, 0x45, 0x7f, 0x3b, 0x9f, 0x52, 0x14, 0x50, 0x06, 0x7e, 0xbd, 0xff, 0x00, 0x22, 0xee,
    0xa7, 0xff, 0x00, 0x5e, 0x92, 0xff, 0x00, 0xe8, 0x06, 0xbc, 0x36, 0xbf, 0x51, 0xe0, 0x0f, 0xf7,
    0x6a, 0xdf, 0xe2, 0x5f, 0x91, 0xe3, 0x66, 0x7f, 0x1c, 0x7d, 0x02, 0x8a, 0xfd, 0x00, 0xf3, 0x02,
    0xb4, 0x34, 0x1f, 0xf9, 0x18, 0xb4, 0xcf, 0xfa, 0xfb, 0x8b, 0xff, 0x00, 0x43, 0x15, 0xcd, 0x8c,
    0xff, 0x00, 0x76, 0xa9, 0xfe, 0x17, 0xf9, 0x17, 0x4f, 0xe3, 0x5e, 0xa7, 0xb9, 0x51, 0x5f, 0xce,
    0xe7, 0xd4, 0x85, 0x14, 0x01, 0x9f, 0xaf, 0x7f, 0xc8, 0xbb, 0xa9, 0xff, 0x00, 0xd7, 0xa4, 0xbf,
    0xfa, 0x01, 0xaf, 0x0d, 0xaf, 0xd4, 0x78, 0x03, 0xfd, 0xda, 0xb7, 0xf8, 0x97, 0xe4, 0x78, 0xd9,
    0x9f, 0xc7, 0x1f, 0x40, 0xa2, 0xbf, 0x40, 0x3c, 0xc0, 0xad, 0x0d, 0x07, 0xfe, 0x46, 0x2d, 0x33,
    0xfe, 0xbe, 0xe2, 0xff, 0x00, 0xd0, 0xc5, 0x73, 0x63, 0x3f, 0xdd, 0xaa, 0x7f, 0x85, 0xfe, 0x45,
    0xd3, 0xf8, 0xd7, 0xa9, 0xee, 0x54, 0x57, 0xf3, 0xb9, 0xf5, 0x21, 0x45, 0x00, 0x67, 0xeb, 0xdf,
    0xf2, 0x2e, 0xea, 0x7f, 0xf5, 0xe9, 0x2f, 0xfe, 0x80, 0x6b, 0xc3, 0x6b, 0xf5, 0x1e, 0x00, 0xff,
    0x00, 0x76, 0xad, 0xfe, 0x25, 0xf9, 0x1e, 0x36, 0x67, 0xf1, 0xc7, 0xd0, 0x28, 0xaf, 0xd0, 0x0f,
    0x30, 0x2b, 0x43, 0x41, 0xff, 0x00, 0x91, 0x8b, 0x4c, 0xff, 0x00, 0xaf, 0xb8, 0xbf, 0xf4, 0x31,
    0x5c, 0xd8, 0xcf, 0xf7, 0x6a, 0x9f, 0xe1, 0x7f, 0x91, 0x74, 0xfe, 0x35, 0xea, 0x7b, 0x95, 0x15,
    0xfc, 0xee, 0x7d, 0x48, 0x51, 0x40, 0x19, 0xfa, 0xf7, 0xfc, 0x8b, 0xba, 0x9f, 0xfd, 0x7a, 0x4b,
    0xff, 0x00, 0xa0, 0x1a, 0xf0, 0xda, 0xfd, 0x47, 0x80, 0x3f, 0xdd, 0xab, 0x7f, 0x89, 0x7e, 0x47,
    0x8d, 0x99, 0xfc, 0x71, 0xf4, 0x0a, 0x2b, 0xf4, 0x03, 0xcc, 0x0a, 0xd0, 0xd0, 0x7f, 0xe4, 0x62,
    0xd3, 0x3f, 0xeb, 0xee, 0x2f, 0xfd, 0x0c, 0x57, 0x36, 0x33, 0xfd, 0xda, 0xa7, 0xf8, 0x5f, 0xe4,
    0x5d, 0x3f, 0x8d, 0x7a, 0x9e, 0xe5, 0x45, 0x7f, 0x3b, 0x9f, 0x52, 0x14, 0x50, 0x06, 0x7e, 0xbd,
    0xff, 0x00, 0x22, 0xee, 0xa7, 0xff, 0x00, 0x5e, 0x92, 0xff, 0x00, 0xe8, 0x06, 0xbc, 0x36, 0xbf,
    0x51, 0xe0, 0x0f, 0xf7, 0x6a, 0xdf, 0xe2, 0x5f, 0x91, 0xe3, 0x66, 0x7f, 0x1c, 0x7d, 0x02, 0x8a,
    0xfd, 0x00, 0xf3, 0x02, 0xb4, 0x34, 0x1f, 0xf9, 0x18, 0xb4, 0xcf, 0xfa, 0xfb, 0x8b, 0xff, 0x00,
    0x43, 0x15, 0xcd, 0x8c, 0xff, 0x00, 0x76, 0xa9, 0xfe, 0x17, 0xf9, 0x17, 0x4f, 0xe3, 0x5e, 0xa7,
    0xb9, 0x51, 0x5f, 0xce, 0xe7, 0xd4, 0x85, 0x14, 0x01, 0x9f, 0xaf, 0x7f, 0xc8, 0xbb, 0xa9, 0xff,
    0x00, 0xd7, 0xa4, 0xbf, 0xfa, 0x01, 0xaf, 0x0d, 0xaf, 0xd4, 0x78, 0x03, 0xfd, 0xda, 0xb7, 0xf8,
    0x97, 0xe4, 0x78, 0xd9, 0x9f, 0xc7, 0x1f, 0x40, 0xa2, 0xbf, 0x40, 0x3c, 0xc0, 0xad, 0x0d, 0x07,
    0xfe, 0x46, 0x2d, 0x33, 0xfe, 0xbe, 0xe2, 0xff, 0x00, 0xd0, 0xc5, 0x73, 0x63, 0x3f, 0xdd, 0xaa,
    0x7f, 0x85, 0xfe, 0x45, 0xd3, 0xf8, 0xd7, 0xa9, 0xee, 0x54, 0x57, 0xf3, 0xb9, 0xf5, 0x21, 0x45,
    0x00, 0x67, 0xeb, 0xdf, 0xf2, 0x2e, 0xea, 0x7f, 0xf5, 0xe9, 0x2f, 0xfe, 0x80, 0x6b, 0xc3, 0x6b,
    0xf5, 0x1e, 0x00, 0xff, 0x00, 0x76, 0xad, 0xfe, 0x25, 0xf9, 0x1e, 0x36, 0x67, 0xf1, 0xc7, 0xd0,
    0x28, 0xaf, 0xd0, 0x0f, 0x30, 0x2b, 0x43, 0x41, 0xff, 0x00, 0x91, 0x8b, 0x4c, 0xff, 0x00, 0xaf,
    0xb8, 0xbf, 0xf4, 0x31, 0x5c, 0xd8, 0xcf, 0xf7, 0x6a, 0x9f, 0xe1, 0x7f, 0x91, 0x74, 0xfe, 0x35,
    0xea, 0x7b, 0x95, 0x15, 0xfc, 0xee, 0x7d, 0x48, 0x51, 0x40, 0x19, 0xfa, 0xf7, 0xfc, 0x8b, 0xba,
    0x9f, 0xfd, 0x7a, 0x4b, 0xff, 0x00, 0xa0, 0x1a, 0xf0, 0xda, 0xfd, 0x47, 0x80, 0x3f, 0xdd, 0xab,
    0x7f, 0x89, 0x7e, 0x47, 0x8d, 0x99, 0xfc, 0x71, 0xf4, 0x0a, 0x2b, 0xf4, 0x03, 0xcc, 0x0a, 0xd0,
    0xd0, 0x7f, 0xe4, 0x62, 0xd3, 0x3f, 0xeb, 0xee, 0x2f, 0xfd, 0x0c, 0x57, 0x36, 0x33, 0xfd, 0xda,
    0xa7, 0xf8, 0x5f, 0xe4, 0x5d, 0x3f, 0x8d, 0x7a, 0x9e, 0xe5, 0x45, 0x7f, 0x3b, 0x9f, 0x52, 0x14,
    0x50, 0x06, 0x7e, 0xbd, 0xff, 0x00, 0x22, 0xee, 0xa7, 0xff, 0x00, 0x5e, 0x92, 0xff, 0x00, 0xe8,
    0x06, 0xbc, 0x36, 0xbf, 0x51, 0xe0, 0x0f, 0xf7, 0x6a, 0xdf, 0xe2, 0x5f, 0x91, 0xe3, 0x66, 0x7f,
    0x1c, 0x7d, 0x02, 0x8a, 0xfd, 0x00, 0xf3, 0x02, 0xb4, 0x34, 0x1f, 0xf9, 0x18, 0xb4, 0xcf, 0xfa,
    0xfb, 0x8b, 0xff, 0x00, 0x43, 0x15, 0xcd, 0x8c, 0xff, 0x00, 0x76, 0xa9, 0xfe, 0x17, 0xf9, 0x17,
    0x4f, 0xe3, 0x5e, 0xa7, 0xb9, 0x51, 0x5f, 0xce, 0xe7, 0xd4, 0x85, 0x14, 0x01, 0x9f, 0xaf, 0x7f,
    0xc8, 0xbb, 0xa9, 0xff, 0x00, 0xd7, 0xa4, 0xbf, 0xfa, 0x01, 0xaf, 0x0d, 0xaf, 0xd4, 0x78, 0x03,
    0xfd, 0xda, 0xb7, 0xf8, 0x97, 0xe4, 0x78, 0xd9, 0x9f, 0xc7, 0x1f, 0x40, 0xa2, 0xbf, 0x40, 0x3c,
    0xc0, 0xad, 0x0d, 0x07, 0xfe, 0x46, 0x2d, 0x33, 0xfe, 0xbe, 0xe2, 0xff, 0x00, 0xd0, 0xc5, 0x73,
    0x63, 0x3f, 0xdd, 0xaa, 0x7f, 0x85, 0xfe, 0x45, 0xd3, 0xf8, 0xd7, 0xa9, 0xee, 0x54, 0x57, 0xf3,
    0xb9, 0xf5, 0x21, 0x45, 0x00, 0x67, 0xeb, 0xdf, 0xf2, 0x2e, 0xea, 0x7f, 0xf5, 0xe9, 0x2f, 0xfe,
    0x80, 0x6b, 0xc3, 0x6b, 0xf5, 0x1e, 0x00, 0xff, 0x00, 0x76, 0xad, 0xfe, 0x25, 0xf9, 0x1e, 0x36,
    0x67, 0xf1, 0xc7, 0xd0, 0x28, 0xaf, 0xd0, 0x0f, 0x30, 0x2b, 0x43, 0x41, 0xff, 0x00, 0x91, 0x8b,
    0x4c, 0xff, 0x00, 0xaf, 0xb8, 0xbf, 0xf4, 0x31, 0x5c, 0xd8, 0xcf, 0xf7, 0x6a, 0x9f, 0xe1, 0x7f,
    0x91, 0x74, 0xfe, 0x35, 0xea, 0x7b, 0x95, 0x15, 0xfc, 0xee, 0x7d, 0x48, 0x51, 0x40, 0x19, 0xfa,
    0xf7, 0xfc, 0x8b, 0xba, 0x9f, 0xfd, 0x7a, 0x4b, 0xff, 0x00, 0xa0, 0x1a, 0xf0, 0xda, 0xfd, 0x47,
    0x80, 0x3f, 0xdd, 0xab, 0x7f, 0x89, 0x7e, 0x47, 0x8d, 0x99, 0xfc, 0x71, 0xf4, 0x0a, 0x2b, 0xf4,
    0x03, 0xcc, 0x0a, 0xd0, 0xd0, 0x7f, 0xe4, 0x62, 0xd3, 0x3f, 0xeb, 0xee, 0x2f, 0xfd, 0x0c, 0x57,
    0x36, 0x33, 0xfd, 0xda, 0xa7, 0xf8, 0x5f, 0xe4, 0x5d, 0x3f, 0x8d, 0x7a, 0x9e, 0xe5, 0x45, 0x7f,
    0x3b, 0x9f, 0x52, 0x14, 0x50, 0x06, 0x7e, 0xbd, 0xff, 0x00, 0x22, 0xee, 0xa7, 0xff, 0x00, 0x5e,
    0x92, 0xff, 0x00, 0xe8, 0x06, 0xbc, 0x36, 0xbf, 0x51, 0xe0, 0x0f, 0xf7, 0x6a, 0xdf, 0xe2, 0x5f,
    0x91, 0xe3, 0x66, 0x7f, 0x1c, 0x7d, 0x02, 0x8a, 0xfd, 0x00, 0xf3, 0x02, 0xb4, 0x34, 0x1f, 0xf9,
    0x18, 0xb4, 0xcf, 0xfa, 0xfb, 0x8b, 0xff, 0x00, 0x43, 0x15, 0xcd, 0x8c, 0xff, 0x00, 0x76, 0xa9,
    0xfe, 0x17, 0xf9, 0x17, 0x4f, 0xe3, 0x5e, 0xa7, 0xb9, 0x51, 0x5f, 0xce, 0xe7, 0xd4, 0x85, 0x14,
    0x01, 0x9f, 0xaf, 0x7f, 0xc8, 0xbb, 0xa9, 0xff, 0x00, 0xd7, 0xa4, 0xbf, 0xfa, 0x01, 0xaf, 0x0d,
    0xaf, 0xd4, 0x78, 0x03, 0xfd, 0xda, 0xb7, 0xf8, 0x97, 0xe4, 0x78, 0xd9, 0x9f, 0xc7, 0x1f, 0x40,
    0xa2, 0xbf, 0x40, 0x3c, 0xc0, 0xad, 0x0d, 0x07, 0xfe, 0x46, 0x2d, 0x33, 0xfe, 0xbe, 0xe2, 0xff,
    0x00, 0xd0, 0xc5, 0x73, 0x63, 0x3f, 0xdd, 0xaa, 0x7f, 0x85, 0xfe, 0x45, 0xd3, 0xf8, 0xd7, 0xa9,
    0xee, 0x54, 0x57, 0xf3, 0xb9, 0xf5, 0x21, 0x45, 0x00, 0x67, 0xeb, 0xdf, 0xf2, 0x2e, 0xea, 0x7f,
    0xf5, 0xe9, 0x2f, 0xfe, 0x80, 0x6b, 0xc3, 0x6b, 0xf5, 0x1e, 0x00, 0xff, 0x00, 0x76, 0xad, 0xfe,
    0x25, 0xf9, 0x1e, 0x36, 0x67, 0xf1, 0xc7, 0xd0, 0x28, 0xaf, 0xd0, 0x0f, 0x30, 0x2b, 0x43, 0x41,
    0xff, 0x00, 0x91, 0x8b, 0x4c, 0xff, 0x00, 0xaf, 0xb8, 0xbf, 0xf4, 0x31, 0x5c, 0xd8, 0xcf, 0xf7,
    0x6a, 0x9f, 0xe1, 0x7f, 0x91, 0x74, 0xfe, 0x35, 0xea, 0x7b, 0x95, 0x15, 0xfc, 0xee, 0x7d, 0x48,
    0x51, 0x40, 0x19, 0xfa, 0xf7, 0xfc, 0x8b, 0xba, 0x9f, 0xfd, 0x7a, 0x4b, 0xff, 0x00, 0xa0, 0x1a,
    0xf0, 0xda, 0xfd, 0x47, 0x80, 0x3f, 0xdd, 0xab, 0x7f, 0x89, 0x7e, 0x47, 0x8d, 0x99, 0xfc, 0x71,
    0xf4, 0x0a, 0x2b, 0xf4, 0x03, 0xcc, 0x3e, 0x82, 0xac, 0xfd, 0x7b, 0xfe, 0x45, 0xdd, 0x4f, 0xfe,
    0xbd, 0x25, 0xff, 0x00, 0xd0, 0x0d, 0x7f, 0x3b, 0xe0, 0xbf, 0xde, 0x69, 0xff, 0x00, 0x89, 0x7e,
    0x67, 0xd5, 0x54, 0xf8, 0x1f, 0xa1, 0xe1, 0xb4, 0x57, 0xf4, 0x41, 0xf2, 0xa1, 0x45, 0x00, 0x68,
    0x68, 0x3f, 0xf2, 0x31, 0x69, 0x9f, 0xf5, 0xf7, 0x17, 0xfe, 0x86, 0x2b, 0xdc, 0xab, 0xf2, 0xde,
    0x3f, 0xff, 0x00, 0x79, 0xa3, 0xfe, 0x17, 0xf9, 0x9e, 0xce, 0x59, 0xf0, 0x4b, 0xd4, 0x28, 0xaf,
    0x80, 0x3d, 0x30, 0xac, 0xfd, 0x7b, 0xfe, 0x45, 0xdd, 0x4f, 0xfe, 0xbd, 0x25, 0xff, 0x00, 0xd0,
    0x0d, 0x74, 0xe0, 0xbf, 0xde, 0x69, 0xff, 0x00, 0x89, 0x7e, 0x64, 0xd4, 0xf8, 0x1f, 0xa1, 0xe1,
    0xb4, 0x57, 0xf4, 0x41, 0xf2, 0xa1, 0x45, 0x00, 0x68, 0x68, 0x3f, 0xf2, 0x31, 0x69, 0x9f, 0xf5,
    0xf7, 0x17, 0xfe, 0x86, 0x2b, 0xdc, 0xab, 0xf2, 0xde, 0x3f, 0xff, 0x00, 0x79, 0xa3, 0xfe, 0x17,
    0xf9, 0x9e, 0xce, 0x59, 0xf0, 0x4b, 0xd4, 0x28, 0xaf, 0x80, 0x3d, 0x30, 0xac, 0xfd, 0x7b, 0xfe,
    0x45, 0xdd, 0x4f, 0xfe, 0xbd, 0x25, 0xff, 0x00, 0xd0, 0x0d, 0x74, 0xe0, 0xbf, 0xde, 0x69, 0xff,
    0x00, 0x89, 0x7e, 0x64, 0xd4, 0xf8, 0x1f, 0xa1, 0xe1, 0xb4, 0x57, 0xf4, 0x41, 0xf2, 0xa1, 0x45,
    0x00, 0x68, 0x68, 0x3f, 0xf2, 0x31, 0x69, 0x9f, 0xf5, 0xf7, 0x17, 0xfe, 0x86, 0x2b, 0xdc, 0xab,
    0xf2, 0xde, 0x3f, 0xff, 0x00, 0x79, 0xa3, 0xfe, 0x17, 0xf9, 0x9e, 0xce, 0x59, 0xf0, 0x4b, 0xd4,
    0x28, 0xaf, 0x80, 0x3d, 0x30, 0xac, 0xfd, 0x7b, 0xfe, 0x45, 0xdd, 0x4f, 0xfe, 0xbd, 0x25, 0xff,
    0x00, 0xd0, 0x0d, 0x74, 0xe0, 0xbf, 0xde, 0x69, 0xff, 0x00, 0x89, 0x7e, 0x64, 0xd4, 0xf8, 0x1f,
    0xa1, 0xe1, 0xb4, 0x57, 0xf4, 0x41, 0xf2, 0xa1, 0x45, 0x00, 0x68, 0x68, 0x3f, 0xf2, 0x31, 0x69,
    0x9f, 0xf5, 0xf7, 0x17, 0xfe, 0x86, 0x2b, 0xdc, 0xab, 0xf2, 0xde, 0x3f, 0xff, 0x00, 0x79, 0xa3,
    0xfe, 0x17, 0xf9, 0x9e, 0xce, 0x59, 0xf0, 0x4b, 0xd4, 0x28, 0xaf, 0x80, 0x3d, 0x30, 0xac, 0xfd,
    0x7b, 0xfe, 0x45, 0xdd, 0x4f, 0xfe, 0xbd, 0x25, 0xff, 0x00, 0xd0, 0x0d, 0x74, 0xe0, 0xbf, 0xde,
    0x69, 0xff, 0x00, 0x89, 0x7e, 0x64, 0xd4, 0xf8, 0x1f, 0xa1, 0xe1, 0xb4, 0x57, 0xf4, 0x41, 0xf2,
    0xa1, 0x45, 0x00, 0x68, 0x68, 0x3f, 0xf2, 0x31, 0x69, 0x9f, 0xf5, 0xf7, 0x17, 0xfe, 0x86, 0x2b,
    0xdc, 0xab, 0xf2, 0xde, 0x3f, 0xff, 0x00, 0x79, 0xa3, 0xfe, 0x17, 0xf9, 0x9e, 0xce, 0x59, 0xf0,
    0x4b, 0xd4, 0x28, 0xaf, 0x80, 0x3d, 0x30, 0xac, 0xfd, 0x7b, 0xfe, 0x45, 0xdd, 0x4f, 0xfe, 0xbd,
    0x25, 0xff, 0x00, 0xd0, 0x0d, 0x74, 0xe0, 0xbf, 0xde, 0x69, 0xff, 0x00, 0x89, 0x7e, 0x64, 0xd4,
    0xf8, 0x1f, 0xa1, 0xe1, 0xb4, 0x57, 0xf4, 0x41, 0xf2, 0xa1, 0x45, 0x00, 0x68, 0x68, 0x3f, 0xf2,
    0x31, 0x69, 0x9f, 0xf5, 0xf7, 0x17, 0xfe, 0x86, 0x2b, 0xdc, 0xab, 0xf2, 0xde, 0x3f, 0xff, 0x00,
    0x79, 0xa3, 0xfe, 0x17, 0xf9, 0x9e, 0xce, 0x59, 0xf0, 0x4b, 0xd4, 0x28, 0xaf, 0x80, 0x3d, 0x30,
    0xac, 0xfd, 0x7b, 0xfe, 0x45, 0xdd, 0x4f, 0xfe, 0xbd, 0x25, 0xff, 0x00, 0xd0, 0x0d, 0x74, 0xe0,
    0xbf, 0xde, 0x69, 0xff, 0x00, 0x89, 0x7e, 0x64, 0xd4, 0xf8, 0x1f, 0xa1, 0xe1, 0xb4, 0x57, 0xf4,
    0x41, 0xf2, 0xa1, 0x45, 0x00, 0x68, 0x68, 0x3f, 0xf2, 0x31, 0x69, 0x9f, 0xf5, 0xf7, 0x17, 0xfe,
    0x86, 0x2b, 0xdc, 0xab, 0xf2, 0xde, 0x3f, 0xff, 0x00, 0x79, 0xa3, 0xfe, 0x17, 0xf9, 0x9e, 0xce,
    0x59, 0xf0, 0x4b, 0xd4, 0x28, 0xaf, 0x80, 0x3d, 0x30, 0xac, 0xfd, 0x7b, 0xfe, 0x45, 0xdd, 0x4f,
    0xfe, 0xbd, 0x25, 0xff, 0x00, 0xd0, 0x0d, 0x74, 0xe0, 0xbf, 0xde, 0x69, 0xff, 0x00, 0x89, 0x7e,
    0x64, 0xd4, 0xf8, 0x1f, 0xa1, 0xe1, 0xb4, 0x57, 0xf4, 0x41, 0xf2, 0xa1, 0x45, 0x00, 0x68, 0x68,
    0x3f, 0xf2, 0x31, 0x69, 0x9f, 0xf5, 0xf7, 0x17, 0xfe, 0x86, 0x2b, 0xdc, 0xab, 0xf2, 0xde, 0x3f,
    0xff, 0x00, 0x79, 0xa3, 0xfe, 0x17, 0xf9, 0x9e, 0xce, 0x59, 0xf0, 0x4b, 0xd4, 0x28, 0xaf, 0x80,
    0x3d, 0x30, 0xac, 0xfd, 0x7b, 0xfe, 0x45, 0xdd, 0x4f, 0xfe, 0xbd, 0x25, 0xff, 0x00, 0xd0, 0x0d,
    0x74, 0xe0, 0xbf, 0xde, 0x69, 0xff, 0x00, 0x89, 0x7e, 0x64, 0xd4, 0xf8, 0x1f, 0xa1, 0xe1, 0xb4,
    0x57, 0xf4, 0x41, 0xf2, 0xa1, 0x45, 0x00, 0x68, 0x68, 0x3f, 0xf2, 0x31, 0x69, 0x9f, 0xf5, 0xf7,
    0x17, 0xfe, 0x86, 0x2b, 0xdc, 0xab, 0xf2, 0xde, 0x3f, 0xff, 0x00, 0x79, 0xa3, 0xfe, 0x17, 0xf9,
    0x9e, 0xce, 0x59, 0xf0, 0x4b, 0xd4, 0x28, 0xaf, 0x80, 0x3d, 0x30, 0xac, 0xfd, 0x7b, 0xfe, 0x45,
    0xdd, 0x4f, 0xfe, 0xbd, 0x25, 0xff, 0x00, 0xd0, 0x0d, 0x74, 0xe0, 0xbf, 0xde, 0x69, 0xff, 0x00,
    0x89, 0x7e, 0x64, 0xd4, 0xf8, 0x1f, 0xa1, 0xe1, 0xb4, 0x57, 0xf4, 0x41, 0xf2, 0xa1, 0x45, 0x00,
    0x68, 0x68, 0x3f, 0xf2, 0x31, 0x69, 0x9f, 0xf5, 0xf7, 0x17, 0xfe, 0x86, 0x2b, 0xdc, 0xab, 0xf2,
    0xde, 0x3f, 0xff, 0x00, 0x79, 0xa3, 0xfe, 0x17, 0xf9, 0x9e, 0xce, 0x59, 0xf0, 0x4b, 0xd4, 0x28,
    0xaf, 0x80, 0x3d, 0x30, 0xac, 0xfd, 0x7b, 0xfe, 0x45, 0xdd, 0x4f, 0xfe, 0xbd, 0x25, 0xff, 0x00,
    0xd0, 0x0d, 0x74, 0xe0, 0xbf, 0xde, 0x69, 0xff, 0x00, 0x89, 0x7e, 0x64, 0xd4, 0xf8, 0x1f, 0xa1,
    0xe1, 0xb4, 0x57, 0xf4, 0x41, 0xf2, 0xa1, 0x45, 0x00, 0x68, 0x68, 0x3f, 0xf2, 0x31, 0x69, 0x9f,
    0xf5, 0xf7, 0x17, 0xfe, 0x86, 0x2b, 0xdc, 0xab, 0xf2, 0xde, 0x3f, 0xff, 0x00, 0x79, 0xa3, 0xfe,
    0x17, 0xf9, 0x9e, 0xce, 0x59, 0xf0, 0x4b, 0xd4, 0x28, 0xaf, 0x80, 0x3d, 0x30, 0xac, 0xfd, 0x7b,
    0xfe, 0x45, 0xdd, 0x4f, 0xfe, 0xbd, 0x25, 0xff, 0x00, 0xd0, 0x0d, 0x74, 0xe0, 0xbf, 0xde, 0x69,
    0xff, 0x00, 0x89, 0x7e, 0x64, 0xd4, 0xf8, 0x1f, 0xa1, 0xe1, 0xb4, 0x57, 0xf4, 0x41, 0xf2, 0xa1,
    0x45, 0x00, 0x68, 0x68, 0x3f, 0xf2, 0x31, 0x69, 0x9f, 0xf5, 0xf7, 0x17, 0xfe, 0x86, 0x2b, 0xdc,
    0xab, 0xf2, 0xde, 0x3f, 0xff, 0x00, 0x79, 0xa3, 0xfe, 0x17, 0xf9, 0x9e, 0xce, 0x59, 0xf0, 0x4b,
    0xd4, 0x28, 0xaf, 0x80, 0x3d, 0x30, 0xac, 0xfd, 0x7b, 0xfe, 0x45, 0xdd, 0x4f, 0xfe, 0xbd, 0x25,
    0xff, 0x00, 0xd0, 0x0d, 0x74, 0xe0, 0xbf, 0xde, 0x69, 0xff, 0x00, 0x89, 0x7e, 0x64, 0xd4, 0xf8,
    0x1f, 0xa1, 0xe1, 0xb4, 0x57, 0xf4, 0x41, 0xf2, 0xa1, 0x45, 0x00, 0x68, 0x68, 0x3f, 0xf2, 0x31,
    0x69, 0x9f, 0xf5, 0xf7, 0x17, 0xfe, 0x86, 0x2b, 0xdc, 0xab, 0xf2, 0xde, 0x3f, 0xff, 0x00, 0x79,
    0xa3, 0xfe, 0x17, 0xf9, 0x9e, 0xce, 0x59, 0xf0, 0x4b, 0xd4, 0x28, 0xaf, 0x80, 0x3d, 0x30, 0xac,
    0xfd, 0x7b, 0xfe, 0x45, 0xdd, 0x4f, 0xfe, 0xbd, 0x25, 0xff, 0x00, 0xd0, 0x0d, 0x74, 0xe0, 0xbf,
    0xde, 0x69, 0xff, 0x00, 0x89, 0x7e, 0x64, 0xd4, 0xf8, 0x1f, 0xa1, 0xe1, 0xb4, 0x57, 0xf4, 0x41,
    0xf2, 0xa1, 0x45, 0x00, 0x68, 0x68, 0x3f, 0xf2, 0x31, 0x69, 0x9f, 0xf5, 0xf7, 0x17, 0xfe, 0x86,
    0x2b, 0xdc, 0xab, 0xf2, 0xde, 0x3f, 0xff, 0x00, 0x79, 0xa3, 0xfe, 0x17, 0xf9, 0x9e, 0xce, 0x59,
    0xf0, 0x4b, 0xd4, 0x28, 0xaf, 0x80, 0x3d, 0x30, 0xac, 0xfd, 0x7b, 0xfe, 0x45, 0xdd, 0x4f, 0xfe,
    0xbd, 0x25, 0xff, 0x00, 0xd0, 0x0d, 0x74, 0xe0, 0xbf, 0xde, 0x69, 0xff, 0x00, 0x89, 0x7e, 0x64,
    0xd4, 0xf8, 0x1f, 0xa1, 0xe1, 0xb4, 0x57, 0xf4, 0x41, 0xf2, 0xa1, 0x45, 0x00, 0x68, 0x68, 0x3f,
    0xf2, 0x31, 0x69, 0x9f, 0xf5, 0xf7, 0x17, 0xfe, 0x86, 0x2b, 0xdc, 0xab, 0xf2, 0xde, 0x3f, 0xff,
    0x00, 0x79, 0xa3, 0xfe, 0x17, 0xf9, 0x9e, 0xce, 0x59, 0xf0, 0x4b, 0xd4, 0x28, 0xaf, 0x80, 0x3d,
    0x30, 0xac, 0xfd, 0x7b, 0xfe, 0x45, 0xdd, 0x4f, 0xfe, 0xbd, 0x25, 0xff, 0x00, 0xd0, 0x0d, 0x74,
    0xe0, 0xbf, 0xde, 0x69, 0xff, 0x00, 0x89, 0x7e, 0x64, 0xd4, 0xf8, 0x1f, 0xa1, 0xe1, 0xb4, 0x57,
    0xf4, 0x41, 0xf2, 0xa1, 0x45, 0x00, 0x68, 0x68, 0x3f, 0xf2, 0x31, 0x69, 0x9f, 0xf5, 0xf7, 0x17,
    0xfe, 0x86, 0x2b, 0xdc, 0xab, 0xf2, 0xde, 0x3f, 0xff, 0x00, 0x79, 0xa3, 0xfe, 0x17, 0xf9, 0x9e,
    0xce, 0x59, 0xf0, 0x4b, 0xd4, 0x28, 0xaf, 0x80, 0x3d, 0x30, 0xac, 0xfd, 0x7b, 0xfe, 0x45, 0xdd,
    0x4f, 0xfe, 0xbd, 0x25, 0xff, 0x00, 0xd0, 0x0d, 0x74, 0xe0, 0xbf, 0xde, 0x69, 0xff, 0x00, 0x89,
    0x7e, 0x64, 0xd4, 0xf8, 0x1f, 0xa1, 0xe1, 0xb4, 0x57, 0xf4, 0x41, 0xf2, 0xa1, 0x45, 0x00, 0x68,
    0x68, 0x3f, 0xf2, 0x31, 0x69, 0x9f, 0xf5, 0xf7, 0x17, 0xfe, 0x86, 0x2b, 0xdc, 0xab, 0xf2, 0xde,
    0x3f, 0xff, 0x00, 0x79, 0xa3, 0xfe, 0x17, 0xf9, 0x9e, 0xce, 0x59, 0xf0, 0x4b, 0xd4, 0x28, 0xaf,
    0x80, 0x3d, 0x30, 0xac, 0xfd, 0x7b, 0xfe, 0x45, 0xdd, 0x4f, 0xfe, 0xbd, 0x25, 0xff, 0x00, 0xd0,
    0x0d, 0x74, 0xe0, 0xbf, 0xde, 0x69, 0xff, 0x00, 0x89, 0x7e, 0x64, 0xd4, 0xf8, 0x1f, 0xa1, 0xe1,
    0xb4, 0x57, 0xf4, 0x41, 0xf2, 0xa1, 0x45, 0x00, 0x68, 0x68, 0x3f, 0xf2, 0x31, 0x69, 0x9f, 0xf5,
    0xf7, 0x17, 0xfe, 0x86, 0x2b, 0xdc, 0xab, 0xf2, 0xde, 0x3f, 0xff, 0x00, 0x79, 0xa3, 0xfe, 0x17,
    0xf9, 0x9e, 0xce, 0x59, 0xf0, 0x4b, 0xd4, 0x28, 0xaf, 0x80, 0x3d, 0x30, 0xac, 0xfd, 0x7b, 0xfe,
    0x45, 0xdd, 0x4f, 0xfe, 0xbd, 0x25, 0xff, 0x00, 0xd0, 0x0d, 0x74, 0xe0, 0xbf, 0xde, 0x69, 0xff,
    0x00, 0x89, 0x7e, 0x64, 0xd4, 0xf8, 0x1f, 0xa1, 0xe1, 0xb4, 0x57, 0xf4, 0x41, 0xf2, 0xa1, 0x45,
    0x00, 0x68, 0x68, 0x3f, 0xf2, 0x31, 0x69, 0x9f, 0xf5, 0xf7, 0x17, 0xfe, 0x86, 0x2b, 0xdc, 0xab,
    0xf2, 0xde, 0x3f, 0xff, 0x00, 0x79, 0xa3, 0xfe, 0x17, 0xf9, 0x9e, 0xce, 0x59, 0xf0, 0x4b, 0xd4,
    0x28, 0xaf, 0x80, 0x3d, 0x30, 0xac, 0xfd, 0x7b, 0xfe, 0x45, 0xdd, 0x4f, 0xfe, 0xbd, 0x25, 0xff,
    0x00, 0xd0, 0x0d, 0x74, 0xe0, 0xbf, 0xde, 0x69, 0xff, 0x00, 0x89, 0x7e, 0x64, 0xd4, 0xf8, 0x1f,
    0xa1, 0xe1, 0xb4, 0x57, 0xf4, 0x41, 0xf2, 0xa1, 0x45, 0x00, 0x68, 0x68, 0x3f, 0xf2, 0x31, 0x69,
    0x9f, 0xf5, 0xf7, 0x17, 0xfe, 0x86, 0x2b, 0xdc, 0xab, 0xf2, 0xde, 0x3f, 0xff, 0x00, 0x79, 0xa3,
    0xfe, 0x17, 0xf9, 0x9e, 0xce, 0x59, 0xf0, 0x4b, 0xd4, 0x28, 0xaf, 0x80, 0x3d, 0x33, 0xff, 0xd9,
};
static const unsigned char cb_frame_6[] = {
    0xff, 0xd8, 0xff, 0xe0, 0x00, 0x10, 0x4a, 0x46, 0x49, 0x46, 0x00, 0x01, 0x01, 0x00, 0x00, 0x01,
    0x00, 0x01, 0x00, 0x00, 0xff, 0xdb, 0x00, 0x43, 0x00, 0x08, 0x06, 0x06, 0x07, 0x06, 0x05, 0x08,
    0x07, 0x07, 0x07, 0x09, 0x09, 0x08, 0x0a, 0x0c, 0x14, 0x0d, 0x0c, 0x0b, 0x0b, 0x0c, 0x19, 0x12,
    0x13, 0x0f, 0x14, 0x1d, 0x1a, 0x1f, 0x1e, 0x1d, 0x1a, 0x1c, 0x1c, 0x20, 0x24, 0x2e, 0x27, 0x20,
    0x22, 0x2c, 0x23, 0x1c, 0x1c, 0x28, 0x37, 0x29, 0x2c, 0x30, 0x31, 0x34, 0x34, 0x34, 0x1f, 0x27,
    0x39, 0x3d, 0x38, 0x32, 0x3c, 0x2e, 0x33, 0x34, 0x32, 0xff, 0xdb, 0x00, 0x43, 0x01, 0x09, 0x09,
    0x09, 0x0c, 0x0b, 0x0c, 0x18, 0x0d, 0x0d, 0x18, 0x32, 0x21, 0x1c, 0x21, 0x32, 0x32, 0x32, 0x32,
    0x32, 0x32, 0x32, 0x32, 0x32, 0x32, 0x32, 0x32, 0x32, 0x32, 0x32, 0x32, 0x32, 0x32, 0x32, 0x32,
    0x32, 0x32, 0x32, 0x32, 0x32, 0x32, 0x32, 0x32, 0x32, 0x32, 0x32, 0x32, 0x32, 0x32, 0x32, 0x32,
    0x32, 0x32, 0x32, 0x32, 0x32, 0x32, 0x32, 0x32, 0x32, 0x32, 0x32, 0x32, 0x32, 0x32, 0xff, 0xc0,
    0x00, 0x11, 0x08, 0x00, 0xf0, 0x01, 0x40, 0x03, 0x01, 0x21, 0x00, 0x02, 0x11, 0x01, 0x03, 0x11,
    0x01, 0xff, 0xc4, 0x00, 0x1f, 0x00, 0x00, 0x01, 0x05, 0x01, 0x01, 0x01, 0x01, 0x01, 0x01, 0x00,
    0x00, 0x00, 0x00, 0x00, 0x00, 0x00, 0x00, 0x01, 0x02, 0x03, 0x04, 0x05, 0x06, 0x07, 0x08, 0x09,
    0x0a, 0x0b, 0xff, 0xc4, 0x00, 0xb5, 0x10, 0x00, 0x02, 0x01, 0x03, 0x03, 0x02, 0x04, 0x03, 0x05,
    0x05, 0x04, 0x04, 0x00, 0x00, 0x01, 0x7d, 0x01, 0x02, 0x03, 0x00, 0x04, 0x11, 0x05, 0x12, 0x21,
    0x31, 0x41, 0x06, 0x13, 0x51, 0x61, 0x07, 0x22, 0x71, 0x14, 0x32, 0x81, 0x91, 0xa1, 0x08, 0x23,
    0x42, 0xb1, 0xc1, 0x15, 0x52, 0xd1, 0xf0, 0x24, 0x33, 0x62, 0x72, 0x82, 0x09, 0x0a, 0x16, 0x17,
    0x18, 0x19, 0x1a, 0x25, 0x26, 0x27, 0x28, 0x29, 0x2a, 0x34, 0x35, 0x36, 0x37, 0x38, 0x39, 0x3a,
    0x43, 0x44, 0x45, 0x46, 0x47, 0x48, 0x49, 0x4a, 0x53, 0x54, 0x55, 0x56, 0x57, 0x58, 0x59, 0x5a,
    0x63, 0x64, 0x65, 0x66, 0x67, 0x68, 0x69, 0x6a, 0x73, 0x74, 0x75, 0x76, 0x77, 0x78, 0x79, 0x7a,
    0x83, 0x84, 0x85, 0x86, 0x87, 0x88, 0x89, 0x8a, 0x92, 0x93, 0x94, 0x95, 0x96, 0x97, 0x98, 0x99,
    0x9a, 0xa2, 0xa3, 0xa4, 0xa5, 0xa6, 0xa7, 0xa8, 0xa9, 0xaa, 0xb2, 0xb3, 0xb4, 0xb5, 0xb6, 0xb7,
    0xb8, 0xb9, 0xba, 0xc2, 0xc3, 0xc4, 0xc5, 0xc6, 0xc7, 0xc8, 0xc9, 0xca, 0xd2, 0xd3, 0xd4, 0xd5,
    0xd6, 0xd7, 0xd8, 0xd9, 0xda, 0xe1, 0xe2, 0xe3, 0xe4, 0xe5, 0xe6, 0xe7, 0xe8, 0xe9, 0xea, 0xf1,
    0xf2, 0xf3, 0xf4, 0xf5, 0xf6, 0xf7, 0xf8, 0xf9, 0xfa, 0xff, 0xc4, 0x00, 0x1f, 0x01, 0x00, 0x03,
    0x01, 0x01, 0x01, 0x01, 0x01, 0x01, 0x01, 0x01, 0x01, 0x00, 0x00, 0x00, 0x00, 0x00, 0x00, 0x01,
    0x02, 0x03, 0x04, 0x05, 0x06, 0x07, 0x08, 0x09, 0x0a, 0x0b, 0xff, 0xc4, 0x00, 0xb5, 0x11, 0x00,
    0x02, 0x01, 0x02, 0x04, 0x04, 0x03, 0x04, 0x07, 0x05, 0x04, 0x04, 0x00, 0x01, 0x02, 0x77, 0x00,
    0x01, 0x02, 0x03, 0x11, 0x04, 0x05, 0x21, 0x31, 0x06, 0x12, 0x41, 0x51, 0x07, 0x61, 0x71, 0x13,
    0x22, 0x32, 0x81, 0x08, 0x14, 0x42, 0x91, 0xa1, 0xb1, 0xc1, 0x09, 0x23, 0x33, 0x52, 0xf0, 0x15,
    0x62, 0x72, 0xd1, 0x0a, 0x16, 0x24, 0x34, 0xe1, 0x25, 0xf1, 0x17, 0x18, 0x19, 0x1a, 0x26, 0x27,
    0x28, 0x29, 0x2a, 0x35, 0x36, 0x37, 0x38, 0x39, 0x3a, 0x43, 0x44, 0x45, 0x46, 0x47, 0x48, 0x49,
    0x4a, 0x53, 0x54, 0x55, 0x56, 0x57, 0x58, 0x59, 0x5a, 0x63, 0x64, 0x65, 0x66, 0x67, 0x68, 0x69,
    0x6a, 0x73, 0x74, 0x75, 0x76, 0x77, 0x78, 0x79, 0x7a, 0x82, 0x83, 0x84, 0x85, 0x86, 0x87, 0x88,
    0x89, 0x8a, 0x92, 0x93, 0x94, 0x95, 0x96, 0x97, 0x98, 0x99, 0x9a, 0xa2, 0xa3, 0xa4, 0xa5, 0xa6,
    0xa7, 0xa8, 0xa9, 0xaa, 0xb2, 0xb3, 0xb4, 0xb5, 0xb6, 0xb7, 0xb8, 0xb9, 0xba, 0xc2, 0xc3, 0xc4,
    0xc5, 0xc6, 0xc7, 0xc8, 0xc9, 0xca, 0xd2, 0xd3, 0xd4, 0xd5, 0xd6, 0xd7, 0xd8, 0xd9, 0xda, 0xe2,
    0xe3, 0xe4, 0xe5, 0xe6, 0xe7, 0xe8, 0xe9, 0xea, 0xf2, 0xf3, 0xf4, 0xf5, 0xf6, 0xf7, 0xf8, 0xf9,
    0xfa, 0xff, 0xda, 0x00, 0x0c, 0x03, 0x01, 0x00, 0x02, 0x11, 0x03, 0x11, 0x00, 0x3f, 0x00, 0xe0,
    0xab, 0xd8, 0xbc, 0x0f, 0xff, 0x00, 0x22, 0x7d, 0x87, 0xfd, 0xb4, 0xff, 0x00, 0xd1, 0x8d, 0x5d,
    0x9c, 0x7b, 0xff, 0x00, 0x22, 0xd8, 0x7f, 0x8d, 0x7f, 0xe9, 0x32, 0x31, 0xcb, 0x3f, 0x8a, 0xfd,
    0x3f, 0x54, 0x74, 0x14, 0x57, 0xe4, 0xa7, 0xb6, 0x14, 0x50, 0x07, 0x8e, 0xf8, 0xe3, 0xfe, 0x47,
    0x0b, 0xff, 0x00, 0xfb, 0x67, 0xff, 0x00, 0xa2, 0xd6, 0xb9, 0xfa, 0xfd, 0xff, 0x00, 0x26, 0xff,
    0x00, 0x91, 0x6e, 0x1f, 0xfc, 0x10, 0xff, 0x00, 0xd2, 0x51, 0xf3, 0x18, 0x8f, 0xe2, 0xcb, 0xd5,
    0xfe, 0x61, 0x45, 0x7a, 0x46, 0x41, 0x5e, 0xc5, 0xe0, 0x7f, 0xf9, 0x13, 0xec, 0x3f, 0xed, 0xa7,
    0xfe, 0x8c, 0x6a, 0xf8, 0x8e, 0x3d, 0xff, 0x00, 0x91, 0x6c, 0x3f, 0xc6, 0xbf, 0xf4, 0x99, 0x1e,
    0x8e, 0x59, 0xfc, 0x57, 0xe9, 0xfa, 0xa3, 0xa0, 0xa2, 0xbf, 0x25, 0x3d, 0xb0, 0xa2, 0x80, 0x3c,
    0x77, 0xc7, 0x1f, 0xf2, 0x38, 0x5f, 0xff, 0x00, 0xdb, 0x3f, 0xfd, 0x16, 0xb5, 0xcf, 0xd7, 0xef,
    0xf9, 0x37, 0xfc, 0x8b, 0x70, 0xff, 0x00, 0xe0, 0x87, 0xfe, 0x92, 0x8f, 0x98, 0xc4, 0x7f, 0x16,
    0x5e, 0xaf, 0xf3, 0x0a, 0x2b, 0xd2, 0x32, 0x0a, 0xf6, 0x2f, 0x03, 0xff, 0x00, 0xc8, 0x9f, 0x61,
    0xff, 0x00, 0x6d, 0x3f, 0xf4, 0x63, 0x57, 0xc4, 0x71, 0xef, 0xfc, 0x8b, 0x61, 0xfe, 0x35, 0xff,
    0x00, 0xa4, 0xc8, 0xf4, 0x72, 0xcf, 0xe2, 0xbf, 0x4f, 0xd5, 0x1d, 0x05, 0x15, 0xf9, 0x29, 0xed,
    0x85, 0x14, 0x01, 0xe3, 0xbe, 0x38, 0xff, 0x00, 0x91, 0xc2, 0xff, 0x00, 0xfe, 0xd9, 0xff, 0x00,
    0xe8, 0xb5, 0xae, 0x7e, 0xbf, 0x7f, 0xc9, 0xbf, 0xe4, 0x5b, 0x87, 0xff, 0x00, 0x04, 0x3f, 0xf4,
    0x94, 0x7c, 0xc6, 0x23, 0xf8, 0xb2, 0xf5, 0x7f, 0x98, 0x51, 0x5e, 0x91, 0x90, 0x57, 0xb1, 0x78,
    0x1f, 0xfe, 0x44, 0xfb, 0x0f, 0xfb, 0x69, 0xff, 0x00, 0xa3, 0x1a, 0xbe, 0x23, 0x8f, 0x7f, 0xe4,
    0x5b, 0x0f, 0xf1, 0xaf, 0xfd, 0x26, 0x47, 0xa3, 0x96, 0x7f, 0x15, 0xfa, 0x7e, 0xa8, 0xe8, 0x28,
    0xaf, 0xc9, 0x4f, 0x6c, 0x28, 0xa0, 0x0f, 0x1d, 0xf1, 0xc7, 0xfc, 0x8e, 0x17, 0xff, 0x00, 0xf6,
    0xcf, 0xff, 0x00, 0x45, 0xad, 0x73, 0xf5, 0xfb, 0xfe, 0x4d, 0xff, 0x00, 0x22, 0xdc, 0x3f, 0xf8,
    0x21, 0xff, 0x00, 0xa4, 0xa3, 0xe6, 0x31, 0x1f, 0xc5, 0x97, 0xab, 0xfc, 0xc2, 0x8a, 0xf4, 0x8c,
    0x82, 0xbd, 0x8b, 0xc0, 0xff, 0x00, 0xf2, 0x27, 0xd8, 0x7f, 0xdb, 0x4f, 0xfd, 0x18, 0xd5, 0xf1,
    0x1c, 0x7b, 0xff, 0x00, 0x22, 0xd8, 0x7f, 0x8d, 0x7f, 0xe9, 0x32, 0x3d, 0x1c, 0xb3, 0xf8, 0xaf,
    0xd3, 0xf5, 0x47, 0x41, 0x45, 0x7e, 0x4a, 0x7b, 0x61, 0x45, 0x00, 0x78, 0xef, 0x8e, 0x3f, 0xe4,
    0x70, 0xbf, 0xff, 0x00, 0xb6, 0x7f, 0xfa, 0x2d, 0x6b, 0x9f, 0xaf, 0xdf, 0xf2, 0x6f, 0xf9, 0x16,
    0xe1, 0xff, 0x00, 0xc1, 0x0f, 0xfd, 0x25, 0x1f, 0x31, 0x88, 0xfe, 0x2c, 0xbd, 0x5f, 0xe6, 0x14,
    0x57, 0xa4, 0x64, 0x15, 0xec, 0x5e, 0x07, 0xff, 0x00, 0x91, 0x3e, 0xc3, 0xfe, 0xda, 0x7f, 0xe8,
    0xc6, 0xaf, 0x88, 0xe3, 0xdf, 0xf9, 0x16, 0xc3, 0xfc, 0x6b, 0xff, 0x00, 0x49, 0x91, 0xe8, 0xe5,
    0x9f, 0xc5, 0x7e, 0x9f, 0xaa, 0x3a, 0x0a, 0x2b, 0xf2, 0x53, 0xdb, 0x0a, 0x28, 0x03, 0xc7, 0x7c,
    0x71, 0xff, 0x00, 0x23, 0x85, 0xff, 0x00, 0xfd, 0xb3, 0xff, 0x00, 0xd1, 0x6b, 0x5c, 0xfd, 0x7e,
    0xff, 0x00, 0x93, 0x7f, 0xc8, 0xb7, 0x0f, 0xfe, 0x08, 0x7f, 0xe9, 0x28, 0xf9, 0x8c, 0x47, 0xf1,
    0x65, 0xea, 0xff, 0x00, 0x30, 0xa2, 0xbd, 0x23, 0x20, 0xaf, 0x62, 0xf0, 0x3f, 0xfc, 0x89, 0xf6,
    0x1f, 0xf6, 0xd3, 0xff, 0x00, 0x46, 0x35, 0x7c, 0x47, 0x1e, 0xff, 0x00, 0xc8, 0xb6, 0x1f, 0xe3,
    0x5f, 0xfa, 0x4c, 0x8f, 0x47, 0x2c, 0xfe, 0x2b, 0xf4, 0xfd, 0x51, 0xd0, 0x51, 0x5f, 0x92, 0x9e,
    0xd8, 0x51, 0x40, 0x1e, 0x3b, 0xe3, 0x8f, 0xf9, 0x1c, 0x2f, 0xff, 0x00, 0xed, 0x9f, 0xfe, 0x8b,
    0x5a, 0xe7, 0xeb, 0xf7, 0xfc, 0x9b, 0xfe, 0x45, 0xb8, 0x7f, 0xf0, 0x43, 0xff, 0x00, 0x49, 0x47,
    0xcc, 0x62, 0x3f, 0x8b, 0x2f, 0x57, 0xf9, 0x85, 0x15, 0xe9, 0x19, 0x05, 0x7b, 0x17, 0x81, 0xff,
    0x00, 0xe4, 0x4f, 0xb0, 0xff, 0x00, 0xb6, 0x9f, 0xfa, 0x31, 0xab, 0xe2, 0x38, 0xf7, 0xfe, 0x45,
    0xb0, 0xff, 0x00, 0x1a, 0xff, 0x00, 0xd2, 0x64, 0x7a, 0x39, 0x67, 0xf1, 0x5f, 0xa7, 0xea, 0x8e,
    0x82, 0x8a, 0xfc, 0x94, 0xf6, 0xc2, 0x8a, 0x00, 0xf1, 0xdf, 0x1c, 0x7f, 0xc8, 0xe1, 0x7f, 0xff,
    0x00, 0x6c, 0xff, 0x00, 0xf4, 0x5a, 0xd7, 0x3f, 0x5f, 0xbf, 0xe4, 0xdf, 0xf2, 0x2d, 0xc3, 0xff,
    0x00, 0x82, 0x1f, 0xfa, 0x4a, 0x3e, 0x63, 0x11, 0xfc, 0x59, 0x7a, 0xbf, 0xcc, 0x28, 0xaf, 0x48,
    0xc8, 0x2b, 0xd8, 0xbc, 0x0f, 0xff, 0x00, 0x22, 0x7d, 0x87, 0xfd, 0xb4, 0xff, 0x00, 0xd1, 0x8d,
    0x5f, 0x11, 0xc7, 0xbf, 0xf2, 0x2d, 0x87, 0xf8, 0xd7, 0xfe, 0x93, 0x23, 0xd1, 0xcb, 0x3f, 0x8a,
    0xfd, 0x3f, 0x54, 0x74, 0x14, 0x57, 0xe4, 0xa7, 0xb6, 0x14, 0x50, 0x07, 0x8e, 0xf8, 0xe3, 0xfe,
    0x47, 0x0b, 0xff, 0x00, 0xfb, 0x67, 0xff, 0x00, 0xa2, 0xd6, 0xb9, 0xfa, 0xfd, 0xff, 0x00, 0x26,
    0xff, 0x00, 0x91, 0x6e, 0x1f, 0xfc, 0x10, 0xff, 0x00, 0xd2, 0x51, 0xf3, 0x18, 0x8f, 0xe2, 0xcb,
    0xd5, 0xfe, 0x61, 0x45, 0x7a, 0x46, 0x41, 0x5e, 0xc5, 0xe0, 0x7f, 0xf9, 0x13, 0xec, 0x3f, 0xed,
    0xa7, 0xfe, 0x8c, 0x6a, 0xf8, 0x8e, 0x3d, 0xff, 0x00, 0x91, 0x6c, 0x3f, 0xc6, 0xbf, 0xf4, 0x99,
    0x1e, 0x8e, 0x59, 0xfc, 0x57, 0xe9, 0xfa, 0xa3, 0xa0, 0xa2, 0xbf, 0x25, 0x3d, 0xb0, 0xa2, 0x80,
    0x3c, 0x77, 0xc7, 0x1f, 0xf2, 0x38, 0x5f, 0xff, 0x00, 0xdb, 0x3f, 0xfd, 0x16, 0xb5, 0xcf, 0xd7,
    0xef, 0xf9, 0x37, 0xfc, 0x8b, 0x70, 0xff, 0x00, 0xe0, 0x87, 0xfe, 0x92, 0x8f, 0x98, 0xc4, 0x7f,
    0x16, 0x5e, 0xaf, 0xf3, 0x0a, 0x2b, 0xd2, 0x32, 0x0a, 0xf6, 0x2f, 0x03, 0xff, 0x00, 0xc8, 0x9f,
    0x61, 0xff, 0x00, 0x6d, 0x3f, 0xf4, 0x63, 0x57, 0xc4, 0x71, 0xef, 0xfc, 0x8b, 0x61, 0xfe, 0x35,
    0xff, 0x00, 0xa4, 0xc8, 0xf4, 0x72, 0xcf, 0xe2, 0xbf, 0x4f, 0xd5, 0x1d, 0x05, 0x15, 0xf9, 0x29,
    0xed, 0x85, 0x14, 0x01, 0xe3, 0xbe, 0x38, 0xff, 0x00, 0x91, 0xc2, 0xff, 0x00, 0xfe, 0xd9, 0xff,
    0x00, 0xe8, 0xb5, 0xae, 0x7e, 0xbf, 0x7f, 0xc9, 0xbf, 0xe4, 0x5b, 0x87, 0xff, 0x00, 0x04, 0x3f,
    0xf4, 0x94, 0x7c, 0xc6, 0x23, 0xf8, 0xb2, 0xf5, 0x7f, 0x98, 0x51, 0x5e, 0x91, 0x90, 0x57, 0xb1,
    0x78, 0x1f, 0xfe, 0x44, 0xfb, 0x0f, 0xfb, 0x69, 0xff, 0x00, 0xa3, 0x1a, 0xbe, 0x23, 0x8f, 0x7f,
    0xe4, 0x5b, 0x0f, 0xf1, 0xaf, 0xfd, 0x26, 0x47, 0xa3, 0x96, 0x7f, 0x15, 0xfa, 0x7e, 0xa8, 0xe8,
    0x28, 0xaf, 0xc9, 0x4f, 0x6c, 0x28, 0xa0, 0x0f, 0x1d, 0xf1, 0xc7, 0xfc, 0x8e, 0x17, 0xff, 0x00,
    0xf6, 0xcf, 0xff, 0x00, 0x45, 0xad, 0x73, 0xf5, 0xfb, 0xfe, 0x4d, 0xff, 0x00, 0x22, 0xdc, 0x3f,
    0xf8, 0x21, 0xff, 0x00, 0xa4, 0xa3, 0xe6, 0x31, 0x1f, 0xc5, 0x97, 0xab, 0xfc, 0xc2, 0x8a, 0xf4,
    0x8c, 0x82, 0xbd, 0x8b, 0xc0, 0xff, 0x00, 0xf2, 0x27, 0xd8, 0x7f, 0xdb, 0x4f, 0xfd, 0x18, 0xd5,
    0xf1, 0x1c, 0x7b, 0xff, 0x00, 0x22, 0xd8, 0x7f, 0x8d, 0x7f, 0xe9, 0x32, 0x3d, 0x1c, 0xb3, 0xf8,
    0xaf, 0xd3, 0xf5, 0x47, 0x41, 0x45, 0x7e, 0x4a, 0x7b, 0x61, 0x45, 0x00, 0x78, 0xef, 0x8e, 0x3f,
    0xe4, 0x70, 0xbf, 0xff, 0x00, 0xb6, 0x7f, 0xfa, 0x2d, 0x6b, 0x9f, 0xaf, 0xdf, 0xf2, 0x6f, 0xf9,
    0x16, 0xe1, 0xff, 0x00, 0xc1, 0x0f, 0xfd, 0x25, 0x1f, 0x31, 0x88, 0xfe, 0x2c, 0xbd, 0x5f, 0xe6,
    0x14, 0x57, 0xa4, 0x64, 0x15, 0xec, 0x5e, 0x07, 0xff, 0x00, 0x91, 0x3e, 0xc3, 0xfe, 0xda, 0x7f,
    0xe8, 0xc6, 0xaf, 0x88, 0xe3, 0xdf, 0xf9, 0x16, 0xc3, 0xfc, 0x6b, 0xff, 0x00, 0x49, 0x91, 0xe8,
    0xe5, 0x9f, 0xc5, 0x7e, 0x9f, 0xaa, 0x3a, 0x0a, 0x2b, 0xf2, 0x53, 0xdb, 0x0a, 0x28, 0x03, 0xc7,
    0x7c, 0x71, 0xff, 0x00, 0x23, 0x85, 0xff, 0x00, 0xfd, 0xb3, 0xff, 0x00, 0xd1, 0x6b, 0x5c, 0xfd,
    0x7e, 0xff, 0x00, 0x93, 0x7f, 0xc8, 0xb7, 0x0f, 0xfe, 0x08, 0x7f, 0xe9, 0x28, 0xf9, 0x8c, 0x47,
    0xf1, 0x65, 0xea, 0xff, 0x00, 0x30, 0xa2, 0xbd, 0x23, 0x20, 0xaf, 0x62, 0xf0, 0x3f, 0xfc, 0x89,
    0xf6, 0x1f, 0xf6, 0xd3, 0xff, 0x00, 0x46, 0x35, 0x7c, 0x47, 0x1e, 0xff, 0x00, 0xc8, 0xb6, 0x1f,
    0xe3, 0x5f, 0xfa, 0x4c, 0x8f, 0x47, 0x2c, 0xfe, 0x2b, 0xf4, 0xfd, 0x51, 0xd0, 0x51, 0x5f, 0x92,
    0x9e, 0xd8, 0x51, 0x40, 0x1e, 0x3b, 0xe3, 0x8f, 0xf9, 0x1c, 0x2f, 0xff, 0x00, 0xed, 0x9f, 0xfe,
    0x8b, 0x5a, 0xe7, 0xeb, 0xf7, 0xfc, 0x9b, 0xfe, 0x45, 0xb8, 0x7f, 0xf0, 0x43, 0xff, 0x00, 0x49,
    0x47, 0xcc, 0x62, 0x3f, 0x8b, 0x2f, 0x57, 0xf9, 0x85, 0x15, 0xe9, 0x19, 0x05, 0x7b, 0x17, 0x81,
    0xff, 0x00, 0xe4, 0x4f, 0xb0, 0xff, 0x00, 0xb6, 0x9f, 0xfa, 0x31, 0xab, 0xe2, 0x38, 0xf7, 0xfe,
    0x45, 0xb0, 0xff, 0x00, 0x1a, 0xff, 0x00, 0xd2, 0x64, 0x7a, 0x39, 0x67, 0xf1, 0x5f, 0xa7, 0xea,
    0x8e, 0x82, 0x8a, 0xfc, 0x94, 0xf6, 0xc2, 0x8a, 0x00, 0xf1, 0xdf, 0x1c, 0x7f, 0xc8, 0xe1, 0x7f,
    0xff, 0x00, 0x6c, 0xff, 0x00, 0xf4, 0x5a, 0xd7, 0x3f, 0x5f, 0xbf, 0xe4, 0xdf, 0xf2, 0x2d, 0xc3,
    0xff, 0x00, 0x82, 0x1f, 0xfa, 0x4a, 0x3e, 0x63, 0x11, 0xfc, 0x59, 0x7a, 0xbf, 0xcc, 0x28, 0xaf,
    0x48, 0xc8, 0x2b, 0xd8, 0xbc, 0x0f, 0xff, 0x00, 0x22, 0x7d, 0x87, 0xfd, 0xb4, 0xff, 0x00, 0xd1,
    0x8d, 0x5f, 0x11, 0xc7, 0xbf, 0xf2, 0x2d, 0x87, 0xf8, 0xd7, 0xfe, 0x93, 0x23, 0xd1, 0xcb, 0x3f,
    0x8a, 0xfd, 0x3f, 0x54, 0x74, 0x14, 0x57, 0xe4, 0xa7, 0xb6, 0x14, 0x50, 0x07, 0x8e, 0xf8, 0xe3,
    0xfe, 0x47, 0x0b, 0xff, 0x00, 0xfb, 0x67, 0xff, 0x00, 0xa2, 0xd6, 0xb9, 0xfa, 0xfd, 0xff, 0x00,
    0x26, 0xff, 0x00, 0x91, 0x6e, 0x1f, 0xfc, 0x10, 0xff, 0x00, 0xd2, 0x51, 0xf3, 0x18, 0x8f, 0xe2,
    0xcb, 0xd5, 0xfe, 0x61, 0x45, 0x7a, 0x46, 0x41, 0x5e, 0xc5, 0xe0, 0x7f, 0xf9, 0x13, 0xec, 0x3f,
    0xed, 0xa7, 0xfe, 0x8c, 0x6a, 0xf8, 0x8e, 0x3d, 0xff, 0x00, 0x91, 0x6c, 0x3f, 0xc6, 0xbf, 0xf4,
    0x99, 0x1e, 0x8e, 0x59, 0xfc, 0x57, 0xe9, 0xfa, 0xa3, 0xa0, 0xa2, 0xbf, 0x25, 0x3d, 0xb0, 0xa2,
    0x80, 0x3c, 0x77, 0xc7, 0x1f, 0xf2, 0x38, 0x5f, 0xff, 0x00, 0xdb, 0x3f, 0xfd, 0x16, 0xb5, 0xcf,
    0xd7, 0xef, 0xf9, 0x37, 0xfc, 0x8b, 0x70, 0xff, 0x00, 0xe0, 0x87, 0xfe, 0x92, 0x8f, 0x98, 0xc4,
    0x7f, 0x16, 0x5e, 0xaf, 0xf3, 0x0a, 0x2b, 0xd2, 0x32, 0x0a, 0xf6, 0x2f, 0x03, 0xff, 0x00, 0xc8,
    0x9f, 0x61, 0xff, 0x00, 0x6d, 0x3f, 0xf4, 0x63, 0x57, 0xc4, 0x71, 0xef, 0xfc, 0x8b, 0x61, 0xfe,
    0x35, 0xff, 0x00, 0xa4, 0xc8, 0xf4, 0x72, 0xcf, 0xe2, 0xbf, 0x4f, 0xd5, 0x1d, 0x05, 0x15, 0xf9,
    0x29, 0xed, 0x85, 0x14, 0x01, 0xe3, 0xbe, 0x38, 0xff, 0x00, 0x91, 0xc2, 0xff, 0x00, 0xfe, 0xd9,
    0xff, 0x00, 0xe8, 0xb5, 0xae, 0x7e, 0xbf, 0x7f, 0xc9, 0xbf, 0xe4, 0x5b, 0x87, 0xff, 0x00, 0x04,
    0x3f, 0xf4, 0x94, 0x7c, 0xc6, 0x23, 0xf8, 0xb2, 0xf5, 0x7f, 0x98, 0x51, 0x5e, 0x91, 0x90, 0x57,
    0xb1, 0x78, 0x1f, 0xfe, 0x44, 0xfb, 0x0f, 0xfb, 0x69, 0xff, 0x00, 0xa3, 0x1a, 0xbe, 0x23, 0x8f,
    0x7f, 0xe4, 0x5b, 0x0f, 0xf1, 0xaf, 0xfd, 0x26, 0x47, 0xa3, 0x96, 0x7f, 0x15, 0xfa, 0x7e, 0xa8,
    0xe8, 0x28, 0xaf, 0xc9, 0x4f, 0x6c, 0x28, 0xa0, 0x0f, 0x1d, 0xf1, 0xc7, 0xfc, 0x8e, 0x17, 0xff,
    0x00, 0xf6, 0xcf, 0xff, 0x00, 0x45, 0xad, 0x73, 0xf5, 0xfb, 0xfe, 0x4d, 0xff, 0x00, 0x22, 0xdc,
    0x3f, 0xf8, 0x21, 0xff, 0x00, 0xa4, 0xa3, 0xe6, 0x31, 0x1f, 0xc5, 0x97, 0xab, 0xfc, 0xc2, 0x8a,
    0xf4, 0x8c, 0x8f, 0xa0, 0xab, 0xc7, 0x7c, 0x71, 0xff, 0x00, 0x23, 0x85, 0xff, 0x00, 0xfd, 0xb3,
    0xff, 0x00, 0xd1, 0x6b, 0x5f, 0x92, 0x70, 0x17, 0xfc, 0x8c, 0xa7, 0xfe, 0x07, 0xff, 0x00, 0xa5,
    0x44, 0xf7, 0x33, 0x3f, 0xe1, 0x2f, 0x5f, 0xd1, 0x9c, 0xfd, 0x15, 0xfa, 0xd9, 0xe1, 0x85, 0x14,
    0x01, 0xec, 0x5e, 0x07, 0xff, 0x00, 0x91, 0x3e, 0xc3, 0xfe, 0xda, 0x7f, 0xe8, 0xc6, 0xae, 0x82,
    0xbf, 0x00, 0xce, 0x7f, 0xe4, 0x65, 0x88, 0xff, 0x00, 0x1c, 0xff, 0x00, 0xf4, 0xa6, 0x7d, 0x3e,
    0x1f, 0xf8, 0x51, 0xf4, 0x5f, 0x90, 0x51, 0x5e, 0x69, 0xa8, 0x57, 0x8e, 0xf8, 0xe3, 0xfe, 0x47,
    0x0b, 0xff, 0x00, 0xfb, 0x67, 0xff, 0x00, 0xa2, 0xd6, 0xbe, 0xdb, 0x80, 0xbf, 0xe4, 0x65, 0x3f,
    0xf0, 0x3f, 0xfd, 0x2a, 0x27, 0x9f, 0x99, 0xff, 0x00, 0x09, 0x7a, 0xfe, 0x8c, 0xe7, 0xe8, 0xaf,
    0xd6, 0xcf, 0x0c, 0x28, 0xa0, 0x0f, 0x62, 0xf0, 0x3f, 0xfc, 0x89, 0xf6, 0x1f, 0xf6, 0xd3, 0xff,
    0x00, 0x46, 0x35, 0x74, 0x15, 0xf8, 0x06, 0x73, 0xff, 0x00, 0x23, 0x2c, 0x47, 0xf8, 0xe7, 0xff,
    0x00, 0xa5, 0x33, 0xe9, 0xf0, 0xff, 0x00, 0xc2, 0x8f, 0xa2, 0xfc, 0x82, 0x8a, 0xf3, 0x4d, 0x42,
    0xbc, 0x77, 0xc7, 0x1f, 0xf2, 0x38, 0x5f, 0xff, 0x00, 0xdb, 0x3f, 0xfd, 0x16, 0xb5, 0xf6, 0xdc,
    0x05, 0xff, 0x00, 0x23, 0x29, 0xff, 0x00, 0x81, 0xff, 0x00, 0xe9, 0x51, 0x3c, 0xfc, 0xcf, 0xf8,
    0x4b, 0xd7, 0xf4, 0x67, 0x3f, 0x45, 0x7e, 0xb6, 0x78, 0x61, 0x45, 0x00, 0x7b, 0x17, 0x81, 0xff,
    0x00, 0xe4, 0x4f, 0xb0, 0xff, 0x00, 0xb6, 0x9f, 0xfa, 0x31, 0xab, 0xa0, 0xaf, 0xc0, 0x33, 0x9f,
    0xf9, 0x19, 0x62, 0x3f, 0xc7, 0x3f, 0xfd, 0x29, 0x9f, 0x4f, 0x87, 0xfe, 0x14, 0x7d, 0x17, 0xe4,
    0x14, 0x57, 0x9a, 0x6a, 0x15, 0xe3, 0xbe, 0x38, 0xff, 0x00, 0x91, 0xc2, 0xff, 0x00, 0xfe, 0xd9,
    0xff, 0x00, 0xe8, 0xb5, 0xaf, 0xb6, 0xe0, 0x2f, 0xf9, 0x19, 0x4f, 0xfc, 0x0f, 0xff, 0x00, 0x4a,
    0x89, 0xe7, 0xe6, 0x7f, 0xc2, 0x5e, 0xbf, 0xa3, 0x39, 0xfa, 0x2b, 0xf5, 0xb3, 0xc3, 0x0a, 0x28,
    0x03, 0xd8, 0xbc, 0x0f, 0xff, 0x00, 0x22, 0x7d, 0x87, 0xfd, 0xb4, 0xff, 0x00, 0xd1, 0x8d, 0x5d,
    0x05, 0x7e, 0x01, 0x9c, 0xff, 0x00, 0xc8, 0xcb, 0x11, 0xfe, 0x39, 0xff, 0x00, 0xe9, 0x4c, 0xfa,
    0x7c, 0x3f, 0xf0, 0xa3, 0xe8, 0xbf, 0x20, 0xa2, 0xbc, 0xd3, 0x50, 0xaf, 0x1d, 0xf1, 0xc7, 0xfc,
    0x8e, 0x17, 0xff, 0x00, 0xf6, 0xcf, 0xff, 0x00, 0x45, 0xad, 0x7d, 0xb7, 0x01, 0x7f, 0xc8, 0xca,
    0x7f, 0xe0, 0x7f, 0xfa, 0x54, 0x4f, 0x3f, 0x33, 0xfe, 0x12, 0xf5, 0xfd, 0x19, 0xcf, 0xd1, 0x5f,
    0xad, 0x9e, 0x18, 0x51, 0x40, 0x1e, 0xc5, 0xe0, 0x7f, 0xf9, 0x13, 0xec, 0x3f, 0xed, 0xa7, 0xfe,
    0x8c, 0x6a, 0xe8, 0x2b, 0xf0, 0x0c, 0xe7, 0xfe, 0x46, 0x58, 0x8f, 0xf1, 0xcf, 0xff, 0x00, 0x4a,
    0x67, 0xd3, 0xe1, 0xff, 0x00, 0x85, 0x1f, 0x45, 0xf9, 0x05, 0x15, 0xe6, 0x9a, 0x85, 0x78, 0xef,
    0x8e, 0x3f, 0xe4, 0x70, 0xbf, 0xff, 0x00, 0xb6, 0x7f, 0xfa, 0x2d, 0x6b, 0xed, 0xb8, 0x0b, 0xfe,
    0x46, 0x53, 0xff, 0x00, 0x03, 0xff, 0x00, 0xd2, 0xa2, 0x79, 0xf9, 0x9f, 0xf0, 0x97, 0xaf, 0xe8,
    0xce, 0x7e, 0x8a, 0xfd, 0x6c, 0xf0, 0xc2, 0x8a, 0x00, 0xf6, 0x2f, 0x03, 0xff, 0x00, 0xc8, 0x9f,
    0x61, 0xff, 0x00, 0x6d, 0x3f, 0xf4, 0x63, 0x57, 0x41, 0x5f, 0x80, 0x67, 0x3f, 0xf2, 0x32, 0xc4,
    0x7f, 0x8e, 0x7f, 0xfa, 0x53, 0x3e, 0x9f, 0x0f, 0xfc, 0x28, 0xfa, 0x2f, 0xc8, 0x28, 0xaf, 0x34,
    0xd4, 0x2b, 0xc7, 0x7c, 0x71, 0xff, 0x00, 0x23, 0x85, 0xff, 0x00, 0xfd, 0xb3, 0xff, 0x00, 0xd1,
    0x6b, 0x5f, 0x6d, 0xc0, 0x5f, 0xf2, 0x32, 0x9f, 0xf8, 0x1f, 0xfe, 0x95, 0x13, 0xcf, 0xcc, 0xff,
    0x00, 0x84, 0xbd, 0x7f, 0x46, 0x73, 0xf4, 0x57, 0xeb, 0x67, 0x86, 0x14, 0x50, 0x07, 0xb1, 0x78,
    0x1f, 0xfe, 0x44, 0xfb, 0x0f, 0xfb, 0x69, 0xff, 0x00, 0xa3, 0x1a, 0xba, 0x0a, 0xfc, 0x03, 0x39,
    0xff, 0x00, 0x91, 0x96, 0x23, 0xfc, 0x73, 0xff, 0x00, 0xd2, 0x99, 0xf4, 0xf8, 0x7f, 0xe1, 0x47,
    0xd1, 0x7e, 0x41, 0x45, 0x79, 0xa6, 0xa1, 0x5e, 0x3b, 0xe3, 0x8f, 0xf9, 0x1c, 0x2f, 0xff, 0x00,
    0xed, 0x9f, 0xfe, 0x8b, 0x5a, 0xfb, 0x6e, 0x02, 0xff, 0x00, 0x91, 0x94, 0xff, 0x00, 0xc0, 0xff,
    0x00, 0xf4, 0xa8, 0x9e, 0x7e, 0x67, 0xfc, 0x25, 0xeb, 0xfa, 0x33, 0x9f, 0xa2, 0xbf, 0x5b, 0x3c,
    0x30, 0xa2, 0x80, 0x3d, 0x8b, 0xc0, 0xff, 0x00, 0xf2, 0x27, 0xd8, 0x7f, 0xdb, 0x4f, 0xfd, 0x18,
    0xd5, 0xd0, 0x57, 0xe0, 0x19, 0xcf, 0xfc, 0x8c, 0xb1, 0x1f, 0xe3, 0x9f, 0xfe, 0x94, 0xcf, 0xa7,
    0xc3, 0xff, 0x00, 0x0a, 0x3e, 0x8b, 0xf2, 0x0a, 0x2b, 0xcd, 0x35, 0x0a, 0xf1, 0xdf, 0x1c, 0x7f,
    0xc8, 0xe1, 0x7f, 0xff, 0x00, 0x6c, 0xff, 0x00, 0xf4, 0x5a, 0xd7, 0xdb, 0x70, 0x17, 0xfc, 0x8c,
    0xa7, 0xfe, 0x07, 0xff, 0x00, 0xa5, 0x44, 0xf3, 0xf3, 0x3f, 0xe1, 0x2f, 0x5f, 0xd1, 0x9c, 0xfd,
    0x15, 0xfa, 0xd9, 0xe1, 0x85, 0x14, 0x01, 0xec, 0x5e, 0x07, 0xff, 0x00, 0x91, 0x3e, 0xc3, 0xfe,
    0xda, 0x7f, 0xe8, 0xc6, 0xae, 0x82, 0xbf, 0x00, 0xce, 0x7f, 0xe4, 0x65, 0x88, 0xff, 0x00, 0x1c,
    0xff, 0x00, 0xf4, 0xa6, 0x7d, 0x3e, 0x1f, 0xf8, 0x51, 0xf4, 0x5f, 0x90, 0x51, 0x5e, 0x69, 0xa8,
    0x57, 0x8e, 0xf8, 0xe3, 0xfe, 0x47, 0x0b, 0xff, 0x00, 0xfb, 0x67, 0xff, 0x00, 0xa2, 0xd6, 0xbe,
    0xdb, 0x80, 0xbf, 0xe4, 0x65, 0x3f, 0xf0, 0x3f, 0xfd, 0x2a, 0x27, 0x9f, 0x99, 0xff, 0x00, 0x09,
    0x7a, 0xfe, 0x8c, 0xe7, 0xe8, 0xaf, 0xd6, 0xcf, 0x0c, 0x28, 0xa0, 0x0f, 0x62, 0xf0, 0x3f, 0xfc,
    0x89, 0xf6, 0x1f, 0xf6, 0xd3, 0xff, 0x00, 0x46, 0x35, 0x74, 0x15, 0xf8, 0x06, 0x73, 0xff, 0x00,
    0x23, 0x2c, 0x47, 0xf8, 0xe7, 0xff, 0x00, 0xa5, 0x33, 0xe9, 0xf0, 0xff, 0x00, 0xc2, 0x8f, 0xa2,
    0xfc, 0x82, 0x8a, 0xf3, 0x4d, 0x42, 0xbc, 0x77, 0xc7, 0x1f, 0xf2, 0x38, 0x5f, 0xff, 0x00, 0xdb,
    0x3f, 0xfd, 0x16, 0xb5, 0xf6, 0xdc, 0x05, 0xff, 0x00, 0x23, 0x29, 0xff, 0x00, 0x81, 0xff, 0x00,
    0xe9, 0x51, 0x3c, 0xfc, 0xcf, 0xf8, 0x4b, 0xd7, 0xf4, 0x67, 0x3f, 0x45, 0x7e, 0xb6, 0x78, 0x61,
    0x45, 0x00, 0x7b, 0x17, 0x81, 0xff, 0x00, 0xe4, 0x4f, 0xb0, 0xff, 0x00, 0xb6, 0x9f, 0xfa, 0x31,
    0xab, 0xa0, 0xaf, 0xc0, 0x33, 0x9f, 0xf9, 0x19, 0x62, 0x3f, 0xc7, 0x3f, 0xfd, 0x29, 0x9f, 0x4f,
    0x87, 0xfe, 0x14, 0x7d, 0x17, 0xe4, 0x14, 0x57, 0x9a, 0x6a, 0x15, 0xe3, 0xbe, 0x38, 0xff, 0x00,
    0x91, 0xc2, 0xff, 0x00, 0xfe, 0xd9, 0xff, 0x00, 0xe8, 0xb5, 0xaf, 0xb6, 0xe0, 0x2f, 0xf9, 0x19,
    0x4f, 0xfc, 0x0f, 0xff, 0x00, 0x4a, 0x89, 0xe7, 0xe6, 0x7f, 0xc2, 0x5e, 0xbf, 0xa3, 0x39, 0xfa,
    0x2b, 0xf5, 0xb3, 0xc3, 0x0a, 0x28, 0x03, 0xd8, 0xbc, 0x0f, 0xff, 0x00, 0x22, 0x7d, 0x87, 0xfd,
    0xb4, 0xff, 0x00, 0xd1, 0x8d, 0x5d, 0x05, 0x7e, 0x01, 0x9c, 0xff, 0x00, 0xc8, 0xcb, 0x11, 0xfe,
    0x39, 0xff, 0x00, 0xe9, 0x4c, 0xfa, 0x7c, 0x3f, 0xf0, 0xa3, 0xe8, 0xbf, 0x20, 0xa2, 0xbc, 0xd3,
    0x50, 0xaf, 0x1d, 0xf1, 0xc7, 0xfc, 0x8e, 0x17, 0xff, 0x00, 0xf6, 0xcf, 0xff, 0x00, 0x45, 0xad,
    0x7d, 0xb7, 0x01, 0x7f, 0xc8, 0xca, 0x7f, 0xe0, 0x7f, 0xfa, 0x54, 0x4f, 0x3f, 0x33, 0xfe, 0x12,
    0xf5, 0xfd, 0x19, 0xcf, 0xd1, 0x5f, 0xad, 0x9e, 0x18, 0x51, 0x40, 0x1e, 0xc5, 0xe0, 0x7f, 0xf9,
    0x13, 0xec, 0x3f, 0xed, 0xa7, 0xfe, 0x8c, 0x6a, 0xe8, 0x2b, 0xf0, 0x0c, 0xe7, 0xfe, 0x46, 0x58,
    0x8f, 0xf1, 0xcf, 0xff, 0x00, 0x4a, 0x67, 0xd3, 0xe1, 0xff, 0x00, 0x85, 0x1f, 0x45, 0xf9, 0x05,
    0x15, 0xe6, 0x9a, 0x85, 0x78, 0xef, 0x8e, 0x3f, 0xe4, 0x70, 0xbf, 0xff, 0x00, 0xb6, 0x7f, 0xfa,
    0x2d, 0x6b, 0xed, 0xb8, 0x0b, 0xfe, 0x46, 0x53, 0xff, 0x00, 0x03, 0xff, 0x00, 0xd2, 0xa2, 0x79,
    0xf9, 0x9f, 0xf0, 0x97, 0xaf, 0xe8, 0xce, 0x7e, 0x8a, 0xfd, 0x6c, 0xf0, 0xc2, 0x8a, 0x00, 0xf6,
    0x2f, 0x03, 0xff, 0x00, 0xc8, 0x9f, 0x61, 0xff, 0x00, 0x6d, 0x3f, 0xf4, 0x63, 0x57, 0x41, 0x5f,
    0x80, 0x67, 0x3f, 0xf2, 0x32, 0xc4, 0x7f, 0x8e, 0x7f, 0xfa, 0x53, 0x3e, 0x9f, 0x0f, 0xfc, 0x28,
    0xfa, 0x2f, 0xc8, 0x28, 0xaf, 0x34, 0xd4, 0x2b, 0xc7, 0x7c, 0x71, 0xff, 0x00, 0x23, 0x85, 0xff,
    0x00, 0xfd, 0xb3, 0xff, 0x00, 0xd1, 0x6b, 0x5f, 0x6d, 0xc0, 0x5f, 0xf2, 0x32, 0x9f, 0xf8, 0x1f,
    0xfe, 0x95, 0x13, 0xcf, 0xcc, 0xff, 0x00, 0x84, 0xbd, 0x7f, 0x46, 0x73, 0xf4, 0x57, 0xeb, 0x67,
    0x86, 0x14, 0x50, 0x07, 0xb1, 0x78, 0x1f, 0xfe, 0x44, 0xfb, 0x0f, 0xfb, 0x69, 0xff, 0x00, 0xa3,
    0x1a, 0xba, 0x0a, 0xfc, 0x03, 0x39, 0xff, 0x00, 0x91, 0x96, 0x23, 0xfc, 0x73, 0xff, 0x00, 0xd2,
    0x99, 0xf4, 0xf8, 0x7f, 0xe1, 0x47, 0xd1, 0x7e, 0x41, 0x45, 0x79, 0xa6, 0xa1, 0x5e, 0x3b, 0xe3,
    0x8f, 0xf9, 0x1c, 0x2f, 0xff, 0x00, 0xed, 0x9f, 0xfe, 0x8b, 0x5a, 0xfb, 0x6e, 0x02, 0xff, 0x00,
    0x91, 0x94, 0xff, 0x00, 0xc0, 0xff, 0x00, 0xf4, 0xa8, 0x9e, 0x7e, 0x67, 0xfc, 0x25, 0xeb, 0xfa,
    0x33, 0x9f, 0xa2, 0xbf, 0x5b, 0x3c, 0x30, 0xa2, 0x80, 0x3d, 0x8b, 0xc0, 0xff, 0x00, 0xf2, 0x27,
    0xd8, 0x7f, 0xdb, 0x4f, 0xfd, 0x18, 0xd5, 0xd0, 0x57, 0xe0, 0x19, 0xcf, 0xfc, 0x8c, 0xb1, 0x1f,
    0xe3, 0x9f, 0xfe, 0x94, 0xcf, 0xa7, 0xc3, 0xff, 0x00, 0x0a, 0x3e, 0x8b, 0xf2, 0x0a, 0x2b, 0xcd,
    0x35, 0x0a, 0xf1, 0xdf, 0x1c, 0x7f, 0xc8, 0xe1, 0x7f, 0xff, 0x00, 0x6c, 0xff, 0x00, 0xf4, 0x5a,
    0xd7, 0xdb, 0x70, 0x17, 0xfc, 0x8c, 0xa7, 0xfe, 0x07, 0xff, 0x00, 0xa5, 0x44, 0xf3, 0xf3, 0x3f,
    0xe1, 0x2f, 0x5f, 0xd1, 0x9c, 0xfd, 0x15, 0xfa, 0xd9, 0xe1, 0x85, 0x14, 0x01, 0xec, 0x5e, 0x07,
    0xff, 0x00, 0x91, 0x3e, 0xc3, 0xfe, 0xda, 0x7f, 0xe8, 0xc6, 0xae, 0x82, 0xbf, 0x00, 0xce, 0x7f,
    0xe4, 0x65, 0x88, 0xff, 0x00, 0x1c, 0xff, 0x00, 0xf4, 0xa6, 0x7d, 0x3e, 0x1f, 0xf8, 0x51, 0xf4,
    0x5f, 0x90, 0x51, 0x5e, 0x69, 0xa8, 0x57, 0x8e, 0xf8, 0xe3, 0xfe, 0x47, 0x0b, 0xff, 0x00, 0xfb,
    0x67, 0xff, 0x00, 0xa2, 0xd6, 0xbe, 0xdb, 0x80, 0xbf, 0xe4, 0x65, 0x3f, 0xf0, 0x3f, 0xfd, 0x2a,
    0x27, 0x9f, 0x99, 0xff, 0x00, 0x09, 0x7a, 0xfe, 0x8c, 0xe7, 0xe8, 0xaf, 0xd6, 0xcf, 0x0c, 0x28,
    0xa0, 0x0f, 0x62, 0xf0, 0x3f, 0xfc, 0x89, 0xf6, 0x1f, 0xf6, 0xd3, 0xff, 0x00, 0x46, 0x35, 0x74,
    0x15, 0xf8, 0x06, 0x73, 0xff, 0x00, 0x23, 0x2c, 0x47, 0xf8, 0xe7, 0xff, 0x00, 0xa5, 0x33, 0xe9,
    0xf0, 0xff, 0x00, 0xc2, 0x8f, 0xa2, 0xfc, 0x82, 0x8a, 0xf3, 0x4d, 0x42, 0xbc, 0x77, 0xc7, 0x1f,
    0xf2, 0x38, 0x5f, 0xff, 0x00, 0xdb, 0x3f, 0xfd, 0x16, 0xb5, 0xf6, 0xdc, 0x05, 0xff, 0x00, 0x23,
    0x29, 0xff, 0x00, 0x81, 0xff, 0x00, 0xe9, 0x51, 0x3c, 0xfc, 0xcf, 0xf8, 0x4b, 0xd7, 0xf4, 0x67,
    0x3f, 0x45, 0x7e, 0xb6, 0x78, 0x61, 0x45, 0x00, 0x7b, 0x17, 0x81, 0xff, 0x00, 0xe4, 0x4f, 0xb0,
    0xff, 0x00, 0xb6, 0x9f, 0xfa, 0x31, 0xab, 0xa0, 0xaf, 0xc0, 0x33, 0x9f, 0xf9, 0x19, 0x62, 0x3f,
    0xc7, 0x3f, 0xfd, 0x29, 0x9f, 0x4f, 0x87, 0xfe, 0x14, 0x7d, 0x17, 0xe4, 0x14, 0x57, 0x9a, 0x6a,
    0x15, 0xe3, 0xbe, 0x38, 0xff, 0x00, 0x91, 0xc2, 0xff, 0x00, 0xfe, 0xd9, 0xff, 0x00, 0xe8, 0xb5,
    0xaf, 0xb6, 0xe0, 0x2f, 0xf9, 0x19, 0x4f, 0xfc, 0x0f, 0xff, 0x00, 0x4a, 0x89, 0xe7, 0xe6, 0x7f,
    0xc2, 0x5e, 0xbf, 0xa3, 0x39, 0xfa, 0x2b, 0xf5, 0xb3, 0xc3, 0x0a, 0x28, 0x03, 0xd8, 0xbc, 0x0f,
    0xff, 0x00, 0x22, 0x7d, 0x87, 0xfd, 0xb4, 0xff, 0x00, 0xd1, 0x8d, 0x5d, 0x05, 0x7e, 0x01, 0x9c,
    0xff, 0x00, 0xc8, 0xcb, 0x11, 0xfe, 0x39, 0xff, 0x00, 0xe9, 0x4c, 0xfa, 0x7c, 0x3f, 0xf0, 0xa3,
    0xe8, 0xbf, 0x20, 0xa2, 0xbc, 0xd3, 0x53, 0xe7, 0xda, 0xf6, 0x2f, 0x03, 0xff, 0x00, 0xc8, 0x9f,
    0x61, 0xff, 0x00, 0x6d, 0x3f, 0xf4, 0x63, 0x57, 0xeb, 0x5c, 0x7b, 0xff, 0x00, 0x22, 0xd8, 0x7f,
    0x8d, 0x7f, 0xe9, 0x32, 0x3c, 0x4c, 0xb3, 0xf8, 0xaf, 0xd3, 0xf5, 0x47, 0x41, 0x45, 0x7e, 0x4a,
    0x7b, 0x61, 0x45, 0x00, 0x78, 0xef, 0x8e, 0x3f, 0xe4, 0x70, 0xbf, 0xff, 0x00, 0xb6, 0x7f, 0xfa,
    0x2d, 0x6b, 0x9f, 0xaf, 0xdf, 0xf2, 0x6f, 0xf9, 0x16, 0xe1, 0xff, 0x00, 0xc1, 0x0f, 0xfd, 0x25,
    0x1f, 0x31, 0x88, 0xfe, 0x2c, 0xbd, 0x5f, 0xe6, 0x14, 0x57, 0xa4, 0x64, 0x15, 0xec, 0x5e, 0x07,
    0xff, 0x00, 0x91, 0x3e, 0xc3, 0xfe, 0xda, 0x7f, 0xe8, 0xc6, 0xaf, 0x88, 0xe3, 0xdf, 0xf9, 0x16,
    0xc3, 0xfc, 0x6b, 0xff, 0x00, 0x49, 0x91, 0xe8, 0xe5, 0x9f, 0xc5, 0x7e, 0x9f, 0xaa, 0x3a, 0x0a,
    0x2b, 0xf2, 0x53, 0xdb, 0x0a, 0x28, 0x03, 0xc7, 0x7c, 0x71, 0xff, 0x00, 0x23, 0x85, 0xff, 0x00,
    0xfd, 0xb3, 0xff, 0x00, 0xd1, 0x6b, 0x5c, 0xfd, 0x7e, 0xff, 0x00, 0x93, 0x7f, 0xc8, 0xb7, 0x0f,
    0xfe, 0x08, 0x7f, 0xe9, 0x28, 0xf9, 0x8c, 0x47, 0xf1, 0x65, 0xea, 0xff, 0x00, 0x30, 0xa2, 0xbd,
    0x23, 0x20, 0xaf, 0x62, 0xf0, 0x3f, 0xfc, 0x89, 0xf6, 0x1f, 0xf6, 0xd3, 0xff, 0x00, 0x46, 0x35,
    0x7c, 0x47, 0x1e, 0xff, 0x00, 0xc8, 0xb6, 0x1f, 0xe3, 0x5f, 0xfa, 0x4c, 0x8f, 0x47, 0x2c, 0xfe,
    0x2b, 0xf4, 0xfd, 0x51, 0xd0, 0x51, 0x5f, 0x92, 0x9e, 0xd8, 0x51, 0x40, 0x1e, 0x3b, 0xe3, 0x8f,
    0xf9, 0x1c, 0x2f, 0xff, 0x00, 0xed, 0x9f, 0xfe, 0x8b, 0x5a, 0xe7, 0xeb, 0xf7, 0xfc, 0x9b, 0xfe,
    0x45, 0xb8, 0x7f, 0xf0, 0x43, 0xff, 0x00, 0x49, 0x47, 0xcc, 0x62, 0x3f, 0x8b, 0x2f, 0x57, 0xf9,
    0x85, 0x15, 0xe9, 0x19, 0x05, 0x7b, 0x17, 0x81, 0xff, 0x00, 0xe4, 0x4f, 0xb0, 0xff, 0x00, 0xb6,
    0x9f, 0xfa, 0x31, 0xab, 0xe2, 0x38, 0xf7, 0xfe, 0x45, 0xb0, 0xff, 0x00, 0x1a, 0xff, 0x00, 0xd2,
    0x64, 0x7a, 0x39, 0x67, 0xf1, 0x5f, 0xa7, 0xea, 0x8e, 0x82, 0x8a, 0xfc, 0x94, 0xf6, 0xc2, 0x8a,
    0x00, 0xf1, 0xdf, 0x1c, 0x7f, 0xc8, 0xe1, 0x7f, 0xff, 0x00, 0x6c, 0xff, 0x00, 0xf4, 0x5a, 0xd7,
    0x3f, 0x5f, 0xbf, 0xe4, 0xdf, 0xf2, 0x2d, 0xc3, 0xff, 0x00, 0x82, 0x1f, 0xfa, 0x4a, 0x3e, 0x63,
    0x11, 0xfc, 0x59, 0x7a, 0xbf, 0xcc, 0x28, 0xaf, 0x48, 0xc8, 0x2b, 0xd8, 0xbc, 0x0f, 0xff, 0x00,
    0x22, 0x7d, 0x87, 0xfd, 0xb4, 0xff, 0x00, 0xd1, 0x8d, 0x5f, 0x11, 0xc7, 0xbf, 0xf2, 0x2d, 0x87,
    0xf8, 0xd7, 0xfe, 0x93, 0x23, 0xd1, 0xcb, 0x3f, 0x8a, 0xfd, 0x3f, 0x54, 0x74, 0x14, 0x57, 0xe4,
    0xa7, 0xb6, 0x14, 0x50, 0x07, 0x8e, 0xf8, 0xe3, 0xfe, 0x47, 0x0b, 0xff, 0x00, 0xfb, 0x67, 0xff,
    0x00, 0xa2, 0xd6, 0xb9, 0xfa, 0xfd, 0xff, 0x00, 0x26, 0xff, 0x00, 0x91, 0x6e, 0x1f, 0xfc, 0x10,
    0xff, 0x00, 0xd2, 0x51, 0xf3, 0x18, 0x8f, 0xe2, 0xcb, 0xd5, 0xfe, 0x61, 0x45, 0x7a, 0x46, 0x41,
    0x5e, 0xc5, 0xe0, 0x7f, 0xf9, 0x13, 0xec, 0x3f, 0xed, 0xa7, 0xfe, 0x8c, 0x6a, 0xf8, 0x8e, 0x3d,
    0xff, 0x00, 0x91, 0x6c, 0x3f, 0xc6, 0xbf, 0xf4, 0x99, 0x1e, 0x8e, 0x59, 0xfc, 0x57, 0xe9, 0xfa,
    0xa3, 0xa0, 0xa2, 0xbf, 0x25, 0x3d, 0xb0, 0xa2, 0x80, 0x3c, 0x77, 0xc7, 0x1f, 0xf2, 0x38, 0x5f,
    0xff, 0x00, 0xdb, 0x3f, 0xfd, 0x16, 0xb5, 0xcf, 0xd7, 0xef, 0xf9, 0x37, 0xfc, 0x8b, 0x70, 0xff,
    0x00, 0xe0, 0x87, 0xfe, 0x92, 0x8f, 0x98, 0xc4, 0x7f, 0x16, 0x5e, 0xaf, 0xf3, 0x0a, 0x2b, 0xd2,
    0x32, 0x0a, 0xf6, 0x2f, 0x03, 0xff, 0x00, 0xc8, 0x9f, 0x61, 0xff, 0x00, 0x6d, 0x3f, 0xf4, 0x63,
    0x57, 0xc4, 0x71, 0xef, 0xfc, 0x8b, 0x61, 0xfe, 0x35, 0xff, 0x00, 0xa4, 0xc8, 0xf4, 0x72, 0xcf,
    0xe2, 0xbf, 0x4f, 0xd5, 0x1d, 0x05, 0x15, 0xf9, 0x29, 0xed, 0x85, 0x14, 0x01, 0xe3, 0xbe, 0x38,
    0xff, 0x00, 0x91, 0xc2, 0xff, 0x00, 0xfe, 0xd9, 0xff, 0x00, 0xe8, 0xb5, 0xae, 0x7e, 0xbf, 0x7f,
    0xc9, 0xbf, 0xe4, 0x5b, 0x87, 0xff, 0x00, 0x04, 0x3f, 0xf4, 0x94, 0x7c, 0xc6, 0x23, 0xf8, 0xb2,
    0xf5, 0x7f, 0x98, 0x51, 0x5e, 0x91, 0x90, 0x57, 0xb1, 0x78, 0x1f, 0xfe, 0x44, 0xfb, 0x0f, 0xfb,
    0x69, 0xff, 0x00, 0xa3, 0x1a, 0xbe, 0x23, 0x8f, 0x7f, 0xe4, 0x5b, 0x0f, 0xf1, 0xaf, 0xfd, 0x26,
    0x47, 0xa3, 0x96, 0x7f, 0x15, 0xfa, 0x7e, 0xa8, 0xe8, 0x28, 0xaf, 0xc9, 0x4f, 0x6c, 0x28, 0xa0,
    0x0f, 0x1d, 0xf1, 0xc7, 0xfc, 0x8e, 0x17, 0xff, 0x00, 0xf6, 0xcf, 0xff, 0x00, 0x45, 0xad, 0x73,
    0xf5, 0xfb, 0xfe, 0x4d, 0xff, 0x00, 0x22, 0xdc, 0x3f, 0xf8, 0x21, 0xff, 0x00, 0xa4, 0xa3, 0xe6,
    0x31, 0x1f, 0xc5, 0x97, 0xab, 0xfc, 0xc2, 0x8a, 0xf4, 0x8c, 0x82, 0xbd, 0x8b, 0xc0, 0xff, 0x00,
    0xf2, 0x27, 0xd8, 0x7f, 0xdb, 0x4f, 0xfd, 0x18, 0xd5, 0xf1, 0x1c, 0x7b, 0xff, 0x00, 0x22, 0xd8,
    0x7f, 0x8d, 0x7f, 0xe9, 0x32, 0x3d, 0x1c, 0xb3, 0xf8, 0xaf, 0xd3, 0xf5, 0x47, 0x41, 0x45, 0x7e,
    0x4a, 0x7b, 0x61, 0x45, 0x00, 0x78, 0xef, 0x8e, 0x3f, 0xe4, 0x70, 0xbf, 0xff, 0x00, 0xb6, 0x7f,
    0xfa, 0x2d, 0x6b, 0x9f, 0xaf, 0xdf, 0xf2, 0x6f, 0xf9, 0x16, 0xe1, 0xff, 0x00, 0xc1, 0x0f, 0xfd,
    0x25, 0x1f, 0x31, 0x88, 0xfe, 0x2c, 0xbd, 0x5f, 0xe6, 0x14, 0x57, 0xa4, 0x64, 0x15, 0xec, 0x5e,
    0x07, 0xff, 0x00, 0x91, 0x3e, 0xc3, 0xfe, 0xda, 0x7f, 0xe8, 0xc6, 0xaf, 0x88, 0xe3, 0xdf, 0xf9,
    0x16, 0xc3, 0xfc, 0x6b, 0xff, 0x00, 0x49, 0x91, 0xe8, 0xe5, 0x9f, 0xc5, 0x7e, 0x9f, 0xaa, 0x3a,
    0x0a, 0x2b, 0xf2, 0x53, 0xdb, 0x0a, 0x28, 0x03, 0xc7, 0x7c, 0x71, 0xff, 0x00, 0x23, 0x85, 0xff,
    0x00, 0xfd, 0xb3, 0xff, 0x00, 0xd1, 0x6b, 0x5c, 0xfd, 0x7e, 0xff, 0x00, 0x93, 0x7f, 0xc8, 0xb7,
    0x0f, 0xfe, 0x08, 0x7f, 0xe9, 0x28, 0xf9, 0x8c, 0x47, 0xf1, 0x65, 0xea, 0xff, 0x00, 0x30, 0xa2,
    0xbd, 0x23, 0x20, 0xaf, 0x62, 0xf0, 0x3f, 0xfc, 0x89, 0xf6, 0x1f, 0xf6, 0xd3, 0xff, 0x00, 0x46,
    0x35, 0x7c, 0x47, 0x1e, 0xff, 0x00, 0xc8, 0xb6, 0x1f, 0xe3, 0x5f, 0xfa, 0x4c, 0x8f, 0x47, 0x2c,
    0xfe, 0x2b, 0xf4, 0xfd, 0x51, 0xd0, 0x51, 0x5f, 0x92, 0x9e, 0xd8, 0x51, 0x40, 0x1e, 0x3b, 0xe3,
    0x8f, 0xf9, 0x1c, 0x2f, 0xff, 0x00, 0xed, 0x9f, 0xfe, 0x8b, 0x5a, 0xe7, 0xeb, 0xf7, 0xfc, 0x9b,
    0xfe, 0x45, 0xb8, 0x7f, 0xf0, 0x43, 0xff, 0x00, 0x49, 0x47, 0xcc, 0x62, 0x3f, 0x8b, 0x2f, 0x57,
    0xf9, 0x85, 0x15, 0xe9, 0x19, 0x05, 0x7b, 0x17, 0x81, 0xff, 0x00, 0xe4, 0x4f, 0xb0, 0xff, 0x00,
    0xb6, 0x9f, 0xfa, 0x31, 0xab, 0xe2, 0x38, 0xf7, 0xfe, 0x45, 0xb0, 0xff, 0x00, 0x1a, 0xff, 0x00,
    0xd2, 0x64, 0x7a, 0x39, 0x67, 0xf1, 0x5f, 0xa7, 0xea, 0x8e, 0x82, 0x8a, 0xfc, 0x94, 0xf6, 0xc2,
    0x8a, 0x00, 0xf1, 0xdf, 0x1c, 0x7f, 0xc8, 0xe1, 0x7f, 0xff, 0x00, 0x6c, 0xff, 0x00, 0xf4, 0x5a,
    0xd7, 0x3f, 0x5f, 0xbf, 0xe4, 0xdf, 0xf2, 0x2d, 0xc3, 0xff, 0x00, 0x82, 0x1f, 0xfa, 0x4a, 0x3e,
    0x63, 0x11, 0xfc, 0x59, 0x7a, 0xbf, 0xcc, 0x28, 0xaf, 0x48, 0xc8, 0x2b, 0xd8, 0xbc, 0x0f, 0xff,
    0x00, 0x22, 0x7d, 0x87, 0xfd, 0xb4, 0xff, 0x00, 0xd1, 0x8d, 0x5f, 0x11, 0xc7, 0xbf, 0xf2, 0x2d,
    0x87, 0xf8, 0xd7, 0xfe, 0x93, 0x23, 0xd1, 0xcb, 0x3f, 0x8a, 0xfd, 0x3f, 0x54, 0x74, 0x14, 0x57,
    0xe4, 0xa7, 0xb6, 0x14, 0x50, 0x07, 0x8e, 0xf8, 0xe3, 0xfe, 0x47, 0x0b, 0xff, 0x00, 0xfb, 0x67,
    0xff, 0x00, 0xa2, 0xd6, 0xb9, 0xfa, 0xfd, 0xff, 0x00, 0x26, 0xff, 0x00, 0x91, 0x6e, 0x1f, 0xfc,
    0x10, 0xff, 0x00, 0xd2, 0x51, 0xf3, 0x18, 0x8f, 0xe2, 0xcb, 0xd5, 0xfe, 0x61, 0x45, 0x7a, 0x46,
    0x41, 0x5e, 0xc5, 0xe0, 0x7f, 0xf9, 0x13, 0xec, 0x3f, 0xed, 0xa7, 0xfe, 0x8c, 0x6a, 0xf8, 0x8e,
    0x3d, 0xff, 0x00, 0x91, 0x6c, 0x3f, 0xc6, 0xbf, 0xf4, 0x99, 0x1e, 0x8e, 0x59, 0xfc, 0x57, 0xe9,
    0xfa, 0xa3, 0xa0, 0xa2, 0xbf, 0x25, 0x3d, 0xb0, 0xa2, 0x80, 0x3c, 0x77, 0xc7, 0x1f, 0xf2, 0x38,
    0x5f, 0xff, 0x00, 0xdb, 0x3f, 0xfd, 0x16, 0xb5, 0xcf, 0xd7, 0xef, 0xf9, 0x37, 0xfc, 0x8b, 0x70,
    0xff, 0x00, 0xe0, 0x87, 0xfe, 0x92, 0x8f, 0x98, 0xc4, 0x7f, 0x16, 0x5e, 0xaf, 0xf3, 0x0a, 0x2b,
    0xd2, 0x32, 0x0a, 0xf6, 0x2f, 0x03, 0xff, 0x00, 0xc8, 0x9f, 0x61, 0xff, 0x00, 0x6d, 0x3f, 0xf4,
    0x63, 0x57, 0xc4, 0x71, 0xef, 0xfc, 0x8b, 0x61, 0xfe, 0x35, 0xff, 0x00, 0xa4, 0xc8, 0xf4, 0x72,
    0xcf, 0xe2, 0xbf, 0x4f, 0xd5, 0x1d, 0x05, 0x15, 0xf9, 0x29, 0xed, 0x85, 0x14, 0x01, 0xe3, 0xbe,
    0x38, 0xff, 0x00, 0x91, 0xc2, 0xff, 0x00, 0xfe, 0xd9, 0xff, 0x00, 0xe8, 0xb5, 0xae, 0x7e, 0xbf,
    0x7f, 0xc9, 0xbf, 0xe4, 0x5b, 0x87, 0xff, 0x00, 0x04, 0x3f, 0xf4, 0x94, 0x7c, 0xc6, 0x23, 0xf8,
    0xb2, 0xf5, 0x7f, 0x98, 0x51, 0x5e, 0x91, 0x90, 0x57, 0xb1, 0x78, 0x1f, 0xfe, 0x44, 0xfb, 0x0f,
    0xfb, 0x69, 0xff, 0x00, 0xa3, 0x1a, 0xbe, 0x23, 0x8f, 0x7f, 0xe4, 0x5b, 0x0f, 0xf1, 0xaf, 0xfd,
    0x26, 0x47, 0xa3, 0x96, 0x7f, 0x15, 0xfa, 0x7e, 0xa8, 0xe8, 0x28, 0xaf, 0xc9, 0x4f, 0x6c, 0x28,
    0xa0, 0x0f, 0x1d, 0xf1, 0xc7, 0xfc, 0x8e, 0x17, 0xff, 0x00, 0xf6, 0xcf, 0xff, 0x00, 0x45, 0xad,
    0x73, 0xf5, 0xfb, 0xfe, 0x4d, 0xff, 0x00, 0x22, 0xdc, 0x3f, 0xf8, 0x21, 0xff, 0x00, 0xa4, 0xa3,
    0xe6, 0x31, 0x1f, 0xc5, 0x97, 0xab, 0xfc, 0xc2, 0x8a, 0xf4, 0x8c, 0x82, 0xbd, 0x8b, 0xc0, 0xff,
    0x00, 0xf2, 0x27, 0xd8, 0x7f, 0xdb, 0x4f, 0xfd, 0x18, 0xd5, 0xf1, 0x1c, 0x7b, 0xff, 0x00, 0x22,
    0xd8, 0x7f, 0x8d, 0x7f, 0xe9, 0x32, 0x3d, 0x1c, 0xb3, 0xf8, 0xaf, 0xd3, 0xf5, 0x47, 0x41, 0x45,
    0x7e, 0x4a, 0x7b, 0x61, 0x45, 0x00, 0x78, 0xef, 0x8e, 0x3f, 0xe4, 0x70, 0xbf, 0xff, 0x00, 0xb6,
    0x7f, 0xfa, 0x2d, 0x6b, 0x9f, 0xaf, 0xdf, 0xf2, 0x6f, 0xf9, 0x16, 0xe1, 0xff, 0x00, 0xc1, 0x0f,
    0xfd, 0x25, 0x1f, 0x31, 0x88, 0xfe, 0x2c, 0xbd, 0x5f, 0xe6, 0x14, 0x57, 0xa4, 0x64, 0x15, 0xec,
    0x5e, 0x07, 0xff, 0x00, 0x91, 0x3e, 0xc3, 0xfe, 0xda, 0x7f, 0xe8, 0xc6, 0xaf, 0x88, 0xe3, 0xdf,
    0xf9, 0x16, 0xc3, 0xfc, 0x6b, 0xff, 0x00, 0x49, 0x91, 0xe8, 0xe5, 0x9f, 0xc5, 0x7e, 0x9f, 0xaa,
    0x3a, 0x0a, 0x2b, 0xf2, 0x53, 0xdb, 0x0a, 0x28, 0x03, 0xc7, 0x7c, 0x71, 0xff, 0x00, 0x23, 0x85,
    0xff, 0x00, 0xfd, 0xb3, 0xff, 0x00, 0xd1, 0x6b, 0x5c, 0xfd, 0x7e, 0xff, 0x00, 0x93, 0x7f, 0xc8,
    0xb7, 0x0f, 0xfe, 0x08, 0x7f, 0xe9, 0x28, 0xf9, 0x8c, 0x47, 0xf1, 0x65, 0xea, 0xff, 0x00, 0x30,
    0xa2, 0xbd, 0x23, 0x20, 0xaf, 0x62, 0xf0, 0x3f, 0xfc, 0x89, 0xf6, 0x1f, 0xf6, 0xd3, 0xff, 0x00,
    0x46, 0x35, 0x7c, 0x47, 0x1e, 0xff, 0x00, 0xc8, 0xb6, 0x1f, 0xe3, 0x5f, 0xfa, 0x4c, 0x8f, 0x47,
    0x2c, 0xfe, 0x2b, 0xf4, 0xfd, 0x51, 0xd0, 0x51, 0x5f, 0x92, 0x9e, 0xd8, 0x51, 0x40, 0x1e, 0x3b,
    0xe3, 0x8f, 0xf9, 0x1c, 0x2f, 0xff, 0x00, 0xed, 0x9f, 0xfe, 0x8b, 0x5a, 0xe7, 0xeb, 0xf7, 0xfc,
    0x9b, 0xfe, 0x45, 0xb8, 0x7f, 0xf0, 0x43, 0xff, 0x00, 0x49, 0x47, 0xcc, 0x62, 0x3f, 0x8b, 0x2f,
    0x57, 0xf9, 0x85, 0x15, 0xe9, 0x19, 0x05, 0x7b, 0x17, 0x81, 0xff, 0x00, 0xe4, 0x4f, 0xb0, 0xff,
    0x00, 0xb6, 0x9f, 0xfa, 0x31, 0xab, 0xe2, 0x38, 0xf7, 0xfe, 0x45, 0xb0, 0xff, 0x00, 0x1a, 0xff,
    0x00, 0xd2, 0x64, 0x7a, 0x39, 0x67, 0xf1, 0x5f, 0xa7, 0xea, 0x8e, 0x82, 0x8a, 0xfc, 0x94, 0xf6,
    0xc2, 0x8a, 0x00, 0xf1, 0xdf, 0x1c, 0x7f, 0xc8, 0xe1, 0x7f, 0xff, 0x00, 0x6c, 0xff, 0x00, 0xf4,
    0x5a, 0xd7, 0x3f, 0x5f, 0xbf, 0xe4, 0xdf, 0xf2, 0x2d, 0xc3, 0xff, 0x00, 0x82, 0x1f, 0xfa, 0x4a,
    0x3e, 0x63, 0x11, 0xfc, 0x59, 0x7a, 0xbf, 0xcc, 0x28, 0xaf, 0x48, 0xc8, 0xfa, 0x0a, 0xbc, 0x77,
    0xc7, 0x1f, 0xf2, 0x38, 0x5f, 0xff, 0x00, 0xdb, 0x3f, 0xfd, 0x16, 0xb5, 0xf9, 0x27, 0x01, 0x7f,
    0xc8, 0xca, 0x7f, 0xe0, 0x7f, 0xfa, 0x54, 0x4f, 0x73, 0x33, 0xfe, 0x12, 0xf5, 0xfd, 0x19, 0xcf,
    0xd1, 0x5f, 0xad, 0x9e, 0x18, 0x51, 0x40, 0x1e, 0xc5, 0xe0, 0x7f, 0xf9, 0x13, 0xec, 0x3f, 0xed,
    0xa7, 0xfe, 0x8c, 0x6a, 0xe8, 0x2b, 0xf0, 0x0c, 0xe7, 0xfe, 0x46, 0x58, 0x8f, 0xf1, 0xcf, 0xff,
    0x00, 0x4a, 0x67, 0xd3, 0xe1, 0xff, 0x00, 0x85, 0x1f, 0x45, 0xf9, 0x05, 0x15, 0xe6, 0x9a, 0x85,
    0x78, 0xef, 0x8e, 0x3f, 0xe4, 0x70, 0xbf, 0xff, 0x00, 0xb6, 0x7f, 0xfa, 0x2d, 0x6b, 0xed, 0xb8,
    0x0b, 0xfe, 0x46, 0x53, 0xff, 0x00, 0x03, 0xff, 0x00, 0xd2, 0xa2, 0x79, 0xf9, 0x9f, 0xf0, 0x97,
    0xaf, 0xe8, 0xce, 0x7e, 0x8a, 0xfd, 0x6c, 0xf0, 0xc2, 0x8a, 0x00, 0xf6, 0x2f, 0x03, 0xff, 0x00,
    0xc8, 0x9f, 0x61, 0xff, 0x00, 0x6d, 0x3f, 0xf4, 0x63, 0x57, 0x41, 0x5f, 0x80, 0x67, 0x3f, 0xf2,
    0x32, 0xc4, 0x7f, 0x8e, 0x7f, 0xfa, 0x53, 0x3e, 0x9f, 0x0f, 0xfc, 0x28, 0xfa, 0x2f, 0xc8, 0x28,
    0xaf, 0x34, 0xd4, 0x2b, 0xc7, 0x7c, 0x71, 0xff, 0x00, 0x23, 0x85, 0xff, 0x00, 0xfd, 0xb3, 0xff,
    0x00, 0xd1, 0x6b, 0x5f, 0x6d, 0xc0, 0x5f, 0xf2, 0x32, 0x9f, 0xf8, 0x1f, 0xfe, 0x95, 0x13, 0xcf,
    0xcc, 0xff, 0x00, 0x84, 0xbd, 0x7f, 0x46, 0x73, 0xf4, 0x57, 0xeb, 0x67, 0x86, 0x14, 0x50, 0x07,
    0xb1, 0x78, 0x1f, 0xfe, 0x44, 0xfb, 0x0f, 0xfb, 0x69, 0xff, 0x00, 0xa3, 0x1a, 0xba, 0x0a, 0xfc,
    0x03, 0x39, 0xff, 0x00, 0x91, 0x96, 0x23, 0xfc, 0x73, 0xff, 0x00, 0xd2, 0x99, 0xf4, 0xf8, 0x7f,
    0xe1, 0x47, 0xd1, 0x7e, 0x41, 0x45, 0x79, 0xa6, 0xa1, 0x5e, 0x3b, 0xe3, 0x8f, 0xf9, 0x1c, 0x2f,
    0xff, 0x00, 0xed, 0x9f, 0xfe, 0x8b, 0x5a, 0xfb, 0x6e, 0x02, 0xff, 0x00, 0x91, 0x94, 0xff, 0x00,
    0xc0, 0xff, 0x00, 0xf4, 0xa8, 0x9e, 0x7e, 0x67, 0xfc, 0x25, 0xeb, 0xfa, 0x33, 0x9f, 0xa2, 0xbf,
    0x5b, 0x3c, 0x30, 0xa2, 0x80, 0x3d, 0x8b, 0xc0, 0xff, 0x00, 0xf2, 0x27, 0xd8, 0x7f, 0xdb, 0x4f,
    0xfd, 0x18, 0xd5, 0xd0, 0x57, 0xe0, 0x19, 0xcf, 0xfc, 0x8c, 0xb1, 0x1f, 0xe3, 0x9f, 0xfe, 0x94,
    0xcf, 0xa7, 0xc3, 0xff, 0x00, 0x0a, 0x3e, 0x8b, 0xf2, 0x0a, 0x2b, 0xcd, 0x35, 0x0a, 0xf1, 0xdf,
    0x1c, 0x7f, 0xc8, 0xe1, 0x7f, 0xff, 0x00, 0x6c, 0xff, 0x00, 0xf4, 0x5a, 0xd7, 0xdb, 0x70, 0x17,
    0xfc, 0x8c, 0xa7, 0xfe, 0x07, 0xff, 0x00, 0xa5, 0x44, 0xf3, 0xf3, 0x3f, 0xe1, 0x2f, 0x5f, 0xd1,
    0x9c, 0xfd, 0x15, 0xfa, 0xd9, 0xe1, 0x85, 0x14, 0x01, 0xec, 0x5e, 0x07, 0xff, 0x00, 0x91, 0x3e,
    0xc3, 0xfe, 0xda, 0x7f, 0xe8, 0xc6, 0xae, 0x82, 0xbf, 0x00, 0xce, 0x7f, 0xe4, 0x65, 0x88, 0xff,
    0x00, 0x1c, 0xff, 0x00, 0xf4, 0xa6, 0x7d, 0x3e, 0x1f, 0xf8, 0x51, 0xf4, 0x5f, 0x90, 0x51, 0x5e,
    0x69, 0xa8, 0x57, 0x8e, 0xf8, 0xe3, 0xfe, 0x47, 0x0b, 0xff, 0x00, 0xfb, 0x67, 0xff, 0x00, 0xa2,
    0xd6, 0xbe, 0xdb, 0x80, 0xbf, 0xe4, 0x65, 0x3f, 0xf0, 0x3f, 0xfd, 0x2a, 0x27, 0x9f, 0x99, 0xff,
    0x00, 0x09, 0x7a, 0xfe, 0x8c, 0xe7, 0xe8, 0xaf, 0xd6, 0xcf, 0x0c, 0x28, 0xa0, 0x0f, 0x62, 0xf0,
    0x3f, 0xfc, 0x89, 0xf6, 0x1f, 0xf6, 0xd3, 0xff, 0x00, 0x46, 0x35, 0x74, 0x15, 0xf8, 0x06, 0x73,
    0xff, 0x00, 0x23, 0x2c, 0x47, 0xf8, 0xe7, 0xff, 0x00, 0xa5, 0x33, 0xe9, 0xf0, 0xff, 0x00, 0xc2,
    0x8f, 0xa2, 0xfc, 0x82, 0x8a, 0xf3, 0x4d, 0x42, 0xbc, 0x77, 0xc7, 0x1f, 0xf2, 0x38, 0x5f, 0xff,
    0x00, 0xdb, 0x3f, 0xfd, 0x16, 0xb5, 0xf6, 0xdc, 0x05, 0xff, 0x00, 0x23, 0x29, 0xff, 0x00, 0x81,
    0xff, 0x00, 0xe9, 0x51, 0x3c, 0xfc, 0xcf, 0xf8, 0x4b, 0xd7, 0xf4, 0x67, 0x3f, 0x45, 0x7e, 0xb6,
    0x78, 0x61, 0x45, 0x00, 0x7b, 0x17, 0x81, 0xff, 0x00, 0xe4, 0x4f, 0xb0, 0xff, 0x00, 0xb6, 0x9f,
    0xfa, 0x31, 0xab, 0xa0, 0xaf, 0xc0, 0x33, 0x9f, 0xf9, 0x19, 0x62, 0x3f, 0xc7, 0x3f, 0xfd, 0x29,
    0x9f, 0x4f, 0x87, 0xfe, 0x14, 0x7d, 0x17, 0xe4, 0x14, 0x57, 0x9a, 0x6a, 0x15, 0xe3, 0xbe, 0x38,
    0xff, 0x00, 0x91, 0xc2, 0xff, 0x00, 0xfe, 0xd9, 0xff, 0x00, 0xe8, 0xb5, 0xaf, 0xb6, 0xe0, 0x2f,
    0xf9, 0x19, 0x4f, 0xfc, 0x0f, 0xff, 0x00, 0x4a, 0x89, 0xe7, 0xe6, 0x7f, 0xc2, 0x5e, 0xbf, 0xa3,
    0x39, 0xfa, 0x2b, 0xf5, 0xb3, 0xc3, 0x0a, 0x28, 0x03, 0xd8, 0xbc, 0x0f, 0xff, 0x00, 0x22, 0x7d,
    0x87, 0xfd, 0xb4, 0xff, 0x00, 0xd1, 0x8d, 0x5d, 0x05, 0x7e, 0x01, 0x9c, 0xff, 0x00, 0xc8, 0xcb,
    0x11, 0xfe, 0x39, 0xff, 0x00, 0xe9, 0x4c, 0xfa, 0x7c, 0x3f, 0xf0, 0xa3, 0xe8, 0xbf, 0x20, 0xa2,
    0xbc, 0xd3, 0x50, 0xaf, 0x1d, 0xf1, 0xc7, 0xfc, 0x8e, 0x17, 0xff, 0x00, 0xf6, 0xcf, 0xff, 0x00,
    0x45, 0xad, 0x7d, 0xb7, 0x01, 0x7f, 0xc8, 0xca, 0x7f, 0xe0, 0x7f, 0xfa, 0x54, 0x4f, 0x3f, 0x33,
    0xfe, 0x12, 0xf5, 0xfd, 0x19, 0xcf, 0xd1, 0x5f, 0xad, 0x9e, 0x18, 0x51, 0x40, 0x1e, 0xc5, 0xe0,
    0x7f, 0xf9, 0x13, 0xec, 0x3f, 0xed, 0xa7, 0xfe, 0x8c, 0x6a, 0xe8, 0x2b, 0xf0, 0x0c, 0xe7, 0xfe,
    0x46, 0x58, 0x8f, 0xf1, 0xcf, 0xff, 0x00, 0x4a, 0x67, 0xd3, 0xe1, 0xff, 0x00, 0x85, 0x1f, 0x45,
    0xf9, 0x05, 0x15, 0xe6, 0x9a, 0x85, 0x78, 0xef, 0x8e, 0x3f, 0xe4, 0x70, 0xbf, 0xff, 0x00, 0xb6,
    0x7f, 0xfa, 0x2d, 0x6b, 0xed, 0xb8, 0x0b, 0xfe, 0x46, 0x53, 0xff, 0x00, 0x03, 0xff, 0x00, 0xd2,
    0xa2, 0x79, 0xf9, 0x9f, 0xf0, 0x97, 0xaf, 0xe8, 0xce, 0x7e, 0x8a, 0xfd, 0x6c, 0xf0, 0xc2, 0x8a,
    0x00, 0xf6, 0x2f, 0x03, 0xff, 0x00, 0xc8, 0x9f, 0x61, 0xff, 0x00, 0x6d, 0x3f, 0xf4, 0x63, 0x57,
    0x41, 0x5f, 0x80, 0x67, 0x3f, 0xf2, 0x32, 0xc4, 0x7f, 0x8e, 0x7f, 0xfa, 0x53, 0x3e, 0x9f, 0x0f,
    0xfc, 0x28, 0xfa, 0x2f, 0xc8, 0x28, 0xaf, 0x34, 0xd4, 0x2b, 0xc7, 0x7c, 0x71, 0xff, 0x00, 0x23,
    0x85, 0xff, 0x00, 0xfd, 0xb3, 0xff, 0x00, 0xd1, 0x6b, 0x5f, 0x6d, 0xc0, 0x5f, 0xf2, 0x32, 0x9f,
    0xf8, 0x1f, 0xfe, 0x95, 0x13, 0xcf, 0xcc, 0xff, 0x00, 0x84, 0xbd, 0x7f, 0x46, 0x73, 0xf4, 0x57,
    0xeb, 0x67, 0x86, 0x14, 0x50, 0x07, 0xb1, 0x78, 0x1f, 0xfe, 0x44, 0xfb, 0x0f, 0xfb, 0x69, 0xff,
    0x00, 0xa3, 0x1a, 0xba, 0x0a, 0xfc, 0x03, 0x39, 0xff, 0x00, 0x91, 0x96, 0x23, 0xfc, 0x73, 0xff,
    0x00, 0xd2, 0x99, 0xf4, 0xf8, 0x7f, 0xe1, 0x47, 0xd1, 0x7e, 0x41, 0x45, 0x79, 0xa6, 0xa1, 0x5e,
    0x3b, 0xe3, 0x8f, 0xf9, 0x1c, 0x2f, 0xff, 0x00, 0xed, 0x9f, 0xfe, 0x8b, 0x5a, 0xfb, 0x6e, 0x02,
    0xff, 0x00, 0x91, 0x94, 0xff, 0x00, 0xc0, 0xff, 0x00, 0xf4, 0xa8, 0x9e, 0x7e, 0x67, 0xfc, 0x25,
    0xeb, 0xfa, 0x33, 0x9f, 0xa2, 0xbf, 0x5b, 0x3c, 0x30, 0xa2, 0x80, 0x3d, 0x8b, 0xc0, 0xff, 0x00,
    0xf2, 0x27, 0xd8, 0x7f, 0xdb, 0x4f, 0xfd, 0x18, 0xd5, 0xd0, 0x57, 0xe0, 0x19, 0xcf, 0xfc, 0x8c,
    0xb1, 0x1f, 0xe3, 0x9f, 0xfe, 0x94, 0xcf, 0xa7, 0xc3, 0xff, 0x00, 0x0a, 0x3e, 0x8b, 0xf2, 0x0a,
    0x2b, 0xcd, 0x35, 0x0a, 0xf1, 0xdf, 0x1c, 0x7f, 0xc8, 0xe1, 0x7f, 0xff, 0x00, 0x6c, 0xff, 0x00,
    0xf4, 0x5a, 0xd7, 0xdb, 0x70, 0x17, 0xfc, 0x8c, 0xa7, 0xfe, 0x07, 0xff, 0x00, 0xa5, 0x44, 0xf3,
    0xf3, 0x3f, 0xe1, 0x2f, 0x5f, 0xd1, 0x9c, 0xfd, 0x15, 0xfa, 0xd9, 0xe1, 0x85, 0x14, 0x01, 0xec,
    0x5e, 0x07, 0xff, 0x00, 0x91, 0x3e, 0xc3, 0xfe, 0xda, 0x7f, 0xe8, 0xc6, 0xae, 0x82, 0xbf, 0x00,
    0xce, 0x7f, 0xe4, 0x65, 0x88, 0xff, 0x00, 0x1c, 0xff, 0x00, 0xf4, 0xa6, 0x7d, 0x3e, 0x1f, 0xf8,
    0x51, 0xf4, 0x5f, 0x90, 0x51, 0x5e, 0x69, 0xa8, 0x57, 0x8e, 0xf8, 0xe3, 0xfe, 0x47, 0x0b, 0xff,
    0x00, 0xfb, 0x67, 0xff, 0x00, 0xa2, 0xd6, 0xbe, 0xdb, 0x80, 0xbf, 0xe4, 0x65, 0x3f, 0xf0, 0x3f,
    0xfd, 0x2a, 0x27, 0x9f, 0x99, 0xff, 0x00, 0x09, 0x7a, 0xfe, 0x8c, 0xe7, 0xe8, 0xaf, 0xd6, 0xcf,
    0x0c, 0x28, 0xa0, 0x0f, 0x62, 0xf0, 0x3f, 0xfc, 0x89, 0xf6, 0x1f, 0xf6, 0xd3, 0xff, 0x00, 0x46,
    0x35, 0x74, 0x15, 0xf8, 0x06, 0x73, 0xff, 0x00, 0x23, 0x2c, 0x47, 0xf8, 0xe7, 0xff, 0x00, 0xa5,
    0x33, 0xe9, 0xf0, 0xff, 0x00, 0xc2, 0x8f, 0xa2, 0xfc, 0x82, 0x8a, 0xf3, 0x4d, 0x42, 0xbc, 0x77,
    0xc7, 0x1f, 0xf2, 0x38, 0x5f, 0xff, 0x00, 0xdb, 0x3f, 0xfd, 0x16, 0xb5, 0xf6, 0xdc, 0x05, 0xff,
    0x00, 0x23, 0x29, 0xff, 0x00, 0x81, 0xff, 0x00, 0xe9, 0x51, 0x3c, 0xfc, 0xcf, 0xf8, 0x4b, 0xd7,
    0xf4, 0x67, 0x3f, 0x45, 0x7e, 0xb6, 0x78, 0x61, 0x45, 0x00, 0x7b, 0x17, 0x81, 0xff, 0x00, 0xe4,
    0x4f, 0xb0, 0xff, 0x00, 0xb6, 0x9f, 0xfa, 0x31, 0xab, 0xa0, 0xaf, 0xc0, 0x33, 0x9f, 0xf9, 0x19,
    0x62, 0x3f, 0xc7, 0x3f, 0xfd, 0x29, 0x9f, 0x4f, 0x87, 0xfe, 0x14, 0x7d, 0x17, 0xe4, 0x14, 0x57,
    0x9a, 0x6a, 0x15, 0xe3, 0xbe, 0x38, 0xff, 0x00, 0x91, 0xc2, 0xff, 0x00, 0xfe, 0xd9, 0xff, 0x00,
    0xe8, 0xb5, 0xaf, 0xb6, 0xe0, 0x2f, 0xf9, 0x19, 0x4f, 0xfc, 0x0f, 0xff, 0x00, 0x4a, 0x89, 0xe7,
    0xe6, 0x7f, 0xc2, 0x5e, 0xbf, 0xa3, 0x39, 0xfa, 0x2b, 0xf5, 0xb3, 0xc3, 0x0a, 0x28, 0x03, 0xd8,
    0xbc, 0x0f, 0xff, 0x00, 0x22, 0x7d, 0x87, 0xfd, 0xb4, 0xff, 0x00, 0xd1, 0x8d, 0x5d, 0x05, 0x7e,
    0x01, 0x9c, 0xff, 0x00, 0xc8, 0xcb, 0x11, 0xfe, 0x39, 0xff, 0x00, 0xe9, 0x4c, 0xfa, 0x7c, 0x3f,
    0xf0, 0xa3, 0xe8, 0xbf, 0x20, 0xa2, 0xbc, 0xd3, 0x50, 0xaf, 0x1d, 0xf1, 0xc7, 0xfc, 0x8e, 0x17,
    0xff, 0x00, 0xf6, 0xcf, 0xff, 0x00, 0x45, 0xad, 0x7d, 0xb7, 0x01, 0x7f, 0xc8, 0xca, 0x7f, 0xe0,
    0x7f, 0xfa, 0x54, 0x4f, 0x3f, 0x33, 0xfe, 0x12, 0xf5, 0xfd, 0x19, 0xcf, 0xd1, 0x5f, 0xad, 0x9e,
    0x18, 0x51, 0x40, 0x1e, 0xc5, 0xe0, 0x7f, 0xf9, 0x13, 0xec, 0x3f, 0xed, 0xa7, 0xfe, 0x8c, 0x6a,
    0xe8, 0x2b, 0xf0, 0x0c, 0xe7, 0xfe, 0x46, 0x58, 0x8f, 0xf1, 0xcf, 0xff, 0x00, 0x4a, 0x67, 0xd3,
    0xe1, 0xff, 0x00, 0x85, 0x1f, 0x45, 0xf9, 0x05, 0x15, 0xe6, 0x9a, 0x85, 0x78, 0xef, 0x8e, 0x3f,
    0xe4, 0x70, 0xbf, 0xff, 0x00, 0xb6, 0x7f, 0xfa, 0x2d, 0x6b, 0xed, 0xb8, 0x0b, 0xfe, 0x46, 0x53,
    0xff, 0x00, 0x03, 0xff, 0x00, 0xd2, 0xa2, 0x79, 0xf9, 0x9f, 0xf0, 0x97, 0xaf, 0xe8, 0xce, 0x7e,
    0x8a, 0xfd, 0x6c, 0xf0, 0xc2, 0x8a, 0x00, 0xf6, 0x2f, 0x03, 0xff, 0x00, 0xc8, 0x9f, 0x61, 0xff,
    0x00, 0x6d, 0x3f, 0xf4, 0x63, 0x57, 0x41, 0x5f, 0x80, 0x67, 0x3f, 0xf2, 0x32, 0xc4, 0x7f, 0x8e,
    0x7f, 0xfa, 0x53, 0x3e, 0x9f, 0x0f, 0xfc, 0x28, 0xfa, 0x2f, 0xc8, 0x28, 0xaf, 0x34, 0xd4, 0x2b,
    0xc7, 0x7c, 0x71, 0xff, 0x00, 0x23, 0x85, 0xff, 0x00, 0xfd, 0xb3, 0xff, 0x00, 0xd1, 0x6b, 0x5f,
    0x6d, 0xc0, 0x5f, 0xf2, 0x32, 0x9f, 0xf8, 0x1f, 0xfe, 0x95, 0x13, 0xcf, 0xcc, 0xff, 0x00, 0x84,
    0xbd, 0x7f, 0x46, 0x73, 0xf4, 0x57, 0xeb, 0x67, 0x86, 0x14, 0x50, 0x07, 0xb1, 0x78, 0x1f, 0xfe,
    0x44, 0xfb, 0x0f, 0xfb, 0x69, 0xff, 0x00, 0xa3, 0x1a, 0xba, 0x0a, 0xfc, 0x03, 0x39, 0xff, 0x00,
    0x91, 0x96, 0x23, 0xfc, 0x73, 0xff, 0x00, 0xd2, 0x99, 0xf4, 0xf8, 0x7f, 0xe1, 0x47, 0xd1, 0x7e,
    0x41, 0x45, 0x79, 0xa6, 0xa1, 0x5e, 0x3b, 0xe3, 0x8f, 0xf9, 0x1c, 0x2f, 0xff, 0x00, 0xed, 0x9f,
    0xfe, 0x8b, 0x5a, 0xfb, 0x6e, 0x02, 0xff, 0x00, 0x91, 0x94, 0xff, 0x00, 0xc0, 0xff, 0x00, 0xf4,
    0xa8, 0x9e, 0x7e, 0x67, 0xfc, 0x25, 0xeb, 0xfa, 0x33, 0x9f, 0xa2, 0xbf, 0x5b, 0x3c, 0x30, 0xa2,
    0x80, 0x3d, 0x8b, 0xc0, 0xff, 0x00, 0xf2, 0x27, 0xd8, 0x7f, 0xdb, 0x4f, 0xfd, 0x18, 0xd5, 0xd0,
    0x57, 0xe0, 0x19, 0xcf, 0xfc, 0x8c, 0xb1, 0x1f, 0xe3, 0x9f, 0xfe, 0x94, 0xcf, 0xa7, 0xc3, 0xff,
    0x00, 0x0a, 0x3e, 0x8b, 0xf2, 0x0a, 0x2b, 0xcd, 0x35, 0x3e, 0x7d, 0xaf, 0x62, 0xf0, 0x3f, 0xfc,
    0x89, 0xf6, 0x1f, 0xf6, 0xd3, 0xff, 0x00, 0x46, 0x35, 0x7e, 0xb5, 0xc7, 0xbf, 0xf2, 0x2d, 0x87,
    0xf8, 0xd7, 0xfe, 0x93, 0x23, 0xc4, 0xcb, 0x3f, 0x8a, 0xfd, 0x3f, 0x54, 0x74, 0x14, 0x57, 0xe4,
    0xa7, 0xb6, 0x14, 0x50, 0x07, 0x8e, 0xf8, 0xe3, 0xfe, 0x47, 0x0b, 0xff, 0x00, 0xfb, 0x67, 0xff,
    0x00, 0xa2, 0xd6, 0xb9, 0xfa, 0xfd, 0xff, 0x00, 0x26, 0xff, 0x00, 0x91, 0x6e, 0x1f, 0xfc, 0x10,
    0xff, 0x00, 0xd2, 0x51, 0xf3, 0x18, 0x8f, 0xe2, 0xcb, 0xd5, 0xfe, 0x61, 0x45, 0x7a, 0x46, 0x41,
    0x5e, 0xc5, 0xe0, 0x7f, 0xf9, 0x13, 0xec, 0x3f, 0xed, 0xa7, 0xfe, 0x8c, 0x6a, 0xf8, 0x8e, 0x3d,
    0xff, 0x00, 0x91, 0x6c, 0x3f, 0xc6, 0xbf, 0xf4, 0x99, 0x1e, 0x8e, 0x59, 0xfc, 0x57, 0xe9, 0xfa,
    0xa3, 0xa0, 0xa2, 0xbf, 0x25, 0x3d, 0xb0, 0xa2, 0x80, 0x3c, 0x77, 0xc7, 0x1f, 0xf2, 0x38, 0x5f,
    0xff, 0x00, 0xdb, 0x3f, 0xfd, 0x16, 0xb5, 0xcf, 0xd7, 0xef, 0xf9, 0x37, 0xfc, 0x8b, 0x70, 0xff,
    0x00, 0xe0, 0x87, 0xfe, 0x92, 0x8f, 0x98, 0xc4, 0x7f, 0x16, 0x5e, 0xaf, 0xf3, 0x0a, 0x2b, 0xd2,
    0x32, 0x0a, 0xf6, 0x2f, 0x03, 0xff, 0x00, 0xc8, 0x9f, 0x61, 0xff, 0x00, 0x6d, 0x3f, 0xf4, 0x63,
    0x57, 0xc4, 0x71, 0xef, 0xfc, 0x8b, 0x61, 0xfe, 0x35, 0xff, 0x00, 0xa4, 0xc8, 0xf4, 0x72, 0xcf,
    0xe2, 0xbf, 0x4f, 0xd5, 0x1d, 0x05, 0x15, 0xf9, 0x29, 0xed, 0x85, 0x14, 0x01, 0xe3, 0xbe, 0x38,
    0xff, 0x00, 0x91, 0xc2, 0xff, 0x00, 0xfe, 0xd9, 0xff, 0x00, 0xe8, 0xb5, 0xae, 0x7e, 0xbf, 0x7f,
    0xc9, 0xbf, 0xe4, 0x5b, 0x87, 0xff, 0x00, 0x04, 0x3f, 0xf4, 0x94, 0x7c, 0xc6, 0x23, 0xf8, 0xb2,
    0xf5, 0x7f, 0x98, 0x51, 0x5e, 0x91, 0x90, 0x57, 0xb1, 0x78, 0x1f, 0xfe, 0x44, 0xfb, 0x0f, 0xfb,
    0x69, 0xff, 0x00, 0xa3, 0x1a, 0xbe, 0x23, 0x8f, 0x7f, 0xe4, 0x5b, 0x0f, 0xf1, 0xaf, 0xfd, 0x26,
    0x47, 0xa3, 0x96, 0x7f, 0x15, 0xfa, 0x7e, 0xa8, 0xe8, 0x28, 0xaf, 0xc9, 0x4f, 0x6c, 0x28, 0xa0,
    0x0f, 0x1d, 0xf1, 0xc7, 0xfc, 0x8e, 0x17, 0xff, 0x00, 0xf6, 0xcf, 0xff, 0x00, 0x45, 0xad, 0x73,
    0xf5, 0xfb, 0xfe, 0x4d, 0xff, 0x00, 0x22, 0xdc, 0x3f, 0xf8, 0x21, 0xff, 0x00, 0xa4, 0xa3, 0xe6,
    0x31, 0x1f, 0xc5, 0x97, 0xab, 0xfc, 0xc2, 0x8a, 0xf4, 0x8c, 0x82, 0xbd, 0x8b, 0xc0, 0xff, 0x00,
    0xf2, 0x27, 0xd8, 0x7f, 0xdb, 0x4f, 0xfd, 0x18, 0xd5, 0xf1, 0x1c, 0x7b, 0xff, 0x00, 0x22, 0xd8,
    0x7f, 0x8d, 0x7f, 0xe9, 0x32, 0x3d, 0x1c, 0xb3, 0xf8, 0xaf, 0xd3, 0xf5, 0x47, 0x41, 0x45, 0x7e,
    0x4a, 0x7b, 0x61, 0x45, 0x00, 0x78, 0xef, 0x8e, 0x3f, 0xe4, 0x70, 0xbf, 0xff, 0x00, 0xb6, 0x7f,
    0xfa, 0x2d, 0x6b, 0x9f, 0xaf, 0xdf, 0xf2, 0x6f, 0xf9, 0x16, 0xe1, 0xff, 0x00, 0xc1, 0x0f, 0xfd,
    0x25, 0x1f, 0x31, 0x88, 0xfe, 0x2c, 0xbd, 0x5f, 0xe6, 0x14, 0x57, 0xa4, 0x64, 0x15, 0xec, 0x5e,
    0x07, 0xff, 0x00, 0x91, 0x3e, 0xc3, 0xfe, 0xda, 0x7f, 0xe8, 0xc6, 0xaf, 0x88, 0xe3, 0xdf, 0xf9,
    0x16, 0xc3, 0xfc, 0x6b, 0xff, 0x00, 0x49, 0x91, 0xe8, 0xe5, 0x9f, 0xc5, 0x7e, 0x9f, 0xaa, 0x3a,
    0x0a, 0x2b, 0xf2, 0x53, 0xdb, 0x0a, 0x28, 0x03, 0xc7, 0x7c, 0x71, 0xff, 0x00, 0x23, 0x85, 0xff,
    0x00, 0xfd, 0xb3, 0xff, 0x00, 0xd1, 0x6b, 0x5c, 0xfd, 0x7e, 0xff, 0x00, 0x93, 0x7f, 0xc8, 0xb7,
    0x0f, 0xfe, 0x08, 0x7f, 0xe9, 0x28, 0xf9, 0x8c, 0x47, 0xf1, 0x65, 0xea, 0xff, 0x00, 0x30, 0xa2,
    0xbd, 0x23, 0x20, 0xaf, 0x62, 0xf0, 0x3f, 0xfc, 0x89, 0xf6, 0x1f, 0xf6, 0xd3, 0xff, 0x00, 0x46,
    0x35, 0x7c, 0x47, 0x1e, 0xff, 0x00, 0xc8, 0xb6, 0x1f, 0xe3, 0x5f, 0xfa, 0x4c, 0x8f, 0x47, 0x2c,
    0xfe, 0x2b, 0xf4, 0xfd, 0x51, 0xd0, 0x51, 0x5f, 0x92, 0x9e, 0xd8, 0x51, 0x40, 0x1e, 0x3b, 0xe3,
    0x8f, 0xf9, 0x1c, 0x2f, 0xff, 0x00, 0xed, 0x9f, 0xfe, 0x8b, 0x5a, 0xe7, 0xeb, 0xf7, 0xfc, 0x9b,
    0xfe, 0x45, 0xb8, 0x7f, 0xf0, 0x43, 0xff, 0x00, 0x49, 0x47, 0xcc, 0x62, 0x3f, 0x8b, 0x2f, 0x57,
    0xf9, 0x85, 0x15, 0xe9, 0x19, 0x05, 0x7b, 0x17, 0x81, 0xff, 0x00, 0xe4, 0x4f, 0xb0, 0xff, 0x00,
    0xb6, 0x9f, 0xfa, 0x31, 0xab, 0xe2, 0x38, 0xf7, 0xfe, 0x45, 0xb0, 0xff, 0x00, 0x1a, 0xff, 0x00,
    0xd2, 0x64, 0x7a, 0x39, 0x67, 0xf1, 0x5f, 0xa7, 0xea, 0x8e, 0x82, 0x8a, 0xfc, 0x94, 0xf6, 0xc2,
    0x8a, 0x00, 0xf1, 0xdf, 0x1c, 0x7f, 0xc8, 0xe1, 0x7f, 0xff, 0x00, 0x6c, 0xff, 0x00, 0xf4, 0x5a,
    0xd7, 0x3f, 0x5f, 0xbf, 0xe4, 0xdf, 0xf2, 0x2d, 0xc3, 0xff, 0x00, 0x82, 0x1f, 0xfa, 0x4a, 0x3e,
    0x63, 0x11, 0xfc, 0x59, 0x7a, 0xbf, 0xcc, 0x28, 0xaf, 0x48, 0xc8, 0x2b, 0xd8, 0xbc, 0x0f, 0xff,
    0x00, 0x22, 0x7d, 0x87, 0xfd, 0xb4, 0xff, 0x00, 0xd1, 0x8d, 0x5f, 0x11, 0xc7, 0xbf, 0xf2, 0x2d,
    0x87, 0xf8, 0xd7, 0xfe, 0x93, 0x23, 0xd1, 0xcb, 0x3f, 0x8a, 0xfd, 0x3f, 0x54, 0x74, 0x14, 0x57,
    0xe4, 0xa7, 0xb6, 0x14, 0x50, 0x07, 0x8e, 0xf8, 0xe3, 0xfe, 0x47, 0x0b, 0xff, 0x00, 0xfb, 0x67,
    0xff, 0x00, 0xa2, 0xd6, 0xb9, 0xfa, 0xfd, 0xff, 0x00, 0x26, 0xff, 0x00, 0x91, 0x6e, 0x1f, 0xfc,
    0x10, 0xff, 0x00, 0xd2, 0x51, 0xf3, 0x18, 0x8f, 0xe2, 0xcb, 0xd5, 0xfe, 0x61, 0x45, 0x7a, 0x46,
    0x41, 0x5e, 0xc5, 0xe0, 0x7f, 0xf9, 0x13, 0xec, 0x3f, 0xed, 0xa7, 0xfe, 0x8c, 0x6a, 0xf8, 0x8e,
    0x3d, 0xff, 0x00, 0x91, 0x6c, 0x3f, 0xc6, 0xbf, 0xf4, 0x99, 0x1e, 0x8e, 0x59, 0xfc, 0x57, 0xe9,
    0xfa, 0xa3, 0xa0, 0xa2, 0xbf, 0x25, 0x3d, 0xb0, 0xa2, 0x80, 0x3c, 0x77, 0xc7, 0x1f, 0xf2, 0x38,
    0x5f, 0xff, 0x00, 0xdb, 0x3f, 0xfd, 0x16, 0xb5, 0xcf, 0xd7, 0xef, 0xf9, 0x37, 0xfc, 0x8b, 0x70,
    0xff, 0x00, 0xe0, 0x87, 0xfe, 0x92, 0x8f, 0x98, 0xc4, 0x7f, 0x16, 0x5e, 0xaf, 0xf3, 0x0a, 0x2b,
    0xd2, 0x32, 0x0a, 0xf6, 0x2f, 0x03, 0xff, 0x00, 0xc8, 0x9f, 0x61, 0xff, 0x00, 0x6d, 0x3f, 0xf4,
    0x63, 0x57, 0xc4, 0x71, 0xef, 0xfc, 0x8b, 0x61, 0xfe, 0x35, 0xff, 0x00, 0xa4, 0xc8, 0xf4, 0x72,
    0xcf, 0xe2, 0xbf, 0x4f, 0xd5, 0x1d, 0x05, 0x15, 0xf9, 0x29, 0xed, 0x85, 0x14, 0x01, 0xe3, 0xbe,
    0x38, 0xff, 0x00, 0x91, 0xc2, 0xff, 0x00, 0xfe, 0xd9, 0xff, 0x00, 0xe8, 0xb5, 0xae, 0x7e, 0xbf,
    0x7f, 0xc9, 0xbf, 0xe4, 0x5b, 0x87, 0xff, 0x00, 0x04, 0x3f, 0xf4, 0x94, 0x7c, 0xc6, 0x23, 0xf8,
    0xb2, 0xf5, 0x7f, 0x98, 0x51, 0x5e, 0x91, 0x90, 0x57, 0xb1, 0x78, 0x1f, 0xfe, 0x44, 0xfb, 0x0f,
    0xfb, 0x69, 0xff, 0x00, 0xa3, 0x1a, 0xbe, 0x23, 0x8f, 0x7f, 0xe4, 0x5b, 0x0f, 0xf1, 0xaf, 0xfd,
    0x26, 0x47, 0xa3, 0x96, 0x7f, 0x15, 0xfa, 0x7e, 0xa8, 0xe8, 0x28, 0xaf, 0xc9, 0x4f, 0x6c, 0x28,
    0xa0, 0x0f, 0x1d, 0xf1, 0xc7, 0xfc, 0x8e, 0x17, 0xff, 0x00, 0xf6, 0xcf, 0xff, 0x00, 0x45, 0xad,
    0x73, 0xf5, 0xfb, 0xfe, 0x4d, 0xff, 0x00, 0x22, 0xdc, 0x3f, 0xf8, 0x21, 0xff, 0x00, 0xa4, 0xa3,
    0xe6, 0x31, 0x1f, 0xc5, 0x97, 0xab, 0xfc, 0xc2, 0x8a, 0xf4, 0x8c, 0x82, 0xbd, 0x8b, 0xc0, 0xff,
    0x00, 0xf2, 0x27, 0xd8, 0x7f, 0xdb, 0x4f, 0xfd, 0x18, 0xd5, 0xf1, 0x1c, 0x7b, 0xff, 0x00, 0x22,
    0xd8, 0x7f, 0x8d, 0x7f, 0xe9, 0x32, 0x3d, 0x1c, 0xb3, 0xf8, 0xaf, 0xd3, 0xf5, 0x47, 0x41, 0x45,
    0x7e, 0x4a, 0x7b, 0x61, 0x45, 0x00, 0x78, 0xef, 0x8e, 0x3f, 0xe4, 0x70, 0xbf, 0xff, 0x00, 0xb6,
    0x7f, 0xfa, 0x2d, 0x6b, 0x9f, 0xaf, 0xdf, 0xf2, 0x6f, 0xf9, 0x16, 0xe1, 0xff, 0x00, 0xc1, 0x0f,
    0xfd, 0x25, 0x1f, 0x31, 0x88, 0xfe, 0x2c, 0xbd, 0x5f, 0xe6, 0x14, 0x57, 0xa4, 0x64, 0x15, 0xec,
    0x5e, 0x07, 0xff, 0x00, 0x91, 0x3e, 0xc3, 0xfe, 0xda, 0x7f, 0xe8, 0xc6, 0xaf, 0x88, 0xe3, 0xdf,
    0xf9, 0x16, 0xc3, 0xfc, 0x6b, 0xff, 0x00, 0x49, 0x91, 0xe8, 0xe5, 0x9f, 0xc5, 0x7e, 0x9f, 0xaa,
    0x3a, 0x0a, 0x2b, 0xf2, 0x53, 0xdb, 0x0a, 0x28, 0x03, 0xc7, 0x7c, 0x71, 0xff, 0x00, 0x23, 0x85,
    0xff, 0x00, 0xfd, 0xb3, 0xff, 0x00, 0xd1, 0x6b, 0x5c, 0xfd, 0x7e, 0xff, 0x00, 0x93, 0x7f, 0xc8,
    0xb7, 0x0f, 0xfe, 0x08, 0x7f, 0xe9, 0x28, 0xf9, 0x8c, 0x47, 0xf1, 0x65, 0xea, 0xff, 0x00, 0x30,
    0xa2, 0xbd, 0x23, 0x20, 0xaf, 0x62, 0xf0, 0x3f, 0xfc, 0x89, 0xf6, 0x1f, 0xf6, 0xd3, 0xff, 0x00,
    0x46, 0x35, 0x7c, 0x47, 0x1e, 0xff, 0x00, 0xc8, 0xb6, 0x1f, 0xe3, 0x5f, 0xfa, 0x4c, 0x8f, 0x47,
    0x2c, 0xfe, 0x2b, 0xf4, 0xfd, 0x51, 0xd0, 0x51, 0x5f, 0x92, 0x9e, 0xd8, 0x51, 0x40, 0x1e, 0x3b,
    0xe3, 0x8f, 0xf9, 0x1c, 0x2f, 0xff, 0x00, 0xed, 0x9f, 0xfe, 0x8b, 0x5a, 0xe7, 0xeb, 0xf7, 0xfc,
    0x9b, 0xfe, 0x45, 0xb8, 0x7f, 0xf0, 0x43, 0xff, 0x00, 0x49, 0x47, 0xcc, 0x62, 0x3f, 0x8b, 0x2f,
    0x57, 0xf9, 0x85, 0x15, 0xe9, 0x19, 0x05, 0x7b, 0x17, 0x81, 0xff, 0x00, 0xe4, 0x4f, 0xb0, 0xff,
    0x00, 0xb6, 0x9f, 0xfa, 0x31, 0xab, 0xe2, 0x38, 0xf7, 0xfe, 0x45, 0xb0, 0xff, 0x00, 0x1a, 0xff,
    0x00, 0xd2, 0x64, 0x7a, 0x39, 0x67, 0xf1, 0x5f, 0xa7, 0xea, 0x8e, 0x82, 0x8a, 0xfc, 0x94, 0xf6,
    0xc2, 0x8a, 0x00, 0xf1, 0xdf, 0x1c, 0x7f, 0xc8, 0xe1, 0x7f, 0xff, 0x00, 0x6c, 0xff, 0x00, 0xf4,
    0x5a, 0xd7, 0x3f, 0x5f, 0xbf, 0xe4, 0xdf, 0xf2, 0x2d, 0xc3, 0xff, 0x00, 0x82, 0x1f, 0xfa, 0x4a,
    0x3e, 0x63, 0x11, 0xfc, 0x59, 0x7a, 0xbf, 0xcc, 0x28, 0xaf, 0x48, 0xc8, 0x2b, 0xd8, 0xbc, 0x0f,
    0xff, 0x00, 0x22, 0x7d, 0x87, 0xfd, 0xb4, 0xff, 0x00, 0xd1, 0x8d, 0x5f, 0x11, 0xc7, 0xbf, 0xf2,
    0x2d, 0x87, 0xf8, 0xd7, 0xfe, 0x93, 0x23, 0xd1, 0xcb, 0x3f, 0x8a, 0xfd, 0x3f, 0x54, 0x74, 0x14,
    0x57, 0xe4, 0xa7, 0xb6, 0x14, 0x50, 0x07, 0x8e, 0xf8, 0xe3, 0xfe, 0x47, 0x0b, 0xff, 0x00, 0xfb,
    0x67, 0xff, 0x00, 0xa2, 0xd6, 0xb9, 0xfa, 0xfd, 0xff, 0x00, 0x26, 0xff, 0x00, 0x91, 0x6e, 0x1f,
    0xfc, 0x10, 0xff, 0x00, 0xd2, 0x51, 0xf3, 0x18, 0x8f, 0xe2, 0xcb, 0xd5, 0xfe, 0x61, 0x45, 0x7a,
    0x46, 0x41, 0x5e, 0xc5, 0xe0, 0x7f, 0xf9, 0x13, 0xec, 0x3f, 0xed, 0xa7, 0xfe, 0x8c, 0x6a, 0xf8,
    0x8e, 0x3d, 0xff, 0x00, 0x91, 0x6c, 0x3f, 0xc6, 0xbf, 0xf4, 0x99, 0x1e, 0x8e, 0x59, 0xfc, 0x57,
    0xe9, 0xfa, 0xa3, 0xa0, 0xa2, 0xbf, 0x25, 0x3d, 0xb0, 0xa2, 0x80, 0x3c, 0x77, 0xc7, 0x1f, 0xf2,
    0x38, 0x5f, 0xff, 0x00, 0xdb, 0x3f, 0xfd, 0x16, 0xb5, 0xcf, 0xd7, 0xef, 0xf9, 0x37, 0xfc, 0x8b,
    0x70, 0xff, 0x00, 0xe0, 0x87, 0xfe, 0x92, 0x8f, 0x98, 0xc4, 0x7f, 0x16, 0x5e, 0xaf, 0xf3, 0x0a,
    0x2b, 0xd2, 0x32, 0x0a, 0xf6, 0x2f, 0x03, 0xff, 0x00, 0xc8, 0x9f, 0x61, 0xff, 0x00, 0x6d, 0x3f,
    0xf4, 0x63, 0x57, 0xc4, 0x71, 0xef, 0xfc, 0x8b, 0x61, 0xfe, 0x35, 0xff, 0x00, 0xa4, 0xc8, 0xf4,
    0x72, 0xcf, 0xe2, 0xbf, 0x4f, 0xd5, 0x1d, 0x05, 0x15, 0xf9, 0x29, 0xed, 0x85, 0x14, 0x01, 0xe3,
    0xbe, 0x38, 0xff, 0x00, 0x91, 0xc2, 0xff, 0x00, 0xfe, 0xd9, 0xff, 0x00, 0xe8, 0xb5, 0xae, 0x7e,
    0xbf, 0x7f, 0xc9, 0xbf, 0xe4, 0x5b, 0x87, 0xff, 0x00, 0x04, 0x3f, 0xf4, 0x94, 0x7c, 0xc6, 0x23,
    0xf8, 0xb2, 0xf5, 0x7f, 0x98, 0x51, 0x5e, 0x91, 0x90, 0x57, 0xb1, 0x78, 0x1f, 0xfe, 0x44, 0xfb,
    0x0f, 0xfb, 0x69, 0xff, 0x00, 0xa3, 0x1a, 0xbe, 0x23, 0x8f, 0x7f, 0xe4, 0x5b, 0x0f, 0xf1, 0xaf,
    0xfd, 0x26, 0x47, 0xa3, 0x96, 0x7f, 0x15, 0xfa, 0x7e, 0xa8, 0xe8, 0x28, 0xaf, 0xc9, 0x4f, 0x6c,
    0x28, 0xa0, 0x0f, 0x1d, 0xf1, 0xc7, 0xfc, 0x8e, 0x17, 0xff, 0x00, 0xf6, 0xcf, 0xff, 0x00, 0x45,
    0xad, 0x73, 0xf5, 0xfb, 0xfe, 0x4d, 0xff, 0x00, 0x22, 0xdc, 0x3f, 0xf8, 0x21, 0xff, 0x00, 0xa4,
    0xa3, 0xe6, 0x31, 0x1f, 0xc5, 0x97, 0xab, 0xfc, 0xc2, 0x8a, 0xf4, 0x8c, 0x8f, 0xa0, 0xab, 0xc7,
    0x7c, 0x71, 0xff, 0x00, 0x23, 0x85, 0xff, 0x00, 0xfd, 0xb3, 0xff, 0x00, 0xd1, 0x6b, 0x5f, 0x92,
    0x70, 0x17, 0xfc, 0x8c, 0xa7, 0xfe, 0x07, 0xff, 0x00, 0xa5, 0x44, 0xf7, 0x33, 0x3f, 0xe1, 0x2f,
    0x5f, 0xd1, 0x9c, 0xfd, 0x15, 0xfa, 0xd9, 0xe1, 0x85, 0x14, 0x01, 0xec, 0x5e, 0x07, 0xff, 0x00,
    0x91, 0x3e, 0xc3, 0xfe, 0xda, 0x7f, 0xe8, 0xc6, 0xae, 0x82, 0xbf, 0x00, 0xce, 0x7f, 0xe4, 0x65,
    0x88, 0xff, 0x00, 0x1c, 0xff, 0x00, 0xf4, 0xa6, 0x7d, 0x3e, 0x1f, 0xf8, 0x51, 0xf4, 0x5f, 0x90,
    0x51, 0x5e, 0x69, 0xa8, 0x57, 0x8e, 0xf8, 0xe3, 0xfe, 0x47, 0x0b, 0xff, 0x00, 0xfb, 0x67, 0xff,
    0x00, 0xa2, 0xd6, 0xbe, 0xdb, 0x80, 0xbf, 0xe4, 0x65, 0x3f, 0xf0, 0x3f, 0xfd, 0x2a, 0x27, 0x9f,
    0x99, 0xff, 0x00, 0x09, 0x7a, 0xfe, 0x8c, 0xe7, 0xe8, 0xaf, 0xd6, 0xcf, 0x0c, 0x28, 0xa0, 0x0f,
    0x62, 0xf0, 0x3f, 0xfc, 0x89, 0xf6, 0x1f, 0xf6, 0xd3, 0xff, 0x00, 0x46, 0x35, 0x74, 0x15, 0xf8,
    0x06, 0x73, 0xff, 0x00, 0x23, 0x2c, 0x47, 0xf8, 0xe7, 0xff, 0x00, 0xa5, 0x33, 0xe9, 0xf0, 0xff,
    0x00, 0xc2, 0x8f, 0xa2, 0xfc, 0x82, 0x8a, 0xf3, 0x4d, 0x42, 0xbc, 0x77, 0xc7, 0x1f, 0xf2, 0x38,
    0x5f, 0xff, 0x00, 0xdb, 0x3f, 0xfd, 0x16, 0xb5, 0xf6, 0xdc, 0x05, 0xff, 0x00, 0x23, 0x29, 0xff,
    0x00, 0x81, 0xff, 0x00, 0xe9, 0x51, 0x3c, 0xfc, 0xcf, 0xf8, 0x4b, 0xd7, 0xf4, 0x67, 0x3f, 0x45,
    0x7e, 0xb6, 0x78, 0x61, 0x45, 0x00, 0x7b, 0x17, 0x81, 0xff, 0x00, 0xe4, 0x4f, 0xb0, 0xff, 0x00,
    0xb6, 0x9f, 0xfa, 0x31, 0xab, 0xa0, 0xaf, 0xc0, 0x33, 0x9f, 0xf9, 0x19, 0x62, 0x3f, 0xc7, 0x3f,
    0xfd, 0x29, 0x9f, 0x4f, 0x87, 0xfe, 0x14, 0x7d, 0x17, 0xe4, 0x14, 0x57, 0x9a, 0x6a, 0x15, 0xe3,
    0xbe, 0x38, 0xff, 0x00, 0x91, 0xc2, 0xff, 0x00, 0xfe, 0xd9, 0xff, 0x00, 0xe8, 0xb5, 0xaf, 0xb6,
    0xe0, 0x2f, 0xf9, 0x19, 0x4f, 0xfc, 0x0f, 0xff, 0x00, 0x4a, 0x89, 0xe7, 0xe6, 0x7f, 0xc2, 0x5e,
    0xbf, 0xa3, 0x39, 0xfa, 0x2b, 0xf5, 0xb3, 0xc3, 0x0a, 0x28, 0x03, 0xd8, 0xbc, 0x0f, 0xff, 0x00,
    0x22, 0x7d, 0x87, 0xfd, 0xb4, 0xff, 0x00, 0xd1, 0x8d, 0x5d, 0x05, 0x7e, 0x01, 0x9c, 0xff, 0x00,
    0xc8, 0xcb, 0x11, 0xfe, 0x39, 0xff, 0x00, 0xe9, 0x4c, 0xfa, 0x7c, 0x3f, 0xf0, 0xa3, 0xe8, 0xbf,
    0x20, 0xa2, 0xbc, 0xd3, 0x50, 0xaf, 0x1d, 0xf1, 0xc7, 0xfc, 0x8e, 0x17, 0xff, 0x00, 0xf6, 0xcf,
    0xff, 0x00, 0x45, 0xad, 0x7d, 0xb7, 0x01, 0x7f, 0xc8, 0xca, 0x7f, 0xe0, 0x7f, 0xfa, 0x54, 0x4f,
    0x3f, 0x33, 0xfe, 0x12, 0xf5, 0xfd, 0x19, 0xcf, 0xd1, 0x5f, 0xad, 0x9e, 0x18, 0x51, 0x40, 0x1e,
    0xc5, 0xe0, 0x7f, 0xf9, 0x13, 0xec, 0x3f, 0xed, 0xa7, 0xfe, 0x8c, 0x6a, 0xe8, 0x2b, 0xf0, 0x0c,
    0xe7, 0xfe, 0x46, 0x58, 0x8f, 0xf1, 0xcf, 0xff, 0x00, 0x4a, 0x67, 0xd3, 0xe1, 0xff, 0x00, 0x85,
    0x1f, 0x45, 0xf9, 0x05, 0x15, 0xe6, 0x9a, 0x85, 0x78, 0xef, 0x8e, 0x3f, 0xe4, 0x70, 0xbf, 0xff,
    0x00, 0xb6, 0x7f, 0xfa, 0x2d, 0x6b, 0xed, 0xb8, 0x0b, 0xfe, 0x46, 0x53, 0xff, 0x00, 0x03, 0xff,
    0x00, 0xd2, 0xa2, 0x79, 0xf9, 0x9f, 0xf0, 0x97, 0xaf, 0xe8, 0xce, 0x7e, 0x8a, 0xfd, 0x6c, 0xf0,
    0xc2, 0x8a, 0x00, 0xf6, 0x2f, 0x03, 0xff, 0x00, 0xc8, 0x9f, 0x61, 0xff, 0x00, 0x6d, 0x3f, 0xf4,
    0x63, 0x57, 0x41, 0x5f, 0x80, 0x67, 0x3f, 0xf2, 0x32, 0xc4, 0x7f, 0x8e, 0x7f, 0xfa, 0x53, 0x3e,
    0x9f, 0x0f, 0xfc, 0x28, 0xfa, 0x2f, 0xc8, 0x28, 0xaf, 0x34, 0xd4, 0x2b, 0xc7, 0x7c, 0x71, 0xff,
    0x00, 0x23, 0x85, 0xff, 0x00, 0xfd, 0xb3, 0xff, 0x00, 0xd1, 0x6b, 0x5f, 0x6d, 0xc0, 0x5f, 0xf2,
    0x32, 0x9f, 0xf8, 0x1f, 0xfe, 0x95, 0x13, 0xcf, 0xcc, 0xff, 0x00, 0x84, 0xbd, 0x7f, 0x46, 0x73,
    0xf4, 0x57, 0xeb, 0x67, 0x86, 0x14, 0x50, 0x07, 0xb1, 0x78, 0x1f, 0xfe, 0x44, 0xfb, 0x0f, 0xfb,
    0x69, 0xff, 0x00, 0xa3, 0x1a, 0xba, 0x0a, 0xfc, 0x03, 0x39, 0xff, 0x00, 0x91, 0x96, 0x23, 0xfc,
    0x73, 0xff, 0x00, 0xd2, 0x99, 0xf4, 0xf8, 0x7f, 0xe1, 0x47, 0xd1, 0x7e, 0x41, 0x45, 0x79, 0xa6,
    0xa1, 0x5e, 0x3b, 0xe3, 0x8f, 0xf9, 0x1c, 0x2f, 0xff, 0x00, 0xed, 0x9f, 0xfe, 0x8b, 0x5a, 0xfb,
    0x6e, 0x02, 0xff, 0x00, 0x91, 0x94, 0xff, 0x00, 0xc0, 0xff, 0x00, 0xf4, 0xa8, 0x9e, 0x7e, 0x67,
    0xfc, 0x25, 0xeb, 0xfa, 0x33, 0x9f, 0xa2, 0xbf, 0x5b, 0x3c, 0x30, 0xa2, 0x80, 0x3d, 0x8b, 0xc0,
    0xff, 0x00, 0xf2, 0x27, 0xd8, 0x7f, 0xdb, 0x4f, 0xfd, 0x18, 0xd5, 0xd0, 0x57, 0xe0, 0x19, 0xcf,
    0xfc, 0x8c, 0xb1, 0x1f, 0xe3, 0x9f, 0xfe, 0x94, 0xcf, 0xa7, 0xc3, 0xff, 0x00, 0x0a, 0x3e, 0x8b,
    0xf2, 0x0a, 0x2b, 0xcd, 0x35, 0x0a, 0xf1, 0xdf, 0x1c, 0x7f, 0xc8, 0xe1, 0x7f, 0xff, 0x00, 0x6c,
    0xff, 0x00, 0xf4, 0x5a, 0xd7, 0xdb, 0x70, 0x17, 0xfc, 0x8c, 0xa7, 0xfe, 0x07, 0xff, 0x00, 0xa5,
    0x44, 0xf3, 0xf3, 0x3f, 0xe1, 0x2f, 0x5f, 0xd1, 0x9c, 0xfd, 0x15, 0xfa, 0xd9, 0xe1, 0x85, 0x14,
    0x01, 0xec, 0x5e, 0x07, 0xff, 0x00, 0x91, 0x3e, 0xc3, 0xfe, 0xda, 0x7f, 0xe8, 0xc6, 0xae, 0x82,
    0xbf, 0x00, 0xce, 0x7f, 0xe4, 0x65, 0x88, 0xff, 0x00, 0x1c, 0xff, 0x00, 0xf4, 0xa6, 0x7d, 0x3e,
    0x1f, 0xf8, 0x51, 0xf4, 0x5f, 0x90, 0x51, 0x5e, 0x69, 0xa8, 0x57, 0x8e, 0xf8, 0xe3, 0xfe, 0x47,
    0x0b, 0xff, 0x00, 0xfb, 0x67, 0xff, 0x00, 0xa2, 0xd6, 0xbe, 0xdb, 0x80, 0xbf, 0xe4, 0x65, 0x3f,
    0xf0, 0x3f, 0xfd, 0x2a, 0x27, 0x9f, 0x99, 0xff, 0x00, 0x09, 0x7a, 0xfe, 0x8c, 0xe7, 0xe8, 0xaf,
    0xd6, 0xcf, 0x0c, 0x28, 0xa0, 0x0f, 0x62, 0xf0, 0x3f, 0xfc, 0x89, 0xf6, 0x1f, 0xf6, 0xd3, 0xff,
    0x00, 0x46, 0x35, 0x74, 0x15, 0xf8, 0x06, 0x73, 0xff, 0x00, 0x23, 0x2c, 0x47, 0xf8, 0xe7, 0xff,
    0x00, 0xa5, 0x33, 0xe9, 0xf0, 0xff, 0x00, 0xc2, 0x8f, 0xa2, 0xfc, 0x82, 0x8a, 0xf3, 0x4d, 0x42,
    0xbc, 0x77, 0xc7, 0x1f, 0xf2, 0x38, 0x5f, 0xff, 0x00, 0xdb, 0x3f, 0xfd, 0x16, 0xb5, 0xf6, 0xdc,
    0x05, 0xff, 0x00, 0x23, 0x29, 0xff, 0x00, 0x81, 0xff, 0x00, 0xe9, 0x51, 0x3c, 0xfc, 0xcf, 0xf8,
    0x4b, 0xd7, 0xf4, 0x67, 0x3f, 0x45, 0x7e, 0xb6, 0x78, 0x61, 0x45, 0x00, 0x7b, 0x17, 0x81, 0xff,
    0x00, 0xe4, 0x4f, 0xb0, 0xff, 0x00, 0xb6, 0x9f, 0xfa, 0x31, 0xab, 0xa0, 0xaf, 0xc0, 0x33, 0x9f,
    0xf9, 0x19, 0x62, 0x3f, 0xc7, 0x3f, 0xfd, 0x29, 0x9f, 0x4f, 0x87, 0xfe, 0x14, 0x7d, 0x17, 0xe4,
    0x14, 0x57, 0x9a, 0x6a, 0x15, 0xe3, 0xbe, 0x38, 0xff, 0x00, 0x91, 0xc2, 0xff, 0x00, 0xfe, 0xd9,
    0xff, 0x00, 0xe8, 0xb5, 0xaf, 0xb6, 0xe0, 0x2f, 0xf9, 0x19, 0x4f, 0xfc, 0x0f, 0xff, 0x00, 0x4a,
    0x89, 0xe7, 0xe6, 0x7f, 0xc2, 0x5e, 0xbf, 0xa3, 0x39, 0xfa, 0x2b, 0xf5, 0xb3, 0xc3, 0x0a, 0x28,
    0x03, 0xd8, 0xbc, 0x0f, 0xff, 0x00, 0x22, 0x7d, 0x87, 0xfd, 0xb4, 0xff, 0x00, 0xd1, 0x8d, 0x5d,
    0x05, 0x7e, 0x01, 0x9c, 0xff, 0x00, 0xc8, 0xcb, 0x11, 0xfe, 0x39, 0xff, 0x00, 0xe9, 0x4c, 0xfa,
    0x7c, 0x3f, 0xf0, 0xa3, 0xe8, 0xbf, 0x20, 0xa2, 0xbc, 0xd3, 0x50, 0xaf, 0x1d, 0xf1, 0xc7, 0xfc,
    0x8e, 0x17, 0xff, 0x00, 0xf6, 0xcf, 0xff, 0x00, 0x45, 0xad, 0x7d, 0xb7, 0x01, 0x7f, 0xc8, 0xca,
    0x7f, 0xe0, 0x7f, 0xfa, 0x54, 0x4f, 0x3f, 0x33, 0xfe, 0x12, 0xf5, 0xfd, 0x19, 0xcf, 0xd1, 0x5f,
    0xad, 0x9e, 0x18, 0x51, 0x40, 0x1e, 0xc5, 0xe0, 0x7f, 0xf9, 0x13, 0xec, 0x3f, 0xed, 0xa7, 0xfe,
    0x8c, 0x6a, 0xe8, 0x2b, 0xf0, 0x0c, 0xe7, 0xfe, 0x46, 0x58, 0x8f, 0xf1, 0xcf, 0xff, 0x00, 0x4a,
    0x67, 0xd3, 0xe1, 0xff, 0x00, 0x85, 0x1f, 0x45, 0xf9, 0x05, 0x15, 0xe6, 0x9a, 0x85, 0x78, 0xef,
    0x8e, 0x3f, 0xe4, 0x70, 0xbf, 0xff, 0x00, 0xb6, 0x7f, 0xfa, 0x2d, 0x6b, 0xed, 0xb8, 0x0b, 0xfe,
    0x46, 0x53, 0xff, 0x00, 0x03, 0xff, 0x00, 0xd2, 0xa2, 0x79, 0xf9, 0x9f, 0xf0, 0x97, 0xaf, 0xe8,
    0xce, 0x7e, 0x8a, 0xfd, 0x6c, 0xf0, 0xc2, 0x8a, 0x00, 0xf6, 0x2f, 0x03, 0xff, 0x00, 0xc8, 0x9f,
    0x61, 0xff, 0x00, 0x6d, 0x3f, 0xf4, 0x63, 0x57, 0x41, 0x5f, 0x80, 0x67, 0x3f, 0xf2, 0x32, 0xc4,
    0x7f, 0x8e, 0x7f, 0xfa, 0x53, 0x3e, 0x9f, 0x0f, 0xfc, 0x28, 0xfa, 0x2f, 0xc8, 0x28, 0xaf, 0x34,
    0xd4, 0x2b, 0xc7, 0x7c, 0x71, 0xff, 0x00, 0x23, 0x85, 0xff, 0x00, 0xfd, 0xb3, 0xff, 0x00, 0xd1,
    0x6b, 0x5f, 0x6d, 0xc0, 0x5f, 0xf2, 0x32, 0x9f, 0xf8, 0x1f, 0xfe, 0x95, 0x13, 0xcf, 0xcc, 0xff,
    0x00, 0x84, 0xbd, 0x7f, 0x46, 0x73, 0xf4, 0x57, 0xeb, 0x67, 0x86, 0x14, 0x50, 0x07, 0xb1, 0x78,
    0x1f, 0xfe, 0x44, 0xfb, 0x0f, 0xfb, 0x69, 0xff, 0x00, 0xa3, 0x1a, 0xba, 0x0a, 0xfc, 0x03, 0x39,
    0xff, 0x00, 0x91, 0x96, 0x23, 0xfc, 0x73, 0xff, 0x00, 0xd2, 0x99, 0xf4, 0xf8, 0x7f, 0xe1, 0x47,
    0xd1, 0x7e, 0x41, 0x45, 0x79, 0xa6, 0xa1, 0x5e, 0x3b, 0xe3, 0x8f, 0xf9, 0x1c, 0x2f, 0xff, 0x00,
    0xed, 0x9f, 0xfe, 0x8b, 0x5a, 0xfb, 0x6e, 0x02, 0xff, 0x00, 0x91, 0x94, 0xff, 0x00, 0xc0, 0xff,
    0x00, 0xf4, 0xa8, 0x9e, 0x7e, 0x67, 0xfc, 0x25, 0xeb, 0xfa, 0x33, 0x9f, 0xa2, 0xbf, 0x5b, 0x3c,
    0x30, 0xa2, 0x80, 0x3d, 0x8b, 0xc0, 0xff, 0x00, 0xf2, 0x27, 0xd8, 0x7f, 0xdb, 0x4f, 0xfd, 0x18,
    0xd5, 0xd0, 0x57, 0xe0, 0x19, 0xcf, 0xfc, 0x8c, 0xb1, 0x1f, 0xe3, 0x9f, 0xfe, 0x94, 0xcf, 0xa7,
    0xc3, 0xff, 0x00, 0x0a, 0x3e, 0x8b, 0xf2, 0x0a, 0x2b, 0xcd, 0x35, 0x0a, 0xf1, 0xdf, 0x1c, 0x7f,
    0xc8, 0xe1, 0x7f, 0xff, 0x00, 0x6c, 0xff, 0x00, 0xf4, 0x5a, 0xd7, 0xdb, 0x70, 0x17, 0xfc, 0x8c,
    0xa7, 0xfe, 0x07, 0xff, 0x00, 0xa5, 0x44, 0xf3, 0xf3, 0x3f, 0xe1, 0x2f, 0x5f, 0xd1, 0x9c, 0xfd,
    0x15, 0xfa, 0xd9, 0xe1, 0x85, 0x14, 0x01, 0xec, 0x5e, 0x07, 0xff, 0x00, 0x91, 0x3e, 0xc3, 0xfe,
    0xda, 0x7f, 0xe8, 0xc6, 0xae, 0x82, 0xbf, 0x00, 0xce, 0x7f, 0xe4, 0x65, 0x88, 0xff, 0x00, 0x1c,
    0xff, 0x00, 0xf4, 0xa6, 0x7d, 0x3e, 0x1f, 0xf8, 0x51, 0xf4, 0x5f, 0x90, 0x51, 0x5e, 0x69, 0xa8,
    0x57, 0x8e, 0xf8, 0xe3, 0xfe, 0x47, 0x0b, 0xff, 0x00, 0xfb, 0x67, 0xff, 0x00, 0xa2, 0xd6, 0xbe,
    0xdb, 0x80, 0xbf, 0xe4, 0x65, 0x3f, 0xf0, 0x3f, 0xfd, 0x2a, 0x27, 0x9f, 0x99, 0xff, 0x00, 0x09,
    0x7a, 0xfe, 0x8c, 0xe7, 0xe8, 0xaf, 0xd6, 0xcf, 0x0c, 0x28, 0xa0, 0x0f, 0x62, 0xf0, 0x3f, 0xfc,
    0x89, 0xf6, 0x1f, 0xf6, 0xd3, 0xff, 0x00, 0x46, 0x35, 0x74, 0x15, 0xf8, 0x06, 0x73, 0xff, 0x00,
    0x23, 0x2c, 0x47, 0xf8, 0xe7, 0xff, 0x00, 0xa5, 0x33, 0xe9, 0xf0, 0xff, 0x00, 0xc2, 0x8f, 0xa2,
    0xfc, 0x82, 0x8a, 0xf3, 0x4d, 0x42, 0xbc, 0x77, 0xc7, 0x1f, 0xf2, 0x38, 0x5f, 0xff, 0x00, 0xdb,
    0x3f, 0xfd, 0x16, 0xb5, 0xf6, 0xdc, 0x05, 0xff, 0x00, 0x23, 0x29, 0xff, 0x00, 0x81, 0xff, 0x00,
    0xe9, 0x51, 0x3c, 0xfc, 0xcf, 0xf8, 0x4b, 0xd7, 0xf4, 0x67, 0x3f, 0x45, 0x7e, 0xb6, 0x78, 0x61,
    0x45, 0x00, 0x7b, 0x17, 0x81, 0xff, 0x00, 0xe4, 0x4f, 0xb0, 0xff, 0x00, 0xb6, 0x9f, 0xfa, 0x31,
    0xab, 0xa0, 0xaf, 0xc0, 0x33, 0x9f, 0xf9, 0x19, 0x62, 0x3f, 0xc7, 0x3f, 0xfd, 0x29, 0x9f, 0x4f,
    0x87, 0xfe, 0x14, 0x7d, 0x17, 0xe4, 0x14, 0x57, 0x9a, 0x6a, 0x15, 0xe3, 0xbe, 0x38, 0xff, 0x00,
    0x91, 0xc2, 0xff, 0x00, 0xfe, 0xd9, 0xff, 0x00, 0xe8, 0xb5, 0xaf, 0xb6, 0xe0, 0x2f, 0xf9, 0x19,
    0x4f, 0xfc, 0x0f, 0xff, 0x00, 0x4a, 0x89, 0xe7, 0xe6, 0x7f, 0xc2, 0x5e, 0xbf, 0xa3, 0x39, 0xfa,
    0x2b, 0xf5, 0xb3, 0xc3, 0x0a, 0x28, 0x03, 0xd8, 0xbc, 0x0f, 0xff, 0x00, 0x22, 0x7d, 0x87, 0xfd,
    0xb4, 0xff, 0x00, 0xd1, 0x8d, 0x5d, 0x05, 0x7e, 0x01, 0x9c, 0xff, 0x00, 0xc8, 0xcb, 0x11, 0xfe,
    0x39, 0xff, 0x00, 0xe9, 0x4c, 0xfa, 0x7c, 0x3f, 0xf0, 0xa3, 0xe8, 0xbf, 0x20, 0xa2, 0xbc, 0xd3,
    0x53, 0xff, 0xd9,
};
static const unsigned char cb_frame_7[] = {
    0xff, 0xd8, 0xff, 0xe0, 0x00, 0x10, 0x4a, 0x46, 0x49, 0x46, 0x00, 0x01, 0x01, 0x00, 0x00, 0x01,
    0x00, 0x01, 0x00, 0x00, 0xff, 0xdb, 0x00, 0x43, 0x00, 0x08, 0x06, 0x06, 0x07, 0x06, 0x05, 0x08,
    0x07, 0x07, 0x07, 0x09, 0x09, 0x08, 0x0a, 0x0c, 0x14, 0x0d, 0x0c, 0x0b, 0x0b, 0x0c, 0x19, 0x12,
    0x13, 0x0f, 0x14, 0x1d, 0x1a, 0x1f, 0x1e, 0x1d, 0x1a, 0x1c, 0x1c, 0x20, 0x24, 0x2e, 0x27, 0x20,
    0x22, 0x2c, 0x23, 0x1c, 0x1c, 0x28, 0x37, 0x29, 0x2c, 0x30, 0x31, 0x34, 0x34, 0x34, 0x1f, 0x27,
    0x39, 0x3d, 0x38, 0x32, 0x3c, 0x2e, 0x33, 0x34, 0x32, 0xff, 0xdb, 0x00, 0x43, 0x01, 0x09, 0x09,
    0x09, 0x0c, 0x0b, 0x0c, 0x18, 0x0d, 0x0d, 0x18, 0x32, 0x21, 0x1c, 0x21, 0x32, 0x32, 0x32, 0x32,
    0x32, 0x32, 0x32, 0x32, 0x32, 0x32, 0x32, 0x32, 0x32, 0x32, 0x32, 0x32, 0x32, 0x32, 0x32, 0x32,
    0x32, 0x32, 0x32, 0x32, 0x32, 0x32, 0x32, 0x32, 0x32, 0x32, 0x32, 0x32, 0x32, 0x32, 0x32, 0x32,
    0x32, 0x32, 0x32, 0x32, 0x32, 0x32, 0x32, 0x32, 0x32, 0x32, 0x32, 0x32, 0x32, 0x32, 0xff, 0xc0,
    0x00, 0x11, 0x08, 0x00, 0xf0, 0x01, 0x40, 0x03, 0x01, 0x21, 0x00, 0x02, 0x11, 0x01, 0x03, 0x11,
    0x01, 0xff, 0xc4, 0x00, 0x1f, 0x00, 0x00, 0x01, 0x05, 0x01, 0x01, 0x01, 0x01, 0x01, 0x01, 0x00,
    0x00, 0x00, 0x00, 0x00, 0x00, 0x00, 0x00, 0x01, 0x02, 0x03, 0x04, 0x05, 0x06, 0x07, 0x08, 0x09,
    0x0a, 0x0b, 0xff, 0xc4, 0x00, 0xb5, 0x10, 0x00, 0x02, 0x01, 0x03, 0x03, 0x02, 0x04, 0x03, 0x05,
    0x05, 0x04, 0x04, 0x00, 0x00, 0x01, 0x7d, 0x01, 0x02, 0x03, 0x00, 0x04, 0x11, 0x05, 0x12, 0x21,
    0x31, 0x41, 0x06, 0x13, 0x51, 0x61, 0x07, 0x22, 0x71, 0x14, 0x32, 0x81, 0x91, 0xa1, 0x08, 0x23,
    0x42, 0xb1, 0xc1, 0x15, 0x52, 0xd1, 0xf0, 0x24, 0x33, 0x62, 0x72, 0x82, 0x09, 0x0a, 0x16, 0x17,
    0x18, 0x19, 0x1a, 0x25, 0x26, 0x27, 0x28, 0x29, 0x2a, 0x34, 0x35, 0x36, 0x37, 0x38, 0x39, 0x3a,
    0x43, 0x44, 0x45, 0x46, 0x47, 0x48, 0x49, 0x4a, 0x53, 0x54, 0x55, 0x56, 0x57, 0x58, 0x59, 0x5a,
    0x63, 0x64, 0x65, 0x66, 0x67, 0x68, 0x69, 0x6a, 0x73, 0x74, 0x75, 0x76, 0x77, 0x78, 0x79, 0x7a,
    0x83, 0x84, 0x85, 0x86, 0x87, 0x88, 0x89, 0x8a, 0x92, 0x93, 0x94, 0x95, 0x96, 0x97, 0x98, 0x99,
    0x9a, 0xa2, 0xa3, 0xa4, 0xa5, 0xa6, 0xa7, 0xa8, 0xa9, 0xaa, 0xb2, 0xb3, 0xb4, 0xb5, 0xb6, 0xb7,
    0xb8, 0xb9, 0xba, 0xc2, 0xc3, 0xc4, 0xc5, 0xc6, 0xc7, 0xc8, 0xc9, 0xca, 0xd2, 0xd3, 0xd4, 0xd5,
    0xd6, 0xd7, 0xd8, 0xd9, 0xda, 0xe1, 0xe2, 0xe3, 0xe4, 0xe5, 0xe6, 0xe7, 0xe8, 0xe9, 0xea, 0xf1,
    0xf2, 0xf3, 0xf4, 0xf5, 0xf6, 0xf7, 0xf8, 0xf9, 0xfa, 0xff, 0xc4, 0x00, 0x1f, 0x01, 0x00, 0x03,
    0x01, 0x01, 0x01, 0x01, 0x01, 0x01, 0x01, 0x01, 0x01, 0x00, 0x00, 0x00, 0x00, 0x00, 0x00, 0x01,
    0x02, 0x03, 0x04, 0x05, 0x06, 0x07, 0x08, 0x09, 0x0a, 0x0b, 0xff, 0xc4, 0x00, 0xb5, 0x11, 0x00,
    0x02, 0x01, 0x02, 0x04, 0x04, 0x03, 0x04, 0x07, 0x05, 0x04, 0x04, 0x00, 0x01, 0x02, 0x77, 0x00,
    0x01, 0x02, 0x03, 0x11, 0x04, 0x05, 0x21, 0x31, 0x06, 0x12, 0x41, 0x51, 0x07, 0x61, 0x71, 0x13,
    0x22, 0x32, 0x81, 0x08, 0x14, 0x42, 0x91, 0xa1, 0xb1, 0xc1, 0x09, 0x23, 0x33, 0x52, 0xf0, 0x15,
    0x62, 0x72, 0xd1, 0x0a, 0x16, 0x24, 0x34, 0xe1, 0x25, 0xf1, 0x17, 0x18, 0x19, 0x1a, 0x26, 0x27,
    0x28, 0x29, 0x2a, 0x35, 0x36, 0x37, 0x38, 0x39, 0x3a, 0x43, 0x44, 0x45, 0x46, 0x47, 0x48, 0x49,
    0x4a, 0x53, 0x54, 0x55, 0x56, 0x57, 0x58, 0x59, 0x5a, 0x63, 0x64, 0x65, 0x66, 0x67, 0x68, 0x69,
    0x6a, 0x73, 0x74, 0x75, 0x76, 0x77, 0x78, 0x79, 0x7a, 0x82, 0x83, 0x84, 0x85, 0x86, 0x87, 0x88,
    0x89, 0x8a, 0x92, 0x93, 0x94, 0x95, 0x96, 0x97, 0x98, 0x99, 0x9a, 0xa2, 0xa3, 0xa4, 0xa5, 0xa6,
    0xa7, 0xa8, 0xa9, 0xaa, 0xb2, 0xb3, 0xb4, 0xb5, 0xb6, 0xb7, 0xb8, 0xb9, 0xba, 0xc2, 0xc3, 0xc4,
    0xc5, 0xc6, 0xc7, 0xc8, 0xc9, 0xca, 0xd2, 0xd3, 0xd4, 0xd5, 0xd6, 0xd7, 0xd8, 0xd9, 0xda, 0xe2,
    0xe3, 0xe4, 0xe5, 0xe6, 0xe7, 0xe8, 0xe9, 0xea, 0xf2, 0xf3, 0xf4, 0xf5, 0xf6, 0xf7, 0xf8, 0xf9,
    0xfa, 0xff, 0xda, 0x00, 0x0c, 0x03, 0x01, 0x00, 0x02, 0x11, 0x03, 0x11, 0x00, 0x3f, 0x00, 0xa7,
    0xf0, 0xdb, 0xfe, 0x46, 0x2b, 0x8f, 0xfa, 0xf4, 0x6f, 0xfd, 0x0d, 0x2b, 0xd4, 0x6b, 0xe7, 0xb8,
    0xdb, 0xfe, 0x46, 0xaf, 0xfc, 0x31, 0x37, 0xcb, 0xff, 0x00, 0x81, 0xf3, 0x0a, 0x2b, 0xe4, 0x8e,
    0xe0, 0xae, 0x3b, 0xe2, 0x4f, 0xfc, 0x8b, 0xb6, 0xff, 0x00, 0xf5, 0xf6, 0xbf, 0xfa, 0x03, 0xd7,
    0xb7, 0xc3, 0x7f, 0xf2, 0x35, 0xa1, 0xfe, 0x23, 0x9f, 0x17, 0xfc, 0x09, 0x7a, 0x1e, 0x5d, 0x45,
    0x7e, 0xec, 0x7c, 0xd8, 0x51, 0x40, 0x1d, 0x8f, 0xc3, 0x6f, 0xf9, 0x18, 0xae, 0x3f, 0xeb, 0xd1,
    0xbf, 0xf4, 0x34, 0xaf, 0x51, 0xaf, 0xc6, 0xf8, 0xdb, 0xfe, 0x46, 0xaf, 0xfc, 0x31, 0x3d, 0xec,
    0xbf, 0xf8, 0x1f, 0x30, 0xa2, 0xbe, 0x48, 0xee, 0x0a, 0xe3, 0xbe, 0x24, 0xff, 0x00, 0xc8, 0xbb,
    0x6f, 0xff, 0x00, 0x5f, 0x6b, 0xff, 0x00, 0xa0, 0x3d, 0x7b, 0x7c, 0x37, 0xff, 0x00, 0x23, 0x5a,
    0x1f, 0xe2, 0x39, 0xf1, 0x7f, 0xc0, 0x97, 0xa1, 0xe5, 0xd4, 0x57, 0xee, 0xc7, 0xcd, 0x85, 0x14,
    0x01, 0xd8, 0xfc, 0x36, 0xff, 0x00, 0x91, 0x8a, 0xe3, 0xfe, 0xbd, 0x1b, 0xff, 0x00, 0x43, 0x4a,
    0xf5, 0x1a, 0xfc, 0x6f, 0x8d, 0xbf, 0xe4, 0x6a, 0xff, 0x00, 0xc3, 0x13, 0xde, 0xcb, 0xff, 0x00,
    0x81, 0xf3, 0x0a, 0x2b, 0xe4, 0x8e, 0xe0, 0xae, 0x3b, 0xe2, 0x4f, 0xfc, 0x8b, 0xb6, 0xff, 0x00,
    0xf5, 0xf6, 0xbf, 0xfa, 0x03, 0xd7, 0xb7, 0xc3, 0x7f, 0xf2, 0x35, 0xa1, 0xfe, 0x23, 0x9f, 0x17,
    0xfc, 0x09, 0x7a, 0x1e, 0x5d, 0x45, 0x7e, 0xec, 0x7c, 0xd8, 0x51, 0x40, 0x1d, 0x8f, 0xc3, 0x6f,
    0xf9, 0x18, 0xae, 0x3f, 0xeb, 0xd1, 0xbf, 0xf4, 0x34, 0xaf, 0x51, 0xaf, 0xc6, 0xf8, 0xdb, 0xfe,
    0x46, 0xaf, 0xfc, 0x31, 0x3d, 0xec, 0xbf, 0xf8, 0x1f, 0x30, 0xa2, 0xbe, 0x48, 0xee, 0x0a, 0xe3,
    0xbe, 0x24, 0xff, 0x00, 0xc8, 0xbb, 0x6f, 0xff, 0x00, 0x5f, 0x6b, 0xff, 0x00, 0xa0, 0x3d, 0x7b,
    0x7c, 0x37, 0xff, 0x00, 0x23, 0x5a, 0x1f, 0xe2, 0x39, 0xf1, 0x7f, 0xc0, 0x97, 0xa1, 0xe5, 0xd4,
    0x57, 0xee, 0xc7, 0xcd, 0x85, 0x14, 0x01, 0xd8, 0xfc, 0x36, 0xff, 0x00, 0x91, 0x8a, 0xe3, 0xfe,
    0xbd, 0x1b, 0xff, 0x00, 0x43, 0x4a, 0xf5, 0x1a, 0xfc, 0x6f, 0x8d, 0xbf, 0xe4, 0x6a, 0xff, 0x00,
    0xc3, 0x13, 0xde, 0xcb, 0xff, 0x00, 0x81, 0xf3, 0x0a, 0x2b, 0xe4, 0x8e, 0xe0, 0xae, 0x3b, 0xe2,
    0x4f, 0xfc, 0x8b, 0xb6, 0xff, 0x00, 0xf5, 0xf6, 0xbf, 0xfa, 0x03, 0xd7, 0xb7, 0xc3, 0x7f, 0xf2,
    0x35, 0xa1, 0xfe, 0x23, 0x9f, 0x17, 0xfc, 0x09, 0x7a, 0x1e, 0x5d, 0x45, 0x7e, 0xec, 0x7c, 0xd8,
    0x51, 0x40, 0x1d, 0x8f, 0xc3, 0x6f, 0xf9, 0x18, 0xae, 0x3f, 0xeb, 0xd1, 0xbf, 0xf4, 0x34, 0xaf,
    0x51, 0xaf, 0xc6, 0xf8, 0xdb, 0xfe, 0x46, 0xaf, 0xfc, 0x31, 0x3d, 0xec, 0xbf, 0xf8, 0x1f, 0x30,
    0xa2, 0xbe, 0x48, 0xee, 0x0a, 0xe3, 0xbe, 0x24, 0xff, 0x00, 0xc8, 0xbb, 0x6f, 0xff, 0x00, 0x5f,
    0x6b, 0xff, 0x00, 0xa0, 0x3d, 0x7b, 0x7c, 0x37, 0xff, 0x00, 0x23, 0x5a, 0x1f, 0xe2, 0x39, 0xf1,
    0x7f, 0xc0, 0x97, 0xa1, 0xe5, 0xd4, 0x57, 0xee, 0xc7, 0xcd, 0x85, 0x14, 0x01, 0xd8, 0xfc, 0x36,
    0xff, 0x00, 0x91, 0x8a, 0xe3, 0xfe, 0xbd, 0x1b, 0xff, 0x00, 0x43, 0x4a, 0xf5, 0x1a, 0xfc, 0x6f,
    0x8d, 0xbf, 0xe4, 0x6a, 0xff, 0x00, 0xc3, 0x13, 0xde, 0xcb, 0xff, 0x00, 0x81, 0xf3, 0x0a, 0x2b,
    0xe4, 0x8e, 0xe0, 0xae, 0x3b, 0xe2, 0x4f, 0xfc, 0x8b, 0xb6, 0xff, 0x00, 0xf5, 0xf6, 0xbf, 0xfa,
    0x03, 0xd7, 0xb7, 0xc3, 0x7f, 0xf2, 0x35, 0xa1, 0xfe, 0x23, 0x9f, 0x17, 0xfc, 0x09, 0x7a, 0x1e,
    0x5d, 0x45, 0x7e, 0xec, 0x7c, 0xd8, 0x51, 0x40, 0x1d, 0x8f, 0xc3, 0x6f, 0xf9, 0x18, 0xae, 0x3f,
    0xeb, 0xd1, 0xbf, 0xf4, 0x34, 0xaf, 0x51, 0xaf, 0xc6, 0xf8, 0xdb, 0xfe, 0x46, 0xaf, 0xfc, 0x31,
    0x3d, 0xec, 0xbf, 0xf8, 0x1f, 0x30, 0xa2, 0xbe, 0x48, 0xee, 0x0a, 0xe3, 0xbe, 0x24, 0xff, 0x00,
    0xc8, 0xbb, 0x6f, 0xff, 0x00, 0x5f, 0x6b, 0xff, 0x00, 0xa0, 0x3d, 0x7b, 0x7c, 0x37, 0xff, 0x00,
    0x23, 0x5a, 0x1f, 0xe2, 0x39, 0xf1, 0x7f, 0xc0, 0x97, 0xa1, 0xe5, 0xd4, 0x57, 0xee, 0xc7, 0xcd,
    0x85, 0x14, 0x01, 0xd8, 0xfc, 0x36, 0xff, 0x00, 0x91, 0x8a, 0xe3, 0xfe, 0xbd, 0x1b, 0xff, 0x00,
    0x43, 0x4a, 0xf5, 0x1a, 0xfc, 0x6f, 0x8d, 0xbf, 0xe4, 0x6a, 0xff, 0x00, 0xc3, 0x13, 0xde, 0xcb,
    0xff, 0x00, 0x81, 0xf3, 0x0a, 0x2b, 0xe4, 0x8e, 0xe0, 0xae, 0x3b, 0xe2, 0x4f, 0xfc, 0x8b, 0xb6,
    0xff, 0x00, 0xf5, 0xf6, 0xbf, 0xfa, 0x03, 0xd7, 0xb7, 0xc3, 0x7f, 0xf2, 0x35, 0xa1, 0xfe, 0x23,
    0x9f, 0x17, 0xfc, 0x09, 0x7a, 0x1e, 0x5d, 0x45, 0x7e, 0xec, 0x7c, 0xd8, 0x51, 0x40, 0x1d, 0x8f,
    0xc3, 0x6f, 0xf9, 0x18, 0xae, 0x3f, 0xeb, 0xd1, 0xbf, 0xf4, 0x34, 0xaf, 0x51, 0xaf, 0xc6, 0xf8,
    0xdb, 0xfe, 0x46, 0xaf, 0xfc, 0x31, 0x3d, 0xec, 0xbf, 0xf8, 0x1f, 0x30, 0xa2, 0xbe, 0x48, 0xee,
    0x0a, 0xe3, 0xbe, 0x24, 0xff, 0x00, 0xc8, 0xbb, 0x6f, 0xff, 0x00, 0x5f, 0x6b, 0xff, 0x00, 0xa0,
    0x3d, 0x7b, 0x7c, 0x37, 0xff, 0x00, 0x23, 0x5a, 0x1f, 0xe2, 0x39, 0xf1, 0x7f, 0xc0, 0x97, 0xa1,
    0xe5, 0xd4, 0x57, 0xee, 0xc7, 0xcd, 0x85, 0x14, 0x01, 0xd8, 0xfc, 0x36, 0xff, 0x00, 0x91, 0x8a,
    0xe3, 0xfe, 0xbd, 0x1b, 0xff, 0x00, 0x43, 0x4a, 0xf5, 0x1a, 0xfc, 0x6f, 0x8d, 0xbf, 0xe4, 0x6a,
    0xff, 0x00, 0xc3, 0x13, 0xde, 0xcb, 0xff, 0x00, 0x81, 0xf3, 0x0a, 0x2b, 0xe4, 0x8e, 0xe0, 0xae,
    0x3b, 0xe2, 0x4f, 0xfc, 0x8b, 0xb6, 0xff, 0x00, 0xf5, 0xf6, 0xbf, 0xfa, 0x03, 0xd7, 0xb7, 0xc3,
    0x7f, 0xf2, 0x35, 0xa1, 0xfe, 0x23, 0x9f, 0x17, 0xfc, 0x09, 0x7a, 0x1e, 0x5d, 0x45, 0x7e, 0xec,
    0x7c, 0xd8, 0x51, 0x40, 0x1d, 0x8f, 0xc3, 0x6f, 0xf9, 0x18, 0xae, 0x3f, 0xeb, 0xd1, 0xbf, 0xf4,
    0x34, 0xaf, 0x51, 0xaf, 0xc6, 0xf8, 0xdb, 0xfe, 0x46, 0xaf, 0xfc, 0x31, 0x3d, 0xec, 0xbf, 0xf8,
    0x1f, 0x30, 0xa2, 0xbe, 0x48, 0xee, 0x0a, 0xe3, 0xbe, 0x24, 0xff, 0x00, 0xc8, 0xbb, 0x6f, 0xff,
    0x00, 0x5f, 0x6b, 0xff, 0x00, 0xa0, 0x3d, 0x7b, 0x7c, 0x37, 0xff, 0x00, 0x23, 0x5a, 0x1f, 0xe2,
    0x39, 0xf1, 0x7f, 0xc0, 0x97, 0xa1, 0xe5, 0xd4, 0x57, 0xee, 0xc7, 0xcd, 0x85, 0x14, 0x01, 0xd8,
    0xfc, 0x36, 0xff, 0x00, 0x91, 0x8a, 0xe3, 0xfe, 0xbd, 0x1b, 0xff, 0x00, 0x43, 0x4a, 0xf5, 0x1a,
    0xfc, 0x6f, 0x8d, 0xbf, 0xe4, 0x6a, 0xff, 0x00, 0xc3, 0x13, 0xde, 0xcb, 0xff, 0x00, 0x81, 0xf3,
    0x0a, 0x2b, 0xe4, 0x8e, 0xe0, 0xae, 0x3b, 0xe2, 0x4f, 0xfc, 0x8b, 0xb6, 0xff, 0x00, 0xf5, 0xf6,
    0xbf, 0xfa, 0x03, 0xd7, 0xb7, 0xc3, 0x7f, 0xf2, 0x35, 0xa1, 0xfe, 0x23, 0x9f, 0x17, 0xfc, 0x09,
    0x7a, 0x1e, 0x5d, 0x45, 0x7e, 0xec, 0x7c, 0xd8, 0x51, 0x40, 0x1d, 0x8f, 0xc3, 0x6f, 0xf9, 0x18,
    0xae, 0x3f, 0xeb, 0xd1, 0xbf, 0xf4, 0x34, 0xaf, 0x51, 0xaf, 0xc6, 0xf8, 0xdb, 0xfe, 0x46, 0xaf,
    0xfc, 0x31, 0x3d, 0xec, 0xbf, 0xf8, 0x1f, 0x30, 0xa2, 0xbe, 0x48, 0xee, 0x0a, 0xe3, 0xbe, 0x24,
    0xff, 0x00, 0xc8, 0xbb, 0x6f, 0xff, 0x00, 0x5f, 0x6b, 0xff, 0x00, 0xa0, 0x3d, 0x7b, 0x7c, 0x37,
    0xff, 0x00, 0x23, 0x5a, 0x1f, 0xe2, 0x39, 0xf1, 0x7f, 0xc0, 0x97, 0xa1, 0xe5, 0xd4, 0x57, 0xee,
    0xc7, 0xcd, 0x85, 0x14, 0x01, 0xd8, 0xfc, 0x36, 0xff, 0x00, 0x91, 0x8a, 0xe3, 0xfe, 0xbd, 0x1b,
    0xff, 0x00, 0x43, 0x4a, 0xf5, 0x1a, 0xfc, 0x6f, 0x8d, 0xbf, 0xe4, 0x6a, 0xff, 0x00, 0xc3, 0x13,
    0xde, 0xcb, 0xff, 0x00, 0x81, 0xf3, 0x0a, 0x2b, 0xe4, 0x8e, 0xe0, 0xae, 0x3b, 0xe2, 0x4f, 0xfc,
    0x8b, 0xb6, 0xff, 0x00, 0xf5, 0xf6, 0xbf, 0xfa, 0x03, 0xd7, 0xb7, 0xc3, 0x7f, 0xf2, 0x35, 0xa1,
    0xfe, 0x23, 0x9f, 0x17, 0xfc, 0x09, 0x7a, 0x1e, 0x5d, 0x45, 0x7e, 0xec, 0x7c, 0xd8, 0x51, 0x40,
    0x1d, 0x8f, 0xc3, 0x6f, 0xf9, 0x18, 0xae, 0x3f, 0xeb, 0xd1, 0xbf, 0xf4, 0x34, 0xaf, 0x51, 0xaf,
    0xc6, 0xf8, 0xdb, 0xfe, 0x46, 0xaf, 0xfc, 0x31, 0x3d, 0xec, 0xbf, 0xf8, 0x1f, 0x30, 0xa2, 0xbe,
    0x48, 0xee, 0x0a, 0xe3, 0xbe, 0x24, 0xff, 0x00, 0xc8, 0xbb, 0x6f, 0xff, 0x00, 0x5f, 0x6b, 0xff,
    0x00, 0xa0, 0x3d, 0x7b, 0x7c, 0x37, 0xff, 0x00, 0x23, 0x5a, 0x1f, 0xe2, 0x39, 0xf1, 0x7f, 0xc0,
    0x97, 0xa1, 0xe5, 0xd4, 0x57, 0xee, 0xc7, 0xcd, 0x85, 0x14, 0x01, 0xd8, 0xfc, 0x36, 0xff, 0x00,
    0x91, 0x8a, 0xe3, 0xfe, 0xbd, 0x1b, 0xff, 0x00, 0x43, 0x4a, 0xf5, 0x1a, 0xfc, 0x6f, 0x8d, 0xbf,
    0xe4, 0x6a, 0xff, 0x00, 0xc3, 0x13, 0xde, 0xcb, 0xff, 0x00, 0x81, 0xf3, 0x0a, 0x2b, 0xe4, 0x8e,
    0xe0, 0xae, 0x3b, 0xe2, 0x4f, 0xfc, 0x8b, 0xb6, 0xff, 0x00, 0xf5, 0xf6, 0xbf, 0xfa, 0x03, 0xd7,
    0xb7, 0xc3, 0x7f, 0xf2, 0x35, 0xa1, 0xfe, 0x23, 0x9f, 0x17, 0xfc, 0x09, 0x7a, 0x1e, 0x5d, 0x45,
    0x7e, 0xec, 0x7c, 0xd8, 0x51, 0x40, 0x1d, 0x8f, 0xc3, 0x6f, 0xf9, 0x18, 0xae, 0x3f, 0xeb, 0xd1,
    0xbf, 0xf4, 0x34, 0xaf, 0x51, 0xaf, 0xc6, 0xf8, 0xdb, 0xfe, 0x46, 0xaf, 0xfc, 0x31, 0x3d, 0xec,
    0xbf, 0xf8, 0x1f, 0x30, 0xa2, 0xbe, 0x48, 0xee, 0x0a, 0xe3, 0xbe, 0x24, 0xff, 0x00, 0xc8, 0xbb,
    0x6f, 0xff, 0x00, 0x5f, 0x6b, 0xff, 0x00, 0xa0, 0x3d, 0x7b, 0x7c, 0x37, 0xff, 0x00, 0x23, 0x5a,
    0x1f, 0xe2, 0x39, 0xf1, 0x7f, 0xc0, 0x97, 0xa1, 0xe5, 0xd4, 0x57, 0xee, 0xc7, 0xcd, 0x85, 0x14,
    0x01, 0xd8, 0xfc, 0x36, 0xff, 0x00, 0x91, 0x8a, 0xe3, 0xfe, 0xbd, 0x1b, 0xff, 0x00, 0x43, 0x4a,
    0xf5, 0x1a, 0xfc, 0x6f, 0x8d, 0xbf, 0xe4, 0x6a, 0xff, 0x00, 0xc3, 0x13, 0xde, 0xcb, 0xff, 0x00,
    0x81, 0xf3, 0x0a, 0x2b, 0xe4, 0x8e, 0xe0, 0xae, 0x3b, 0xe2, 0x4f, 0xfc, 0x8b, 0xb6, 0xff, 0x00,
    0xf5, 0xf6, 0xbf, 0xfa, 0x03, 0xd7, 0xb7, 0xc3, 0x7f, 0xf2, 0x35, 0xa1, 0xfe, 0x23, 0x9f, 0x17,
    0xfc, 0x09, 0x7a, 0x1e, 0x5d, 0x45, 0x7e, 0xec, 0x7c, 0xd8, 0x51, 0x40, 0x1d, 0x8f, 0xc3, 0x6f,
    0xf9, 0x18, 0xae, 0x3f, 0xeb, 0xd1, 0xbf, 0xf4, 0x34, 0xaf, 0x51, 0xaf, 0xc6, 0xf8, 0xdb, 0xfe,
    0x46, 0xaf, 0xfc, 0x31, 0x3d, 0xec, 0xbf, 0xf8, 0x1f, 0x30, 0xa2, 0xbe, 0x48, 0xee, 0x0a, 0xe3,
    0xbe, 0x24, 0xff, 0x00, 0xc8, 0xbb, 0x6f, 0xff, 0x00, 0x5f, 0x6b, 0xff, 0x00, 0xa0, 0x3d, 0x7b,
    0x7c, 0x37, 0xff, 0x00, 0x23, 0x5a, 0x1f, 0xe2, 0x39, 0xf1, 0x7f, 0xc0, 0x97, 0xa1, 0xe5, 0xd4,
    0x57, 0xee, 0xc7, 0xcd, 0x85, 0x14, 0x01, 0xea, 0x3f, 0x12, 0x7f, 0xe4, 0x5d, 0xb7, 0xff, 0x00,
    0xaf, 0xb5, 0xff, 0x00, 0xd0, 0x1e, 0xbc, 0xba, 0xbe, 0x47, 0x82, 0x7f, 0xe4, 0x54, 0xbf, 0xc5,
    0x23, 0xbb, 0x30, 0xfe, 0x3f, 0xc8, 0x28, 0xaf, 0xae, 0x38, 0x42, 0xbb, 0x1f, 0x86, 0xdf, 0xf2,
    0x31, 0x5c, 0x7f, 0xd7, 0xa3, 0x7f, 0xe8, 0x69, 0x5e, 0x1f, 0x12, 0x7f, 0xc8, 0xaa, 0xbf, 0xf8,
    0x4e, 0x8c, 0x27, 0xf1, 0xe3, 0xea, 0x7a, 0x8d, 0x15, 0xf8, 0x51, 0xf4, 0x81, 0x45, 0x00, 0x71,
    0xdf, 0x12, 0x7f, 0xe4, 0x5d, 0xb7, 0xff, 0x00, 0xaf, 0xb5, 0xff, 0x00, 0xd0, 0x1e, 0xbc, 0xba,
    0xbf, 0x63, 0xe0, 0x9f, 0xf9, 0x15, 0x2f, 0xf1, 0x48, 0xf0, 0x73, 0x0f, 0xe3, 0xfc, 0x82, 0x8a,
    0xfa, 0xe3, 0x84, 0x2b, 0xb1, 0xf8, 0x6d, 0xff, 0x00, 0x23, 0x15, 0xc7, 0xfd, 0x7a, 0x37, 0xfe,
    0x86, 0x95, 0xe1, 0xf1, 0x27, 0xfc, 0x8a, 0xab, 0xff, 0x00, 0x84, 0xe8, 0xc2, 0x7f, 0x1e, 0x3e,
    0xa7, 0xa8, 0xd1, 0x5f, 0x85, 0x1f, 0x48, 0x14, 0x50, 0x07, 0x1d, 0xf1, 0x27, 0xfe, 0x45, 0xdb,
    0x7f, 0xfa, 0xfb, 0x5f, 0xfd, 0x01, 0xeb, 0xcb, 0xab, 0xf6, 0x3e, 0x09, 0xff, 0x00, 0x91, 0x52,
    0xff, 0x00, 0x14, 0x8f, 0x07, 0x30, 0xfe, 0x3f, 0xc8, 0x28, 0xaf, 0xae, 0x38, 0x42, 0xbb, 0x1f,
    0x86, 0xdf, 0xf2, 0x31, 0x5c, 0x7f, 0xd7, 0xa3, 0x7f, 0xe8, 0x69, 0x5e, 0x1f, 0x12, 0x7f, 0xc8,
    0xaa, 0xbf, 0xf8, 0x4e, 0x8c, 0x27, 0xf1, 0xe3, 0xea, 0x7a, 0x8d, 0x15, 0xf8, 0x51, 0xf4, 0x81,
    0x45, 0x00, 0x71, 0xdf, 0x12, 0x7f, 0xe4, 0x5d, 0xb7, 0xff, 0x00, 0xaf, 0xb5, 0xff, 0x00, 0xd0,
    0x1e, 0xbc, 0xba, 0xbf, 0x63, 0xe0, 0x9f, 0xf9, 0x15, 0x2f, 0xf1, 0x48, 0xf0, 0x73, 0x0f, 0xe3,
    0xfc, 0x82, 0x8a, 0xfa, 0xe3, 0x84, 0x2b, 0xb1, 0xf8, 0x6d, 0xff, 0x00, 0x23, 0x15, 0xc7, 0xfd,
    0x7a, 0x37, 0xfe, 0x86, 0x95, 0xe1, 0xf1, 0x27, 0xfc, 0x8a, 0xab, 0xff, 0x00, 0x84, 0xe8, 0xc2,
    0x7f, 0x1e, 0x3e, 0xa7, 0xa8, 0xd1, 0x5f, 0x85, 0x1f, 0x48, 0x14, 0x50, 0x07, 0x1d, 0xf1, 0x27,
    0xfe, 0x45, 0xdb, 0x7f, 0xfa, 0xfb, 0x5f, 0xfd, 0x01, 0xeb, 0xcb, 0xab, 0xf6, 0x3e, 0x09, 0xff,
    0x00, 0x91, 0x52, 0xff, 0x00, 0x14, 0x8f, 0x07, 0x30, 0xfe, 0x3f, 0xc8, 0x28, 0xaf, 0xae, 0x38,
    0x42, 0xbb, 0x1f, 0x86, 0xdf, 0xf2, 0x31, 0x5c, 0x7f, 0xd7, 0xa3, 0x7f, 0xe8, 0x69, 0x5e, 0x1f,
    0x12, 0x7f, 0xc8, 0xaa, 0xbf, 0xf8, 0x4e, 0x8c, 0x27, 0xf1, 0xe3, 0xea, 0x7a, 0x8d, 0x15, 0xf8,
    0x51, 0xf4, 0x81, 0x45, 0x00, 0x71, 0xdf, 0x12, 0x7f, 0xe4, 0x5d, 0xb7, 0xff, 0x00, 0xaf, 0xb5,
    0xff, 0x00, 0xd0, 0x1e, 0xbc, 0xba, 0xbf, 0x63, 0xe0, 0x9f, 0xf9, 0x15, 0x2f, 0xf1, 0x48, 0xf0,
    0x73, 0x0f, 0xe3, 0xfc, 0x82, 0x8a, 0xfa, 0xe3, 0x84, 0x2b, 0xb1, 0xf8, 0x6d, 0xff, 0x00, 0x23,
    0x15, 0xc7, 0xfd, 0x7a, 0x37, 0xfe, 0x86, 0x95, 0xe1, 0xf1, 0x27, 0xfc, 0x8a, 0xab, 0xff, 0x00,
    0x84, 0xe8, 0xc2, 0x7f, 0x1e, 0x3e, 0xa7, 0xa8, 0xd1, 0x5f, 0x85, 0x1f, 0x48, 0x14, 0x50, 0x07,
    0x1d, 0xf1, 0x27, 0xfe, 0x45, 0xdb, 0x7f, 0xfa, 0xfb, 0x5f, 0xfd, 0x01, 0xeb, 0xcb, 0xab, 0xf6,
    0x3e, 0x09, 0xff, 0x00, 0x91, 0x52, 0xff, 0x00, 0x14, 0x8f, 0x07, 0x30, 0xfe, 0x3f, 0xc8, 0x28,
    0xaf, 0xae, 0x38, 0x42, 0xbb, 0x1f, 0x86, 0xdf, 0xf2, 0x31, 0x5c, 0x7f, 0xd7, 0xa3, 0x7f, 0xe8,
    0x69, 0x5e, 0x1f, 0x12, 0x7f, 0xc8, 0xaa, 0xbf, 0xf8, 0x4e, 0x8c, 0x27, 0xf1, 0xe3, 0xea, 0x7a,
    0x8d, 0x15, 0xf8, 0x51, 0xf4, 0x81, 0x45, 0x00, 0x71, 0xdf, 0x12, 0x7f, 0xe4, 0x5d, 0xb7, 0xff,
    0x00, 0xaf, 0xb5, 0xff, 0x00, 0xd0, 0x1e, 0xbc, 0xba, 0xbf, 0x63, 0xe0, 0x9f, 0xf9, 0x15, 0x2f,
    0xf1, 0x48, 0xf0, 0x73, 0x0f, 0xe3, 0xfc, 0x82, 0x8a, 0xfa, 0xe3, 0x84, 0x2b, 0xb1, 0xf8, 0x6d,
    0xff, 0x00, 0x23, 0x15, 0xc7, 0xfd, 0x7a, 0x37, 0xfe, 0x86, 0x95, 0xe1, 0xf1, 0x27, 0xfc, 0x8a,
    0xab, 0xff, 0x00, 0x84, 0xe8, 0xc2, 0x7f, 0x1e, 0x3e, 0xa7, 0xa8, 0xd1, 0x5f, 0x85, 0x1f, 0x48,
    0x14, 0x50, 0x07, 0x1d, 0xf1, 0x27, 0xfe, 0x45, 0xdb, 0x7f, 0xfa, 0xfb, 0x5f, 0xfd, 0x01, 0xeb,
    0xcb, 0xab, 0xf6, 0x3e, 0x09, 0xff, 0x00, 0x91, 0x52, 0xff, 0x00, 0x14, 0x8f, 0x07, 0x30, 0xfe,
    0x3f, 0xc8, 0x28, 0xaf, 0xae, 0x38, 0x42, 0xbb, 0x1f, 0x86, 0xdf, 0xf2, 0x31, 0x5c, 0x7f, 0xd7,
    0xa3, 0x7f, 0xe8, 0x69, 0x5e, 0x1f, 0x12, 0x7f, 0xc8, 0xaa, 0xbf, 0xf8, 0x4e, 0x8c, 0x27, 0xf1,
    0xe3, 0xea, 0x7a, 0x8d, 0x15, 0xf8, 0x51, 0xf4, 0x81, 0x45, 0x00, 0x71, 0xdf, 0x12, 0x7f, 0xe4,
    0x5d, 0xb7, 0xff, 0x00, 0xaf, 0xb5, 0xff, 0x00, 0xd0, 0x1e, 0xbc, 0xba, 0xbf, 0x63, 0xe0, 0x9f,
    0xf9, 0x15, 0x2f, 0xf1, 0x48, 0xf0, 0x73, 0x0f, 0xe3, 0xfc, 0x82, 0x8a, 0xfa, 0xe3, 0x84, 0x2b,
    0xb1, 0xf8, 0x6d, 0xff, 0x00, 0x23, 0x15, 0xc7, 0xfd, 0x7a, 0x37, 0xfe, 0x86, 0x95, 0xe1, 0xf1,
    0x27, 0xfc, 0x8a, 0xab, 0xff, 0x00, 0x84, 0xe8, 0xc2, 0x7f, 0x1e, 0x3e, 0xa7, 0xa8, 0xd1, 0x5f,
    0x85, 0x1f, 0x48, 0x14, 0x50, 0x07, 0x1d, 0xf1, 0x27, 0xfe, 0x45, 0xdb, 0x7f, 0xfa, 0xfb, 0x5f,
    0xfd, 0x01, 0xeb, 0xcb, 0xab, 0xf6, 0x3e, 0x09, 0xff, 0x00, 0x91, 0x52, 0xff, 0x00, 0x14, 0x8f,
    0x07, 0x30, 0xfe, 0x3f, 0xc8, 0x28, 0xaf, 0xae, 0x38, 0x42, 0xbb, 0x1f, 0x86, 0xdf, 0xf2, 0x31,
    0x5c, 0x7f, 0xd7, 0xa3, 0x7f, 0xe8, 0x69, 0x5e, 0x1f, 0x12, 0x7f, 0xc8, 0xaa, 0xbf, 0xf8, 0x4e,
    0x8c, 0x27, 0xf1, 0xe3, 0xea, 0x7a, 0x8d, 0x15, 0xf8, 0x51, 0xf4, 0x81, 0x45, 0x00, 0x71, 0xdf,
    0x12, 0x7f, 0xe4, 0x5d, 0xb7, 0xff, 0x00, 0xaf, 0xb5, 0xff, 0x00, 0xd0, 0x1e, 0xbc, 0xba, 0xbf,
    0x63, 0xe0, 0x9f, 0xf9, 0x15, 0x2f, 0xf1, 0x48, 0xf0, 0x73, 0x0f, 0xe3, 0xfc, 0x82, 0x8a, 0xfa,
    0xe3, 0x84, 0x2b, 0xb1, 0xf8, 0x6d, 0xff, 0x00, 0x23, 0x15, 0xc7, 0xfd, 0x7a, 0x37, 0xfe, 0x86,
    0x95, 0xe1, 0xf1, 0x27, 0xfc, 0x8a, 0xab, 0xff, 0x00, 0x84, 0xe8, 0xc2, 0x7f, 0x1e, 0x3e, 0xa7,
    0xa8, 0xd1, 0x5f, 0x85, 0x1f, 0x48, 0x14, 0x50, 0x07, 0x1d, 0xf1, 0x27, 0xfe, 0x45, 0xdb, 0x7f,
    0xfa, 0xfb, 0x5f, 0xfd, 0x01, 0xeb, 0xcb, 0xab, 0xf6, 0x3e, 0x09, 0xff, 0x00, 0x91, 0x52, 0xff,
    0x00, 0x14, 0x8f, 0x07, 0x30, 0xfe, 0x3f, 0xc8, 0x28, 0xaf, 0xae, 0x38, 0x42, 0xbb, 0x1f, 0x86,
    0xdf, 0xf2, 0x31, 0x5c, 0x7f, 0xd7, 0xa3, 0x7f, 0xe8, 0x69, 0x5e, 0x1f, 0x12, 0x7f, 0xc8, 0xaa,
    0xbf, 0xf8, 0x4e, 0x8c, 0x27, 0xf1, 0xe3, 0xea, 0x7a, 0x8d, 0x15, 0xf8, 0x51, 0xf4, 0x81, 0x45,
    0x00, 0x71, 0xdf, 0x12, 0x7f, 0xe4, 0x5d, 0xb7, 0xff, 0x00, 0xaf, 0xb5, 0xff, 0x00, 0xd0, 0x1e,
    0xbc, 0xba, 0xbf, 0x63, 0xe0, 0x9f, 0xf9, 0x15, 0x2f, 0xf1, 0x48, 0xf0, 0x73, 0x0f, 0xe3, 0xfc,
    0x82, 0x8a, 0xfa, 0xe3, 0x84, 0x2b, 0xb1, 0xf8, 0x6d, 0xff, 0x00, 0x23, 0x15, 0xc7, 0xfd, 0x7a,
    0x37, 0xfe, 0x86, 0x95, 0xe1, 0xf1, 0x27, 0xfc, 0x8a, 0xab, 0xff, 0x00, 0x84, 0xe8, 0xc2, 0x7f,
    0x1e, 0x3e, 0xa7, 0xa8, 0xd1, 0x5f, 0x85, 0x1f, 0x48, 0x14, 0x50, 0x07, 0x1d, 0xf1, 0x27, 0xfe,
    0x45, 0xdb, 0x7f, 0xfa, 0xfb, 0x5f, 0xfd, 0x01, 0xeb, 0xcb, 0xab, 0xf6, 0x3e, 0x09, 0xff, 0x00,
    0x91, 0x52, 0xff, 0x00, 0x14, 0x8f, 0x07, 0x30, 0xfe, 0x3f, 0xc8, 0x28, 0xaf, 0xae, 0x38, 0x42,
    0xbb, 0x1f, 0x86, 0xdf, 0xf2, 0x31, 0x5c, 0x7f, 0xd7, 0xa3, 0x7f, 0xe8, 0x69, 0x5e, 0x1f, 0x12,
    0x7f, 0xc8, 0xaa, 0xbf, 0xf8, 0x4e, 0x8c, 0x27, 0xf1, 0xe3, 0xea, 0x7a, 0x8d, 0x15, 0xf8, 0x51,
    0xf4, 0x81, 0x45, 0x00, 0x71, 0xdf, 0x12, 0x7f, 0xe4, 0x5d, 0xb7, 0xff, 0x00, 0xaf, 0xb5, 0xff,
    0x00, 0xd0, 0x1e, 0xbc, 0xba, 0xbf, 0x63, 0xe0, 0x9f, 0xf9, 0x15, 0x2f, 0xf1, 0x48, 0xf0, 0x73,
    0x0f, 0xe3, 0xfc, 0x82, 0x8a, 0xfa, 0xe3, 0x84, 0x2b, 0xb1, 0xf8, 0x6d, 0xff, 0x00, 0x23, 0x15,
    0xc7, 0xfd, 0x7a, 0x37, 0xfe, 0x86, 0x95, 0xe1, 0xf1, 0x27, 0xfc, 0x8a, 0xab, 0xff, 0x00, 0x84,
    0xe8, 0xc2, 0x7f, 0x1e, 0x3e, 0xa7, 0xa8, 0xd1, 0x5f, 0x85, 0x1f, 0x48, 0x14, 0x50, 0x07, 0x1d,
    0xf1, 0x27, 0xfe, 0x45, 0xdb, 0x7f, 0xfa, 0xfb, 0x5f, 0xfd, 0x01, 0xeb, 0xcb, 0xab, 0xf6, 0x3e,
    0x09, 0xff, 0x00, 0x91, 0x52, 0xff, 0x00, 0x14, 0x8f, 0x07, 0x30, 0xfe, 0x3f, 0xc8, 0x28, 0xaf,
    0xae, 0x38, 0x42, 0xbb, 0x1f, 0x86, 0xdf, 0xf2, 0x31, 0x5c, 0x7f, 0xd7, 0xa3, 0x7f, 0xe8, 0x69,
    0x5e, 0x1f, 0x12, 0x7f, 0xc8, 0xaa, 0xbf, 0xf8, 0x4e, 0x8c, 0x27, 0xf1, 0xe3, 0xea, 0x7a, 0x8d,
    0x15, 0xf8, 0x51, 0xf4, 0x81, 0x45, 0x00, 0x71, 0xdf, 0x12, 0x7f, 0xe4, 0x5d, 0xb7, 0xff, 0x00,
    0xaf, 0xb5, 0xff, 0x00, 0xd0, 0x1e, 0xbc, 0xba, 0xbf, 0x63, 0xe0, 0x9f, 0xf9, 0x15, 0x2f, 0xf1,
    0x48, 0xf0, 0x73, 0x0f, 0xe3, 0xfc, 0x82, 0x8a, 0xfa, 0xe3, 0x84, 0x2b, 0xb1, 0xf8, 0x6d, 0xff,
    0x00, 0x23, 0x15, 0xc7, 0xfd, 0x7a, 0x37, 0xfe, 0x86, 0x95, 0xe1, 0xf1, 0x27, 0xfc, 0x8a, 0xab,
    0xff, 0x00, 0x84, 0xe8, 0xc2, 0x7f, 0x1e, 0x3e, 0xa7, 0xa8, 0xd1, 0x5f, 0x85, 0x1f, 0x48, 0x14,
    0x50, 0x07, 0x1d, 0xf1, 0x27, 0xfe, 0x45, 0xdb, 0x7f, 0xfa, 0xfb, 0x5f, 0xfd, 0x01, 0xeb, 0xcb,
    0xab, 0xf6, 0x3e, 0x09, 0xff, 0x00, 0x91, 0x52, 0xff, 0x00, 0x14, 0x8f, 0x07, 0x30, 0xfe, 0x3f,
    0xc8, 0x28, 0xaf, 0xae, 0x38, 0x42, 0xbb, 0x1f, 0x86, 0xdf, 0xf2, 0x31, 0x5c, 0x7f, 0xd7, 0xa3,
    0x7f, 0xe8, 0x69, 0x5e, 0x1f, 0x12, 0x7f, 0xc8, 0xaa, 0xbf, 0xf8, 0x4e, 0x8c, 0x27, 0xf1, 0xe3,
    0xea, 0x7a, 0x8d, 0x15, 0xf8, 0x51, 0xf4, 0x81, 0x45, 0x00, 0x71, 0xdf, 0x12, 0x7f, 0xe4, 0x5d,
    0xb7, 0xff, 0x00, 0xaf, 0xb5, 0xff, 0x00, 0xd0, 0x1e, 0xbc, 0xba, 0xbf, 0x63, 0xe0, 0x9f, 0xf9,
    0x15, 0x2f, 0xf1, 0x48, 0xf0, 0x73, 0x0f, 0xe3, 0xfc, 0x82, 0x8a, 0xfa, 0xe3, 0x84, 0x2b, 0xb1,
    0xf8, 0x6d, 0xff, 0x00, 0x23, 0x15, 0xc7, 0xfd, 0x7a, 0x37, 0xfe, 0x86, 0x95, 0xe1, 0xf1, 0x27,
    0xfc, 0x8a, 0xab, 0xff, 0x00, 0x84, 0xe8, 0xc2, 0x7f, 0x1e, 0x3e, 0xa7, 0xa8, 0xd1, 0x5f, 0x85,
    0x1f, 0x48, 0x14, 0x50, 0x07, 0x97, 0x7c, 0x36, 0xff, 0x00, 0x91, 0x8a, 0xe3, 0xfe, 0xbd, 0x1b,
    0xff, 0x00, 0x43, 0x4a, 0xf5, 0x1a, 0xfa, 0xde, 0x36, 0xff, 0x00, 0x91, 0xab, 0xff, 0x00, 0x0c,
    0x4e, 0x1c, 0xbf, 0xf8, 0x1f, 0x30, 0xa2, 0xbe, 0x48, 0xee, 0x0a, 0xe3, 0xbe, 0x24, 0xff, 0x00,
    0xc8, 0xbb, 0x6f, 0xff, 0x00, 0x5f, 0x6b, 0xff, 0x00, 0xa0, 0x3d, 0x7b, 0x7c, 0x37, 0xff, 0x00,
    0x23, 0x5a, 0x1f, 0xe2, 0x39, 0xf1, 0x7f, 0xc0, 0x97, 0xa1, 0xe5, 0xd4, 0x57, 0xee, 0xc7, 0xcd,
    0x85, 0x14, 0x01, 0xd8, 0xfc, 0x36, 0xff, 0x00, 0x91, 0x8a, 0xe3, 0xfe, 0xbd, 0x1b, 0xff, 0x00,
    0x43, 0x4a, 0xf5, 0x1a, 0xfc, 0x6f, 0x8d, 0xbf, 0xe4, 0x6a, 0xff, 0x00, 0xc3, 0x13, 0xde, 0xcb,
    0xff, 0x00, 0x81, 0xf3, 0x0a, 0x2b, 0xe4, 0x8e, 0xe0, 0xae, 0x3b, 0xe2, 0x4f, 0xfc, 0x8b, 0xb6,
    0xff, 0x00, 0xf5, 0xf6, 0xbf, 0xfa, 0x03, 0xd7, 0xb7, 0xc3, 0x7f, 0xf2, 0x35, 0xa1, 0xfe, 0x23,
    0x9f, 0x17, 0xfc, 0x09, 0x7a, 0x1e, 0x5d, 0x45, 0x7e, 0xec, 0x7c, 0xd8, 0x51, 0x40, 0x1d, 0x8f,
    0xc3, 0x6f, 0xf9, 0x18, 0xae, 0x3f, 0xeb, 0xd1, 0xbf, 0xf4, 0x34, 0xaf, 0x51, 0xaf, 0xc6, 0xf8,
    0xdb, 0xfe, 0x46, 0xaf, 0xfc, 0x31, 0x3d, 0xec, 0xbf, 0xf8, 0x1f, 0x30, 0xa2, 0xbe, 0x48, 0xee,
    0x0a, 0xe3, 0xbe, 0x24, 0xff, 0x00, 0xc8, 0xbb, 0x6f, 0xff, 0x00, 0x5f, 0x6b, 0xff, 0x00, 0xa0,
    0x3d, 0x7b, 0x7c, 0x37, 0xff, 0x00, 0x23, 0x5a, 0x1f, 0xe2, 0x39, 0xf1, 0x7f, 0xc0, 0x97, 0xa1,
    0xe5, 0xd4, 0x57, 0xee, 0xc7, 0xcd, 0x85, 0x14, 0x01, 0xd8, 0xfc, 0x36, 0xff, 0x00, 0x91, 0x8a,
    0xe3, 0xfe, 0xbd, 0x1b, 0xff, 0x00, 0x43, 0x4a, 0xf5, 0x1a, 0xfc, 0x6f, 0x8d, 0xbf, 0xe4, 0x6a,
    0xff, 0x00, 0xc3, 0x13, 0xde, 0xcb, 0xff, 0x00, 0x81, 0xf3, 0x0a, 0x2b, 0xe4, 0x8e, 0xe0, 0xae,
    0x3b, 0xe2, 0x4f, 0xfc, 0x8b, 0xb6, 0xff, 0x00, 0xf5, 0xf6, 0xbf, 0xfa, 0x03, 0xd7, 0xb7, 0xc3,
    0x7f, 0xf2, 0x35, 0xa1, 0xfe, 0x23, 0x9f, 0x17, 0xfc, 0x09, 0x7a, 0x1e, 0x5d, 0x45, 0x7e, 0xec,
    0x7c, 0xd8, 0x51, 0x40, 0x1d, 0x8f, 0xc3, 0x6f, 0xf9, 0x18, 0xae, 0x3f, 0xeb, 0xd1, 0xbf, 0xf4,
    0x34, 0xaf, 0x51, 0xaf, 0xc6, 0xf8, 0xdb, 0xfe, 0x46, 0xaf, 0xfc, 0x31, 0x3d, 0xec, 0xbf, 0xf8,
    0x1f, 0x30, 0xa2, 0xbe, 0x48, 0xee, 0x0a, 0xe3, 0xbe, 0x24, 0xff, 0x00, 0xc8, 0xbb, 0x6f, 0xff,
    0x00, 0x5f, 0x6b, 0xff, 0x00, 0xa0, 0x3d, 0x7b, 0x7c, 0x37, 0xff, 0x00, 0x23, 0x5a, 0x1f, 0xe2,
    0x39, 0xf1, 0x7f, 0xc0, 0x97, 0xa1, 0xe5, 0xd4, 0x57, 0xee, 0xc7, 0xcd, 0x85, 0x14, 0x01, 0xd8,
    0xfc, 0x36, 0xff, 0x00, 0x91, 0x8a, 0xe3, 0xfe, 0xbd, 0x1b, 0xff, 0x00, 0x43, 0x4a, 0xf5, 0x1a,
    0xfc, 0x6f, 0x8d, 0xbf, 0xe4, 0x6a, 0xff, 0x00, 0xc3, 0x13, 0xde, 0xcb, 0xff, 0x00, 0x81, 0xf3,
    0x0a, 0x2b, 0xe4, 0x8e, 0xe0, 0xae, 0x3b, 0xe2, 0x4f, 0xfc, 0x8b, 0xb6, 0xff, 0x00, 0xf5, 0xf6,
    0xbf, 0xfa, 0x03, 0xd7, 0xb7, 0xc3, 0x7f, 0xf2, 0x35, 0xa1, 0xfe, 0x23, 0x9f, 0x17, 0xfc, 0x09,
    0x7a, 0x1e, 0x5d, 0x45, 0x7e, 0xec, 0x7c, 0xd8, 0x51, 0x40, 0x1d, 0x8f, 0xc3, 0x6f, 0xf9, 0x18,
    0xae, 0x3f, 0xeb, 0xd1, 0xbf, 0xf4, 0x34, 0xaf, 0x51, 0xaf, 0xc6, 0xf8, 0xdb, 0xfe, 0x46, 0xaf,
    0xfc, 0x31, 0x3d, 0xec, 0xbf, 0xf8, 0x1f, 0x30, 0xa2, 0xbe, 0x48, 0xee, 0x0a, 0xe3, 0xbe, 0x24,
    0xff, 0x00, 0xc8, 0xbb, 0x6f, 0xff, 0x00, 0x5f, 0x6b, 0xff, 0x00, 0xa0, 0x3d, 0x7b, 0x7c, 0x37,
    0xff, 0x00, 0x23, 0x5a, 0x1f, 0xe2, 0x39, 0xf1, 0x7f, 0xc0, 0x97, 0xa1, 0xe5, 0xd4, 0x57, 0xee,
    0xc7, 0xcd, 0x85, 0x14, 0x01, 0xd8, 0xfc, 0x36, 0xff, 0x00, 0x91, 0x8a, 0xe3, 0xfe, 0xbd, 0x1b,
    0xff, 0x00, 0x43, 0x4a, 0xf5, 0x1a, 0xfc, 0x6f, 0x8d, 0xbf, 0xe4, 0x6a, 0xff, 0x00, 0xc3, 0x13,
    0xde, 0xcb, 0xff, 0x00, 0x81, 0xf3, 0x0a, 0x2b, 0xe4, 0x8e, 0xe0, 0xae, 0x3b, 0xe2, 0x4f, 0xfc,
    0x8b, 0xb6, 0xff, 0x00, 0xf5, 0xf6, 0xbf, 0xfa, 0x03, 0xd7, 0xb7, 0xc3, 0x7f, 0xf2, 0x35, 0xa1,
    0xfe, 0x23, 0x9f, 0x17, 0xfc, 0x09, 0x7a, 0x1e, 0x5d, 0x45, 0x7e, 0xec, 0x7c, 0xd8, 0x51, 0x40,
    0x1d, 0x8f, 0xc3, 0x6f, 0xf9, 0x18, 0xae, 0x3f, 0xeb, 0xd1, 0xbf, 0xf4, 0x34, 0xaf, 0x51, 0xaf,
    0xc6, 0xf8, 0xdb, 0xfe, 0x46, 0xaf, 0xfc, 0x31, 0x3d, 0xec, 0xbf, 0xf8, 0x1f, 0x30, 0xa2, 0xbe,
    0x48, 0xee, 0x0a, 0xe3, 0xbe, 0x24, 0xff, 0x00, 0xc8, 0xbb, 0x6f, 0xff, 0x00, 0x5f, 0x6b, 0xff,
    0x00, 0xa0, 0x3d, 0x7b, 0x7c, 0x37, 0xff, 0x00, 0x23, 0x5a, 0x1f, 0xe2, 0x39, 0xf1, 0x7f, 0xc0,
    0x97, 0xa1, 0xe5, 0xd4, 0x57, 0xee, 0xc7, 0xcd, 0x85, 0x14, 0x01, 0xd8, 0xfc, 0x36, 0xff, 0x00,
    0x91, 0x8a, 0xe3, 0xfe, 0xbd, 0x1b, 0xff, 0x00, 0x43, 0x4a, 0xf5, 0x1a, 0xfc, 0x6f, 0x8d, 0xbf,
    0xe4, 0x6a, 0xff, 0x00, 0xc3, 0x13, 0xde, 0xcb, 0xff, 0x00, 0x81, 0xf3, 0x0a, 0x2b, 0xe4, 0x8e,
    0xe0, 0xae, 0x3b, 0xe2, 0x4f, 0xfc, 0x8b, 0xb6, 0xff, 0x00, 0xf5, 0xf6, 0xbf, 0xfa, 0x03, 0xd7,
    0xb7, 0xc3, 0x7f, 0xf2, 0x35, 0xa1, 0xfe, 0x23, 0x9f, 0x17, 0xfc, 0x09, 0x7a, 0x1e, 0x5d, 0x45,
    0x7e, 0xec, 0x7c, 0xd8, 0x51, 0x40, 0x1d, 0x8f, 0xc3, 0x6f, 0xf9, 0x18, 0xae, 0x3f, 0xeb, 0xd1,
    0xbf, 0xf4, 0x34, 0xaf, 0x51, 0xaf, 0xc6, 0xf8, 0xdb, 0xfe, 0x46, 0xaf, 0xfc, 0x31, 0x3d, 0xec,
    0xbf, 0xf8, 0x1f, 0x30, 0xa2, 0xbe, 0x48, 0xee, 0x0a, 0xe3, 0xbe, 0x24, 0xff, 0x00, 0xc8, 0xbb,
    0x6f, 0xff, 0x00, 0x5f, 0x6b, 0xff, 0x00, 0xa0, 0x3d, 0x7b, 0x7c, 0x37, 0xff, 0x00, 0x23, 0x5a,
    0x1f, 0xe2, 0x39, 0xf1, 0x7f, 0xc0, 0x97, 0xa1, 0xe5, 0xd4, 0x57, 0xee, 0xc7, 0xcd, 0x85, 0x14,
    0x01, 0xd8, 0xfc, 0x36, 0xff, 0x00, 0x91, 0x8a, 0xe3, 0xfe, 0xbd, 0x1b, 0xff, 0x00, 0x43, 0x4a,
    0xf5, 0x1a, 0xfc, 0x6f, 0x8d, 0xbf, 0xe4, 0x6a, 0xff, 0x00, 0xc3, 0x13, 0xde, 0xcb, 0xff, 0x00,
    0x81, 0xf3, 0x0a, 0x2b, 0xe4, 0x8e, 0xe0, 0xae, 0x3b, 0xe2, 0x4f, 0xfc, 0x8b, 0xb6, 0xff, 0x00,
    0xf5, 0xf6, 0xbf, 0xfa, 0x03, 0xd7, 0xb7, 0xc3, 0x7f, 0xf2, 0x35, 0xa1, 0xfe, 0x23, 0x9f, 0x17,
    0xfc, 0x09, 0x7a, 0x1e, 0x5d, 0x45, 0x7e, 0xec, 0x7c, 0xd8, 0x51, 0x40, 0x1d, 0x8f, 0xc3, 0x6f,
    0xf9, 0x18, 0xae, 0x3f, 0xeb, 0xd1, 0xbf, 0xf4, 0x34, 0xaf, 0x51, 0xaf, 0xc6, 0xf8, 0xdb, 0xfe,
    0x46, 0xaf, 0xfc, 0x31, 0x3d, 0xec, 0xbf, 0xf8, 0x1f, 0x30, 0xa2, 0xbe, 0x48, 0xee, 0x0a, 0xe3,
    0xbe, 0x24, 0xff, 0x00, 0xc8, 0xbb, 0x6f, 0xff, 0x00, 0x5f, 0x6b, 0xff, 0x00, 0xa0, 0x3d, 0x7b,
    0x7c, 0x37, 0xff, 0x00, 0x23, 0x5a, 0x1f, 0xe2, 0x39, 0xf1, 0x7f, 0xc0, 0x97, 0xa1, 0xe5, 0xd4,
    0x57, 0xee, 0xc7, 0xcd, 0x85, 0x14, 0x01, 0xd8, 0xfc, 0x36, 0xff, 0x00, 0x91, 0x8a, 0xe3, 0xfe,
    0xbd, 0x1b, 0xff, 0x00, 0x43, 0x4a, 0xf5, 0x1a, 0xfc, 0x6f, 0x8d, 0xbf, 0xe4, 0x6a, 0xff, 0x00,
    0xc3, 0x13, 0xde, 0xcb, 0xff, 0x00, 0x81, 0xf3, 0x0a, 0x2b, 0xe4, 0x8e, 0xe0, 0xae, 0x3b, 0xe2,
    0x4f, 0xfc, 0x8b, 0xb6, 0xff, 0x00, 0xf5, 0xf6, 0xbf, 0xfa, 0x03, 0xd7, 0xb7, 0xc3, 0x7f, 0xf2,
    0x35, 0xa1, 0xfe, 0x23, 0x9f, 0x17, 0xfc, 0x09, 0x7a, 0x1e, 0x5d, 0x45, 0x7e, 0xec, 0x7c, 0xd8,
    0x51, 0x40, 0x1d, 0x8f, 0xc3, 0x6f, 0xf9, 0x18, 0xae, 0x3f, 0xeb, 0xd1, 0xbf, 0xf4, 0x34, 0xaf,
    0x51, 0xaf, 0xc6, 0xf8, 0xdb, 0xfe, 0x46, 0xaf, 0xfc, 0x31, 0x3d, 0xec, 0xbf, 0xf8, 0x1f, 0x30,
    0xa2, 0xbe, 0x48, 0xee, 0x0a, 0xe3, 0xbe, 0x24, 0xff, 0x00, 0xc8, 0xbb, 0x6f, 0xff, 0x00, 0x5f,
    0x6b, 0xff, 0x00, 0xa0, 0x3d, 0x7b, 0x7c, 0x37, 0xff, 0x00, 0x23, 0x5a, 0x1f, 0xe2, 0x39, 0xf1,
    0x7f, 0xc0, 0x97, 0xa1, 0xe5, 0xd4, 0x57, 0xee, 0xc7, 0xcd, 0x85, 0x14, 0x01, 0xd8, 0xfc, 0x36,
    0xff, 0x00, 0x91, 0x8a, 0xe3, 0xfe, 0xbd, 0x1b, 0xff, 0x00, 0x43, 0x4a, 0xf5, 0x1a, 0xfc, 0x6f,
    0x8d, 0xbf, 0xe4, 0x6a, 0xff, 0x00, 0xc3, 0x13, 0xde, 0xcb, 0xff, 0x00, 0x81, 0xf3, 0x0a, 0x2b,
    0xe4, 0x8e, 0xe0, 0xae, 0x3b, 0xe2, 0x4f, 0xfc, 0x8b, 0xb6, 0xff, 0x00, 0xf5, 0xf6, 0xbf, 0xfa,
    0x03, 0xd7, 0xb7, 0xc3, 0x7f, 0xf2, 0x35, 0xa1, 0xfe, 0x23, 0x9f, 0x17, 0xfc, 0x09, 0x7a, 0x1e,
    0x5d, 0x45, 0x7e, 0xec, 0x7c, 0xd8, 0x51, 0x40, 0x1d, 0x8f, 0xc3, 0x6f, 0xf9, 0x18, 0xae, 0x3f,
    0xeb, 0xd1, 0xbf, 0xf4, 0x34, 0xaf, 0x51, 0xaf, 0xc6, 0xf8, 0xdb, 0xfe, 0x46, 0xaf, 0xfc, 0x31,
    0x3d, 0xec, 0xbf, 0xf8, 0x1f, 0x30, 0xa2, 0xbe, 0x48, 0xee, 0x0a, 0xe3, 0xbe, 0x24, 0xff, 0x00,
    0xc8, 0xbb, 0x6f, 0xff, 0x00, 0x5f, 0x6b, 0xff, 0x00, 0xa0, 0x3d, 0x7b, 0x7c, 0x37, 0xff, 0x00,
    0x23, 0x5a, 0x1f, 0xe2, 0x39, 0xf1, 0x7f, 0xc0, 0x97, 0xa1, 0xe5, 0xd4, 0x57, 0xee, 0xc7, 0xcd,
    0x85, 0x14, 0x01, 0xd8, 0xfc, 0x36, 0xff, 0x00, 0x91, 0x8a, 0xe3, 0xfe, 0xbd, 0x1b, 0xff, 0x00,
    0x43, 0x4a, 0xf5, 0x1a, 0xfc, 0x6f, 0x8d, 0xbf, 0xe4, 0x6a, 0xff, 0x00, 0xc3, 0x13, 0xde, 0xcb,
    0xff, 0x00, 0x81, 0xf3, 0x0a, 0x2b, 0xe4, 0x8e, 0xe0, 0xae, 0x3b, 0xe2, 0x4f, 0xfc, 0x8b, 0xb6,
    0xff, 0x00, 0xf5, 0xf6, 0xbf, 0xfa, 0x03, 0xd7, 0xb7, 0xc3, 0x7f, 0xf2, 0x35, 0xa1, 0xfe, 0x23,
    0x9f, 0x17, 0xfc, 0x09, 0x7a, 0x1e, 0x5d, 0x45, 0x7e, 0xec, 0x7c, 0xd8, 0x51, 0x40, 0x1d, 0x8f,
    0xc3, 0x6f, 0xf9, 0x18, 0xae, 0x3f, 0xeb, 0xd1, 0xbf, 0xf4, 0x34, 0xaf, 0x51, 0xaf, 0xc6, 0xf8,
    0xdb, 0xfe, 0x46, 0xaf, 0xfc, 0x31, 0x3d, 0xec, 0xbf, 0xf8, 0x1f, 0x30, 0xa2, 0xbe, 0x48, 0xee,
    0x0a, 0xe3, 0xbe, 0x24, 0xff, 0x00, 0xc8, 0xbb, 0x6f, 0xff, 0x00, 0x5f, 0x6b, 0xff, 0x00, 0xa0,
    0x3d, 0x7b, 0x7c, 0x37, 0xff, 0x00, 0x23, 0x5a, 0x1f, 0xe2, 0x39, 0xf1, 0x7f, 0xc0, 0x97, 0xa1,
    0xe5, 0xd4, 0x57, 0xee, 0xc7, 0xcd, 0x85, 0x14, 0x01, 0xd8, 0xfc, 0x36, 0xff, 0x00, 0x91, 0x8a,
    0xe3, 0xfe, 0xbd, 0x1b, 0xff, 0x00, 0x43, 0x4a, 0xf5, 0x1a, 0xfc, 0x6f, 0x8d, 0xbf, 0xe4, 0x6a,
    0xff, 0x00, 0xc3, 0x13, 0xde, 0xcb, 0xff, 0x00, 0x81, 0xf3, 0x0a, 0x2b, 0xe4, 0x8e, 0xe0, 0xae,
    0x3b, 0xe2, 0x4f, 0xfc, 0x8b, 0xb6, 0xff, 0x00, 0xf5, 0xf6, 0xbf, 0xfa, 0x03, 0xd7, 0xb7, 0xc3,
    0x7f, 0xf2, 0x35, 0xa1, 0xfe, 0x23, 0x9f, 0x17, 0xfc, 0x09, 0x7a, 0x1e, 0x5d, 0x45, 0x7e, 0xec,
    0x7c, 0xd8, 0x51, 0x40, 0x1e, 0xa3, 0xf1, 0x27, 0xfe, 0x45, 0xdb, 0x7f, 0xfa, 0xfb, 0x5f, 0xfd,
    0x01, 0xeb, 0xcb, 0xab, 0xe4, 0x78, 0x27, 0xfe, 0x45, 0x4b, 0xfc, 0x52, 0x3b, 0xb3, 0x0f, 0xe3,
    0xfc, 0x82, 0x8a, 0xfa, 0xe3, 0x84, 0x2b, 0xb1, 0xf8, 0x6d, 0xff, 0x00, 0x23, 0x15, 0xc7, 0xfd,
    0x7a, 0x37, 0xfe, 0x86, 0x95, 0xe1, 0xf1, 0x27, 0xfc, 0x8a, 0xab, 0xff, 0x00, 0x84, 0xe8, 0xc2,
    0x7f, 0x1e, 0x3e, 0xa7, 0xa8, 0xd1, 0x5f, 0x85, 0x1f, 0x48, 0x14, 0x50, 0x07, 0x1d, 0xf1, 0x27,
    0xfe, 0x45, 0xdb, 0x7f, 0xfa, 0xfb, 0x5f, 0xfd, 0x01, 0xeb, 0xcb, 0xab, 0xf6, 0x3e, 0x09, 0xff,
    0x00, 0x91, 0x52, 0xff, 0x00, 0x14, 0x8f, 0x07, 0x30, 0xfe, 0x3f, 0xc8, 0x28, 0xaf, 0xae, 0x38,
    0x42, 0xbb, 0x1f, 0x86, 0xdf, 0xf2, 0x31, 0x5c, 0x7f, 0xd7, 0xa3, 0x7f, 0xe8, 0x69, 0x5e, 0x1f,
    0x12, 0x7f, 0xc8, 0xaa, 0xbf, 0xf8, 0x4e, 0x8c, 0x27, 0xf1, 0xe3, 0xea, 0x7a, 0x8d, 0x15, 0xf8,
    0x51, 0xf4, 0x81, 0x45, 0x00, 0x71, 0xdf, 0x12, 0x7f, 0xe4, 0x5d, 0xb7, 0xff, 0x00, 0xaf, 0xb5,
    0xff, 0x00, 0xd0, 0x1e, 0xbc, 0xba, 0xbf, 0x63, 0xe0, 0x9f, 0xf9, 0x15, 0x2f, 0xf1, 0x48, 0xf0,
    0x73, 0x0f, 0xe3, 0xfc, 0x82, 0x8a, 0xfa, 0xe3, 0x84, 0x2b, 0xb1, 0xf8, 0x6d, 0xff, 0x00, 0x23,
    0x15, 0xc7, 0xfd, 0x7a, 0x37, 0xfe, 0x86, 0x95, 0xe1, 0xf1, 0x27, 0xfc, 0x8a, 0xab, 0xff, 0x00,
    0x84, 0xe8, 0xc2, 0x7f, 0x1e, 0x3e, 0xa7, 0xa8, 0xd1, 0x5f, 0x85, 0x1f, 0x48, 0x14, 0x50, 0x07,
    0x1d, 0xf1, 0x27, 0xfe, 0x45, 0xdb, 0x7f, 0xfa, 0xfb, 0x5f, 0xfd, 0x01, 0xeb, 0xcb, 0xab, 0xf6,
    0x3e, 0x09, 0xff, 0x00, 0x91, 0x52, 0xff, 0x00, 0x14, 0x8f, 0x07, 0x30, 0xfe, 0x3f, 0xc8, 0x28,
    0xaf, 0xae, 0x38, 0x42, 0xbb, 0x1f, 0x86, 0xdf, 0xf2, 0x31, 0x5c, 0x7f, 0xd7, 0xa3, 0x7f, 0xe8,
    0x69, 0x5e, 0x1f, 0x12, 0x7f, 0xc8, 0xaa, 0xbf, 0xf8, 0x4e, 0x8c, 0x27, 0xf1, 0xe3, 0xea, 0x7a,
    0x8d, 0x15, 0xf8, 0x51, 0xf4, 0x81, 0x45, 0x00, 0x71, 0xdf, 0x12, 0x7f, 0xe4, 0x5d, 0xb7, 0xff,
    0x00, 0xaf, 0xb5, 0xff, 0x00, 0xd0, 0x1e, 0xbc, 0xba, 0xbf, 0x63, 0xe0, 0x9f, 0xf9, 0x15, 0x2f,
    0xf1, 0x48, 0xf0, 0x73, 0x0f, 0xe3, 0xfc, 0x82, 0x8a, 0xfa, 0xe3, 0x84, 0x2b, 0xb1, 0xf8, 0x6d,
    0xff, 0x00, 0x23, 0x15, 0xc7, 0xfd, 0x7a, 0x37, 0xfe, 0x86, 0x95, 0xe1, 0xf1, 0x27, 0xfc, 0x8a,
    0xab, 0xff, 0x00, 0x84, 0xe8, 0xc2, 0x7f, 0x1e, 0x3e, 0xa7, 0xa8, 0xd1, 0x5f, 0x85, 0x1f, 0x48,
    0x14, 0x50, 0x07, 0x1d, 0xf1, 0x27, 0xfe, 0x45, 0xdb, 0x7f, 0xfa, 0xfb, 0x5f, 0xfd, 0x01, 0xeb,
    0xcb, 0xab, 0xf6, 0x3e, 0x09, 0xff, 0x00, 0x91, 0x52, 0xff, 0x00, 0x14, 0x8f, 0x07, 0x30, 0xfe,
    0x3f, 0xc8, 0x28, 0xaf, 0xae, 0x38, 0x42, 0xbb, 0x1f, 0x86, 0xdf, 0xf2, 0x31, 0x5c, 0x7f, 0xd7,
    0xa3, 0x7f, 0xe8, 0x69, 0x5e, 0x1f, 0x12, 0x7f, 0xc8, 0xaa, 0xbf, 0xf8, 0x4e, 0x8c, 0x27, 0xf1,
    0xe3, 0xea, 0x7a, 0x8d, 0x15, 0xf8, 0x51, 0xf4, 0x81, 0x45, 0x00, 0x71, 0xdf, 0x12, 0x7f, 0xe4,
    0x5d, 0xb7, 0xff, 0x00, 0xaf, 0xb5, 0xff, 0x00, 0xd0, 0x1e, 0xbc, 0xba, 0xbf, 0x63, 0xe0, 0x9f,
    0xf9, 0x15, 0x2f, 0xf1, 0x48, 0xf0, 0x73, 0x0f, 0xe3, 0xfc, 0x82, 0x8a, 0xfa, 0xe3, 0x84, 0x2b,
    0xb1, 0xf8, 0x6d, 0xff, 0x00, 0x23, 0x15, 0xc7, 0xfd, 0x7a, 0x37, 0xfe, 0x86, 0x95, 0xe1, 0xf1,
    0x27, 0xfc, 0x8a, 0xab, 0xff, 0x00, 0x84, 0xe8, 0xc2, 0x7f, 0x1e, 0x3e, 0xa7, 0xa8, 0xd1, 0x5f,
    0x85, 0x1f, 0x48, 0x14, 0x50, 0x07, 0x1d, 0xf1, 0x27, 0xfe, 0x45, 0xdb, 0x7f, 0xfa, 0xfb, 0x5f,
    0xfd, 0x01, 0xeb, 0xcb, 0xab, 0xf6, 0x3e, 0x09, 0xff, 0x00, 0x91, 0x52, 0xff, 0x00, 0x14, 0x8f,
    0x07, 0x30, 0xfe, 0x3f, 0xc8, 0x28, 0xaf, 0xae, 0x38, 0x42, 0xbb, 0x1f, 0x86, 0xdf, 0xf2, 0x31,
    0x5c, 0x7f, 0xd7, 0xa3, 0x7f, 0xe8, 0x69, 0x5e, 0x1f, 0x12, 0x7f, 0xc8, 0xaa, 0xbf, 0xf8, 0x4e,
    0x8c, 0x27, 0xf1, 0xe3, 0xea, 0x7a, 0x8d, 0x15, 0xf8, 0x51, 0xf4, 0x81, 0x45, 0x00, 0x71, 0xdf,
    0x12, 0x7f, 0xe4, 0x5d, 0xb7, 0xff, 0x00, 0xaf, 0xb5, 0xff, 0x00, 0xd0, 0x1e, 0xbc, 0xba, 0xbf,
    0x63, 0xe0, 0x9f, 0xf9, 0x15, 0x2f, 0xf1, 0x48, 0xf0, 0x73, 0x0f, 0xe3, 0xfc, 0x82, 0x8a, 0xfa,
    0xe3, 0x84, 0x2b, 0xb1, 0xf8, 0x6d, 0xff, 0x00, 0x23, 0x15, 0xc7, 0xfd, 0x7a, 0x37, 0xfe, 0x86,
    0x95, 0xe1, 0xf1, 0x27, 0xfc, 0x8a, 0xab, 0xff, 0x00, 0x84, 0xe8, 0xc2, 0x7f, 0x1e, 0x3e, 0xa7,
    0xa8, 0xd1, 0x5f, 0x85, 0x1f, 0x48, 0x14, 0x50, 0x07, 0x1d, 0xf1, 0x27, 0xfe, 0x45, 0xdb, 0x7f,
    0xfa, 0xfb, 0x5f, 0xfd, 0x01, 0xeb, 0xcb, 0xab, 0xf6, 0x3e, 0x09, 0xff, 0x00, 0x91, 0x52, 0xff,
    0x00, 0x14, 0x8f, 0x07, 0x30, 0xfe, 0x3f, 0xc8, 0x28, 0xaf, 0xae, 0x38, 0x42, 0xbb, 0x1f, 0x86,
    0xdf, 0xf2, 0x31, 0x5c, 0x7f, 0xd7, 0xa3, 0x7f, 0xe8, 0x69, 0x5e, 0x1f, 0x12, 0x7f, 0xc8, 0xaa,
    0xbf, 0xf8, 0x4e, 0x8c, 0x27, 0xf1, 0xe3, 0xea, 0x7a, 0x8d, 0x15, 0xf8, 0x51, 0xf4, 0x81, 0x45,
    0x00, 0x71, 0xdf, 0x12, 0x7f, 0xe4, 0x5d, 0xb7, 0xff, 0x00, 0xaf, 0xb5, 0xff, 0x00, 0xd0, 0x1e,
    0xbc, 0xba, 0xbf, 0x63, 0xe0, 0x9f, 0xf9, 0x15, 0x2f, 0xf1, 0x48, 0xf0, 0x73, 0x0f, 0xe3, 0xfc,
    0x82, 0x8a, 0xfa, 0xe3, 0x84, 0x2b, 0xb1, 0xf8, 0x6d, 0xff, 0x00, 0x23, 0x15, 0xc7, 0xfd, 0x7a,
    0x37, 0xfe, 0x86, 0x95, 0xe1, 0xf1, 0x27, 0xfc, 0x8a, 0xab, 0xff, 0x00, 0x84, 0xe8, 0xc2, 0x7f,
    0x1e, 0x3e, 0xa7, 0xa8, 0xd1, 0x5f, 0x85, 0x1f, 0x48, 0x14, 0x50, 0x07, 0x1d, 0xf1, 0x27, 0xfe,
    0x45, 0xdb, 0x7f, 0xfa, 0xfb, 0x5f, 0xfd, 0x01, 0xeb, 0xcb, 0xab, 0xf6, 0x3e, 0x09, 0xff, 0x00,
    0x91, 0x52, 0xff, 0x00, 0x14, 0x8f, 0x07, 0x30, 0xfe, 0x3f, 0xc8, 0x28, 0xaf, 0xae, 0x38, 0x42,
    0xbb, 0x1f, 0x86, 0xdf, 0xf2, 0x31, 0x5c, 0x7f, 0xd7, 0xa3, 0x7f, 0xe8, 0x69, 0x5e, 0x1f, 0x12,
    0x7f, 0xc8, 0xaa, 0xbf, 0xf8, 0x4e, 0x8c, 0x27, 0xf1, 0xe3, 0xea, 0x7a, 0x8d, 0x15, 0xf8, 0x51,
    0xf4, 0x81, 0x45, 0x00, 0x71, 0xdf, 0x12, 0x7f, 0xe4, 0x5d, 0xb7, 0xff, 0x00, 0xaf, 0xb5, 0xff,
    0x00, 0xd0, 0x1e, 0xbc, 0xba, 0xbf, 0x63, 0xe0, 0x9f, 0xf9, 0x15, 0x2f, 0xf1, 0x48, 0xf0, 0x73,
    0x0f, 0xe3, 0xfc, 0x82, 0x8a, 0xfa, 0xe3, 0x84, 0x2b, 0xb1, 0xf8, 0x6d, 0xff, 0x00, 0x23, 0x15,
    0xc7, 0xfd, 0x7a, 0x37, 0xfe, 0x86, 0x95, 0xe1, 0xf1, 0x27, 0xfc, 0x8a, 0xab, 0xff, 0x00, 0x84,
    0xe8, 0xc2, 0x7f, 0x1e, 0x3e, 0xa7, 0xa8, 0xd1, 0x5f, 0x85, 0x1f, 0x48, 0x14, 0x50, 0x07, 0x1d,
    0xf1, 0x27, 0xfe, 0x45, 0xdb, 0x7f, 0xfa, 0xfb, 0x5f, 0xfd, 0x01, 0xeb, 0xcb, 0xab, 0xf6, 0x3e,
    0x09, 0xff, 0x00, 0x91, 0x52, 0xff, 0x00, 0x14, 0x8f, 0x07, 0x30, 0xfe, 0x3f, 0xc8, 0x28, 0xaf,
    0xae, 0x38, 0x42, 0xbb, 0x1f, 0x86, 0xdf, 0xf2, 0x31, 0x5c, 0x7f, 0xd7, 0xa3, 0x7f, 0xe8, 0x69,
    0x5e, 0x1f, 0x12, 0x7f, 0xc8, 0xaa, 0xbf, 0xf8, 0x4e, 0x8c, 0x27, 0xf1, 0xe3, 0xea, 0x7a, 0x8d,
    0x15, 0xf8, 0x51, 0xf4, 0x81, 0x45, 0x00, 0x71, 0xdf, 0x12, 0x7f, 0xe4, 0x5d, 0xb7, 0xff, 0x00,
    0xaf, 0xb5, 0xff, 0x00, 0xd0, 0x1e, 0xbc, 0xba, 0xbf, 0x63, 0xe0, 0x9f, 0xf9, 0x15, 0x2f, 0xf1,
    0x48, 0xf0, 0x73, 0x0f, 0xe3, 0xfc, 0x82, 0x8a, 0xfa, 0xe3, 0x84, 0x2b, 0xb1, 0xf8, 0x6d, 0xff,
    0x00, 0x23, 0x15, 0xc7, 0xfd, 0x7a, 0x37, 0xfe, 0x86, 0x95, 0xe1, 0xf1, 0x27, 0xfc, 0x8a, 0xab,
    0xff, 0x00, 0x84, 0xe8, 0xc2, 0x7f, 0x1e, 0x3e, 0xa7, 0xa8, 0xd1, 0x5f, 0x85, 0x1f, 0x48, 0x14,
    0x50, 0x07, 0x1d, 0xf1, 0x27, 0xfe, 0x45, 0xdb, 0x7f, 0xfa, 0xfb, 0x5f, 0xfd, 0x01, 0xeb, 0xcb,
    0xab, 0xf6, 0x3e, 0x09, 0xff, 0x00, 0x91, 0x52, 0xff, 0x00, 0x14, 0x8f, 0x07, 0x30, 0xfe, 0x3f,
    0xc8, 0x28, 0xaf, 0xae, 0x38, 0x42, 0xbb, 0x1f, 0x86, 0xdf, 0xf2, 0x31, 0x5c, 0x7f, 0xd7, 0xa3,
    0x7f, 0xe8, 0x69, 0x5e, 0x1f, 0x12, 0x7f, 0xc8, 0xaa, 0xbf, 0xf8, 0x4e, 0x8c, 0x27, 0xf1, 0xe3,
    0xea, 0x7a, 0x8d, 0x15, 0xf8, 0x51, 0xf4, 0x81, 0x45, 0x00, 0x71, 0xdf, 0x12, 0x7f, 0xe4, 0x5d,
    0xb7, 0xff, 0x00, 0xaf, 0xb5, 0xff, 0x00, 0xd0, 0x1e, 0xbc, 0xba, 0xbf, 0x63, 0xe0, 0x9f, 0xf9,
    0x15, 0x2f, 0xf1, 0x48, 0xf0, 0x73, 0x0f, 0xe3, 0xfc, 0x82, 0x8a, 0xfa, 0xe3, 0x84, 0x2b, 0xb1,
    0xf8, 0x6d, 0xff, 0x00, 0x23, 0x15, 0xc7, 0xfd, 0x7a, 0x37, 0xfe, 0x86, 0x95, 0xe1, 0xf1, 0x27,
    0xfc, 0x8a, 0xab, 0xff, 0x00, 0x84, 0xe8, 0xc2, 0x7f, 0x1e, 0x3e, 0xa7, 0xa8, 0xd1, 0x5f, 0x85,
    0x1f, 0x48, 0x14, 0x50, 0x07, 0x1d, 0xf1, 0x27, 0xfe, 0x45, 0xdb, 0x7f, 0xfa, 0xfb, 0x5f, 0xfd,
    0x01, 0xeb, 0xcb, 0xab, 0xf6, 0x3e, 0x09, 0xff, 0x00, 0x91, 0x52, 0xff, 0x00, 0x14, 0x8f, 0x07,
    0x30, 0xfe, 0x3f, 0xc8, 0x28, 0xaf, 0xae, 0x38, 0x42, 0xbb, 0x1f, 0x86, 0xdf, 0xf2, 0x31, 0x5c,
    0x7f, 0xd7, 0xa3, 0x7f, 0xe8, 0x69, 0x5e, 0x1f, 0x12, 0x7f, 0xc8, 0xaa, 0xbf, 0xf8, 0x4e, 0x8c,
    0x27, 0xf1, 0xe3, 0xea, 0x7a, 0x8d, 0x15, 0xf8, 0x51, 0xf4, 0x81, 0x45, 0x00, 0x71, 0xdf, 0x12,
    0x7f, 0xe4, 0x5d, 0xb7, 0xff, 0x00, 0xaf, 0xb5, 0xff, 0x00, 0xd0, 0x1e, 0xbc, 0xba, 0xbf, 0x63,
    0xe0, 0x9f, 0xf9, 0x15, 0x2f, 0xf1, 0x48, 0xf0, 0x73, 0x0f, 0xe3, 0xfc, 0x82, 0x8a, 0xfa, 0xe3,
    0x84, 0x2b, 0xb1, 0xf8, 0x6d, 0xff, 0x00, 0x23, 0x15, 0xc7, 0xfd, 0x7a, 0x37, 0xfe, 0x86, 0x95,
    0xe1, 0xf1, 0x27, 0xfc, 0x8a, 0xab, 0xff, 0x00, 0x84, 0xe8, 0xc2, 0x7f, 0x1e, 0x3e, 0xa7, 0xa8,
    0xd1, 0x5f, 0x85, 0x1f, 0x48, 0x14, 0x50, 0x07, 0x1d, 0xf1, 0x27, 0xfe, 0x45, 0xdb, 0x7f, 0xfa,
    0xfb, 0x5f, 0xfd, 0x01, 0xeb, 0xcb, 0xab, 0xf6, 0x3e, 0x09, 0xff, 0x00, 0x91, 0x52, 0xff, 0x00,
    0x14, 0x8f, 0x07, 0x30, 0xfe, 0x3f, 0xc8, 0x28, 0xaf, 0xae, 0x38, 0x42, 0xbb, 0x1f, 0x86, 0xdf,
    0xf2, 0x31, 0x5c, 0x7f, 0xd7, 0xa3, 0x7f, 0xe8, 0x69, 0x5e, 0x1f, 0x12, 0x7f, 0xc8, 0xaa, 0xbf,
    0xf8, 0x4e, 0x8c, 0x27, 0xf1, 0xe3, 0xea, 0x7a, 0x8d, 0x15, 0xf8, 0x51, 0xf4, 0x81, 0x45, 0x00,
    0x79, 0x77, 0xc3, 0x6f, 0xf9, 0x18, 0xae, 0x3f, 0xeb, 0xd1, 0xbf, 0xf4, 0x34, 0xaf, 0x51, 0xaf,
    0xad, 0xe3, 0x6f, 0xf9, 0x1a, 0xbf, 0xf0, 0xc4, 0xe1, 0xcb, 0xff, 0x00, 0x81, 0xf3, 0x0a, 0x2b,
    0xe4, 0x8e, 0xe0, 0xae, 0x3b, 0xe2, 0x4f, 0xfc, 0x8b, 0xb6, 0xff, 0x00, 0xf5, 0xf6, 0xbf, 0xfa,
    0x03, 0xd7, 0xb7, 0xc3, 0x7f, 0xf2, 0x35, 0xa1, 0xfe, 0x23, 0x9f, 0x17, 0xfc, 0x09, 0x7a, 0x1e,
    0x5d, 0x45, 0x7e, 0xec, 0x7c, 0xd8, 0x51, 0x40, 0x1d, 0x8f, 0xc3, 0x6f, 0xf9, 0x18, 0xae, 0x3f,
    0xeb, 0xd1, 0xbf, 0xf4, 0x34, 0xaf, 0x51, 0xaf, 0xc6, 0xf8, 0xdb, 0xfe, 0x46, 0xaf, 0xfc, 0x31,
    0x3d, 0xec, 0xbf, 0xf8, 0x1f, 0x30, 0xa2, 0xbe, 0x48, 0xee, 0x0a, 0xe3, 0xbe, 0x24, 0xff, 0x00,
    0xc8, 0xbb, 0x6f, 0xff, 0x00, 0x5f, 0x6b, 0xff, 0x00, 0xa0, 0x3d, 0x7b, 0x7c, 0x37, 0xff, 0x00,
    0x23, 0x5a, 0x1f, 0xe2, 0x39, 0xf1, 0x7f, 0xc0, 0x97, 0xa1, 0xe5, 0xd4, 0x57, 0xee, 0xc7, 0xcd,
    0x85, 0x14, 0x01, 0xd8, 0xfc, 0x36, 0xff, 0x00, 0x91, 0x8a, 0xe3, 0xfe, 0xbd, 0x1b, 0xff, 0x00,
    0x43, 0x4a, 0xf5, 0x1a, 0xfc, 0x6f, 0x8d, 0xbf, 0xe4, 0x6a, 0xff, 0x00, 0xc3, 0x13, 0xde, 0xcb,
    0xff, 0x00, 0x81, 0xf3, 0x0a, 0x2b, 0xe4, 0x8e, 0xe0, 0xae, 0x3b, 0xe2, 0x4f, 0xfc, 0x8b, 0xb6,
    0xff, 0x00, 0xf5, 0xf6, 0xbf, 0xfa, 0x03, 0xd7, 0xb7, 0xc3, 0x7f, 0xf2, 0x35, 0xa1, 0xfe, 0x23,
    0x9f, 0x17, 0xfc, 0x09, 0x7a, 0x1e, 0x5d, 0x45, 0x7e, 0xec, 0x7c, 0xd8, 0x51, 0x40, 0x1d, 0x8f,
    0xc3, 0x6f, 0xf9, 0x18, 0xae, 0x3f, 0xeb, 0xd1, 0xbf, 0xf4, 0x34, 0xaf, 0x51, 0xaf, 0xc6, 0xf8,
    0xdb, 0xfe, 0x46, 0xaf, 0xfc, 0x31, 0x3d, 0xec, 0xbf, 0xf8, 0x1f, 0x30, 0xa2, 0xbe, 0x48, 0xee,
    0x0a, 0xe3, 0xbe, 0x24, 0xff, 0x00, 0xc8, 0xbb, 0x6f, 0xff, 0x00, 0x5f, 0x6b, 0xff, 0x00, 0xa0,
    0x3d, 0x7b, 0x7c, 0x37, 0xff, 0x00, 0x23, 0x5a, 0x1f, 0xe2, 0x39, 0xf1, 0x7f, 0xc0, 0x97, 0xa1,
    0xe5, 0xd4, 0x57, 0xee, 0xc7, 0xcd, 0x85, 0x14, 0x01, 0xd8, 0xfc, 0x36, 0xff, 0x00, 0x91, 0x8a,
    0xe3, 0xfe, 0xbd, 0x1b, 0xff, 0x00, 0x43, 0x4a, 0xf5, 0x1a, 0xfc, 0x6f, 0x8d, 0xbf, 0xe4, 0x6a,
    0xff, 0x00, 0xc3, 0x13, 0xde, 0xcb, 0xff, 0x00, 0x81, 0xf3, 0x0a, 0x2b, 0xe4, 0x8e, 0xe0, 0xae,
    0x3b, 0xe2, 0x4f, 0xfc, 0x8b, 0xb6, 0xff, 0x00, 0xf5, 0xf6, 0xbf, 0xfa, 0x03, 0xd7, 0xb7, 0xc3,
    0x7f, 0xf2, 0x35, 0xa1, 0xfe, 0x23, 0x9f, 0x17, 0xfc, 0x09, 0x7a, 0x1e, 0x5d, 0x45, 0x7e, 0xec,
    0x7c, 0xd8, 0x51, 0x40, 0x1d, 0x8f, 0xc3, 0x6f, 0xf9, 0x18, 0xae, 0x3f, 0xeb, 0xd1, 0xbf, 0xf4,
    0x34, 0xaf, 0x51, 0xaf, 0xc6, 0xf8, 0xdb, 0xfe, 0x46, 0xaf, 0xfc, 0x31, 0x3d, 0xec, 0xbf, 0xf8,
    0x1f, 0x30, 0xa2, 0xbe, 0x48, 0xee, 0x0a, 0xe3, 0xbe, 0x24, 0xff, 0x00, 0xc8, 0xbb, 0x6f, 0xff,
    0x00, 0x5f, 0x6b, 0xff, 0x00, 0xa0, 0x3d, 0x7b, 0x7c, 0x37, 0xff, 0x00, 0x23, 0x5a, 0x1f, 0xe2,
    0x39, 0xf1, 0x7f, 0xc0, 0x97, 0xa1, 0xe5, 0xd4, 0x57, 0xee, 0xc7, 0xcd, 0x85, 0x14, 0x01, 0xd8,
    0xfc, 0x36, 0xff, 0x00, 0x91, 0x8a, 0xe3, 0xfe, 0xbd, 0x1b, 0xff, 0x00, 0x43, 0x4a, 0xf5, 0x1a,
    0xfc, 0x6f, 0x8d, 0xbf, 0xe4, 0x6a, 0xff, 0x00, 0xc3, 0x13, 0xde, 0xcb, 0xff, 0x00, 0x81, 0xf3,
    0x0a, 0x2b, 0xe4, 0x8e, 0xe0, 0xae, 0x3b, 0xe2, 0x4f, 0xfc, 0x8b, 0xb6, 0xff, 0x00, 0xf5, 0xf6,
    0xbf, 0xfa, 0x03, 0xd7, 0xb7, 0xc3, 0x7f, 0xf2, 0x35, 0xa1, 0xfe, 0x23, 0x9f, 0x17, 0xfc, 0x09,
    0x7a, 0x1e, 0x5d, 0x45, 0x7e, 0xec, 0x7c, 0xd8, 0x51, 0x40, 0x1d, 0x8f, 0xc3, 0x6f, 0xf9, 0x18,
    0xae, 0x3f, 0xeb, 0xd1, 0xbf, 0xf4, 0x34, 0xaf, 0x51, 0xaf, 0xc6, 0xf8, 0xdb, 0xfe, 0x46, 0xaf,
    0xfc, 0x31, 0x3d, 0xec, 0xbf, 0xf8, 0x1f, 0x30, 0xa2, 0xbe, 0x48, 0xee, 0x0a, 0xe3, 0xbe, 0x24,
    0xff, 0x00, 0xc8, 0xbb, 0x6f, 0xff, 0x00, 0x5f, 0x6b, 0xff, 0x00, 0xa0, 0x3d, 0x7b, 0x7c, 0x37,
    0xff, 0x00, 0x23, 0x5a, 0x1f, 0xe2, 0x39, 0xf1, 0x7f, 0xc0, 0x97, 0xa1, 0xe5, 0xd4, 0x57, 0xee,
    0xc7, 0xcd, 0x85, 0x14, 0x01, 0xd8, 0xfc, 0x36, 0xff, 0x00, 0x91, 0x8a, 0xe3, 0xfe, 0xbd, 0x1b,
    0xff, 0x00, 0x43, 0x4a, 0xf5, 0x1a, 0xfc, 0x6f, 0x8d, 0xbf, 0xe4, 0x6a, 0xff, 0x00, 0xc3, 0x13,
    0xde, 0xcb, 0xff, 0x00, 0x81, 0xf3, 0x0a, 0x2b, 0xe4, 0x8e, 0xe0, 0xae, 0x3b, 0xe2, 0x4f, 0xfc,
    0x8b, 0xb6, 0xff, 0x00, 0xf5, 0xf6, 0xbf, 0xfa, 0x03, 0xd7, 0xb7, 0xc3, 0x7f, 0xf2, 0x35, 0xa1,
    0xfe, 0x23, 0x9f, 0x17, 0xfc, 0x09, 0x7a, 0x1e, 0x5d, 0x45, 0x7e, 0xec, 0x7c, 0xd8, 0x51, 0x40,
    0x1d, 0x8f, 0xc3, 0x6f, 0xf9, 0x18, 0xae, 0x3f, 0xeb, 0xd1, 0xbf, 0xf4, 0x34, 0xaf, 0x51, 0xaf,
    0xc6, 0xf8, 0xdb, 0xfe, 0x46, 0xaf, 0xfc, 0x31, 0x3d, 0xec, 0xbf, 0xf8, 0x1f, 0x30, 0xa2, 0xbe,
    0x48, 0xee, 0x0a, 0xe3, 0xbe, 0x24, 0xff, 0x00, 0xc8, 0xbb, 0x6f, 0xff, 0x00, 0x5f, 0x6b, 0xff,
    0x00, 0xa0, 0x3d, 0x7b, 0x7c, 0x37, 0xff, 0x00, 0x23, 0x5a, 0x1f, 0xe2, 0x39, 0xf1, 0x7f, 0xc0,
    0x97, 0xa1, 0xe5, 0xd4, 0x57, 0xee, 0xc7, 0xcd, 0x85, 0x14, 0x01, 0xd8, 0xfc, 0x36, 0xff, 0x00,
    0x91, 0x8a, 0xe3, 0xfe, 0xbd, 0x1b, 0xff, 0x00, 0x43, 0x4a, 0xf5, 0x1a, 0xfc, 0x6f, 0x8d, 0xbf,
    0xe4, 0x6a, 0xff, 0x00, 0xc3, 0x13, 0xde, 0xcb, 0xff, 0x00, 0x81, 0xf3, 0x0a, 0x2b, 0xe4, 0x8e,
    0xe0, 0xae, 0x3b, 0xe2, 0x4f, 0xfc, 0x8b, 0xb6, 0xff, 0x00, 0xf5, 0xf6, 0xbf, 0xfa, 0x03, 0xd7,
    0xb7, 0xc3, 0x7f, 0xf2, 0x35, 0xa1, 0xfe, 0x23, 0x9f, 0x17, 0xfc, 0x09, 0x7a, 0x1e, 0x5d, 0x45,
    0x7e, 0xec, 0x7c, 0xd8, 0x51, 0x40, 0x1d, 0x8f, 0xc3, 0x6f, 0xf9, 0x18, 0xae, 0x3f, 0xeb, 0xd1,
    0xbf, 0xf4, 0x34, 0xaf, 0x51, 0xaf, 0xc6, 0xf8, 0xdb, 0xfe, 0x46, 0xaf, 0xfc, 0x31, 0x3d, 0xec,
    0xbf, 0xf8, 0x1f, 0x30, 0xa2, 0xbe, 0x48, 0xee, 0x0a, 0xe3, 0xbe, 0x24, 0xff, 0x00, 0xc8, 0xbb,
    0x6f, 0xff, 0x00, 0x5f, 0x6b, 0xff, 0x00, 0xa0, 0x3d, 0x7b, 0x7c, 0x37, 0xff, 0x00, 0x23, 0x5a,
    0x1f, 0xe2, 0x39, 0xf1, 0x7f, 0xc0, 0x97, 0xa1, 0xe5, 0xd4, 0x57, 0xee, 0xc7, 0xcd, 0x85, 0x14,
    0x01, 0xd8, 0xfc, 0x36, 0xff, 0x00, 0x91, 0x8a, 0xe3, 0xfe, 0xbd, 0x1b, 0xff, 0x00, 0x43, 0x4a,
    0xf5, 0x1a, 0xfc, 0x6f, 0x8d, 0xbf, 0xe4, 0x6a, 0xff, 0x00, 0xc3, 0x13, 0xde, 0xcb, 0xff, 0x00,
    0x81, 0xf3, 0x0a, 0x2b, 0xe4, 0x8e, 0xe0, 0xae, 0x3b, 0xe2, 0x4f, 0xfc, 0x8b, 0xb6, 0xff, 0x00,
    0xf5, 0xf6, 0xbf, 0xfa, 0x03, 0xd7, 0xb7, 0xc3, 0x7f, 0xf2, 0x35, 0xa1, 0xfe, 0x23, 0x9f, 0x17,
    0xfc, 0x09, 0x7a, 0x1e, 0x5d, 0x45, 0x7e, 0xec, 0x7c, 0xd8, 0x51, 0x40, 0x1d, 0x8f, 0xc3, 0x6f,
    0xf9, 0x18, 0xae, 0x3f, 0xeb, 0xd1, 0xbf, 0xf4, 0x34, 0xaf, 0x51, 0xaf, 0xc6, 0xf8, 0xdb, 0xfe,
    0x46, 0xaf, 0xfc, 0x31, 0x3d, 0xec, 0xbf, 0xf8, 0x1f, 0x30, 0xa2, 0xbe, 0x48, 0xee, 0x0a, 0xe3,
    0xbe, 0x24, 0xff, 0x00, 0xc8, 0xbb, 0x6f, 0xff, 0x00, 0x5f, 0x6b, 0xff, 0x00, 0xa0, 0x3d, 0x7b,
    0x7c, 0x37, 0xff, 0x00, 0x23, 0x5a, 0x1f, 0xe2, 0x39, 0xf1, 0x7f, 0xc0, 0x97, 0xa1, 0xe5, 0xd4,
    0x57, 0xee, 0xc7, 0xcd, 0x85, 0x14, 0x01, 0xd8, 0xfc, 0x36, 0xff, 0x00, 0x91, 0x8a, 0xe3, 0xfe,
    0xbd, 0x1b, 0xff, 0x00, 0x43, 0x4a, 0xf5, 0x1a, 0xfc, 0x6f, 0x8d, 0xbf, 0xe4, 0x6a, 0xff, 0x00,
    0xc3, 0x13, 0xde, 0xcb, 0xff, 0x00, 0x81, 0xf3, 0x0a, 0x2b, 0xe4, 0x8e, 0xe0, 0xae, 0x3b, 0xe2,
    0x4f, 0xfc, 0x8b, 0xb6, 0xff, 0x00, 0xf5, 0xf6, 0xbf, 0xfa, 0x03, 0xd7, 0xb7, 0xc3, 0x7f, 0xf2,
    0x35, 0xa1, 0xfe, 0x23, 0x9f, 0x17, 0xfc, 0x09, 0x7a, 0x1e, 0x5d, 0x45, 0x7e, 0xec, 0x7c, 0xd8,
    0x51, 0x40, 0x1d, 0x8f, 0xc3, 0x6f, 0xf9, 0x18, 0xae, 0x3f, 0xeb, 0xd1, 0xbf, 0xf4, 0x34, 0xaf,
    0x51, 0xaf, 0xc6, 0xf8, 0xdb, 0xfe, 0x46, 0xaf, 0xfc, 0x31, 0x3d, 0xec, 0xbf, 0xf8, 0x1f, 0x30,
    0xa2, 0xbe, 0x48, 0xee, 0x0a, 0xe3, 0xbe, 0x24, 0xff, 0x00, 0xc8, 0xbb, 0x6f, 0xff, 0x00, 0x5f,
    0x6b, 0xff, 0x00, 0xa0, 0x3d, 0x7b, 0x7c, 0x37, 0xff, 0x00, 0x23, 0x5a, 0x1f, 0xe2, 0x39, 0xf1,
    0x7f, 0xc0, 0x97, 0xa1, 0xe5, 0xd4, 0x57, 0xee, 0xc7, 0xcd, 0x85, 0x14, 0x01, 0xd8, 0xfc, 0x36,
    0xff, 0x00, 0x91, 0x8a, 0xe3, 0xfe, 0xbd, 0x1b, 0xff, 0x00, 0x43, 0x4a, 0xf5, 0x1a, 0xfc, 0x6f,
    0x8d, 0xbf, 0xe4, 0x6a, 0xff, 0x00, 0xc3, 0x13, 0xde, 0xcb, 0xff, 0x00, 0x81, 0xf3, 0x0a, 0x2b,
    0xe4, 0x8e, 0xe0, 0xae, 0x3b, 0xe2, 0x4f, 0xfc, 0x8b, 0xb6, 0xff, 0x00, 0xf5, 0xf6, 0xbf, 0xfa,
    0x03, 0xd7, 0xb7, 0xc3, 0x7f, 0xf2, 0x35, 0xa1, 0xfe, 0x23, 0x9f, 0x17, 0xfc, 0x09, 0x7a, 0x1e,
    0x5d, 0x45, 0x7e, 0xec, 0x7c, 0xd8, 0x51, 0x40, 0x1d, 0x8f, 0xc3, 0x6f, 0xf9, 0x18, 0xae, 0x3f,
    0xeb, 0xd1, 0xbf, 0xf4, 0x34, 0xaf, 0x51, 0xaf, 0xc6, 0xf8, 0xdb, 0xfe, 0x46, 0xaf, 0xfc, 0x31,
    0x3d, 0xec, 0xbf, 0xf8, 0x1f, 0x30, 0xa2, 0xbe, 0x48, 0xee, 0x0a, 0xe3, 0xbe, 0x24, 0xff, 0x00,
    0xc8, 0xbb, 0x6f, 0xff, 0x00, 0x5f, 0x6b, 0xff, 0x00, 0xa0, 0x3d, 0x7b, 0x7c, 0x37, 0xff, 0x00,
    0x23, 0x5a, 0x1f, 0xe2, 0x39, 0xf1, 0x7f, 0xc0, 0x97, 0xa1, 0xe5, 0xd4, 0x57, 0xee, 0xc7, 0xcd,
    0x85, 0x14, 0x01, 0xd8, 0xfc, 0x36, 0xff, 0x00, 0x91, 0x8a, 0xe3, 0xfe, 0xbd, 0x1b, 0xff, 0x00,
    0x43, 0x4a, 0xf5, 0x1a, 0xfc, 0x6f, 0x8d, 0xbf, 0xe4, 0x6a, 0xff, 0x00, 0xc3, 0x13, 0xde, 0xcb,
    0xff, 0x00, 0x81, 0xf3, 0x0a, 0x2b, 0xe4, 0x8e, 0xe0, 0xae, 0x3b, 0xe2, 0x4f, 0xfc, 0x8b, 0xb6,
    0xff, 0x00, 0xf5, 0xf6, 0xbf, 0xfa, 0x03, 0xd7, 0xb7, 0xc3, 0x7f, 0xf2, 0x35, 0xa1, 0xfe, 0x23,
    0x9f, 0x17, 0xfc, 0x09, 0x7a, 0x1e, 0x5d, 0x45, 0x7e, 0xec, 0x7c, 0xd8, 0x51, 0x40, 0x1d, 0x8f,
    0xc3, 0x6f, 0xf9, 0x18, 0xae, 0x3f, 0xeb, 0xd1, 0xbf, 0xf4, 0x34, 0xaf, 0x51, 0xaf, 0xc6, 0xf8,
    0xdb, 0xfe, 0x46, 0xaf, 0xfc, 0x31, 0x3d, 0xec, 0xbf, 0xf8, 0x1f, 0x30, 0xa2, 0xbe, 0x48, 0xee,
    0x0a, 0xe3, 0xbe, 0x24, 0xff, 0x00, 0xc8, 0xbb, 0x6f, 0xff, 0x00, 0x5f, 0x6b, 0xff, 0x00, 0xa0,
    0x3d, 0x7b, 0x7c, 0x37, 0xff, 0x00, 0x23, 0x5a, 0x1f, 0xe2, 0x39, 0xf1, 0x7f, 0xc0, 0x97, 0xa1,
    0xe5, 0xd4, 0x57, 0xee, 0xc7, 0xcd, 0x85, 0x14, 0x01, 0xea, 0x3f, 0x12, 0x7f, 0xe4, 0x5d, 0xb7,
    0xff, 0x00, 0xaf, 0xb5, 0xff, 0x00, 0xd0, 0x1e, 0xbc, 0xba, 0xbe, 0x47, 0x82, 0x7f, 0xe4, 0x54,
    0xbf, 0xc5, 0x23, 0xbb, 0x30, 0xfe, 0x3f, 0xc8, 0x28, 0xaf, 0xae, 0x38, 0x42, 0xbb, 0x1f, 0x86,
    0xdf, 0xf2, 0x31, 0x5c, 0x7f, 0xd7, 0xa3, 0x7f, 0xe8, 0x69, 0x5e, 0x1f, 0x12, 0x7f, 0xc8, 0xaa,
    0xbf, 0xf8, 0x4e, 0x8c, 0x27, 0xf1, 0xe3, 0xea, 0x7a, 0x8d, 0x15, 0xf8, 0x51, 0xf4, 0x81, 0x45,
    0x00, 0x71, 0xdf, 0x12, 0x7f, 0xe4, 0x5d, 0xb7, 0xff, 0x00, 0xaf, 0xb5, 0xff, 0x00, 0xd0, 0x1e,
    0xbc, 0xba, 0xbf, 0x63, 0xe0, 0x9f, 0xf9, 0x15, 0x2f, 0xf1, 0x48, 0xf0, 0x73, 0x0f, 0xe3, 0xfc,
    0x82, 0x8a, 0xfa, 0xe3, 0x84, 0x2b, 0xb1, 0xf8, 0x6d, 0xff, 0x00, 0x23, 0x15, 0xc7, 0xfd, 0x7a,
    0x37, 0xfe, 0x86, 0x95, 0xe1, 0xf1, 0x27, 0xfc, 0x8a, 0xab, 0xff, 0x00, 0x84, 0xe8, 0xc2, 0x7f,
    0x1e, 0x3e, 0xa7, 0xa8, 0xd1, 0x5f, 0x85, 0x1f, 0x48, 0x14, 0x50, 0x07, 0x1d, 0xf1, 0x27, 0xfe,
    0x45, 0xdb, 0x7f, 0xfa, 0xfb, 0x5f, 0xfd, 0x01, 0xeb, 0xcb, 0xab, 0xf6, 0x3e, 0x09, 0xff, 0x00,
    0x91, 0x52, 0xff, 0x00, 0x14, 0x8f, 0x07, 0x30, 0xfe, 0x3f, 0xc8, 0x28, 0xaf, 0xae, 0x38, 0x42,
    0xbb, 0x1f, 0x86, 0xdf, 0xf2, 0x31, 0x5c, 0x7f, 0xd7, 0xa3, 0x7f, 0xe8, 0x69, 0x5e, 0x1f, 0x12,
    0x7f, 0xc8, 0xaa, 0xbf, 0xf8, 0x4e, 0x8c, 0x27, 0xf1, 0xe3, 0xea, 0x7a, 0x8d, 0x15, 0xf8, 0x51,
    0xf4, 0x81, 0x45, 0x00, 0x71, 0xdf, 0x12, 0x7f, 0xe4, 0x5d, 0xb7, 0xff, 0x00, 0xaf, 0xb5, 0xff,
    0x00, 0xd0, 0x1e, 0xbc, 0xba, 0xbf, 0x63, 0xe0, 0x9f, 0xf9, 0x15, 0x2f, 0xf1, 0x48, 0xf0, 0x73,
    0x0f, 0xe3, 0xfc, 0x82, 0x8a, 0xfa, 0xe3, 0x84, 0x2b, 0xb1, 0xf8, 0x6d, 0xff, 0x00, 0x23, 0x15,
    0xc7, 0xfd, 0x7a, 0x37, 0xfe, 0x86, 0x95, 0xe1, 0xf1, 0x27, 0xfc, 0x8a, 0xab, 0xff, 0x00, 0x84,
    0xe8, 0xc2, 0x7f, 0x1e, 0x3e, 0xa7, 0xa8, 0xd1, 0x5f, 0x85, 0x1f, 0x48, 0x14, 0x50, 0x07, 0x1d,
    0xf1, 0x27, 0xfe, 0x45, 0xdb, 0x7f, 0xfa, 0xfb, 0x5f, 0xfd, 0x01, 0xeb, 0xcb, 0xab, 0xf6, 0x3e,
    0x09, 0xff, 0x00, 0x91, 0x52, 0xff, 0x00, 0x14, 0x8f, 0x07, 0x30, 0xfe, 0x3f, 0xc8, 0x28, 0xaf,
    0xae, 0x38, 0x42, 0xbb, 0x1f, 0x86, 0xdf, 0xf2, 0x31, 0x5c, 0x7f, 0xd7, 0xa3, 0x7f, 0xe8, 0x69,
    0x5e, 0x1f, 0x12, 0x7f, 0xc8, 0xaa, 0xbf, 0xf8, 0x4e, 0x8c, 0x27, 0xf1, 0xe3, 0xea, 0x7a, 0x8d,
    0x15, 0xf8, 0x51, 0xf4, 0x81, 0x45, 0x00, 0x71, 0xdf, 0x12, 0x7f, 0xe4, 0x5d, 0xb7, 0xff, 0x00,
    0xaf, 0xb5, 0xff, 0x00, 0xd0, 0x1e, 0xbc, 0xba, 0xbf, 0x63, 0xe0, 0x9f, 0xf9, 0x15, 0x2f, 0xf1,
    0x48, 0xf0, 0x73, 0x0f, 0xe3, 0xfc, 0x82, 0x8a, 0xfa, 0xe3, 0x84, 0x2b, 0xb1, 0xf8, 0x6d, 0xff,
    0x00, 0x23, 0x15, 0xc7, 0xfd, 0x7a, 0x37, 0xfe, 0x86, 0x95, 0xe1, 0xf1, 0x27, 0xfc, 0x8a, 0xab,
    0xff, 0x00, 0x84, 0xe8, 0xc2, 0x7f, 0x1e, 0x3e, 0xa7, 0xa8, 0xd1, 0x5f, 0x85, 0x1f, 0x48, 0x14,
    0x50, 0x07, 0x1d, 0xf1, 0x27, 0xfe, 0x45, 0xdb, 0x7f, 0xfa, 0xfb, 0x5f, 0xfd, 0x01, 0xeb, 0xcb,
    0xab, 0xf6, 0x3e, 0x09, 0xff, 0x00, 0x91, 0x52, 0xff, 0x00, 0x14, 0x8f, 0x07, 0x30, 0xfe, 0x3f,
    0xc8, 0x28, 0xaf, 0xae, 0x38, 0x42, 0xbb, 0x1f, 0x86, 0xdf, 0xf2, 0x31, 0x5c, 0x7f, 0xd7, 0xa3,
    0x7f, 0xe8, 0x69, 0x5e, 0x1f, 0x12, 0x7f, 0xc8, 0xaa, 0xbf, 0xf8, 0x4e, 0x8c, 0x27, 0xf1, 0xe3,
    0xea, 0x7a, 0x8d, 0x15, 0xf8, 0x51, 0xf4, 0x81, 0x45, 0x00, 0x71, 0xdf, 0x12, 0x7f, 0xe4, 0x5d,
    0xb7, 0xff, 0x00, 0xaf, 0xb5, 0xff, 0x00, 0xd0, 0x1e, 0xbc, 0xba, 0xbf, 0x63, 0xe0, 0x9f, 0xf9,
    0x15, 0x2f, 0xf1, 0x48, 0xf0, 0x73, 0x0f, 0xe3, 0xfc, 0x82, 0x8a, 0xfa, 0xe3, 0x84, 0x2b, 0xb1,
    0xf8, 0x6d, 0xff, 0x00, 0x23, 0x15, 0xc7, 0xfd, 0x7a, 0x37, 0xfe, 0x86, 0x95, 0xe1, 0xf1, 0x27,
    0xfc, 0x8a, 0xab, 0xff, 0x00, 0x84, 0xe8, 0xc2, 0x7f, 0x1e, 0x3e, 0xa7, 0xa8, 0xd1, 0x5f, 0x85,
    0x1f, 0x48, 0x14, 0x50, 0x07, 0x1d, 0xf1, 0x27, 0xfe, 0x45, 0xdb, 0x7f, 0xfa, 0xfb, 0x5f, 0xfd,
    0x01, 0xeb, 0xcb, 0xab, 0xf6, 0x3e, 0x09, 0xff, 0x00, 0x91, 0x52, 0xff, 0x00, 0x14, 0x8f, 0x07,
    0x30, 0xfe, 0x3f, 0xc8, 0x28, 0xaf, 0xae, 0x38, 0x42, 0xbb, 0x1f, 0x86, 0xdf, 0xf2, 0x31, 0x5c,
    0x7f, 0xd7, 0xa3, 0x7f, 0xe8, 0x69, 0x5e, 0x1f, 0x12, 0x7f, 0xc8, 0xaa, 0xbf, 0xf8, 0x4e, 0x8c,
    0x27, 0xf1, 0xe3, 0xea, 0x7a, 0x8d, 0x15, 0xf8, 0x51, 0xf4, 0x81, 0x45, 0x00, 0x71, 0xdf, 0x12,
    0x7f, 0xe4, 0x5d, 0xb7, 0xff, 0x00, 0xaf, 0xb5, 0xff, 0x00, 0xd0, 0x1e, 0xbc, 0xba, 0xbf, 0x63,
    0xe0, 0x9f, 0xf9, 0x15, 0x2f, 0xf1, 0x48, 0xf0, 0x73, 0x0f, 0xe3, 0xfc, 0x82, 0x8a, 0xfa, 0xe3,
    0x84, 0x2b, 0xb1, 0xf8, 0x6d, 0xff, 0x00, 0x23, 0x15, 0xc7, 0xfd, 0x7a, 0x37, 0xfe, 0x86, 0x95,
    0xe1, 0xf1, 0x27, 0xfc, 0x8a, 0xab, 0xff, 0x00, 0x84, 0xe8, 0xc2, 0x7f, 0x1e, 0x3e, 0xa7, 0xa8,
    0xd1, 0x5f, 0x85, 0x1f, 0x48, 0x14, 0x50, 0x07, 0x1d, 0xf1, 0x27, 0xfe, 0x45, 0xdb, 0x7f, 0xfa,
    0xfb, 0x5f, 0xfd, 0x01, 0xeb, 0xcb, 0xab, 0xf6, 0x3e, 0x09, 0xff, 0x00, 0x91, 0x52, 0xff, 0x00,
    0x14, 0x8f, 0x07, 0x30, 0xfe, 0x3f, 0xc8, 0x28, 0xaf, 0xae, 0x38, 0x42, 0xbb, 0x1f, 0x86, 0xdf,
    0xf2, 0x31, 0x5c, 0x7f, 0xd7, 0xa3, 0x7f, 0xe8, 0x69, 0x5e, 0x1f, 0x12, 0x7f, 0xc8, 0xaa, 0xbf,
    0xf8, 0x4e, 0x8c, 0x27, 0xf1, 0xe3, 0xea, 0x7a, 0x8d, 0x15, 0xf8, 0x51, 0xf4, 0x81, 0x45, 0x00,
    0x71, 0xdf, 0x12, 0x7f, 0xe4, 0x5d, 0xb7, 0xff, 0x00, 0xaf, 0xb5, 0xff, 0x00, 0xd0, 0x1e, 0xbc,
    0xba, 0xbf, 0x63, 0xe0, 0x9f, 0xf9, 0x15, 0x2f, 0xf1, 0x48, 0xf0, 0x73, 0x0f, 0xe3, 0xfc, 0x82,
    0x8a, 0xfa, 0xe3, 0x84, 0x2b, 0xb1, 0xf8, 0x6d, 0xff, 0x00, 0x23, 0x15, 0xc7, 0xfd, 0x7a, 0x37,
    0xfe, 0x86, 0x95, 0xe1, 0xf1, 0x27, 0xfc, 0x8a, 0xab, 0xff, 0x00, 0x84, 0xe8, 0xc2, 0x7f, 0x1e,
    0x3e, 0xa7, 0xa8, 0xd1, 0x5f, 0x85, 0x1f, 0x48, 0x14, 0x50, 0x07, 0x1d, 0xf1, 0x27, 0xfe, 0x45,
    0xdb, 0x7f, 0xfa, 0xfb, 0x5f, 0xfd, 0x01, 0xeb, 0xcb, 0xab, 0xf6, 0x3e, 0x09, 0xff, 0x00, 0x91,
    0x52, 0xff, 0x00, 0x14, 0x8f, 0x07, 0x30, 0xfe, 0x3f, 0xc8, 0x28, 0xaf, 0xae, 0x38, 0x42, 0xbb,
    0x1f, 0x86, 0xdf, 0xf2, 0x31, 0x5c, 0x7f, 0xd7, 0xa3, 0x7f, 0xe8, 0x69, 0x5e, 0x1f, 0x12, 0x7f,
    0xc8, 0xaa, 0xbf, 0xf8, 0x4e, 0x8c, 0x27, 0xf1, 0xe3, 0xea, 0x7a, 0x8d, 0x15, 0xf8, 0x51, 0xf4,
    0x81, 0x45, 0x00, 0x71, 0xdf, 0x12, 0x7f, 0xe4, 0x5d, 0xb7, 0xff, 0x00, 0xaf, 0xb5, 0xff, 0x00,
    0xd0, 0x1e, 0xbc, 0xba, 0xbf, 0x63, 0xe0, 0x9f, 0xf9, 0x15, 0x2f, 0xf1, 0x48, 0xf0, 0x73, 0x0f,
    0xe3, 0xfc, 0x82, 0x8a, 0xfa, 0xe3, 0x84, 0x2b, 0xb1, 0xf8, 0x6d, 0xff, 0x00, 0x23, 0x15, 0xc7,
    0xfd, 0x7a, 0x37, 0xfe, 0x86, 0x95, 0xe1, 0xf1, 0x27, 0xfc, 0x8a, 0xab, 0xff, 0x00, 0x84, 0xe8,
    0xc2, 0x7f, 0x1e, 0x3e, 0xa7, 0xa8, 0xd1, 0x5f, 0x85, 0x1f, 0x48, 0x14, 0x50, 0x07, 0x1d, 0xf1,
    0x27, 0xfe, 0x45, 0xdb, 0x7f, 0xfa, 0xfb, 0x5f, 0xfd, 0x01, 0xeb, 0xcb, 0xab, 0xf6, 0x3e, 0x09,
    0xff, 0x00, 0x91, 0x52, 0xff, 0x00, 0x14, 0x8f, 0x07, 0x30, 0xfe, 0x3f, 0xc8, 0x28, 0xaf, 0xae,
    0x38, 0x42, 0xbb, 0x1f, 0x86, 0xdf, 0xf2, 0x31, 0x5c, 0x7f, 0xd7, 0xa3, 0x7f, 0xe8, 0x69, 0x5e,
    0x1f, 0x12, 0x7f, 0xc8, 0xaa, 0xbf, 0xf8, 0x4e, 0x8c, 0x27, 0xf1, 0xe3, 0xea, 0x7a, 0x8d, 0x15,
    0xf8, 0x51, 0xf4, 0x81, 0x45, 0x00, 0x71, 0xdf, 0x12, 0x7f, 0xe4, 0x5d, 0xb7, 0xff, 0x00, 0xaf,
    0xb5, 0xff, 0x00, 0xd0, 0x1e, 0xbc, 0xba, 0xbf, 0x63, 0xe0, 0x9f, 0xf9, 0x15, 0x2f, 0xf1, 0x48,
    0xf0, 0x73, 0x0f, 0xe3, 0xfc, 0x82, 0x8a, 0xfa, 0xe3, 0x84, 0x2b, 0xb1, 0xf8, 0x6d, 0xff, 0x00,
    0x23, 0x15, 0xc7, 0xfd, 0x7a, 0x37, 0xfe, 0x86, 0x95, 0xe1, 0xf1, 0x27, 0xfc, 0x8a, 0xab, 0xff,
    0x00, 0x84, 0xe8, 0xc2, 0x7f, 0x1e, 0x3e, 0xa7, 0xa8, 0xd1, 0x5f, 0x85, 0x1f, 0x48, 0x14, 0x50,
    0x07, 0x1d, 0xf1, 0x27, 0xfe, 0x45, 0xdb, 0x7f, 0xfa, 0xfb, 0x5f, 0xfd, 0x01, 0xeb, 0xcb, 0xab,
    0xf6, 0x3e, 0x09, 0xff, 0x00, 0x91, 0x52, 0xff, 0x00, 0x14, 0x8f, 0x07, 0x30, 0xfe, 0x3f, 0xc8,
    0x28, 0xaf, 0xae, 0x38, 0x42, 0xbb, 0x1f, 0x86, 0xdf, 0xf2, 0x31, 0x5c, 0x7f, 0xd7, 0xa3, 0x7f,
    0xe8, 0x69, 0x5e, 0x1f, 0x12, 0x7f, 0xc8, 0xaa, 0xbf, 0xf8, 0x4e, 0x8c, 0x27, 0xf1, 0xe3, 0xea,
    0x7a, 0x8d, 0x15, 0xf8, 0x51, 0xf4, 0x81, 0x45, 0x00, 0x71, 0xdf, 0x12, 0x7f, 0xe4, 0x5d, 0xb7,
    0xff, 0x00, 0xaf, 0xb5, 0xff, 0x00, 0xd0, 0x1e, 0xbc, 0xba, 0xbf, 0x63, 0xe0, 0x9f, 0xf9, 0x15,
    0x2f, 0xf1, 0x48, 0xf0, 0x73, 0x0f, 0xe3, 0xfc, 0x82, 0x8a, 0xfa, 0xe3, 0x84, 0x2b, 0xb1, 0xf8,
    0x6d, 0xff, 0x00, 0x23, 0x15, 0xc7, 0xfd, 0x7a, 0x37, 0xfe, 0x86, 0x95, 0xe1, 0xf1, 0x27, 0xfc,
    0x8a, 0xab, 0xff, 0x00, 0x84, 0xe8, 0xc2, 0x7f, 0x1e, 0x3e, 0xa7, 0xa8, 0xd1, 0x5f, 0x85, 0x1f,
    0x48, 0x14, 0x50, 0x07, 0x1d, 0xf1, 0x27, 0xfe, 0x45, 0xdb, 0x7f, 0xfa, 0xfb, 0x5f, 0xfd, 0x01,
    0xeb, 0xcb, 0xab, 0xf6, 0x3e, 0x09, 0xff, 0x00, 0x91, 0x52, 0xff, 0x00, 0x14, 0x8f, 0x07, 0x30,
    0xfe, 0x3f, 0xc8, 0x28, 0xaf, 0xae, 0x38, 0x42, 0xbb, 0x1f, 0x86, 0xdf, 0xf2, 0x31, 0x5c, 0x7f,
    0xd7, 0xa3, 0x7f, 0xe8, 0x69, 0x5e, 0x1f, 0x12, 0x7f, 0xc8, 0xaa, 0xbf, 0xf8, 0x4e, 0x8c, 0x27,
    0xf1, 0xe3, 0xea, 0x7a, 0x8d, 0x15, 0xf8, 0x51, 0xf4, 0x81, 0x45, 0x00, 0x71, 0xdf, 0x12, 0x7f,
    0xe4, 0x5d, 0xb7, 0xff, 0x00, 0xaf, 0xb5, 0xff, 0x00, 0xd0, 0x1e, 0xbc, 0xba, 0xbf, 0x63, 0xe0,
    0x9f, 0xf9, 0x15, 0x2f, 0xf1, 0x48, 0xf0, 0x73, 0x0f, 0xe3, 0xfc, 0x82, 0x8a, 0xfa, 0xe3, 0x84,
    0x2b, 0xb1, 0xf8, 0x6d, 0xff, 0x00, 0x23, 0x15, 0xc7, 0xfd, 0x7a, 0x37, 0xfe, 0x86, 0x95, 0xe1,
    0xf1, 0x27, 0xfc, 0x8a, 0xab, 0xff, 0x00, 0x84, 0xe8, 0xc2, 0x7f, 0x1e, 0x3e, 0xa7, 0xa8, 0xd1,
    0x5f, 0x85, 0x1f, 0x48, 0x14, 0x50, 0x07, 0xff, 0xd9,
};
static const unsigned char cb_frame_8[] = {
    0xff, 0xd8, 0xff, 0xe0, 0x00, 0x10, 0x4a, 0x46, 0x49, 0x46, 0x00, 0x01, 0x01, 0x00, 0x00, 0x01,
    0x00, 0x01, 0x00, 0x00, 0xff, 0xdb, 0x00, 0x43, 0x00, 0x08, 0x06, 0x06, 0x07, 0x06, 0x05, 0x08,
    0x07, 0x07, 0x07, 0x09, 0x09, 0x08, 0x0a, 0x0c, 0x14, 0x0d, 0x0c, 0x0b, 0x0b, 0x0c, 0x19, 0x12,
    0x13, 0x0f, 0x14, 0x1d, 0x1a, 0x1f, 0x1e, 0x1d, 0x1a, 0x1c, 0x1c, 0x20, 0x24, 0x2e, 0x27, 0x20,
    0x22, 0x2c, 0x23, 0x1c, 0x1c, 0x28, 0x37, 0x29, 0x2c, 0x30, 0x31, 0x34, 0x34, 0x34, 0x1f, 0x27,
    0x39, 0x3d, 0x38, 0x32, 0x3c, 0x2e, 0x33, 0x34, 0x32, 0xff, 0xdb, 0x00, 0x43, 0x01, 0x09, 0x09,
    0x09, 0x0c, 0x0b, 0x0c, 0x18, 0x0d, 0x0d, 0x18, 0x32, 0x21, 0x1c, 0x21, 0x32, 0x32, 0x32, 0x32,
    0x32, 0x32, 0x32, 0x32, 0x32, 0x32, 0x32, 0x32, 0x32, 0x32, 0x32, 0x32, 0x32, 0x32, 0x32, 0x32,
    0x32, 0x32, 0x32, 0x32, 0x32, 0x32, 0x32, 0x32, 0x32, 0x32, 0x32, 0x32, 0x32, 0x32, 0x32, 0x32,
    0x32, 0x32, 0x32, 0x32, 0x32, 0x32, 0x32, 0x32, 0x32, 0x32, 0x32, 0x32, 0x32, 0x32, 0xff, 0xc0,
    0x00, 0x11, 0x08, 0x00, 0xf0, 0x01, 0x40, 0x03, 0x01, 0x21, 0x00, 0x02, 0x11, 0x01, 0x03, 0x11,
    0x01, 0xff, 0xc4, 0x00, 0x1f, 0x00, 0x00, 0x01, 0x05, 0x01, 0x01, 0x01, 0x01, 0x01, 0x01, 0x00,
    0x00, 0x00, 0x00, 0x00, 0x00, 0x00, 0x00, 0x01, 0x02, 0x03, 0x04, 0x05, 0x06, 0x07, 0x08, 0x09,
    0x0a, 0x0b, 0xff, 0xc4, 0x00, 0xb5, 0x10, 0x00, 0x02, 0x01, 0x03, 0x03, 0x02, 0x04, 0x03, 0x05,
    0x05, 0x04, 0x04, 0x00, 0x00, 0x01, 0x7d, 0x01, 0x02, 0x03, 0x00, 0x04, 0x11, 0x05, 0x12, 0x21,
    0x31, 0x41, 0x06, 0x13, 0x51, 0x61, 0x07, 0x22, 0x71, 0x14, 0x32, 0x81, 0x91, 0xa1, 0x08, 0x23,
    0x42, 0xb1, 0xc1, 0x15, 0x52, 0xd1, 0xf0, 0x24, 0x33, 0x62, 0x72, 0x82, 0x09, 0x0a, 0x16, 0x17,
    0x18, 0x19, 0x1a, 0x25, 0x26, 0x27, 0x28, 0x29, 0x2a, 0x34, 0x35, 0x36, 0x37, 0x38, 0x39, 0x3a,
    0x43, 0x44, 0x45, 0x46, 0x47, 0x48, 0x49, 0x4a, 0x53, 0x54, 0x55, 0x56, 0x57, 0x58, 0x59, 0x5a,
    0x63, 0x64, 0x65, 0x66, 0x67, 0x68, 0x69, 0x6a, 0x73, 0x74, 0x75, 0x76, 0x77, 0x78, 0x79, 0x7a,
    0x83, 0x84, 0x85, 0x86, 0x87, 0x88, 0x89, 0x8a, 0x92, 0x93, 0x94, 0x95, 0x96, 0x97, 0x98, 0x99,
    0x9a, 0xa2, 0xa3, 0xa4, 0xa5, 0xa6, 0xa7, 0xa8, 0xa9, 0xaa, 0xb2, 0xb3, 0xb4, 0xb5, 0xb6, 0xb7,
    0xb8, 0xb9, 0xba, 0xc2, 0xc3, 0xc4, 0xc5, 0xc6, 0xc7, 0xc8, 0xc9, 0xca, 0xd2, 0xd3, 0xd4, 0xd5,
    0xd6, 0xd7, 0xd8, 0xd9, 0xda, 0xe1, 0xe2, 0xe3, 0xe4, 0xe5, 0xe6, 0xe7, 0xe8, 0xe9, 0xea, 0xf1,
    0xf2, 0xf3, 0xf4, 0xf5, 0xf6, 0xf7, 0xf8, 0xf9, 0xfa, 0xff, 0xc4, 0x00, 0x1f, 0x01, 0x00, 0x03,
    0x01, 0x01, 0x01, 0x01, 0x01, 0x01, 0x01, 0x01, 0x01, 0x00, 0x00, 0x00, 0x00, 0x00, 0x00, 0x01,
    0x02, 0x03, 0x04, 0x05, 0x06, 0x07, 0x08, 0x09, 0x0a, 0x0b, 0xff, 0xc4, 0x00, 0xb5, 0x11, 0x00,
    0x02, 0x01, 0x02, 0x04, 0x04, 0x03, 0x04, 0x07, 0x05, 0x04, 0x04, 0x00, 0x01, 0x02, 0x77, 0x00,
    0x01, 0x02, 0x03, 0x11, 0x04, 0x05, 0x21, 0x31, 0x06, 0x12, 0x41, 0x51, 0x07, 0x61, 0x71, 0x13,
    0x22, 0x32, 0x81, 0x08, 0x14, 0x42, 0x91, 0xa1, 0xb1, 0xc1, 0x09, 0x23, 0x33, 0x52, 0xf0, 0x15,
    0x62, 0x72, 0xd1, 0x0a, 0x16, 0x24, 0x34, 0xe1, 0x25, 0xf1, 0x17, 0x18, 0x19, 0x1a, 0x26, 0x27,
    0x28, 0x29, 0x2a, 0x35, 0x36, 0x37, 0x38, 0x39, 0x3a, 0x43, 0x44, 0x45, 0x46, 0x47, 0x48, 0x49,
    0x4a, 0x53, 0x54, 0x55, 0x56, 0x57, 0x58, 0x59, 0x5a, 0x63, 0x64, 0x65, 0x66, 0x67, 0x68, 0x69,
    0x6a, 0x73, 0x74, 0x75, 0x76, 0x77, 0x78, 0x79, 0x7a, 0x82, 0x83, 0x84, 0x85, 0x86, 0x87, 0x88,
    0x89, 0x8a, 0x92, 0x93, 0x94, 0x95, 0x96, 0x97, 0x98, 0x99, 0x9a, 0xa2, 0xa3, 0xa4, 0xa5, 0xa6,
    0xa7, 0xa8, 0xa9, 0xaa, 0xb2, 0xb3, 0xb4, 0xb5, 0xb6, 0xb7, 0xb8, 0xb9, 0xba, 0xc2, 0xc3, 0xc4,
    0xc5, 0xc6, 0xc7, 0xc8, 0xc9, 0xca, 0xd2, 0xd3, 0xd4, 0xd5, 0xd6, 0xd7, 0xd8, 0xd9, 0xda, 0xe2,
    0xe3, 0xe4, 0xe5, 0xe6, 0xe7, 0xe8, 0xe9, 0xea, 0xf2, 0xf3, 0xf4, 0xf5, 0xf6, 0xf7, 0xf8, 0xf9,
    0xfa, 0xff, 0xda, 0x00, 0x0c, 0x03, 0x01, 0x00, 0x02, 0x11, 0x03, 0x11, 0x00, 0x3f, 0x00, 0xf4,
    0x5a, 0x2b, 0xf3, 0x13, 0xd5, 0x0a, 0x28, 0x00, 0xaf, 0x9f, 0x6b, 0xf4, 0x8f, 0x0f, 0x7f, 0xe6,
    0x27, 0xfe, 0xdc, 0xff, 0x00, 0xdb, 0x8f, 0x27, 0x34, 0xfb, 0x1f, 0x3f, 0xd0, 0x28, 0xaf, 0xd2,
    0x4f, 0x24, 0x28, 0xa0, 0x0f, 0xa0, 0xa8, 0xaf, 0xe6, 0xe3, 0xeb, 0x02, 0x8a, 0x00, 0x2b, 0xe7,
    0xda, 0xfd, 0x23, 0xc3, 0xdf, 0xf9, 0x89, 0xff, 0x00, 0xb7, 0x3f, 0xf6, 0xe3, 0xc9, 0xcd, 0x3e,
    0xc7, 0xcf, 0xf4, 0x0a, 0x2b, 0xf4, 0x93, 0xc9, 0x0a, 0x28, 0x03, 0xe8, 0x2a, 0x2b, 0xf9, 0xb8,
    0xfa, 0xc0, 0xa2, 0x80, 0x0a, 0xf9, 0xf6, 0xbf, 0x48, 0xf0, 0xf7, 0xfe, 0x62, 0x7f, 0xed, 0xcf,
    0xfd, 0xb8, 0xf2, 0x73, 0x4f, 0xb1, 0xf3, 0xfd, 0x02, 0x8a, 0xfd, 0x24, 0xf2, 0x42, 0x8a, 0x00,
    0xfa, 0x0a, 0x8a, 0xfe, 0x6e, 0x3e, 0xb0, 0x28, 0xa0, 0x02, 0xbe, 0x7d, 0xaf, 0xd2, 0x3c, 0x3d,
    0xff, 0x00, 0x98, 0x9f, 0xfb, 0x73, 0xff, 0x00, 0x6e, 0x3c, 0x9c, 0xd3, 0xec, 0x7c, 0xff, 0x00,
    0x40, 0xa2, 0xbf, 0x49, 0x3c, 0x90, 0xa2, 0x80, 0x3e, 0x82, 0xa2, 0xbf, 0x9b, 0x8f, 0xac, 0x0a,
    0x28, 0x00, 0xaf, 0x9f, 0x6b, 0xf4, 0x8f, 0x0f, 0x7f, 0xe6, 0x27, 0xfe, 0xdc, 0xff, 0x00, 0xdb,
    0x8f, 0x27, 0x34, 0xfb, 0x1f, 0x3f, 0xd0, 0x28, 0xaf, 0xd2, 0x4f, 0x24, 0x28, 0xa0, 0x0f, 0xa0,
    0xa8, 0xaf, 0xe6, 0xe3, 0xeb, 0x02, 0x8a, 0x00, 0x2b, 0xe7, 0xda, 0xfd, 0x23, 0xc3, 0xdf, 0xf9,
    0x89, 0xff, 0x00, 0xb7, 0x3f, 0xf6, 0xe3, 0xc9, 0xcd, 0x3e, 0xc7, 0xcf, 0xf4, 0x0a, 0x2b, 0xf4,
    0x93, 0xc9, 0x0a, 0x28, 0x03, 0xe8, 0x2a, 0x2b, 0xf9, 0xb8, 0xfa, 0xc0, 0xa2, 0x80, 0x0a, 0xf9,
    0xf6, 0xbf, 0x48, 0xf0, 0xf7, 0xfe, 0x62, 0x7f, 0xed, 0xcf, 0xfd, 0xb8, 0xf2, 0x73, 0x4f, 0xb1,
    0xf3, 0xfd, 0x02, 0x8a, 0xfd, 0x24, 0xf2, 0x42, 0x8a, 0x00, 0xfa, 0x0a, 0x8a, 0xfe, 0x6e, 0x3e,
    0xb0, 0x28, 0xa0, 0x02, 0xbe, 0x7d, 0xaf, 0xd2, 0x3c, 0x3d, 0xff, 0x00, 0x98, 0x9f, 0xfb, 0x73,
    0xff, 0x00, 0x6e, 0x3c, 0x9c, 0xd3, 0xec, 0x7c, 0xff, 0x00, 0x40, 0xa2, 0xbf, 0x49, 0x3c, 0x90,
    0xa2, 0x80, 0x3e, 0x82, 0xa2, 0xbf, 0x9b, 0x8f, 0xac, 0x0a, 0x28, 0x00, 0xaf, 0x9f, 0x6b, 0xf4,
    0x8f, 0x0f, 0x7f, 0xe6, 0x27, 0xfe, 0xdc, 0xff, 0x00, 0xdb, 0x8f, 0x27, 0x34, 0xfb, 0x1f, 0x3f,
    0xd0, 0x28, 0xaf, 0xd2, 0x4f, 0x24, 0x28, 0xa0, 0x0f, 0xa0, 0xa8, 0xaf, 0xe6, 0xe3, 0xeb, 0x02,
    0x8a, 0x00, 0x2b, 0xe7, 0xda, 0xfd, 0x23, 0xc3, 0xdf, 0xf9, 0x89, 0xff, 0x00, 0xb7, 0x3f, 0xf6,
    0xe3, 0xc9, 0xcd, 0x3e, 0xc7, 0xcf, 0xf4, 0x0a, 0x2b, 0xf4, 0x93, 0xc9, 0x0a, 0x28, 0x03, 0xe8,
    0x2a, 0x2b, 0xf9, 0xb8, 0xfa, 0xc0, 0xa2, 0x80, 0x0a, 0xf9, 0xf6, 0xbf, 0x48, 0xf0, 0xf7, 0xfe,
    0x62, 0x7f, 0xed, 0xcf, 0xfd, 0xb8, 0xf2, 0x73, 0x4f, 0xb1, 0xf3, 0xfd, 0x02, 0x8a, 0xfd, 0x24,
    0xf2, 0x42, 0x8a, 0x00, 0xfa, 0x0a, 0x8a, 0xfe, 0x6e, 0x3e, 0xb0, 0x28, 0xa0, 0x02, 0xbe, 0x7d,
    0xaf, 0xd2, 0x3c, 0x3d, 0xff, 0x00, 0x98, 0x9f, 0xfb, 0x73, 0xff, 0x00, 0x6e, 0x3c, 0x9c, 0xd3,
    0xec, 0x7c, 0xff, 0x00, 0x40, 0xa2, 0xbf, 0x49, 0x3c, 0x90, 0xa2, 0x80, 0x3e, 0x82, 0xa2, 0xbf,
    0x9b, 0x8f, 0xac, 0x0a, 0x28, 0x00, 0xaf, 0x9f, 0x6b, 0xf4, 0x8f, 0x0f, 0x7f, 0xe6, 0x27, 0xfe,
    0xdc, 0xff, 0x00, 0xdb, 0x8f, 0x27, 0x34, 0xfb, 0x1f, 0x3f, 0xd0, 0x28, 0xaf, 0xd2, 0x4f, 0x24,
    0x28, 0xa0, 0x0f, 0xa0, 0xa8, 0xaf, 0xe6, 0xe3, 0xeb, 0x02, 0x8a, 0x00, 0x2b, 0xe7, 0xda, 0xfd,
    0x23, 0xc3, 0xdf, 0xf9, 0x89, 0xff, 0x00, 0xb7, 0x3f, 0xf6, 0xe3, 0xc9, 0xcd, 0x3e, 0xc7, 0xcf,
    0xf4, 0x0a, 0x2b, 0xf4, 0x93, 0xc9, 0x0a, 0x28, 0x03, 0xe8, 0x2a, 0x2b, 0xf9, 0xb8, 0xfa, 0xc0,
    0xa2, 0x80, 0x0a, 0xf9, 0xf6, 0xbf, 0x48, 0xf0, 0xf7, 0xfe, 0x62, 0x7f, 0xed, 0xcf, 0xfd, 0xb8,
    0xf2, 0x73, 0x4f, 0xb1, 0xf3, 0xfd, 0x02, 0x8a, 0xfd, 0x24, 0xf2, 0x42, 0x8a, 0x00, 0xfa, 0x0a,
    0x8a, 0xfe, 0x6e, 0x3e, 0xb0, 0x28, 0xa0, 0x02, 0xbe, 0x7d, 0xaf, 0xd2, 0x3c, 0x3d, 0xff, 0x00,
    0x98, 0x9f, 0xfb, 0x73, 0xff, 0x00, 0x6e, 0x3c, 0x9c, 0xd3, 0xec, 0x7c, 0xff, 0x00, 0x40, 0xa2,
    0xbf, 0x49, 0x3c, 0x90, 0xa2, 0x80, 0x3e, 0x82, 0xa2, 0xbf, 0x9b, 0x8f, 0xac, 0x0a, 0x28, 0x00,
    0xaf, 0x9f, 0x6b, 0xf4, 0x8f, 0x0f, 0x7f, 0xe6, 0x27, 0xfe, 0xdc, 0xff, 0x00, 0xdb, 0x8f, 0x27,
    0x34, 0xfb, 0x1f, 0x3f, 0xd0, 0x28, 0xaf, 0xd2, 0x4f, 0x24, 0x28, 0xa0, 0x0f, 0xa0, 0xa8, 0xaf,
    0xe6, 0xe3, 0xeb, 0x02, 0x8a, 0x00, 0x2b, 0xe7, 0xda, 0xfd, 0x23, 0xc3, 0xdf, 0xf9, 0x89, 0xff,
    0x00, 0xb7, 0x3f, 0xf6, 0xe3, 0xc9, 0xcd, 0x3e, 0xc7, 0xcf, 0xf4, 0x0a, 0x2b, 0xf4, 0x93, 0xc9,
    0x0a, 0x28, 0x03, 0xe8, 0x2a, 0x2b, 0xf9, 0xb8, 0xfa, 0xc0, 0xa2, 0x80, 0x0a, 0xf9, 0xf6, 0xbf,
    0x48, 0xf0, 0xf7, 0xfe, 0x62, 0x7f, 0xed, 0xcf, 0xfd, 0xb8, 0xf2, 0x73, 0x4f, 0xb1, 0xf3, 0xfd,
    0x02, 0x8a, 0xfd, 0x24, 0xf2, 0x42, 0x8a, 0x00, 0xfa, 0x0a, 0x8a, 0xfe, 0x6e, 0x3e, 0xb0, 0x28,
    0xa0, 0x02, 0xbe, 0x7d, 0xaf, 0xd2, 0x3c, 0x3d, 0xff, 0x00, 0x98, 0x9f, 0xfb, 0x73, 0xff, 0x00,
    0x6e, 0x3c, 0x9c, 0xd3, 0xec, 0x7c, 0xff, 0x00, 0x40, 0xa2, 0xbf, 0x49, 0x3c, 0x90, 0xa2, 0x80,
    0x0a, 0x28, 0x00, 0xa2, 0x80, 0x0a, 0xfa, 0x0a, 0xbf, 0x36, 0xf1, 0x0b, 0xfe, 0x61, 0xbf, 0xed,
    0xff, 0x00, 0xfd, 0xb4, 0xf5, 0xb2, 0xbf, 0xb7, 0xf2, 0xfd, 0x42, 0x8a, 0xfc, 0xdc, 0xf5, 0x82,
    0x8a, 0x00, 0xf9, 0xf6, 0x8a, 0xfe, 0x91, 0x3e, 0x4c, 0x28, 0xa0, 0x02, 0xbe, 0x82, 0xaf, 0xcd,
    0xbc, 0x42, 0xff, 0x00, 0x98, 0x6f, 0xfb, 0x7f, 0xff, 0x00, 0x6d, 0x3d, 0x6c, 0xaf, 0xed, 0xfc,
    0xbf, 0x50, 0xa2, 0xbf, 0x37, 0x3d, 0x60, 0xa2, 0x80, 0x3e, 0x7d, 0xa2, 0xbf, 0xa4, 0x4f, 0x93,
    0x0a, 0x28, 0x00, 0xaf, 0xa0, 0xab, 0xf3, 0x6f, 0x10, 0xbf, 0xe6, 0x1b, 0xfe, 0xdf, 0xff, 0x00,
    0xdb, 0x4f, 0x5b, 0x2b, 0xfb, 0x7f, 0x2f, 0xd4, 0x28, 0xaf, 0xcd, 0xcf, 0x58, 0x28, 0xa0, 0x0f,
    0x9f, 0x68, 0xaf, 0xe9, 0x13, 0xe4, 0xc2, 0x8a, 0x00, 0x2b, 0xe8, 0x2a, 0xfc, 0xdb, 0xc4, 0x2f,
    0xf9, 0x86, 0xff, 0x00, 0xb7, 0xff, 0x00, 0xf6, 0xd3, 0xd6, 0xca, 0xfe, 0xdf, 0xcb, 0xf5, 0x0a,
    0x2b, 0xf3, 0x73, 0xd6, 0x0a, 0x28, 0x03, 0xe7, 0xda, 0x2b, 0xfa, 0x44, 0xf9, 0x30, 0xa2, 0x80,
    0x0a, 0xfa, 0x0a, 0xbf, 0x36, 0xf1, 0x0b, 0xfe, 0x61, 0xbf, 0xed, 0xff, 0x00, 0xfd, 0xb4, 0xf5,
    0xb2, 0xbf, 0xb7, 0xf2, 0xfd, 0x42, 0x8a, 0xfc, 0xdc, 0xf5, 0x82, 0x8a, 0x00, 0xf9, 0xf6, 0x8a,
    0xfe, 0x91, 0x3e, 0x4c, 0x28, 0xa0, 0x02, 0xbe, 0x82, 0xaf, 0xcd, 0xbc, 0x42, 0xff, 0x00, 0x98,
    0x6f, 0xfb, 0x7f, 0xff, 0x00, 0x6d, 0x3d, 0x6c, 0xaf, 0xed, 0xfc, 0xbf, 0x50, 0xa2, 0xbf, 0x37,
    0x3d, 0x60, 0xa2, 0x80, 0x3e, 0x7d, 0xa2, 0xbf, 0xa4, 0x4f, 0x93, 0x0a, 0x28, 0x00, 0xaf, 0xa0,
    0xab, 0xf3, 0x6f, 0x10, 0xbf, 0xe6, 0x1b, 0xfe, 0xdf, 0xff, 0x00, 0xdb, 0x4f, 0x5b, 0x2b, 0xfb,
    0x7f, 0x2f, 0xd4, 0x28, 0xaf, 0xcd, 0xcf, 0x58, 0x28, 0xa0, 0x0f, 0x9f, 0x68, 0xaf, 0xe9, 0x13,
    0xe4, 0xc2, 0x8a, 0x00, 0x2b, 0xe8, 0x2a, 0xfc, 0xdb, 0xc4, 0x2f, 0xf9, 0x86, 0xff, 0x00, 0xb7,
    0xff, 0x00, 0xf6, 0xd3, 0xd6, 0xca, 0xfe, 0xdf, 0xcb, 0xf5, 0x0a, 0x2b, 0xf3, 0x73, 0xd6, 0x0a,
    0x28, 0x03, 0xe7, 0xda, 0x2b, 0xfa, 0x44, 0xf9, 0x30, 0xa2, 0x80, 0x0a, 0xfa, 0x0a, 0xbf, 0x36,
    0xf1, 0x0b, 0xfe, 0x61, 0xbf, 0xed, 0xff, 0x00, 0xfd, 0xb4, 0xf5, 0xb2, 0xbf, 0xb7, 0xf2, 0xfd,
    0x42, 0x8a, 0xfc, 0xdc, 0xf5, 0x82, 0x8a, 0x00, 0xf9, 0xf6, 0x8a, 0xfe, 0x91, 0x3e, 0x4c, 0x28,
    0xa0, 0x02, 0xbe, 0x82, 0xaf, 0xcd, 0xbc, 0x42, 0xff, 0x00, 0x98, 0x6f, 0xfb, 0x7f, 0xff, 0x00,
    0x6d, 0x3d, 0x6c, 0xaf, 0xed, 0xfc, 0xbf, 0x50, 0xa2, 0xbf, 0x37, 0x3d, 0x60, 0xa2, 0x80, 0x3e,
    0x7d, 0xa2, 0xbf, 0xa4, 0x4f, 0x93, 0x0a, 0x28, 0x00, 0xaf, 0xa0, 0xab, 0xf3, 0x6f, 0x10, 0xbf,
    0xe6, 0x1b, 0xfe, 0xdf, 0xff, 0x00, 0xdb, 0x4f, 0x5b, 0x2b, 0xfb, 0x7f, 0x2f, 0xd4, 0x28, 0xaf,
    0xcd, 0xcf, 0x58, 0x28, 0xa0, 0x0f, 0x9f, 0x68, 0xaf, 0xe9, 0x13, 0xe4, 0xc2, 0x8a, 0x00, 0x2b,
    0xe8, 0x2a, 0xfc, 0xdb, 0xc4, 0x2f, 0xf9, 0x86, 0xff, 0x00, 0xb7, 0xff, 0x00, 0xf6, 0xd3, 0xd6,
    0xca, 0xfe, 0xdf, 0xcb, 0xf5, 0x0a, 0x2b, 0xf3, 0x73, 0xd6, 0x0a, 0x28, 0x03, 0xe7, 0xda, 0x2b,
    0xfa, 0x44, 0xf9, 0x30, 0xa2, 0x80, 0x0a, 0xfa, 0x0a, 0xbf, 0x36, 0xf1, 0x0b, 0xfe, 0x61, 0xbf,
    0xed, 0xff, 0x00, 0xfd, 0xb4, 0xf5, 0xb2, 0xbf, 0xb7, 0xf2, 0xfd, 0x42, 0x8a, 0xfc, 0xdc, 0xf5,
    0x82, 0x8a, 0x00, 0xf9, 0xf6, 0x8a, 0xfe, 0x91, 0x3e, 0x4c, 0x28, 0xa0, 0x02, 0xbe, 0x82, 0xaf,
    0xcd, 0xbc, 0x42, 0xff, 0x00, 0x98, 0x6f, 0xfb, 0x7f, 0xff, 0x00, 0x6d, 0x3d, 0x6c, 0xaf, 0xed,
    0xfc, 0xbf, 0x50, 0xa2, 0xbf, 0x37, 0x3d, 0x60, 0xa2, 0x80, 0x3e, 0x7d, 0xa2, 0xbf, 0xa4, 0x4f,
    0x93, 0x0a, 0x28, 0x00, 0xaf, 0xa0, 0xab, 0xf3, 0x6f, 0x10, 0xbf, 0xe6, 0x1b, 0xfe, 0xdf, 0xff,
    0x00, 0xdb, 0x4f, 0x5b, 0x2b, 0xfb, 0x7f, 0x2f, 0xd4, 0x28, 0xaf, 0xcd, 0xcf, 0x58, 0x28, 0xa0,
    0x0f, 0x9f, 0x68, 0xaf, 0xe9, 0x13, 0xe4, 0xc2, 0x8a, 0x00, 0x2b, 0xe8, 0x2a, 0xfc, 0xdb, 0xc4,
    0x2f, 0xf9, 0x86, 0xff, 0x00, 0xb7, 0xff, 0x00, 0xf6, 0xd3, 0xd6, 0xca, 0xfe, 0xdf, 0xcb, 0xf5,
    0x0a, 0x2b, 0xf3, 0x73, 0xd6, 0x0a, 0x28, 0x03, 0xe7, 0xda, 0x2b, 0xfa, 0x44, 0xf9, 0x30, 0xa2,
    0x80, 0x0a, 0xfa, 0x0a, 0xbf, 0x36, 0xf1, 0x0b, 0xfe, 0x61, 0xbf, 0xed, 0xff, 0x00, 0xfd, 0xb4,
    0xf5, 0xb2, 0xbf, 0xb7, 0xf2, 0xfd, 0x42, 0x8a, 0xfc, 0xdc, 0xf5, 0x82, 0x8a, 0x00, 0xf9, 0xf6,
    0x8a, 0xfe, 0x91, 0x3e, 0x4c, 0x28, 0xa0, 0x02, 0xbe, 0x82, 0xaf, 0xcd, 0xbc, 0x42, 0xff, 0x00,
    0x98, 0x6f, 0xfb, 0x7f, 0xff, 0x00, 0x6d, 0x3d, 0x6c, 0xaf, 0xed, 0xfc, 0xbf, 0x50, 0xa2, 0xbf,
    0x37, 0x3d, 0x60, 0xa2, 0x80, 0x3e, 0x7d, 0xa2, 0xbf, 0xa4, 0x4f, 0x93, 0x0a, 0x28, 0x00, 0xaf,
    0xa0, 0xab, 0xf3, 0x6f, 0x10, 0xbf, 0xe6, 0x1b, 0xfe, 0xdf, 0xff, 0x00, 0xdb, 0x4f, 0x5b, 0x2b,
    0xfb, 0x7f, 0x2f, 0xd4, 0x28, 0xaf, 0xcd, 0xcf, 0x58, 0x28, 0xa0, 0x0f, 0x9f, 0x68, 0xaf, 0xe9,
    0x13, 0xe4, 0xc2, 0x8a, 0x00, 0x2b, 0xe8, 0x2a, 0xfc, 0xdb, 0xc4, 0x2f, 0xf9, 0x86, 0xff, 0x00,
    0xb7, 0xff, 0x00, 0xf6, 0xd3, 0xd6, 0xca, 0xfe, 0xdf, 0xcb, 0xf5, 0x0a, 0x2b, 0xf3, 0x73, 0xd6,
    0x0a, 0x28, 0x00, 0xa2, 0x80, 0x0a, 0x28, 0x00, 0xaf, 0x9f, 0x6b, 0xf4, 0x8f, 0x0f, 0x7f, 0xe6,
    0x27, 0xfe, 0xdc, 0xff, 0x00, 0xdb, 0x8f, 0x27, 0x34, 0xfb, 0x1f, 0x3f, 0xd0, 0x28, 0xaf, 0xd2,
    0x4f, 0x24, 0x28, 0xa0, 0x0f, 0xa0, 0xa8, 0xaf, 0xe6, 0xe3, 0xeb, 0x02, 0x8a, 0x00, 0x2b, 0xe7,
    0xda, 0xfd, 0x23, 0xc3, 0xdf, 0xf9, 0x89, 0xff, 0x00, 0xb7, 0x3f, 0xf6, 0xe3, 0xc9, 0xcd, 0x3e,
    0xc7, 0xcf, 0xf4, 0x0a, 0x2b, 0xf4, 0x93, 0xc9, 0x0a, 0x28, 0x03, 0xe8, 0x2a, 0x2b, 0xf9, 0xb8,
    0xfa, 0xc0, 0xa2, 0x80, 0x0a, 0xf9, 0xf6, 0xbf, 0x48, 0xf0, 0xf7, 0xfe, 0x62, 0x7f, 0xed, 0xcf,
    0xfd, 0xb8, 0xf2, 0x73, 0x4f, 0xb1, 0xf3, 0xfd, 0x02, 0x8a, 0xfd, 0x24, 0xf2, 0x42, 0x8a, 0x00,
    0xfa, 0x0a, 0x8a, 0xfe, 0x6e, 0x3e, 0xb0, 0x28, 0xa0, 0x02, 0xbe, 0x7d, 0xaf, 0xd2, 0x3c, 0x3d,
    0xff, 0x00, 0x98, 0x9f, 0xfb, 0x73, 0xff, 0x00, 0x6e, 0x3c, 0x9c, 0xd3, 0xec, 0x7c, 0xff, 0x00,
    0x40, 0xa2, 0xbf, 0x49, 0x3c, 0x90, 0xa2, 0x80, 0x3e, 0x82, 0xa2, 0xbf, 0x9b, 0x8f, 0xac, 0x0a,
    0x28, 0x00, 0xaf, 0x9f, 0x6b, 0xf4, 0x8f, 0x0f, 0x7f, 0xe6, 0x27, 0xfe, 0xdc, 0xff, 0x00, 0xdb,
    0x8f, 0x27, 0x34, 0xfb, 0x1f, 0x3f, 0xd0, 0x28, 0xaf, 0xd2, 0x4f, 0x24, 0x28, 0xa0, 0x0f, 0xa0,
    0xa8, 0xaf, 0xe6, 0xe3, 0xeb, 0x02, 0x8a, 0x00, 0x2b, 0xe7, 0xda, 0xfd, 0x23, 0xc3, 0xdf, 0xf9,
    0x89, 0xff, 0x00, 0xb7, 0x3f, 0xf6, 0xe3, 0xc9, 0xcd, 0x3e, 0xc7, 0xcf, 0xf4, 0x0a, 0x2b, 0xf4,
    0x93, 0xc9, 0x0a, 0x28, 0x03, 0xe8, 0x2a, 0x2b, 0xf9, 0xb8, 0xfa, 0xc0, 0xa2, 0x80, 0x0a, 0xf9,
    0xf6, 0xbf, 0x48, 0xf0, 0xf7, 0xfe, 0x62, 0x7f, 0xed, 0xcf, 0xfd, 0xb8, 0xf2, 0x73, 0x4f, 0xb1,
    0xf3, 0xfd, 0x02, 0x8a, 0xfd, 0x24, 0xf2, 0x42, 0x8a, 0x00, 0xfa, 0x0a, 0x8a, 0xfe, 0x6e, 0x3e,
    0xb0, 0x28, 0xa0, 0x02, 0xbe, 0x7d, 0xaf, 0xd2, 0x3c, 0x3d, 0xff, 0x00, 0x98, 0x9f, 0xfb, 0x73,
    0xff, 0x00, 0x6e, 0x3c, 0x9c, 0xd3, 0xec, 0x7c, 0xff, 0x00, 0x40, 0xa2, 0xbf, 0x49, 0x3c, 0x90,
    0xa2, 0x80, 0x3e, 0x82, 0xa2, 0xbf, 0x9b, 0x8f, 0xac, 0x0a, 0x28, 0x00, 0xaf, 0x9f, 0x6b, 0xf4,
    0x8f, 0x0f, 0x7f, 0xe6, 0x27, 0xfe, 0xdc, 0xff, 0x00, 0xdb, 0x8f, 0x27, 0x34, 0xfb, 0x1f, 0x3f,
    0xd0, 0x28, 0xaf, 0xd2, 0x4f, 0x24, 0x28, 0xa0, 0x0f, 0xa0, 0xa8, 0xaf, 0xe6, 0xe3, 0xeb, 0x02,
    0x8a, 0x00, 0x2b, 0xe7, 0xda, 0xfd, 0x23, 0xc3, 0xdf, 0xf9, 0x89, 0xff, 0x00, 0xb7, 0x3f, 0xf6,
    0xe3, 0xc9, 0xcd, 0x3e, 0xc7, 0xcf, 0xf4, 0x0a, 0x2b, 0xf4, 0x93, 0xc9, 0x0a, 0x28, 0x03, 0xe8,
    0x2a, 0x2b, 0xf9, 0xb8, 0xfa, 0xc0, 0xa2, 0x80, 0x0a, 0xf9, 0xf6, 0xbf, 0x48, 0xf0, 0xf7, 0xfe,
    0x62, 0x7f, 0xed, 0xcf, 0xfd, 0xb8, 0xf2, 0x73, 0x4f, 0xb1, 0xf3, 0xfd, 0x02, 0x8a, 0xfd, 0x24,
    0xf2, 0x42, 0x8a, 0x00, 0xfa, 0x0a, 0x8a, 0xfe, 0x6e, 0x3e, 0xb0, 0x28, 0xa0, 0x02, 0xbe, 0x7d,
    0xaf, 0xd2, 0x3c, 0x3d, 0xff, 0x00, 0x98, 0x9f, 0xfb, 0x73, 0xff, 0x00, 0x6e, 0x3c, 0x9c, 0xd3,
    0xec, 0x7c, 0xff, 0x00, 0x40, 0xa2, 0xbf, 0x49, 0x3c, 0x90, 0xa2, 0x80, 0x3e, 0x82, 0xa2, 0xbf,
    0x9b, 0x8f, 0xac, 0x0a, 0x28, 0x00, 0xaf, 0x9f, 0x6b, 0xf4, 0x8f, 0x0f, 0x7f, 0xe6, 0x27, 0xfe,
    0xdc, 0xff, 0x00, 0xdb, 0x8f, 0x27, 0x34, 0xfb, 0x1f, 0x3f, 0xd0, 0x28, 0xaf, 0xd2, 0x4f, 0x24,
    0x28, 0xa0, 0x0f, 0xa0, 0xa8, 0xaf, 0xe6, 0xe3, 0xeb, 0x02, 0x8a, 0x00, 0x2b, 0xe7, 0xda, 0xfd,
    0x23, 0xc3, 0xdf, 0xf9, 0x89, 0xff, 0x00, 0xb7, 0x3f, 0xf6, 0xe3, 0xc9, 0xcd, 0x3e, 0xc7, 0xcf,
    0xf4, 0x0a, 0x2b, 0xf4, 0x93, 0xc9, 0x0a, 0x28, 0x03, 0xe8, 0x2a, 0x2b, 0xf9, 0xb8, 0xfa, 0xc0,
    0xa2, 0x80, 0x0a, 0xf9, 0xf6, 0xbf, 0x48, 0xf0, 0xf7, 0xfe, 0x62, 0x7f, 0xed, 0xcf, 0xfd, 0xb8,
    0xf2, 0x73, 0x4f, 0xb1, 0xf3, 0xfd, 0x02, 0x8a, 0xfd, 0x24, 0xf2, 0x42, 0x8a, 0x00, 0xfa, 0x0a,
    0x8a, 0xfe, 0x6e, 0x3e, 0xb0, 0x28, 0xa0, 0x02, 0xbe, 0x7d, 0xaf, 0xd2, 0x3c, 0x3d, 0xff, 0x00,
    0x98, 0x9f, 0xfb, 0x73, 0xff, 0x00, 0x6e, 0x3c, 0x9c, 0xd3, 0xec, 0x7c, 0xff, 0x00, 0x40, 0xa2,
    0xbf, 0x49, 0x3c, 0x90, 0xa2, 0x80, 0x3e, 0x82, 0xa2, 0xbf, 0x9b, 0x8f, 0xac, 0x0a, 0x28, 0x00,
    0xaf, 0x9f, 0x6b, 0xf4, 0x8f, 0x0f, 0x7f, 0xe6, 0x27, 0xfe, 0xdc, 0xff, 0x00, 0xdb, 0x8f, 0x27,
    0x34, 0xfb, 0x1f, 0x3f, 0xd0, 0x28, 0xaf, 0xd2, 0x4f, 0x24, 0x28, 0xa0, 0x0f, 0xa0, 0xa8, 0xaf,
    0xe6, 0xe3, 0xeb, 0x02, 0x8a, 0x00, 0x2b, 0xe7, 0xda, 0xfd, 0x23, 0xc3, 0xdf, 0xf9, 0x89, 0xff,
    0x00, 0xb7, 0x3f, 0xf6, 0xe3, 0xc9, 0xcd, 0x3e, 0xc7, 0xcf, 0xf4, 0x0a, 0x2b, 0xf4, 0x93, 0xc9,
    0x0a, 0x28, 0x03, 0xe8, 0x2a, 0x2b, 0xf9, 0xb8, 0xfa, 0xc0, 0xa2, 0x80, 0x0a, 0xf9, 0xf6, 0xbf,
    0x48, 0xf0, 0xf7, 0xfe, 0x62, 0x7f, 0xed, 0xcf, 0xfd, 0xb8, 0xf2, 0x73, 0x4f, 0xb1, 0xf3, 0xfd,
    0x02, 0x8a, 0xfd, 0x24, 0xf2, 0x42, 0x8a, 0x00, 0xfa, 0x0a, 0x8a, 0xfe, 0x6e, 0x3e, 0xb0, 0x28,
    0xa0, 0x02, 0xbe, 0x7d, 0xaf, 0xd2, 0x3c, 0x3d, 0xff, 0x00, 0x98, 0x9f, 0xfb, 0x73, 0xff, 0x00,
    0x6e, 0x3c, 0x9c, 0xd3, 0xec, 0x7c, 0xff, 0x00, 0x40, 0xa2, 0xbf, 0x49, 0x3c, 0x90, 0xa2, 0x80,
    0x0a, 0x28, 0x00, 0xa2, 0x80, 0x0a, 0xfa, 0x0a, 0xbf, 0x36, 0xf1, 0x0b, 0xfe, 0x61, 0xbf, 0xed,
    0xff, 0x00, 0xfd, 0xb4, 0xf5, 0xb2, 0xbf, 0xb7, 0xf2, 0xfd, 0x42, 0x8a, 0xfc, 0xdc, 0xf5, 0x82,
    0x8a, 0x00, 0xf9, 0xf6, 0x8a, 0xfe, 0x91, 0x3e, 0x4c, 0x28, 0xa0, 0x02, 0xbe, 0x82, 0xaf, 0xcd,
    0xbc, 0x42, 0xff, 0x00, 0x98, 0x6f, 0xfb, 0x7f, 0xff, 0x00, 0x6d, 0x3d, 0x6c, 0xaf, 0xed, 0xfc,
    0xbf, 0x50, 0xa2, 0xbf, 0x37, 0x3d, 0x60, 0xa2, 0x80, 0x3e, 0x7d, 0xa2, 0xbf, 0xa4, 0x4f, 0x93,
    0x0a, 0x28, 0x00, 0xaf, 0xa0, 0xab, 0xf3, 0x6f, 0x10, 0xbf, 0xe6, 0x1b, 0xfe, 0xdf, 0xff, 0x00,
    0xdb, 0x4f, 0x5b, 0x2b, 0xfb, 0x7f, 0x2f, 0xd4, 0x28, 0xaf, 0xcd, 0xcf, 0x58, 0x28, 0xa0, 0x0f,
    0x9f, 0x68, 0xaf, 0xe9, 0x13, 0xe4, 0xc2, 0x8a, 0x00, 0x2b, 0xe8, 0x2a, 0xfc, 0xdb, 0xc4, 0x2f,
    0xf9, 0x86, 0xff, 0x00, 0xb7, 0xff, 0x00, 0xf6, 0xd3, 0xd6, 0xca, 0xfe, 0xdf, 0xcb, 0xf5, 0x0a,
    0x2b, 0xf3, 0x73, 0xd6, 0x0a, 0x28, 0x03, 0xe7, 0xda, 0x2b, 0xfa, 0x44, 0xf9, 0x30, 0xa2, 0x80,
    0x0a, 0xfa, 0x0a, 0xbf, 0x36, 0xf1, 0x0b, 0xfe, 0x61, 0xbf, 0xed, 0xff, 0x00, 0xfd, 0xb4, 0xf5,
    0xb2, 0xbf, 0xb7, 0xf2, 0xfd, 0x42, 0x8a, 0xfc, 0xdc, 0xf5, 0x82, 0x8a, 0x00, 0xf9, 0xf6, 0x8a,
    0xfe, 0x91, 0x3e, 0x4c, 0x28, 0xa0, 0x02, 0xbe, 0x82, 0xaf, 0xcd, 0xbc, 0x42, 0xff, 0x00, 0x98,
    0x6f, 0xfb, 0x7f, 0xff, 0x00, 0x6d, 0x3d, 0x6c, 0xaf, 0xed, 0xfc, 0xbf, 0x50, 0xa2, 0xbf, 0x37,
    0x3d, 0x60, 0xa2, 0x80, 0x3e, 0x7d, 0xa2, 0xbf, 0xa4, 0x4f, 0x93, 0x0a, 0x28, 0x00, 0xaf, 0xa0,
    0xab, 0xf3, 0x6f, 0x10, 0xbf, 0xe6, 0x1b, 0xfe, 0xdf, 0xff, 0x00, 0xdb, 0x4f, 0x5b, 0x2b, 0xfb,
    0x7f, 0x2f, 0xd4, 0x28, 0xaf, 0xcd, 0xcf, 0x58, 0x28, 0xa0, 0x0f, 0x9f, 0x68, 0xaf, 0xe9, 0x13,
    0xe4, 0xc2, 0x8a, 0x00, 0x2b, 0xe8, 0x2a, 0xfc, 0xdb, 0xc4, 0x2f, 0xf9, 0x86, 0xff, 0x00, 0xb7,
    0xff, 0x00, 0xf6, 0xd3, 0xd6, 0xca, 0xfe, 0xdf, 0xcb, 0xf5, 0x0a, 0x2b, 0xf3, 0x73, 0xd6, 0x0a,
    0x28, 0x03, 0xe7, 0xda, 0x2b, 0xfa, 0x44, 0xf9, 0x30, 0xa2, 0x80, 0x0a, 0xfa, 0x0a, 0xbf, 0x36,
    0xf1, 0x0b, 0xfe, 0x61, 0xbf, 0xed, 0xff, 0x00, 0xfd, 0xb4, 0xf5, 0xb2, 0xbf, 0xb7, 0xf2, 0xfd,
    0x42, 0x8a, 0xfc, 0xdc, 0xf5, 0x82, 0x8a, 0x00, 0xf9, 0xf6, 0x8a, 0xfe, 0x91, 0x3e, 0x4c, 0x28,
    0xa0, 0x02, 0xbe, 0x82, 0xaf, 0xcd, 0xbc, 0x42, 0xff, 0x00, 0x98, 0x6f, 0xfb, 0x7f, 0xff, 0x00,
    0x6d, 0x3d, 0x6c, 0xaf, 0xed, 0xfc, 0xbf, 0x50, 0xa2, 0xbf, 0x37, 0x3d, 0x60, 0xa2, 0x80, 0x3e,
    0x7d, 0xa2, 0xbf, 0xa4, 0x4f, 0x93, 0x0a, 0x28, 0x00, 0xaf, 0xa0, 0xab, 0xf3, 0x6f, 0x10, 0xbf,
    0xe6, 0x1b, 0xfe, 0xdf, 0xff, 0x00, 0xdb, 0x4f, 0x5b, 0x2b, 0xfb, 0x7f, 0x2f, 0xd4, 0x28, 0xaf,
    0xcd, 0xcf, 0x58, 0x28, 0xa0, 0x0f, 0x9f, 0x68, 0xaf, 0xe9, 0x13, 0xe4, 0xc2, 0x8a, 0x00, 0x2b,
    0xe8, 0x2a, 0xfc, 0xdb, 0xc4, 0x2f, 0xf9, 0x86, 0xff, 0x00, 0xb7, 0xff, 0x00, 0xf6, 0xd3, 0xd6,
    0xca, 0xfe, 0xdf, 0xcb, 0xf5, 0x0a, 0x2b, 0xf3, 0x73, 0xd6, 0x0a, 0x28, 0x03, 0xe7, 0xda, 0x2b,
    0xfa, 0x44, 0xf9, 0x30, 0xa2, 0x80, 0x0a, 0xfa, 0x0a, 0xbf, 0x36, 0xf1, 0x0b, 0xfe, 0x61, 0xbf,
    0xed, 0xff, 0x00, 0xfd, 0xb4, 0xf5, 0xb2, 0xbf, 0xb7, 0xf2, 0xfd, 0x42, 0x8a, 0xfc, 0xdc, 0xf5,
    0x82, 0x8a, 0x00, 0xf9, 0xf6, 0x8a, 0xfe, 0x91, 0x3e, 0x4c, 0x28, 0xa0, 0x02, 0xbe, 0x82, 0xaf,
    0xcd, 0xbc, 0x42, 0xff, 0x00, 0x98, 0x6f, 0xfb, 0x7f, 0xff, 0x00, 0x6d, 0x3d, 0x6c, 0xaf, 0xed,
    0xfc, 0xbf, 0x50, 0xa2, 0xbf, 0x37, 0x3d, 0x60, 0xa2, 0x80, 0x3e, 0x7d, 0xa2, 0xbf, 0xa4, 0x4f,
    0x93, 0x0a, 0x28, 0x00, 0xaf, 0xa0, 0xab, 0xf3, 0x6f, 0x10, 0xbf, 0xe6, 0x1b, 0xfe, 0xdf, 0xff,
    0x00, 0xdb, 0x4f, 0x5b, 0x2b, 0xfb, 0x7f, 0x2f, 0xd4, 0x28, 0xaf, 0xcd, 0xcf, 0x58, 0x28, 0xa0,
    0x0f, 0x9f, 0x68, 0xaf, 0xe9, 0x13, 0xe4, 0xc2, 0x8a, 0x00, 0x2b, 0xe8, 0x2a, 0xfc, 0xdb, 0xc4,
    0x2f, 0xf9, 0x86, 0xff, 0x00, 0xb7, 0xff, 0x00, 0xf6, 0xd3, 0xd6, 0xca, 0xfe, 0xdf, 0xcb, 0xf5,
    0x0a, 0x2b, 0xf3, 0x73, 0xd6, 0x0a, 0x28, 0x03, 0xe7, 0xda, 0x2b, 0xfa, 0x44, 0xf9, 0x30, 0xa2,
    0x80, 0x0a, 0xfa, 0x0a, 0xbf, 0x36, 0xf1, 0x0b, 0xfe, 0x61, 0xbf, 0xed, 0xff, 0x00, 0xfd, 0xb4,
    0xf5, 0xb2, 0xbf, 0xb7, 0xf2, 0xfd, 0x42, 0x8a, 0xfc, 0xdc, 0xf5, 0x82, 0x8a, 0x00, 0xf9, 0xf6,
    0x8a, 0xfe, 0x91, 0x3e, 0x4c, 0x28, 0xa0, 0x02, 0xbe, 0x82, 0xaf, 0xcd, 0xbc, 0x42, 0xff, 0x00,
    0x98, 0x6f, 0xfb, 0x7f, 0xff, 0x00, 0x6d, 0x3d, 0x6c, 0xaf, 0xed, 0xfc, 0xbf, 0x50, 0xa2, 0xbf,
    0x37, 0x3d, 0x60, 0xa2, 0x80, 0x3e, 0x7d, 0xa2, 0xbf, 0xa4, 0x4f, 0x93, 0x0a, 0x28, 0x00, 0xaf,
    0xa0, 0xab, 0xf3, 0x6f, 0x10, 0xbf, 0xe6, 0x1b, 0xfe, 0xdf, 0xff, 0x00, 0xdb, 0x4f, 0x5b, 0x2b,
    0xfb, 0x7f, 0x2f, 0xd4, 0x28, 0xaf, 0xcd, 0xcf, 0x58, 0x28, 0xa0, 0x0f, 0x9f, 0x68, 0xaf, 0xe9,
    0x13, 0xe4, 0xc2, 0x8a, 0x00, 0x2b, 0xe8, 0x2a, 0xfc, 0xdb, 0xc4, 0x2f, 0xf9, 0x86, 0xff, 0x00,
    0xb7, 0xff, 0x00, 0xf6, 0xd3, 0xd6, 0xca, 0xfe, 0xdf, 0xcb, 0xf5, 0x0a, 0x2b, 0xf3, 0x73, 0xd6,
    0x0a, 0x28, 0x00, 0xa2, 0x80, 0x0a, 0x28, 0x00, 0xaf, 0x9f, 0x6b, 0xf4, 0x8f, 0x0f, 0x7f, 0xe6,
    0x27, 0xfe, 0xdc, 0xff, 0x00, 0xdb, 0x8f, 0x27, 0x34, 0xfb, 0x1f, 0x3f, 0xd0, 0x28, 0xaf, 0xd2,
    0x4f, 0x24, 0x28, 0xa0, 0x0f, 0xa0, 0xa8, 0xaf, 0xe6, 0xe3, 0xeb, 0x02, 0x8a, 0x00, 0x2b, 0xe7,
    0xda, 0xfd, 0x23, 0xc3, 0xdf, 0xf9, 0x89, 0xff, 0x00, 0xb7, 0x3f, 0xf6, 0xe3, 0xc9, 0xcd, 0x3e,
    0xc7, 0xcf, 0xf4, 0x0a, 0x2b, 0xf4, 0x93, 0xc9, 0x0a, 0x28, 0x03, 0xe8, 0x2a, 0x2b, 0xf9, 0xb8,
    0xfa, 0xc0, 0xa2, 0x80, 0x0a, 0xf9, 0xf6, 0xbf, 0x48, 0xf0, 0xf7, 0xfe, 0x62, 0x7f, 0xed, 0xcf,
    0xfd, 0xb8, 0xf2, 0x73, 0x4f, 0xb1, 0xf3, 0xfd, 0x02, 0x8a, 0xfd, 0x24, 0xf2, 0x42, 0x8a, 0x00,
    0xfa, 0x0a, 0x8a, 0xfe, 0x6e, 0x3e, 0xb0, 0x28, 0xa0, 0x02, 0xbe, 0x7d, 0xaf, 0xd2, 0x3c, 0x3d,
    0xff, 0x00, 0x98, 0x9f, 0xfb, 0x73, 0xff, 0x00, 0x6e, 0x3c, 0x9c, 0xd3, 0xec, 0x7c, 0xff, 0x00,
    0x40, 0xa2, 0xbf, 0x49, 0x3c, 0x90, 0xa2, 0x80, 0x3e, 0x82, 0xa2, 0xbf, 0x9b, 0x8f, 0xac, 0x0a,
    0x28, 0x00, 0xaf, 0x9f, 0x6b, 0xf4, 0x8f, 0x0f, 0x7f, 0xe6, 0x27, 0xfe, 0xdc, 0xff, 0x00, 0xdb,
    0x8f, 0x27, 0x34, 0xfb, 0x1f, 0x3f, 0xd0, 0x28, 0xaf, 0xd2, 0x4f, 0x24, 0x28, 0xa0, 0x0f, 0xa0,
    0xa8, 0xaf, 0xe6, 0xe3, 0xeb, 0x02, 0x8a, 0x00, 0x2b, 0xe7, 0xda, 0xfd, 0x23, 0xc3, 0xdf, 0xf9,
    0x89, 0xff, 0x00, 0xb7, 0x3f, 0xf6, 0xe3, 0xc9, 0xcd, 0x3e, 0xc7, 0xcf, 0xf4, 0x0a, 0x2b, 0xf4,
    0x93, 0xc9, 0x0a, 0x28, 0x03, 0xe8, 0x2a, 0x2b, 0xf9, 0xb8, 0xfa, 0xc0, 0xa2, 0x80, 0x0a, 0xf9,
    0xf6, 0xbf, 0x48, 0xf0, 0xf7, 0xfe, 0x62, 0x7f, 0xed, 0xcf, 0xfd, 0xb8, 0xf2, 0x73, 0x4f, 0xb1,
    0xf3, 0xfd, 0x02, 0x8a, 0xfd, 0x24, 0xf2, 0x42, 0x8a, 0x00, 0xfa, 0x0a, 0x8a, 0xfe, 0x6e, 0x3e,
    0xb0, 0x28, 0xa0, 0x02, 0xbe, 0x7d, 0xaf, 0xd2, 0x3c, 0x3d, 0xff, 0x00, 0x98, 0x9f, 0xfb, 0x73,
    0xff, 0x00, 0x6e, 0x3c, 0x9c, 0xd3, 0xec, 0x7c, 0xff, 0x00, 0x40, 0xa2, 0xbf, 0x49, 0x3c, 0x90,
    0xa2, 0x80, 0x3e, 0x82, 0xa2, 0xbf, 0x9b, 0x8f, 0xac, 0x0a, 0x28, 0x00, 0xaf, 0x9f, 0x6b, 0xf4,
    0x8f, 0x0f, 0x7f, 0xe6, 0x27, 0xfe, 0xdc, 0xff, 0x00, 0xdb, 0x8f, 0x27, 0x34, 0xfb, 0x1f, 0x3f,
    0xd0, 0x28, 0xaf, 0xd2, 0x4f, 0x24, 0x28, 0xa0, 0x0f, 0xa0, 0xa8, 0xaf, 0xe6, 0xe3, 0xeb, 0x02,
    0x8a, 0x00, 0x2b, 0xe7, 0xda, 0xfd, 0x23, 0xc3, 0xdf, 0xf9, 0x89, 0xff, 0x00, 0xb7, 0x3f, 0xf6,
    0xe3, 0xc9, 0xcd, 0x3e, 0xc7, 0xcf, 0xf4, 0x0a, 0x2b, 0xf4, 0x93, 0xc9, 0x0a, 0x28, 0x03, 0xe8,
    0x2a, 0x2b, 0xf9, 0xb8, 0xfa, 0xc0, 0xa2, 0x80, 0x0a, 0xf9, 0xf6, 0xbf, 0x48, 0xf0, 0xf7, 0xfe,
    0x62, 0x7f, 0xed, 0xcf, 0xfd, 0xb8, 0xf2, 0x73, 0x4f, 0xb1, 0xf3, 0xfd, 0x02, 0x8a, 0xfd, 0x24,
    0xf2, 0x42, 0x8a, 0x00, 0xfa, 0x0a, 0x8a, 0xfe, 0x6e, 0x3e, 0xb0, 0x28, 0xa0, 0x02, 0xbe, 0x7d,
    0xaf, 0xd2, 0x3c, 0x3d, 0xff, 0x00, 0x98, 0x9f, 0xfb, 0x73, 0xff, 0x00, 0x6e, 0x3c, 0x9c, 0xd3,
    0xec, 0x7c, 0xff, 0x00, 0x40, 0xa2, 0xbf, 0x49, 0x3c, 0x90, 0xa2, 0x80, 0x3e, 0x82, 0xa2, 0xbf,
    0x9b, 0x8f, 0xac, 0x0a, 0x28, 0x00, 0xaf, 0x9f, 0x6b, 0xf4, 0x8f, 0x0f, 0x7f, 0xe6, 0x27, 0xfe,
    0xdc, 0xff, 0x00, 0xdb, 0x8f, 0x27, 0x34, 0xfb, 0x1f, 0x3f, 0xd0, 0x28, 0xaf, 0xd2, 0x4f, 0x24,
    0x28, 0xa0, 0x0f, 0xa0, 0xa8, 0xaf, 0xe6, 0xe3, 0xeb, 0x02, 0x8a, 0x00, 0x2b, 0xe7, 0xda, 0xfd,
    0x23, 0xc3, 0xdf, 0xf9, 0x89, 0xff, 0x00, 0xb7, 0x3f, 0xf6, 0xe3, 0xc9, 0xcd, 0x3e, 0xc7, 0xcf,
    0xf4, 0x0a, 0x2b, 0xf4, 0x93, 0xc9, 0x0a, 0x28, 0x03, 0xe8, 0x2a, 0x2b, 0xf9, 0xb8, 0xfa, 0xc0,
    0xa2, 0x80, 0x0a, 0xf9, 0xf6, 0xbf, 0x48, 0xf0, 0xf7, 0xfe, 0x62, 0x7f, 0xed, 0xcf, 0xfd, 0xb8,
    0xf2, 0x73, 0x4f, 0xb1, 0xf3, 0xfd, 0x02, 0x8a, 0xfd, 0x24, 0xf2, 0x42, 0x8a, 0x00, 0xfa, 0x0a,
    0x8a, 0xfe, 0x6e, 0x3e, 0xb0, 0x28, 0xa0, 0x02, 0xbe, 0x7d, 0xaf, 0xd2, 0x3c, 0x3d, 0xff, 0x00,
    0x98, 0x9f, 0xfb, 0x73, 0xff, 0x00, 0x6e, 0x3c, 0x9c, 0xd3, 0xec, 0x7c, 0xff, 0x00, 0x40, 0xa2,
    0xbf, 0x49, 0x3c, 0x90, 0xa2, 0x80, 0x3e, 0x82, 0xa2, 0xbf, 0x9b, 0x8f, 0xac, 0x0a, 0x28, 0x00,
    0xaf, 0x9f, 0x6b, 0xf4, 0x8f, 0x0f, 0x7f, 0xe6, 0x27, 0xfe, 0xdc, 0xff, 0x00, 0xdb, 0x8f, 0x27,
    0x34, 0xfb, 0x1f, 0x3f, 0xd0, 0x28, 0xaf, 0xd2, 0x4f, 0x24, 0x28, 0xa0, 0x0f, 0xa0, 0xa8, 0xaf,
    0xe6, 0xe3, 0xeb, 0x02, 0x8a, 0x00, 0x2b, 0xe7, 0xda, 0xfd, 0x23, 0xc3, 0xdf, 0xf9, 0x89, 0xff,
    0x00, 0xb7, 0x3f, 0xf6, 0xe3, 0xc9, 0xcd, 0x3e, 0xc7, 0xcf, 0xf4, 0x0a, 0x2b, 0xf4, 0x93, 0xc9,
    0x0a, 0x28, 0x03, 0xe8, 0x2a, 0x2b, 0xf9, 0xb8, 0xfa, 0xc0, 0xa2, 0x80, 0x0a, 0xf9, 0xf6, 0xbf,
    0x48, 0xf0, 0xf7, 0xfe, 0x62, 0x7f, 0xed, 0xcf, 0xfd, 0xb8, 0xf2, 0x73, 0x4f, 0xb1, 0xf3, 0xfd,
    0x02, 0x8a, 0xfd, 0x24, 0xf2, 0x42, 0x8a, 0x00, 0xfa, 0x0a, 0x8a, 0xfe, 0x6e, 0x3e, 0xb0, 0x28,
    0xa0, 0x02, 0xbe, 0x7d, 0xaf, 0xd2, 0x3c, 0x3d, 0xff, 0x00, 0x98, 0x9f, 0xfb, 0x73, 0xff, 0x00,
    0x6e, 0x3c, 0x9c, 0xd3, 0xec, 0x7c, 0xff, 0x00, 0x40, 0xa2, 0xbf, 0x49, 0x3c, 0x90, 0xa2, 0x80,
    0x0a, 0x28, 0x00, 0xa2, 0x80, 0x0a, 0xfa, 0x0a, 0xbf, 0x36, 0xf1, 0x0b, 0xfe, 0x61, 0xbf, 0xed,
    0xff, 0x00, 0xfd, 0xb4, 0xf5, 0xb2, 0xbf, 0xb7, 0xf2, 0xfd, 0x42, 0x8a, 0xfc, 0xdc, 0xf5, 0x82,
    0x8a, 0x00, 0xf9, 0xf6, 0x8a, 0xfe, 0x91, 0x3e, 0x4c, 0x28, 0xa0, 0x02, 0xbe, 0x82, 0xaf, 0xcd,
    0xbc, 0x42, 0xff, 0x00, 0x98, 0x6f, 0xfb, 0x7f, 0xff, 0x00, 0x6d, 0x3d, 0x6c, 0xaf, 0xed, 0xfc,
    0xbf, 0x50, 0xa2, 0xbf, 0x37, 0x3d, 0x60, 0xa2, 0x80, 0x3e, 0x7d, 0xa2, 0xbf, 0xa4, 0x4f, 0x93,
    0x0a, 0x28, 0x00, 0xaf, 0xa0, 0xab, 0xf3, 0x6f, 0x10, 0xbf, 0xe6, 0x1b, 0xfe, 0xdf, 0xff, 0x00,
    0xdb, 0x4f, 0x5b, 0x2b, 0xfb, 0x7f, 0x2f, 0xd4, 0x28, 0xaf, 0xcd, 0xcf, 0x58, 0x28, 0xa0, 0x0f,
    0x9f, 0x68, 0xaf, 0xe9, 0x13, 0xe4, 0xc2, 0x8a, 0x00, 0x2b, 0xe8, 0x2a, 0xfc, 0xdb, 0xc4, 0x2f,
    0xf9, 0x86, 0xff, 0x00, 0xb7, 0xff, 0x00, 0xf6, 0xd3, 0xd6, 0xca, 0xfe, 0xdf, 0xcb, 0xf5, 0x0a,
    0x2b, 0xf3, 0x73, 0xd6, 0x0a, 0x28, 0x03, 0xe7, 0xda, 0x2b, 0xfa, 0x44, 0xf9, 0x30, 0xa2, 0x80,
    0x0a, 0xfa, 0x0a, 0xbf, 0x36, 0xf1, 0x0b, 0xfe, 0x61, 0xbf, 0xed, 0xff, 0x00, 0xfd, 0xb4, 0xf5,
    0xb2, 0xbf, 0xb7, 0xf2, 0xfd, 0x42, 0x8a, 0xfc, 0xdc, 0xf5, 0x82, 0x8a, 0x00, 0xf9, 0xf6, 0x8a,
    0xfe, 0x91, 0x3e, 0x4c, 0x28, 0xa0, 0x02, 0xbe, 0x82, 0xaf, 0xcd, 0xbc, 0x42, 0xff, 0x00, 0x98,
    0x6f, 0xfb, 0x7f, 0xff, 0x00, 0x6d, 0x3d, 0x6c, 0xaf, 0xed, 0xfc, 0xbf, 0x50, 0xa2, 0xbf, 0x37,
    0x3d, 0x60, 0xa2, 0x80, 0x3e, 0x7d, 0xa2, 0xbf, 0xa4, 0x4f, 0x93, 0x0a, 0x28, 0x00, 0xaf, 0xa0,
    0xab, 0xf3, 0x6f, 0x10, 0xbf, 0xe6, 0x1b, 0xfe, 0xdf, 0xff, 0x00, 0xdb, 0x4f, 0x5b, 0x2b, 0xfb,
    0x7f, 0x2f, 0xd4, 0x28, 0xaf, 0xcd, 0xcf, 0x58, 0x28, 0xa0, 0x0f, 0x9f, 0x68, 0xaf, 0xe9, 0x13,
    0xe4, 0xc2, 0x8a, 0x00, 0x2b, 0xe8, 0x2a, 0xfc, 0xdb, 0xc4, 0x2f, 0xf9, 0x86, 0xff, 0x00, 0xb7,
    0xff, 0x00, 0xf6, 0xd3, 0xd6, 0xca, 0xfe, 0xdf, 0xcb, 0xf5, 0x0a, 0x2b, 0xf3, 0x73, 0xd6, 0x0a,
    0x28, 0x03, 0xe7, 0xda, 0x2b, 0xfa, 0x44, 0xf9, 0x30, 0xa2, 0x80, 0x0a, 0xfa, 0x0a, 0xbf, 0x36,
    0xf1, 0x0b, 0xfe, 0x61, 0xbf, 0xed, 0xff, 0x00, 0xfd, 0xb4, 0xf5, 0xb2, 0xbf, 0xb7, 0xf2, 0xfd,
    0x42, 0x8a, 0xfc, 0xdc, 0xf5, 0x82, 0x8a, 0x00, 0xf9, 0xf6, 0x8a, 0xfe, 0x91, 0x3e, 0x4c, 0x28,
    0xa0, 0x02, 0xbe, 0x82, 0xaf, 0xcd, 0xbc, 0x42, 0xff, 0x00, 0x98, 0x6f, 0xfb, 0x7f, 0xff, 0x00,
    0x6d, 0x3d, 0x6c, 0xaf, 0xed, 0xfc, 0xbf, 0x50, 0xa2, 0xbf, 0x37, 0x3d, 0x60, 0xa2, 0x80, 0x3e,
    0x7d, 0xa2, 0xbf, 0xa4, 0x4f, 0x93, 0x0a, 0x28, 0x00, 0xaf, 0xa0, 0xab, 0xf3, 0x6f, 0x10, 0xbf,
    0xe6, 0x1b, 0xfe, 0xdf, 0xff, 0x00, 0xdb, 0x4f, 0x5b, 0x2b, 0xfb, 0x7f, 0x2f, 0xd4, 0x28, 0xaf,
    0xcd, 0xcf, 0x58, 0x28, 0xa0, 0x0f, 0x9f, 0x68, 0xaf, 0xe9, 0x13, 0xe4, 0xc2, 0x8a, 0x00, 0x2b,
    0xe8, 0x2a, 0xfc, 0xdb, 0xc4, 0x2f, 0xf9, 0x86, 0xff, 0x00, 0xb7, 0xff, 0x00, 0xf6, 0xd3, 0xd6,
    0xca, 0xfe, 0xdf, 0xcb, 0xf5, 0x0a, 0x2b, 0xf3, 0x73, 0xd6, 0x0a, 0x28, 0x03, 0xe7, 0xda, 0x2b,
    0xfa, 0x44, 0xf9, 0x30, 0xa2, 0x80, 0x0a, 0xfa, 0x0a, 0xbf, 0x36, 0xf1, 0x0b, 0xfe, 0x61, 0xbf,
    0xed, 0xff, 0x00, 0xfd, 0xb4, 0xf5, 0xb2, 0xbf, 0xb7, 0xf2, 0xfd, 0x42, 0x8a, 0xfc, 0xdc, 0xf5,
    0x82, 0x8a, 0x00, 0xf9, 0xf6, 0x8a, 0xfe, 0x91, 0x3e, 0x4c, 0x28, 0xa0, 0x02, 0xbe, 0x82, 0xaf,
    0xcd, 0xbc, 0x42, 0xff, 0x00, 0x98, 0x6f, 0xfb, 0x7f, 0xff, 0x00, 0x6d, 0x3d, 0x6c, 0xaf, 0xed,
    0xfc, 0xbf, 0x50, 0xa2, 0xbf, 0x37, 0x3d, 0x60, 0xa2, 0x80, 0x3e, 0x7d, 0xa2, 0xbf, 0xa4, 0x4f,
    0x93, 0x0a, 0x28, 0x00, 0xaf, 0xa0, 0xab, 0xf3, 0x6f, 0x10, 0xbf, 0xe6, 0x1b, 0xfe, 0xdf, 0xff,
    0x00, 0xdb, 0x4f, 0x5b, 0x2b, 0xfb, 0x7f, 0x2f, 0xd4, 0x28, 0xaf, 0xcd, 0xcf, 0x58, 0x28, 0xa0,
    0x0f, 0x9f, 0x68, 0xaf, 0xe9, 0x13, 0xe4, 0xc2, 0x8a, 0x00, 0x2b, 0xe8, 0x2a, 0xfc, 0xdb, 0xc4,
    0x2f, 0xf9, 0x86, 0xff, 0x00, 0xb7, 0xff, 0x00, 0xf6, 0xd3, 0xd6, 0xca, 0xfe, 0xdf, 0xcb, 0xf5,
    0x0a, 0x2b, 0xf3, 0x73, 0xd6, 0x0a, 0x28, 0x03, 0xe7, 0xda, 0x2b, 0xfa, 0x44, 0xf9, 0x30, 0xa2,
    0x80, 0x0a, 0xfa, 0x0a, 0xbf, 0x36, 0xf1, 0x0b, 0xfe, 0x61, 0xbf, 0xed, 0xff, 0x00, 0xfd, 0xb4,
    0xf5, 0xb2, 0xbf, 0xb7, 0xf2, 0xfd, 0x42, 0x8a, 0xfc, 0xdc, 0xf5, 0x82, 0x8a, 0x00, 0xf9, 0xf6,
    0x8a, 0xfe, 0x91, 0x3e, 0x4c, 0x28, 0xa0, 0x02, 0xbe, 0x82, 0xaf, 0xcd, 0xbc, 0x42, 0xff, 0x00,
    0x98, 0x6f, 0xfb, 0x7f, 0xff, 0x00, 0x6d, 0x3d, 0x6c, 0xaf, 0xed, 0xfc, 0xbf, 0x50, 0xa2, 0xbf,
    0x37, 0x3d, 0x60, 0xa2, 0x80, 0x3e, 0x7d, 0xa2, 0xbf, 0xa4, 0x4f, 0x93, 0x0a, 0x28, 0x00, 0xaf,
    0xa0, 0xab, 0xf3, 0x6f, 0x10, 0xbf, 0xe6, 0x1b, 0xfe, 0xdf, 0xff, 0x00, 0xdb, 0x4f, 0x5b, 0x2b,
    0xfb, 0x7f, 0x2f, 0xd4, 0x28, 0xaf, 0xcd, 0xcf, 0x58, 0x28, 0xa0, 0x0f, 0x9f, 0x68, 0xaf, 0xe9,
    0x13, 0xe4, 0xc2, 0x8a, 0x00, 0x2b, 0xe8, 0x2a, 0xfc, 0xdb, 0xc4, 0x2f, 0xf9, 0x86, 0xff, 0x00,
    0xb7, 0xff, 0x00, 0xf6, 0xd3, 0xd6, 0xca, 0xfe, 0xdf, 0xcb, 0xf5, 0x0a, 0x2b, 0xf3, 0x73, 0xd6,
    0x0a, 0x28, 0x03, 0xff, 0xd9,
};
static const unsigned char cb_frame_9[] = {
    0xff, 0xd8, 0xff, 0xe0, 0x00, 0x10, 0x4a, 0x46, 0x49, 0x46, 0x00, 0x01, 0x01, 0x00, 0x00, 0x01,
    0x00, 0x01, 0x00, 0x00, 0xff, 0xdb, 0x00, 0x43, 0x00, 0x08, 0x06, 0x06, 0x07, 0x06, 0x05, 0x08,
    0x07, 0x07, 0x07, 0x09, 0x09, 0x08, 0x0a, 0x0c, 0x14, 0x0d, 0x0c, 0x0b, 0x0b, 0x0c, 0x19, 0x12,
    0x13, 0x0f, 0x14, 0x1d, 0x1a, 0x1f, 0x1e, 0x1d, 0x1a, 0x1c, 0x1c, 0x20, 0x24, 0x2e, 0x27, 0x20,
    0x22, 0x2c, 0x23, 0x1c, 0x1c, 0x28, 0x37, 0x29, 0x2c, 0x30, 0x31, 0x34, 0x34, 0x34, 0x1f, 0x27,
    0x39, 0x3d, 0x38, 0x32, 0x3c, 0x2e, 0x33, 0x34, 0x32, 0xff, 0xdb, 0x00, 0x43, 0x01, 0x09, 0x09,
    0x09, 0x0c, 0x0b, 0x0c, 0x18, 0x0d, 0x0d, 0x18, 0x32, 0x21, 0x1c, 0x21, 0x32, 0x32, 0x32, 0x32,
    0x32, 0x32, 0x32, 0x32, 0x32, 0x32, 0x32, 0x32, 0x32, 0x32, 0x32, 0x32, 0x32, 0x32, 0x32, 0x32,
    0x32, 0x32, 0x32, 0x32, 0x32, 0x32, 0x32, 0x32, 0x32, 0x32, 0x32, 0x32, 0x32, 0x32, 0x32, 0x32,
    0x32, 0x32, 0x32, 0x32, 0x32, 0x32, 0x32, 0x32, 0x32, 0x32, 0x32, 0x32, 0x32, 0x32, 0xff, 0xc0,
    0x00, 0x11, 0x08, 0x00, 0xf0, 0x01, 0x40, 0x03, 0x01, 0x21, 0x00, 0x02, 0x11, 0x01, 0x03, 0x11,
    0x01, 0xff, 0xc4, 0x00, 0x1f, 0x00, 0x00, 0x01, 0x05, 0x01, 0x01, 0x01, 0x01, 0x01, 0x01, 0x00,
    0x00, 0x00, 0x00, 0x00, 0x00, 0x00, 0x00, 0x01, 0x02, 0x03, 0x04, 0x05, 0x06, 0x07, 0x08, 0x09,
    0x0a, 0x0b, 0xff, 0xc4, 0x00, 0xb5, 0x10, 0x00, 0x02, 0x01, 0x03, 0x03, 0x02, 0x04, 0x03, 0x05,
    0x05, 0x04, 0x04, 0x00, 0x00, 0x01, 0x7d, 0x01, 0x02, 0x03, 0x00, 0x04, 0x11, 0x05, 0x12, 0x21,
    0x31, 0x41, 0x06, 0x13, 0x51, 0x61, 0x07, 0x22, 0x71, 0x14, 0x32, 0x81, 0x91, 0xa1, 0x08, 0x23,
    0x42, 0xb1, 0xc1, 0x15, 0x52, 0xd1, 0xf0, 0x24, 0x33, 0x62, 0x72, 0x82, 0x09, 0x0a, 0x16, 0x17,
    0x18, 0x19, 0x1a, 0x25, 0x26, 0x27, 0x28, 0x29, 0x2a, 0x34, 0x35, 0x36, 0x37, 0x38, 0x39, 0x3a,
    0x43, 0x44, 0x45, 0x46, 0x47, 0x48, 0x49, 0x4a, 0x53, 0x54, 0x55, 0x56, 0x57, 0x58, 0x59, 0x5a,
    0x63, 0x64, 0x65, 0x66, 0x67, 0x68, 0x69, 0x6a, 0x73, 0x74, 0x75, 0x76, 0x77, 0x78, 0x79, 0x7a,
    0x83, 0x84, 0x85, 0x86, 0x87, 0x88, 0x89, 0x8a, 0x92, 0x93, 0x94, 0x95, 0x96, 0x97, 0x98, 0x99,
    0x9a, 0xa2, 0xa3, 0xa4, 0xa5, 0xa6, 0xa7, 0xa8, 0xa9, 0xaa, 0xb2, 0xb3, 0xb4, 0xb5, 0xb6, 0xb7,
    0xb8, 0xb9, 0xba, 0xc2, 0xc3, 0xc4, 0xc5, 0xc6, 0xc7, 0xc8, 0xc9, 0xca, 0xd2, 0xd3, 0xd4, 0xd5,
    0xd6, 0xd7, 0xd8, 0xd9, 0xda, 0xe1, 0xe2, 0xe3, 0xe4, 0xe5, 0xe6, 0xe7, 0xe8, 0xe9, 0xea, 0xf1,
    0xf2, 0xf3, 0xf4, 0xf5, 0xf6, 0xf7, 0xf8, 0xf9, 0xfa, 0xff, 0xc4, 0x00, 0x1f, 0x01, 0x00, 0x03,
    0x01, 0x01, 0x01, 0x01, 0x01, 0x01, 0x01, 0x01, 0x01, 0x00, 0x00, 0x00, 0x00, 0x00, 0x00, 0x01,
    0x02, 0x03, 0x04, 0x05, 0x06, 0x07, 0x08, 0x09, 0x0a, 0x0b, 0xff, 0xc4, 0x00, 0xb5, 0x11, 0x00,
    0x02, 0x01, 0x02, 0x04, 0x04, 0x03, 0x04, 0x07, 0x05, 0x04, 0x04, 0x00, 0x01, 0x02, 0x77, 0x00,
    0x01, 0x02, 0x03, 0x11, 0x04, 0x05, 0x21, 0x31, 0x06, 0x12, 0x41, 0x51, 0x07, 0x61, 0x71, 0x13,
    0x22, 0x32, 0x81, 0x08, 0x14, 0x42, 0x91, 0xa1, 0xb1, 0xc1, 0x09, 0x23, 0x33, 0x52, 0xf0, 0x15,
    0x62, 0x72, 0xd1, 0x0a, 0x16, 0x24, 0x34, 0xe1, 0x25, 0xf1, 0x17, 0x18, 0x19, 0x1a, 0x26, 0x27,
    0x28, 0x29, 0x2a, 0x35, 0x36, 0x37, 0x38, 0x39, 0x3a, 0x43, 0x44, 0x45, 0x46, 0x47, 0x48, 0x49,
    0x4a, 0x53, 0x54, 0x55, 0x56, 0x57, 0x58, 0x59, 0x5a, 0x63, 0x64, 0x65, 0x66, 0x67, 0x68, 0x69,
    0x6a, 0x73, 0x74, 0x75, 0x76, 0x77, 0x78, 0x79, 0x7a, 0x82, 0x83, 0x84, 0x85, 0x86, 0x87, 0x88,
    0x89, 0x8a, 0x92, 0x93, 0x94, 0x95, 0x96, 0x97, 0x98, 0x99, 0x9a, 0xa2, 0xa3, 0xa4, 0xa5, 0xa6,
    0xa7, 0xa8, 0xa9, 0xaa, 0xb2, 0xb3, 0xb4, 0xb5, 0xb6, 0xb7, 0xb8, 0xb9, 0xba, 0xc2, 0xc3, 0xc4,
    0xc5, 0xc6, 0xc7, 0xc8, 0xc9, 0xca, 0xd2, 0xd3, 0xd4, 0xd5, 0xd6, 0xd7, 0xd8, 0xd9, 0xda, 0xe2,
    0xe3, 0xe4, 0xe5, 0xe6, 0xe7, 0xe8, 0xe9, 0xea, 0xf2, 0xf3, 0xf4, 0xf5, 0xf6, 0xf7, 0xf8, 0xf9,
    0xfa, 0xff, 0xda, 0x00, 0x0c, 0x03, 0x01, 0x00, 0x02, 0x11, 0x03, 0x11, 0x00, 0x3f, 0x00, 0xf4,
    0x5a, 0x2b, 0xf3, 0x13, 0xd5, 0x0a, 0x28, 0x03, 0xcb, 0xbe, 0x24, 0xff, 0x00, 0xc8, 0xc5, 0x6f,
    0xff, 0x00, 0x5e, 0x8b, 0xff, 0x00, 0xa1, 0xbd, 0x71, 0xd5, 0xfb, 0xb7, 0x0d, 0xff, 0x00, 0xc8,
    0xaa, 0x87, 0xf8, 0x4f, 0x9b, 0xc5, 0xff, 0x00, 0x1e, 0x5e, 0xa1, 0x45, 0x7b, 0x67, 0x38, 0x57,
    0xa8, 0xfc, 0x36, 0xff, 0x00, 0x91, 0x76, 0xe3, 0xfe, 0xbe, 0xdb, 0xff, 0x00, 0x40, 0x4a, 0xf9,
    0x1e, 0x36, 0xff, 0x00, 0x91, 0x53, 0xff, 0x00, 0x14, 0x4e, 0xec, 0xbf, 0xf8, 0xff, 0x00, 0x23,
    0xb1, 0xa2, 0xbf, 0x1c, 0x3d, 0xe0, 0xa2, 0x80, 0x3c, 0xbb, 0xe2, 0x4f, 0xfc, 0x8c, 0x56, 0xff,
    0x00, 0xf5, 0xe8, 0xbf, 0xfa, 0x1b, 0xd7, 0x1d, 0x5f, 0xbb, 0x70, 0xdf, 0xfc, 0x8a, 0xa8, 0x7f,
    0x84, 0xf9, 0xbc, 0x5f, 0xf1, 0xe5, 0xea, 0x14, 0x57, 0xb6, 0x73, 0x85, 0x7a, 0x8f, 0xc3, 0x6f,
    0xf9, 0x17, 0x6e, 0x3f, 0xeb, 0xed, 0xbf, 0xf4, 0x04, 0xaf, 0x91, 0xe3, 0x6f, 0xf9, 0x15, 0x3f,
    0xf1, 0x44, 0xee, 0xcb, 0xff, 0x00, 0x8f, 0xf2, 0x3b, 0x1a, 0x2b, 0xf1, 0xc3, 0xde, 0x0a, 0x28,
    0x03, 0xcb, 0xbe, 0x24, 0xff, 0x00, 0xc8, 0xc5, 0x6f, 0xff, 0x00, 0x5e, 0x8b, 0xff, 0x00, 0xa1,
    0xbd, 0x71, 0xd5, 0xfb, 0xb7, 0x0d, 0xff, 0x00, 0xc8, 0xaa, 0x87, 0xf8, 0x4f, 0x9b, 0xc5, 0xff,
    0x00, 0x1e, 0x5e, 0xa1, 0x45, 0x7b, 0x67, 0x38, 0x57, 0xa8, 0xfc, 0x36, 0xff, 0x00, 0x91, 0x76,
    0xe3, 0xfe, 0xbe, 0xdb, 0xff, 0x00, 0x40, 0x4a, 0xf9, 0x1e, 0x36, 0xff, 0x00, 0x91, 0x53, 0xff,
    0x00, 0x14, 0x4e, 0xec, 0xbf, 0xf8, 0xff, 0x00, 0x23, 0xb1, 0xa2, 0xbf, 0x1c, 0x3d, 0xe0, 0xa2,
    0x80, 0x3c, 0xbb, 0xe2, 0x4f, 0xfc, 0x8c, 0x56, 0xff, 0x00, 0xf5, 0xe8, 0xbf, 0xfa, 0x1b, 0xd7,
    0x1d, 0x5f, 0xbb, 0x70, 0xdf, 0xfc, 0x8a, 0xa8, 0x7f, 0x84, 0xf9, 0xbc, 0x5f, 0xf1, 0xe5, 0xea,
    0x14, 0x57, 0xb6, 0x73, 0x85, 0x7a, 0x8f, 0xc3, 0x6f, 0xf9, 0x17, 0x6e, 0x3f, 0xeb, 0xed, 0xbf,
    0xf4, 0x04, 0xaf, 0x91, 0xe3, 0x6f, 0xf9, 0x15, 0x3f, 0xf1, 0x44, 0xee, 0xcb, 0xff, 0x00, 0x8f,
    0xf2, 0x3b, 0x1a, 0x2b, 0xf1, 0xc3, 0xde, 0x0a, 0x28, 0x03, 0xcb, 0xbe, 0x24, 0xff, 0x00, 0xc8,
    0xc5, 0x6f, 0xff, 0x00, 0x5e, 0x8b, 0xff, 0x00, 0xa1, 0xbd, 0x71, 0xd5, 0xfb, 0xb7, 0x0d, 0xff,
    0x00, 0xc8, 0xaa, 0x87, 0xf8, 0x4f, 0x9b, 0xc5, 0xff, 0x00, 0x1e, 0x5e, 0xa1, 0x45, 0x7b, 0x67,
    0x38, 0x57, 0xa8, 0xfc, 0x36, 0xff, 0x00, 0x91, 0x76, 0xe3, 0xfe, 0xbe, 0xdb, 0xff, 0x00, 0x40,
    0x4a, 0xf9, 0x1e, 0x36, 0xff, 0x00, 0x91, 0x53, 0xff, 0x00, 0x14, 0x4e, 0xec, 0xbf, 0xf8, 0xff,
    0x00, 0x23, 0xb1, 0xa2, 0xbf, 0x1c, 0x3d, 0xe0, 0xa2, 0x80, 0x3c, 0xbb, 0xe2, 0x4f, 0xfc, 0x8c,
    0x56, 0xff, 0x00, 0xf5, 0xe8, 0xbf, 0xfa, 0x1b, 0xd7, 0x1d, 0x5f, 0xbb, 0x70, 0xdf, 0xfc, 0x8a,
    0xa8, 0x7f, 0x84, 0xf9, 0xbc, 0x5f, 0xf1, 0xe5, 0xea, 0x14, 0x57, 0xb6, 0x73, 0x85, 0x7a, 0x8f,
    0xc3, 0x6f, 0xf9, 0x17, 0x6e, 0x3f, 0xeb, 0xed, 0xbf, 0xf4, 0x04, 0xaf, 0x91, 0xe3, 0x6f, 0xf9,
    0x15, 0x3f, 0xf1, 0x44, 0xee, 0xcb, 0xff, 0x00, 0x8f, 0xf2, 0x3b, 0x1a, 0x2b, 0xf1, 0xc3, 0xde,
    0x0a, 0x28, 0x03, 0xcb, 0xbe, 0x24, 0xff, 0x00, 0xc8, 0xc5, 0x6f, 0xff, 0x00, 0x5e, 0x8b, 0xff,
    0x00, 0xa1, 0xbd, 0x71, 0xd5, 0xfb, 0xb7, 0x0d, 0xff, 0x00, 0xc8, 0xaa, 0x87, 0xf8, 0x4f, 0x9b,
    0xc5, 0xff, 0x00, 0x1e, 0x5e, 0xa1, 0x45, 0x7b, 0x67, 0x38, 0x57, 0xa8, 0xfc, 0x36, 0xff, 0x00,
    0x91, 0x76, 0xe3, 0xfe, 0xbe, 0xdb, 0xff, 0x00, 0x40, 0x4a, 0xf9, 0x1e, 0x36, 0xff, 0x00, 0x91,
    0x53, 0xff, 0x00, 0x14, 0x4e, 0xec, 0xbf, 0xf8, 0xff, 0x00, 0x23, 0xb1, 0xa2, 0xbf, 0x1c, 0x3d,
    0xe0, 0xa2, 0x80, 0x3c, 0xbb, 0xe2, 0x4f, 0xfc, 0x8c, 0x56, 0xff, 0x00, 0xf5, 0xe8, 0xbf, 0xfa,
    0x1b, 0xd7, 0x1d, 0x5f, 0xbb, 0x70, 0xdf, 0xfc, 0x8a, 0xa8, 0x7f, 0x84, 0xf9, 0xbc, 0x5f, 0xf1,
    0xe5, 0xea, 0x14, 0x57, 0xb6, 0x73, 0x85, 0x7a, 0x8f, 0xc3, 0x6f, 0xf9, 0x17, 0x6e, 0x3f, 0xeb,
    0xed, 0xbf, 0xf4, 0x04, 0xaf, 0x91, 0xe3, 0x6f, 0xf9, 0x15, 0x3f, 0xf1, 0x44, 0xee, 0xcb, 0xff,
    0x00, 0x8f, 0xf2, 0x3b, 0x1a, 0x2b, 0xf1, 0xc3, 0xde, 0x0a, 0x28, 0x03, 0xcb, 0xbe, 0x24, 0xff,
    0x00, 0xc8, 0xc5, 0x6f, 0xff, 0x00, 0x5e, 0x8b, 0xff, 0x00, 0xa1, 0xbd, 0x71, 0xd5, 0xfb, 0xb7,
    0x0d, 0xff, 0x00, 0xc8, 0xaa, 0x87, 0xf8, 0x4f, 0x9b, 0xc5, 0xff, 0x00, 0x1e, 0x5e, 0xa1, 0x45,
    0x7b, 0x67, 0x38, 0x57, 0xa8, 0xfc, 0x36, 0xff, 0x00, 0x91, 0x76, 0xe3, 0xfe, 0xbe, 0xdb, 0xff,
    0x00, 0x40, 0x4a, 0xf9, 0x1e, 0x36, 0xff, 0x00, 0x91, 0x53, 0xff, 0x00, 0x14, 0x4e, 0xec, 0xbf,
    0xf8, 0xff, 0x00, 0x23, 0xb1, 0xa2, 0xbf, 0x1c, 0x3d, 0xe0, 0xa2, 0x80, 0x3c, 0xbb, 0xe2, 0x4f,
    0xfc, 0x8c, 0x56, 0xff, 0x00, 0xf5, 0xe8, 0xbf, 0xfa, 0x1b, 0xd7, 0x1d, 0x5f, 0xbb, 0x70, 0xdf,
    0xfc, 0x8a, 0xa8, 0x7f, 0x84, 0xf9, 0xbc, 0x5f, 0xf1, 0xe5, 0xea, 0x14, 0x57, 0xb6, 0x73, 0x85,
    0x7a, 0x8f, 0xc3, 0x6f, 0xf9, 0x17, 0x6e, 0x3f, 0xeb, 0xed, 0xbf, 0xf4, 0x04, 0xaf, 0x91, 0xe3,
    0x6f, 0xf9, 0x15, 0x3f, 0xf1, 0x44, 0xee, 0xcb, 0xff, 0x00, 0x8f, 0xf2, 0x3b, 0x1a, 0x2b, 0xf1,
    0xc3, 0xde, 0x0a, 0x28, 0x03, 0xcb, 0xbe, 0x24, 0xff, 0x00, 0xc8, 0xc5, 0x6f, 0xff, 0x00, 0x5e,
    0x8b, 0xff, 0x00, 0xa1, 0xbd, 0x71, 0xd5, 0xfb, 0xb7, 0x0d, 0xff, 0x00, 0xc8, 0xaa, 0x87, 0xf8,
    0x4f, 0x9b, 0xc5, 0xff, 0x00, 0x1e, 0x5e, 0xa1, 0x45, 0x7b, 0x67, 0x38, 0x57, 0xa8, 0xfc, 0x36,
    0xff, 0x00, 0x91, 0x76, 0xe3, 0xfe, 0xbe, 0xdb, 0xff, 0x00, 0x40, 0x4a, 0xf9, 0x1e, 0x36, 0xff,
    0x00, 0x91, 0x53, 0xff, 0x00, 0x14, 0x4e, 0xec, 0xbf, 0xf8, 0xff, 0x00, 0x23, 0xb1, 0xa2, 0xbf,
    0x1c, 0x3d, 0xe0, 0xa2, 0x80, 0x3c, 0xbb, 0xe2, 0x4f, 0xfc, 0x8c, 0x56, 0xff, 0x00, 0xf5, 0xe8,
    0xbf, 0xfa, 0x1b, 0xd7, 0x1d, 0x5f, 0xbb, 0x70, 0xdf, 0xfc, 0x8a, 0xa8, 0x7f, 0x84, 0xf9, 0xbc,
    0x5f, 0xf1, 0xe5, 0xea, 0x14, 0x57, 0xb6, 0x73, 0x85, 0x7a, 0x8f, 0xc3, 0x6f, 0xf9, 0x17, 0x6e,
    0x3f, 0xeb, 0xed, 0xbf, 0xf4, 0x04, 0xaf, 0x91, 0xe3, 0x6f, 0xf9, 0x15, 0x3f, 0xf1, 0x44, 0xee,
    0xcb, 0xff, 0x00, 0x8f, 0xf2, 0x3b, 0x1a, 0x2b, 0xf1, 0xc3, 0xde, 0x0a, 0x28, 0x03, 0xcb, 0xbe,
    0x24, 0xff, 0x00, 0xc8, 0xc5, 0x6f, 0xff, 0x00, 0x5e, 0x8b, 0xff, 0x00, 0xa1, 0xbd, 0x71, 0xd5,
    0xfb, 0xb7, 0x0d, 0xff, 0x00, 0xc8, 0xaa, 0x87, 0xf8, 0x4f, 0x9b, 0xc5, 0xff, 0x00, 0x1e, 0x5e,
    0xa1, 0x45, 0x7b, 0x67, 0x38, 0x57, 0xa8, 0xfc, 0x36, 0xff, 0x00, 0x91, 0x76, 0xe3, 0xfe, 0xbe,
    0xdb, 0xff, 0x00, 0x40, 0x4a, 0xf9, 0x1e, 0x36, 0xff, 0x00, 0x91, 0x53, 0xff, 0x00, 0x14, 0x4e,
    0xec, 0xbf, 0xf8, 0xff, 0x00, 0x23, 0xb1, 0xa2, 0xbf, 0x1c, 0x3d, 0xe0, 0xa2, 0x80, 0x3c, 0xbb,
    0xe2, 0x4f, 0xfc, 0x8c, 0x56, 0xff, 0x00, 0xf5, 0xe8, 0xbf, 0xfa, 0x1b, 0xd7, 0x1d, 0x5f, 0xbb,
    0x70, 0xdf, 0xfc, 0x8a, 0xa8, 0x7f, 0x84, 0xf9, 0xbc, 0x5f, 0xf1, 0xe5, 0xea, 0x14, 0x57, 0xb6,
    0x73, 0x85, 0x7a, 0x8f, 0xc3, 0x6f, 0xf9, 0x17, 0x6e, 0x3f, 0xeb, 0xed, 0xbf, 0xf4, 0x04, 0xaf,
    0x91, 0xe3, 0x6f, 0xf9, 0x15, 0x3f, 0xf1, 0x44, 0xee, 0xcb, 0xff, 0x00, 0x8f, 0xf2, 0x3b, 0x1a,
    0x2b, 0xf1, 0xc3, 0xde, 0x0a, 0x28, 0x03, 0xcb, 0xbe, 0x24, 0xff, 0x00, 0xc8, 0xc5, 0x6f, 0xff,
    0x00, 0x5e, 0x8b, 0xff, 0x00, 0xa1, 0xbd, 0x71, 0xd5, 0xfb, 0xb7, 0x0d, 0xff, 0x00, 0xc8, 0xaa,
    0x87, 0xf8, 0x4f, 0x9b, 0xc5, 0xff, 0x00, 0x1e, 0x5e, 0xa1, 0x45, 0x7b, 0x67, 0x38, 0x57, 0xa8,
    0xfc, 0x36, 0xff, 0x00, 0x91, 0x76, 0xe3, 0xfe, 0xbe, 0xdb, 0xff, 0x00, 0x40, 0x4a, 0xf9, 0x1e,
    0x36, 0xff, 0x00, 0x91, 0x53, 0xff, 0x00, 0x14, 0x4e, 0xec, 0xbf, 0xf8, 0xff, 0x00, 0x23, 0xb1,
    0xa2, 0xbf, 0x1c, 0x3d, 0xe0, 0xa2, 0x80, 0x3c, 0xbb, 0xe2, 0x4f, 0xfc, 0x8c, 0x56, 0xff, 0x00,
    0xf5, 0xe8, 0xbf, 0xfa, 0x1b, 0xd7, 0x1d, 0x5f, 0xbb, 0x70, 0xdf, 0xfc, 0x8a, 0xa8, 0x7f, 0x84,
    0xf9, 0xbc, 0x5f, 0xf1, 0xe5, 0xea, 0x14, 0x57, 0xb6, 0x73, 0x85, 0x7a, 0x8f, 0xc3, 0x6f, 0xf9,
    0x17, 0x6e, 0x3f, 0xeb, 0xed, 0xbf, 0xf4, 0x04, 0xaf, 0x91, 0xe3, 0x6f, 0xf9, 0x15, 0x3f, 0xf1,
    0x44, 0xee, 0xcb, 0xff, 0x00, 0x8f, 0xf2, 0x3b, 0x1a, 0x2b, 0xf1, 0xc3, 0xde, 0x0a, 0x28, 0x03,
    0xcb, 0xbe, 0x24, 0xff, 0x00, 0xc8, 0xc5, 0x6f, 0xff, 0x00, 0x5e, 0x8b, 0xff, 0x00, 0xa1, 0xbd,
    0x71, 0xd5, 0xfb, 0xb7, 0x0d, 0xff, 0x00, 0xc8, 0xaa, 0x87, 0xf8, 0x4f, 0x9b, 0xc5, 0xff, 0x00,
    0x1e, 0x5e, 0xa1, 0x45, 0x7b, 0x67, 0x38, 0x57, 0xa8, 0xfc, 0x36, 0xff, 0x00, 0x91, 0x76, 0xe3,
    0xfe, 0xbe, 0xdb, 0xff, 0x00, 0x40, 0x4a, 0xf9, 0x1e, 0x36, 0xff, 0x00, 0x91, 0x53, 0xff, 0x00,
    0x14, 0x4e, 0xec, 0xbf, 0xf8, 0xff, 0x00, 0x23, 0xb1, 0xa2, 0xbf, 0x1c, 0x3d, 0xe0, 0xa2, 0x80,
    0x3c, 0xbb, 0xe2, 0x4f, 0xfc, 0x8c, 0x56, 0xff, 0x00, 0xf5, 0xe8, 0xbf, 0xfa, 0x1b, 0xd7, 0x1d,
    0x5f, 0xbb, 0x70, 0xdf, 0xfc, 0x8a, 0xa8, 0x7f, 0x84, 0xf9, 0xbc, 0x5f, 0xf1, 0xe5, 0xea, 0x14,
    0x57, 0xb6, 0x73, 0x85, 0x7a, 0x8f, 0xc3, 0x6f, 0xf9, 0x17, 0x6e, 0x3f, 0xeb, 0xed, 0xbf, 0xf4,
    0x04, 0xaf, 0x91, 0xe3, 0x6f, 0xf9, 0x15, 0x3f, 0xf1, 0x44, 0xee, 0xcb, 0xff, 0x00, 0x8f, 0xf2,
    0x3b, 0x1a, 0x2b, 0xf1, 0xc3, 0xde, 0x0a, 0x28, 0x03, 0xcb, 0xbe, 0x24, 0xff, 0x00, 0xc8, 0xc5,
    0x6f, 0xff, 0x00, 0x5e, 0x8b, 0xff, 0x00, 0xa1, 0xbd, 0x71, 0xd5, 0xfb, 0xb7, 0x0d, 0xff, 0x00,
    0xc8, 0xaa, 0x87, 0xf8, 0x4f, 0x9b, 0xc5, 0xff, 0x00, 0x1e, 0x5e, 0xa1, 0x45, 0x7b, 0x67, 0x38,
    0x57, 0xa8, 0xfc, 0x36, 0xff, 0x00, 0x91, 0x76, 0xe3, 0xfe, 0xbe, 0xdb, 0xff, 0x00, 0x40, 0x4a,
    0xf9, 0x1e, 0x36, 0xff, 0x00, 0x91, 0x53, 0xff, 0x00, 0x14, 0x4e, 0xec, 0xbf, 0xf8, 0xff, 0x00,
    0x23, 0xb1, 0xa2, 0xbf, 0x1c, 0x3d, 0xe0, 0xa2, 0x80, 0x3c, 0xbb, 0xe2, 0x4f, 0xfc, 0x8c, 0x56,
    0xff, 0x00, 0xf5, 0xe8, 0xbf, 0xfa, 0x1b, 0xd7, 0x1d, 0x5f, 0xbb, 0x70, 0xdf, 0xfc, 0x8a, 0xa8,
    0x7f, 0x84, 0xf9, 0xbc, 0x5f, 0xf1, 0xe5, 0xea, 0x14, 0x57, 0xb6, 0x73, 0x85, 0x7a, 0x8f, 0xc3,
    0x6f, 0xf9, 0x17, 0x6e, 0x3f, 0xeb, 0xed, 0xbf, 0xf4, 0x04, 0xaf, 0x91, 0xe3, 0x6f, 0xf9, 0x15,
    0x3f, 0xf1, 0x44, 0xee, 0xcb, 0xff, 0x00, 0x8f, 0xf2, 0x3c, 0xba, 0x8a, 0xfa, 0xe3, 0x84, 0x28,
    0xa0, 0x0f, 0x51, 0xf8, 0x6d, 0xff, 0x00, 0x22, 0xed, 0xc7, 0xfd, 0x7d, 0xb7, 0xfe, 0x80, 0x95,
    0xd8, 0xd7, 0xe1, 0x3c, 0x49, 0xff, 0x00, 0x23, 0x5a, 0xff, 0x00, 0xe2, 0x3e, 0x93, 0x09, 0xfc,
    0x08, 0xfa, 0x05, 0x15, 0xe2, 0x1d, 0x01, 0x5e, 0x5d, 0xf1, 0x27, 0xfe, 0x46, 0x2b, 0x7f, 0xfa,
    0xf4, 0x5f, 0xfd, 0x0d, 0xeb, 0xeb, 0x78, 0x27, 0xfe, 0x46, 0xab, 0xfc, 0x32, 0x38, 0x73, 0x0f,
    0xe0, 0x7c, 0xce, 0x3a, 0x8a, 0xfd, 0x90, 0xf0, 0x42, 0x8a, 0x00, 0xf5, 0x1f, 0x86, 0xdf, 0xf2,
    0x2e, 0xdc, 0x7f, 0xd7, 0xdb, 0x7f, 0xe8, 0x09, 0x5d, 0x8d, 0x7e, 0x13, 0xc4, 0x9f, 0xf2, 0x35,
    0xaf, 0xfe, 0x23, 0xe9, 0x30, 0x9f, 0xc0, 0x8f, 0xa0, 0x51, 0x5e, 0x21, 0xd0, 0x15, 0xe5, 0xdf,
    0x12, 0x7f, 0xe4, 0x62, 0xb7, 0xff, 0x00, 0xaf, 0x45, 0xff, 0x00, 0xd0, 0xde, 0xbe, 0xb7, 0x82,
    0x7f, 0xe4, 0x6a, 0xbf, 0xc3, 0x23, 0x87, 0x30, 0xfe, 0x07, 0xcc, 0xe3, 0xa8, 0xaf, 0xd9, 0x0f,
    0x04, 0x28, 0xa0, 0x0f, 0x51, 0xf8, 0x6d, 0xff, 0x00, 0x22, 0xed, 0xc7, 0xfd, 0x7d, 0xb7, 0xfe,
    0x80, 0x95, 0xd8, 0xd7, 0xe1, 0x3c, 0x49, 0xff, 0x00, 0x23, 0x5a, 0xff, 0x00, 0xe2, 0x3e, 0x93,
    0x09, 0xfc, 0x08, 0xfa, 0x05, 0x15, 0xe2, 0x1d, 0x01, 0x5e, 0x5d, 0xf1, 0x27, 0xfe, 0x46, 0x2b,
    0x7f, 0xfa, 0xf4, 0x5f, 0xfd, 0x0d, 0xeb, 0xeb, 0x78, 0x27, 0xfe, 0x46, 0xab, 0xfc, 0x32, 0x38,
    0x73, 0x0f, 0xe0, 0x7c, 0xce, 0x3a, 0x8a, 0xfd, 0x90, 0xf0, 0x42, 0x8a, 0x00, 0xf5, 0x1f, 0x86,
    0xdf, 0xf2, 0x2e, 0xdc, 0x7f, 0xd7, 0xdb, 0x7f, 0xe8, 0x09, 0x5d, 0x8d, 0x7e, 0x13, 0xc4, 0x9f,
    0xf2, 0x35, 0xaf, 0xfe, 0x23, 0xe9, 0x30, 0x9f, 0xc0, 0x8f, 0xa0, 0x51, 0x5e, 0x21, 0xd0, 0x15,
    0xe5, 0xdf, 0x12, 0x7f, 0xe4, 0x62, 0xb7, 0xff, 0x00, 0xaf, 0x45, 0xff, 0x00, 0xd0, 0xde, 0xbe,
    0xb7, 0x82, 0x7f, 0xe4, 0x6a, 0xbf, 0xc3, 0x23, 0x87, 0x30, 0xfe, 0x07, 0xcc, 0xe3, 0xa8, 0xaf,
    0xd9, 0x0f, 0x04, 0x28, 0xa0, 0x0f, 0x51, 0xf8, 0x6d, 0xff, 0x00, 0x22, 0xed, 0xc7, 0xfd, 0x7d,
    0xb7, 0xfe, 0x80, 0x95, 0xd8, 0xd7, 0xe1, 0x3c, 0x49, 0xff, 0x00, 0x23, 0x5a, 0xff, 0x00, 0xe2,
    0x3e, 0x93, 0x09, 0xfc, 0x08, 0xfa, 0x05, 0x15, 0xe2, 0x1d, 0x01, 0x5e, 0x5d, 0xf1, 0x27, 0xfe,
    0x46, 0x2b, 0x7f, 0xfa, 0xf4, 0x5f, 0xfd, 0x0d, 0xeb, 0xeb, 0x78, 0x27, 0xfe, 0x46, 0xab, 0xfc,
    0x32, 0x38, 0x73, 0x0f, 0xe0, 0x7c, 0xce, 0x3a, 0x8a, 0xfd, 0x90, 0xf0, 0x42, 0x8a, 0x00, 0xf5,
    0x1f, 0x86, 0xdf, 0xf2, 0x2e, 0xdc, 0x7f, 0xd7, 0xdb, 0x7f, 0xe8, 0x09, 0x5d, 0x8d, 0x7e, 0x13,
    0xc4, 0x9f, 0xf2, 0x35, 0xaf, 0xfe, 0x23, 0xe9, 0x30, 0x9f, 0xc0, 0x8f, 0xa0, 0x51, 0x5e, 0x21,
    0xd0, 0x15, 0xe5, 0xdf, 0x12, 0x7f, 0xe4, 0x62, 0xb7, 0xff, 0x00, 0xaf, 0x45, 0xff, 0x00, 0xd0,
    0xde, 0xbe, 0xb7, 0x82, 0x7f, 0xe4, 0x6a, 0xbf, 0xc3, 0x23, 0x87, 0x30, 0xfe, 0x07, 0xcc, 0xe3,
    0xa8, 0xaf, 0xd9, 0x0f, 0x04, 0x28, 0xa0, 0x0f, 0x51, 0xf8, 0x6d, 0xff, 0x00, 0x22, 0xed, 0xc7,
    0xfd, 0x7d, 0xb7, 0xfe, 0x80, 0x95, 0xd8, 0xd7, 0xe1, 0x3c, 0x49, 0xff, 0x00, 0x23, 0x5a, 0xff,
    0x00, 0xe2, 0x3e, 0x93, 0x09, 0xfc, 0x08, 0xfa, 0x05, 0x15, 0xe2, 0x1d, 0x01, 0x5e, 0x5d, 0xf1,
    0x27, 0xfe, 0x46, 0x2b, 0x7f, 0xfa, 0xf4, 0x5f, 0xfd, 0x0d, 0xeb, 0xeb, 0x78, 0x27, 0xfe, 0x46,
    0xab, 0xfc, 0x32, 0x38, 0x73, 0x0f, 0xe0, 0x7c, 0xce, 0x3a, 0x8a, 0xfd, 0x90, 0xf0, 0x42, 0x8a,
    0x00, 0xf5, 0x1f, 0x86, 0xdf, 0xf2, 0x2e, 0xdc, 0x7f, 0xd7, 0xdb, 0x7f, 0xe8, 0x09, 0x5d, 0x8d,
    0x7e, 0x13, 0xc4, 0x9f, 0xf2, 0x35, 0xaf, 0xfe, 0x23, 0xe9, 0x30, 0x9f, 0xc0, 0x8f, 0xa0, 0x51,
    0x5e, 0x21, 0xd0, 0x15, 0xe5, 0xdf, 0x12, 0x7f, 0xe4, 0x62, 0xb7, 0xff, 0x00, 0xaf, 0x45, 0xff,
    0x00, 0xd0, 0xde, 0xbe, 0xb7, 0x82, 0x7f, 0xe4, 0x6a, 0xbf, 0xc3, 0x23, 0x87, 0x30, 0xfe, 0x07,
    0xcc, 0xe3, 0xa8, 0xaf, 0xd9, 0x0f, 0x04, 0x28, 0xa0, 0x0f, 0x51, 0xf8, 0x6d, 0xff, 0x00, 0x22,
    0xed, 0xc7, 0xfd, 0x7d, 0xb7, 0xfe, 0x80, 0x95, 0xd8, 0xd7, 0xe1, 0x3c, 0x49, 0xff, 0x00, 0x23,
    0x5a, 0xff, 0x00, 0xe2, 0x3e, 0x93, 0x09, 0xfc, 0x08, 0xfa, 0x05, 0x15, 0xe2, 0x1d, 0x01, 0x5e,
    0x5d, 0xf1, 0x27, 0xfe, 0x46, 0x2b, 0x7f, 0xfa, 0xf4, 0x5f, 0xfd, 0x0d, 0xeb, 0xeb, 0x78, 0x27,
    0xfe, 0x46, 0xab, 0xfc, 0x32, 0x38, 0x73, 0x0f, 0xe0, 0x7c, 0xce, 0x3a, 0x8a, 0xfd, 0x90, 0xf0,
    0x42, 0x8a, 0x00, 0xf5, 0x1f, 0x86, 0xdf, 0xf2, 0x2e, 0xdc, 0x7f, 0xd7, 0xdb, 0x7f, 0xe8, 0x09,
    0x5d, 0x8d, 0x7e, 0x13, 0xc4, 0x9f, 0xf2, 0x35, 0xaf, 0xfe, 0x23, 0xe9, 0x30, 0x9f, 0xc0, 0x8f,
    0xa0, 0x51, 0x5e, 0x21, 0xd0, 0x15, 0xe5, 0xdf, 0x12, 0x7f, 0xe4, 0x62, 0xb7, 0xff, 0x00, 0xaf,
    0x45, 0xff, 0x00, 0xd0, 0xde, 0xbe, 0xb7, 0x82, 0x7f, 0xe4, 0x6a, 0xbf, 0xc3, 0x23, 0x87, 0x30,
    0xfe, 0x07, 0xcc, 0xe3, 0xa8, 0xaf, 0xd9, 0x0f, 0x04, 0x28, 0xa0, 0x0f, 0x51, 0xf8, 0x6d, 0xff,
    0x00, 0x22, 0xed, 0xc7, 0xfd, 0x7d, 0xb7, 0xfe, 0x80, 0x95, 0xd8, 0xd7, 0xe1, 0x3c, 0x49, 0xff,
    0x00, 0x23, 0x5a, 0xff, 0x00, 0xe2, 0x3e, 0x93, 0x09, 0xfc, 0x08, 0xfa, 0x05, 0x15, 0xe2, 0x1d,
    0x01, 0x5e, 0x5d, 0xf1, 0x27, 0xfe, 0x46, 0x2b, 0x7f, 0xfa, 0xf4, 0x5f, 0xfd, 0x0d, 0xeb, 0xeb,
    0x78, 0x27, 0xfe, 0x46, 0xab, 0xfc, 0x32, 0x38, 0x73, 0x0f, 0xe0, 0x7c, 0xce, 0x3a, 0x8a, 0xfd,
    0x90, 0xf0, 0x42, 0x8a, 0x00, 0xf5, 0x1f, 0x86, 0xdf, 0xf2, 0x2e, 0xdc, 0x7f, 0xd7, 0xdb, 0x7f,
    0xe8, 0x09, 0x5d, 0x8d, 0x7e, 0x13, 0xc4, 0x9f, 0xf2, 0x35, 0xaf, 0xfe, 0x23, 0xe9, 0x30, 0x9f,
    0xc0, 0x8f, 0xa0, 0x51, 0x5e, 0x21, 0xd0, 0x15, 0xe5, 0xdf, 0x12, 0x7f, 0xe4, 0x62, 0xb7, 0xff,
    0x00, 0xaf, 0x45, 0xff, 0x00, 0xd0, 0xde, 0xbe, 0xb7, 0x82, 0x7f, 0xe4, 0x6a, 0xbf, 0xc3, 0x23,
    0x87, 0x30, 0xfe, 0x07, 0xcc, 0xe3, 0xa8, 0xaf, 0xd9, 0x0f, 0x04, 0x28, 0xa0, 0x0f, 0x51, 0xf8,
    0x6d, 0xff, 0x00, 0x22, 0xed, 0xc7, 0xfd, 0x7d, 0xb7, 0xfe, 0x80, 0x95, 0xd8, 0xd7, 0xe1, 0x3c,
    0x49, 0xff, 0x00, 0x23, 0x5a, 0xff, 0x00, 0xe2, 0x3e, 0x93, 0x09, 0xfc, 0x08, 0xfa, 0x05, 0x15,
    0xe2, 0x1d, 0x01, 0x5e, 0x5d, 0xf1, 0x27, 0xfe, 0x46, 0x2b, 0x7f, 0xfa, 0xf4, 0x5f, 0xfd, 0x0d,
    0xeb, 0xeb, 0x78, 0x27, 0xfe, 0x46, 0xab, 0xfc, 0x32, 0x38, 0x73, 0x0f, 0xe0, 0x7c, 0xce, 0x3a,
    0x8a, 0xfd, 0x90, 0xf0, 0x42, 0x8a, 0x00, 0xf5, 0x1f, 0x86, 0xdf, 0xf2, 0x2e, 0xdc, 0x7f, 0xd7,
    0xdb, 0x7f, 0xe8, 0x09, 0x5d, 0x8d, 0x7e, 0x13, 0xc4, 0x9f, 0xf2, 0x35, 0xaf, 0xfe, 0x23, 0xe9,
    0x30, 0x9f, 0xc0, 0x8f, 0xa0, 0x51, 0x5e, 0x21, 0xd0, 0x15, 0xe5, 0xdf, 0x12, 0x7f, 0xe4, 0x62,
    0xb7, 0xff, 0x00, 0xaf, 0x45, 0xff, 0x00, 0xd0, 0xde, 0xbe, 0xb7, 0x82, 0x7f, 0xe4, 0x6a, 0xbf,
    0xc3, 0x23, 0x87, 0x30, 0xfe, 0x07, 0xcc, 0xe3, 0xa8, 0xaf, 0xd9, 0x0f, 0x04, 0x28, 0xa0, 0x0f,
    0x51, 0xf8, 0x6d, 0xff, 0x00, 0x22, 0xed, 0xc7, 0xfd, 0x7d, 0xb7, 0xfe, 0x80, 0x95, 0xd8, 0xd7,
    0xe1, 0x3c, 0x49, 0xff, 0x00, 0x23, 0x5a, 0xff, 0x00, 0xe2, 0x3e, 0x93, 0x09, 0xfc, 0x08, 0xfa,
    0x05, 0x15, 0xe2, 0x1d, 0x01, 0x5e, 0x5d, 0xf1, 0x27, 0xfe, 0x46, 0x2b, 0x7f, 0xfa, 0xf4, 0x5f,
    0xfd, 0x0d, 0xeb, 0xeb, 0x78, 0x27, 0xfe, 0x46, 0xab, 0xfc, 0x32, 0x38, 0x73, 0x0f, 0xe0, 0x7c,
    0xce, 0x3a, 0x8a, 0xfd, 0x90, 0xf0, 0x42, 0x8a, 0x00, 0xf5, 0x1f, 0x86, 0xdf, 0xf2, 0x2e, 0xdc,
    0x7f, 0xd7, 0xdb, 0x7f, 0xe8, 0x09, 0x5d, 0x8d, 0x7e, 0x13, 0xc4, 0x9f, 0xf2, 0x35, 0xaf, 0xfe,
    0x23, 0xe9, 0x30, 0x9f, 0xc0, 0x8f, 0xa0, 0x51, 0x5e, 0x21, 0xd0, 0x15, 0xe5, 0xdf, 0x12, 0x7f,
    0xe4, 0x62, 0xb7, 0xff, 0x00, 0xaf, 0x45, 0xff, 0x00, 0xd0, 0xde, 0xbe, 0xb7, 0x82, 0x7f, 0xe4,
    0x6a, 0xbf, 0xc3, 0x23, 0x87, 0x30, 0xfe, 0x07, 0xcc, 0xe3, 0xa8, 0xaf, 0xd9, 0x0f, 0x04, 0x28,
    0xa0, 0x0f, 0x51, 0xf8, 0x6d, 0xff, 0x00, 0x22, 0xed, 0xc7, 0xfd, 0x7d, 0xb7, 0xfe, 0x80, 0x95,
    0xd8, 0xd7, 0xe1, 0x3c, 0x49, 0xff, 0x00, 0x23, 0x5a, 0xff, 0x00, 0xe2, 0x3e, 0x93, 0x09, 0xfc,
    0x08, 0xfa, 0x05, 0x15, 0xe2, 0x1d, 0x01, 0x5e, 0x5d, 0xf1, 0x27, 0xfe, 0x46, 0x2b, 0x7f, 0xfa,
    0xf4, 0x5f, 0xfd, 0x0d, 0xeb, 0xeb, 0x78, 0x27, 0xfe, 0x46, 0xab, 0xfc, 0x32, 0x38, 0x73, 0x0f,
    0xe0, 0x7c, 0xce, 0x3a, 0x8a, 0xfd, 0x90, 0xf0, 0x42, 0x8a, 0x00, 0xf5, 0x1f, 0x86, 0xdf, 0xf2,
    0x2e, 0xdc, 0x7f, 0xd7, 0xdb, 0x7f, 0xe8, 0x09, 0x5d, 0x8d, 0x7e, 0x13, 0xc4, 0x9f, 0xf2, 0x35,
    0xaf, 0xfe, 0x23, 0xe9, 0x30, 0x9f, 0xc0, 0x8f, 0xa0, 0x51, 0x5e, 0x21, 0xd0, 0x15, 0xe5, 0xdf,
    0x12, 0x7f, 0xe4, 0x62, 0xb7, 0xff, 0x00, 0xaf, 0x45, 0xff, 0x00, 0xd0, 0xde, 0xbe, 0xb7, 0x82,
    0x7f, 0xe4, 0x6a, 0xbf, 0xc3, 0x23, 0x87, 0x30, 0xfe, 0x07, 0xcc, 0xe3, 0xa8, 0xaf, 0xd9, 0x0f,
    0x04, 0x28, 0xa0, 0x0f, 0x51, 0xf8, 0x6d, 0xff, 0x00, 0x22, 0xed, 0xc7, 0xfd, 0x7d, 0xb7, 0xfe,
    0x80, 0x95, 0xd8, 0xd7, 0xe1, 0x3c, 0x49, 0xff, 0x00, 0x23, 0x5a, 0xff, 0x00, 0xe2, 0x3e, 0x93,
    0x09, 0xfc, 0x08, 0xfa, 0x05, 0x15, 0xe2, 0x1d, 0x01, 0x5e, 0x5d, 0xf1, 0x27, 0xfe, 0x46, 0x2b,
    0x7f, 0xfa, 0xf4, 0x5f, 0xfd, 0x0d, 0xeb, 0xeb, 0x78, 0x27, 0xfe, 0x46, 0xab, 0xfc, 0x32, 0x38,
    0x73, 0x0f, 0xe0, 0x7c, 0xce, 0x3a, 0x8a, 0xfd, 0x90, 0xf0, 0x42, 0x8a, 0x00, 0xf5, 0x1f, 0x86,
    0xdf, 0xf2, 0x2e, 0xdc, 0x7f, 0xd7, 0xdb, 0x7f, 0xe8, 0x09, 0x5d, 0x8d, 0x7e, 0x13, 0xc4, 0x9f,
    0xf2, 0x35, 0xaf, 0xfe, 0x23, 0xe9, 0x30, 0x9f, 0xc0, 0x8f, 0xa0, 0x51, 0x5e, 0x21, 0xd0, 0x15,
    0xe5, 0xdf, 0x12, 0x7f, 0xe4, 0x62, 0xb7, 0xff, 0x00, 0xaf, 0x45, 0xff, 0x00, 0xd0, 0xde, 0xbe,
    0xb7, 0x82, 0x7f, 0xe4, 0x6a, 0xbf, 0xc3, 0x23, 0x87, 0x30, 0xfe, 0x07, 0xcc, 0xf5, 0x1a, 0x2b,
    0xe4, 0x8e, 0xe0, 0xa2, 0x80, 0x3c, 0xbb, 0xe2, 0x4f, 0xfc, 0x8c, 0x56, 0xff, 0x00, 0xf5, 0xe8,
    0xbf, 0xfa, 0x1b, 0xd7, 0x1d, 0x5f, 0xbb, 0x70, 0xdf, 0xfc, 0x8a, 0xa8, 0x7f, 0x84, 0xf9, 0xbc,
    0x5f, 0xf1, 0xe5, 0xea, 0x14, 0x57, 0xb6, 0x73, 0x85, 0x7a, 0x8f, 0xc3, 0x6f, 0xf9, 0x17, 0x6e,
    0x3f, 0xeb, 0xed, 0xbf, 0xf4, 0x04, 0xaf, 0x91, 0xe3, 0x6f, 0xf9, 0x15, 0x3f, 0xf1, 0x44, 0xee,
    0xcb, 0xff, 0x00, 0x8f, 0xf2, 0x3b, 0x1a, 0x2b, 0xf1, 0xc3, 0xde, 0x0a, 0x28, 0x03, 0xcb, 0xbe,
    0x24, 0xff, 0x00, 0xc8, 0xc5, 0x6f, 0xff, 0x00, 0x5e, 0x8b, 0xff, 0x00, 0xa1, 0xbd, 0x71, 0xd5,
    0xfb, 0xb7, 0x0d, 0xff, 0x00, 0xc8, 0xaa, 0x87, 0xf8, 0x4f, 0x9b, 0xc5, 0xff, 0x00, 0x1e, 0x5e,
    0xa1, 0x45, 0x7b, 0x67, 0x38, 0x57, 0xa8, 0xfc, 0x36, 0xff, 0x00, 0x91, 0x76, 0xe3, 0xfe, 0xbe,
    0xdb, 0xff, 0x00, 0x40, 0x4a, 0xf9, 0x1e, 0x36, 0xff, 0x00, 0x91, 0x53, 0xff, 0x00, 0x14, 0x4e,
    0xec, 0xbf, 0xf8, 0xff, 0x00, 0x23, 0xb1, 0xa2, 0xbf, 0x1c, 0x3d, 0xe0, 0xa2, 0x80, 0x3c, 0xbb,
    0xe2, 0x4f, 0xfc, 0x8c, 0x56, 0xff, 0x00, 0xf5, 0xe8, 0xbf, 0xfa, 0x1b, 0xd7, 0x1d, 0x5f, 0xbb,
    0x70, 0xdf, 0xfc, 0x8a, 0xa8, 0x7f, 0x84, 0xf9, 0xbc, 0x5f, 0xf1, 0xe5, 0xea, 0x14, 0x57, 0xb6,
    0x73, 0x85, 0x7a, 0x8f, 0xc3, 0x6f, 0xf9, 0x17, 0x6e, 0x3f, 0xeb, 0xed, 0xbf, 0xf4, 0x04, 0xaf,
    0x91, 0xe3, 0x6f, 0xf9, 0x15, 0x3f, 0xf1, 0x44, 0xee, 0xcb, 0xff, 0x00, 0x8f, 0xf2, 0x3b, 0x1a,
    0x2b, 0xf1, 0xc3, 0xde, 0x0a, 0x28, 0x03, 0xcb, 0xbe, 0x24, 0xff, 0x00, 0xc8, 0xc5, 0x6f, 0xff,
    0x00, 0x5e, 0x8b, 0xff, 0x00, 0xa1, 0xbd, 0x71, 0xd5, 0xfb, 0xb7, 0x0d, 0xff, 0x00, 0xc8, 0xaa,
    0x87, 0xf8, 0x4f, 0x9b, 0xc5, 0xff, 0x00, 0x1e, 0x5e, 0xa1, 0x45, 0x7b, 0x67, 0x38, 0x57, 0xa8,
    0xfc, 0x36, 0xff, 0x00, 0x91, 0x76, 0xe3, 0xfe, 0xbe, 0xdb, 0xff, 0x00, 0x40, 0x4a, 0xf9, 0x1e,
    0x36, 0xff, 0x00, 0x91, 0x53, 0xff, 0x00, 0x14, 0x4e, 0xec, 0xbf, 0xf8, 0xff, 0x00, 0x23, 0xb1,
    0xa2, 0xbf, 0x1c, 0x3d, 0xe0, 0xa2, 0x80, 0x3c, 0xbb, 0xe2, 0x4f, 0xfc, 0x8c, 0x56, 0xff, 0x00,
    0xf5, 0xe8, 0xbf, 0xfa, 0x1b, 0xd7, 0x1d, 0x5f, 0xbb, 0x70, 0xdf, 0xfc, 0x8a, 0xa8, 0x7f, 0x84,
    0xf9, 0xbc, 0x5f, 0xf1, 0xe5, 0xea, 0x14, 0x57, 0xb6, 0x73, 0x85, 0x7a, 0x8f, 0xc3, 0x6f, 0xf9,
    0x17, 0x6e, 0x3f, 0xeb, 0xed, 0xbf, 0xf4, 0x04, 0xaf, 0x91, 0xe3, 0x6f, 0xf9, 0x15, 0x3f, 0xf1,
    0x44, 0xee, 0xcb, 0xff, 0x00, 0x8f, 0xf2, 0x3b, 0x1a, 0x2b, 0xf1, 0xc3, 0xde, 0x0a, 0x28, 0x03,
    0xcb, 0xbe, 0x24, 0xff, 0x00, 0xc8, 0xc5, 0x6f, 0xff, 0x00, 0x5e, 0x8b, 0xff, 0x00, 0xa1, 0xbd,
    0x71, 0xd5, 0xfb, 0xb7, 0x0d, 0xff, 0x00, 0xc8, 0xaa, 0x87, 0xf8, 0x4f, 0x9b, 0xc5, 0xff, 0x00,
    0x1e, 0x5e, 0xa1, 0x45, 0x7b, 0x67, 0x38, 0x57, 0xa8, 0xfc, 0x36, 0xff, 0x00, 0x91, 0x76, 0xe3,
    0xfe, 0xbe, 0xdb, 0xff, 0x00, 0x40, 0x4a, 0xf9, 0x1e, 0x36, 0xff, 0x00, 0x91, 0x53, 0xff, 0x00,
    0x14, 0x4e, 0xec, 0xbf, 0xf8, 0xff, 0x00, 0x23, 0xb1, 0xa2, 0xbf, 0x1c, 0x3d, 0xe0, 0xa2, 0x80,
    0x3c, 0xbb, 0xe2, 0x4f, 0xfc, 0x8c, 0x56, 0xff, 0x00, 0xf5, 0xe8, 0xbf, 0xfa, 0x1b, 0xd7, 0x1d,
    0x5f, 0xbb, 0x70, 0xdf, 0xfc, 0x8a, 0xa8, 0x7f, 0x84, 0xf9, 0xbc, 0x5f, 0xf1, 0xe5, 0xea, 0x14,
    0x57, 0xb6, 0x73, 0x85, 0x7a, 0x8f, 0xc3, 0x6f, 0xf9, 0x17, 0x6e, 0x3f, 0xeb, 0xed, 0xbf, 0xf4,
    0x04, 0xaf, 0x91, 0xe3, 0x6f, 0xf9, 0x15, 0x3f, 0xf1, 0x44, 0xee, 0xcb, 0xff, 0x00, 0x8f, 0xf2,
    0x3b, 0x1a, 0x2b, 0xf1, 0xc3, 0xde, 0x0a, 0x28, 0x03, 0xcb, 0xbe, 0x24, 0xff, 0x00, 0xc8, 0xc5,
    0x6f, 0xff, 0x00, 0x5e, 0x8b, 0xff, 0x00, 0xa1, 0xbd, 0x71, 0xd5, 0xfb, 0xb7, 0x0d, 0xff, 0x00,
    0xc8, 0xaa, 0x87, 0xf8, 0x4f, 0x9b, 0xc5, 0xff, 0x00, 0x1e, 0x5e, 0xa1, 0x45, 0x7b, 0x67, 0x38,
    0x57, 0xa8, 0xfc, 0x36, 0xff, 0x00, 0x91, 0x76, 0xe3, 0xfe, 0xbe, 0xdb, 0xff, 0x00, 0x40, 0x4a,
    0xf9, 0x1e, 0x36, 0xff, 0x00, 0x91, 0x53, 0xff, 0x00, 0x14, 0x4e, 0xec, 0xbf, 0xf8, 0xff, 0x00,
    0x23, 0xb1, 0xa2, 0xbf, 0x1c, 0x3d, 0xe0, 0xa2, 0x80, 0x3c, 0xbb, 0xe2, 0x4f, 0xfc, 0x8c, 0x56,
    0xff, 0x00, 0xf5, 0xe8, 0xbf, 0xfa, 0x1b, 0xd7, 0x1d, 0x5f, 0xbb, 0x70, 0xdf, 0xfc, 0x8a, 0xa8,
    0x7f, 0x84, 0xf9, 0xbc, 0x5f, 0xf1, 0xe5, 0xea, 0x14, 0x57, 0xb6, 0x73, 0x85, 0x7a, 0x8f, 0xc3,
    0x6f, 0xf9, 0x17, 0x6e, 0x3f, 0xeb, 0xed, 0xbf, 0xf4, 0x04, 0xaf, 0x91, 0xe3, 0x6f, 0xf9, 0x15,
    0x3f, 0xf1, 0x44, 0xee, 0xcb, 0xff, 0x00, 0x8f, 0xf2, 0x3b, 0x1a, 0x2b, 0xf1, 0xc3, 0xde, 0x0a,
    0x28, 0x03, 0xcb, 0xbe, 0x24, 0xff, 0x00, 0xc8, 0xc5, 0x6f, 0xff, 0x00, 0x5e, 0x8b, 0xff, 0x00,
    0xa1, 0xbd, 0x71, 0xd5, 0xfb, 0xb7, 0x0d, 0xff, 0x00, 0xc8, 0xaa, 0x87, 0xf8, 0x4f, 0x9b, 0xc5,
    0xff, 0x00, 0x1e, 0x5e, 0xa1, 0x45, 0x7b, 0x67, 0x38, 0x57, 0xa8, 0xfc, 0x36, 0xff, 0x00, 0x91,
    0x76, 0xe3, 0xfe, 0xbe, 0xdb, 0xff, 0x00, 0x40, 0x4a, 0xf9, 0x1e, 0x36, 0xff, 0x00, 0x91, 0x53,
    0xff, 0x00, 0x14, 0x4e, 0xec, 0xbf, 0xf8, 0xff, 0x00, 0x23, 0xb1, 0xa2, 0xbf, 0x1c, 0x3d, 0xe0,
    0xa2, 0x80, 0x3c, 0xbb, 0xe2, 0x4f, 0xfc, 0x8c, 0x56, 0xff, 0x00, 0xf5, 0xe8, 0xbf, 0xfa, 0x1b,
    0xd7, 0x1d, 0x5f, 0xbb, 0x70, 0xdf, 0xfc, 0x8a, 0xa8, 0x7f, 0x84, 0xf9, 0xbc, 0x5f, 0xf1, 0xe5,
    0xea, 0x14, 0x57, 0xb6, 0x73, 0x85, 0x7a, 0x8f, 0xc3, 0x6f, 0xf9, 0x17, 0x6e, 0x3f, 0xeb, 0xed,
    0xbf, 0xf4, 0x04, 0xaf, 0x91, 0xe3, 0x6f, 0xf9, 0x15, 0x3f, 0xf1, 0x44, 0xee, 0xcb, 0xff, 0x00,
    0x8f, 0xf2, 0x3b, 0x1a, 0x2b, 0xf1, 0xc3, 0xde, 0x0a, 0x28, 0x03, 0xcb, 0xbe, 0x24, 0xff, 0x00,
    0xc8, 0xc5, 0x6f, 0xff, 0x00, 0x5e, 0x8b, 0xff, 0x00, 0xa1, 0xbd, 0x71, 0xd5, 0xfb, 0xb7, 0x0d,
    0xff, 0x00, 0xc8, 0xaa, 0x87, 0xf8, 0x4f, 0x9b, 0xc5, 0xff, 0x00, 0x1e, 0x5e, 0xa1, 0x45, 0x7b,
    0x67, 0x38, 0x57, 0xa8, 0xfc, 0x36, 0xff, 0x00, 0x91, 0x76, 0xe3, 0xfe, 0xbe, 0xdb, 0xff, 0x00,
    0x40, 0x4a, 0xf9, 0x1e, 0x36, 0xff, 0x00, 0x91, 0x53, 0xff, 0x00, 0x14, 0x4e, 0xec, 0xbf, 0xf8,
    0xff, 0x00, 0x23, 0xb1, 0xa2, 0xbf, 0x1c, 0x3d, 0xe0, 0xa2, 0x80, 0x3c, 0xbb, 0xe2, 0x4f, 0xfc,
    0x8c, 0x56, 0xff, 0x00, 0xf5, 0xe8, 0xbf, 0xfa, 0x1b, 0xd7, 0x1d, 0x5f, 0xbb, 0x70, 0xdf, 0xfc,
    0x8a, 0xa8, 0x7f, 0x84, 0xf9, 0xbc, 0x5f, 0xf1, 0xe5, 0xea, 0x14, 0x57, 0xb6, 0x73, 0x85, 0x7a,
    0x8f, 0xc3, 0x6f, 0xf9, 0x17, 0x6e, 0x3f, 0xeb, 0xed, 0xbf, 0xf4, 0x04, 0xaf, 0x91, 0xe3, 0x6f,
    0xf9, 0x15, 0x3f, 0xf1, 0x44, 0xee, 0xcb, 0xff, 0x00, 0x8f, 0xf2, 0x3b, 0x1a, 0x2b, 0xf1, 0xc3,
    0xde, 0x0a, 0x28, 0x03, 0xcb, 0xbe, 0x24, 0xff, 0x00, 0xc8, 0xc5, 0x6f, 0xff, 0x00, 0x5e, 0x8b,
    0xff, 0x00, 0xa1, 0xbd, 0x71, 0xd5, 0xfb, 0xb7, 0x0d, 0xff, 0x00, 0xc8, 0xaa, 0x87, 0xf8, 0x4f,
    0x9b, 0xc5, 0xff, 0x00, 0x1e, 0x5e, 0xa1, 0x45, 0x7b, 0x67, 0x38, 0x57, 0xa8, 0xfc, 0x36, 0xff,
    0x00, 0x91, 0x76, 0xe3, 0xfe, 0xbe, 0xdb, 0xff, 0x00, 0x40, 0x4a, 0xf9, 0x1e, 0x36, 0xff, 0x00,
    0x91, 0x53, 0xff, 0x00, 0x14, 0x4e, 0xec, 0xbf, 0xf8, 0xff, 0x00, 0x23, 0xb1, 0xa2, 0xbf, 0x1c,
    0x3d, 0xe0, 0xa2, 0x80, 0x3c, 0xbb, 0xe2, 0x4f, 0xfc, 0x8c, 0x56, 0xff, 0x00, 0xf5, 0xe8, 0xbf,
    0xfa, 0x1b, 0xd7, 0x1d, 0x5f, 0xbb, 0x70, 0xdf, 0xfc, 0x8a, 0xa8, 0x7f, 0x84, 0xf9, 0xbc, 0x5f,
    0xf1, 0xe5, 0xea, 0x14, 0x57, 0xb6, 0x73, 0x85, 0x7a, 0x8f, 0xc3, 0x6f, 0xf9, 0x17, 0x6e, 0x3f,
    0xeb, 0xed, 0xbf, 0xf4, 0x04, 0xaf, 0x91, 0xe3, 0x6f, 0xf9, 0x15, 0x3f, 0xf1, 0x44, 0xee, 0xcb,
    0xff, 0x00, 0x8f, 0xf2, 0x3b, 0x1a, 0x2b, 0xf1, 0xc3, 0xde, 0x0a, 0x28, 0x03, 0xcb, 0xbe, 0x24,
    0xff, 0x00, 0xc8, 0xc5, 0x6f, 0xff, 0x00, 0x5e, 0x8b, 0xff, 0x00, 0xa1, 0xbd, 0x71, 0xd5, 0xfb,
    0xb7, 0x0d, 0xff, 0x00, 0xc8, 0xaa, 0x87, 0xf8, 0x4f, 0x9b, 0xc5, 0xff, 0x00, 0x1e, 0x5e, 0xa1,
    0x45, 0x7b, 0x67, 0x38, 0x57, 0xa8, 0xfc, 0x36, 0xff, 0x00, 0x91, 0x76, 0xe3, 0xfe, 0xbe, 0xdb,
    0xff, 0x00, 0x40, 0x4a, 0xf9, 0x1e, 0x36, 0xff, 0x00, 0x91, 0x53, 0xff, 0x00, 0x14, 0x4e, 0xec,
    0xbf, 0xf8, 0xff, 0x00, 0x23, 0xb1, 0xa2, 0xbf, 0x1c, 0x3d, 0xe0, 0xa2, 0x80, 0x3c, 0xbb, 0xe2,
    0x4f, 0xfc, 0x8c, 0x56, 0xff, 0x00, 0xf5, 0xe8, 0xbf, 0xfa, 0x1b, 0xd7, 0x1d, 0x5f, 0xbb, 0x70,
    0xdf, 0xfc, 0x8a, 0xa8, 0x7f, 0x84, 0xf9, 0xbc, 0x5f, 0xf1, 0xe5, 0xea, 0x14, 0x57, 0xb6, 0x73,
    0x85, 0x7a, 0x8f, 0xc3, 0x6f, 0xf9, 0x17, 0x6e, 0x3f, 0xeb, 0xed, 0xbf, 0xf4, 0x04, 0xaf, 0x91,
    0xe3, 0x6f, 0xf9, 0x15, 0x3f, 0xf1, 0x44, 0xee, 0xcb, 0xff, 0x00, 0x8f, 0xf2, 0x3b, 0x1a, 0x2b,
    0xf1, 0xc3, 0xde, 0x0a, 0x28, 0x03, 0xcb, 0xbe, 0x24, 0xff, 0x00, 0xc8, 0xc5, 0x6f, 0xff, 0x00,
    0x5e, 0x8b, 0xff, 0x00, 0xa1, 0xbd, 0x71, 0xd5, 0xfb, 0xb7, 0x0d, 0xff, 0x00, 0xc8, 0xaa, 0x87,
    0xf8, 0x4f, 0x9b, 0xc5, 0xff, 0x00, 0x1e, 0x5e, 0xa1, 0x45, 0x7b, 0x67, 0x38, 0x57, 0xa8, 0xfc,
    0x36, 0xff, 0x00, 0x91, 0x76, 0xe3, 0xfe, 0xbe, 0xdb, 0xff, 0x00, 0x40, 0x4a, 0xf9, 0x1e, 0x36,
    0xff, 0x00, 0x91, 0x53, 0xff, 0x00, 0x14, 0x4e, 0xec, 0xbf, 0xf8, 0xff, 0x00, 0x23, 0xb1, 0xa2,
    0xbf, 0x1c, 0x3d, 0xe0, 0xa2, 0x80, 0x3c, 0xbb, 0xe2, 0x4f, 0xfc, 0x8c, 0x56, 0xff, 0x00, 0xf5,
    0xe8, 0xbf, 0xfa, 0x1b, 0xd7, 0x1d, 0x5f, 0xbb, 0x70, 0xdf, 0xfc, 0x8a, 0xa8, 0x7f, 0x84, 0xf9,
    0xbc, 0x5f, 0xf1, 0xe5, 0xea, 0x14, 0x57, 0xb6, 0x73, 0x85, 0x7a, 0x8f, 0xc3, 0x6f, 0xf9, 0x17,
    0x6e, 0x3f, 0xeb, 0xed, 0xbf, 0xf4, 0x04, 0xaf, 0x91, 0xe3, 0x6f, 0xf9, 0x15, 0x3f, 0xf1, 0x44,
    0xee, 0xcb, 0xff, 0x00, 0x8f, 0xf2, 0x3b, 0x1a, 0x2b, 0xf1, 0xc3, 0xde, 0x0a, 0x28, 0x03, 0xcb,
    0xbe, 0x24, 0xff, 0x00, 0xc8, 0xc5, 0x6f, 0xff, 0x00, 0x5e, 0x8b, 0xff, 0x00, 0xa1, 0xbd, 0x71,
    0xd5, 0xfb, 0xb7, 0x0d, 0xff, 0x00, 0xc8, 0xaa, 0x87, 0xf8, 0x4f, 0x9b, 0xc5, 0xff, 0x00, 0x1e,
    0x5e, 0xa1, 0x45, 0x7b, 0x67, 0x38, 0x57, 0xa8, 0xfc, 0x36, 0xff, 0x00, 0x91, 0x76, 0xe3, 0xfe,
    0xbe, 0xdb, 0xff, 0x00, 0x40, 0x4a, 0xf9, 0x1e, 0x36, 0xff, 0x00, 0x91, 0x53, 0xff, 0x00, 0x14,
    0x4e, 0xec, 0xbf, 0xf8, 0xff, 0x00, 0x23, 0xcb, 0xa8, 0xaf, 0xae, 0x38, 0x42, 0x8a, 0x00, 0xf5,
    0x1f, 0x86, 0xdf, 0xf2, 0x2e, 0xdc, 0x7f, 0xd7, 0xdb, 0x7f, 0xe8, 0x09, 0x5d, 0x8d, 0x7e, 0x13,
    0xc4, 0x9f, 0xf2, 0x35, 0xaf, 0xfe, 0x23, 0xe9, 0x30, 0x9f, 0xc0, 0x8f, 0xa0, 0x51, 0x5e, 0x21,
    0xd0, 0x15, 0xe5, 0xdf, 0x12, 0x7f, 0xe4, 0x62, 0xb7, 0xff, 0x00, 0xaf, 0x45, 0xff, 0x00, 0xd0,
    0xde, 0xbe, 0xb7, 0x82, 0x7f, 0xe4, 0x6a, 0xbf, 0xc3, 0x23, 0x87, 0x30, 0xfe, 0x07, 0xcc, 0xe3,
    0xa8, 0xaf, 0xd9, 0x0f, 0x04, 0x28, 0xa0, 0x0f, 0x51, 0xf8, 0x6d, 0xff, 0x00, 0x22, 0xed, 0xc7,
    0xfd, 0x7d, 0xb7, 0xfe, 0x80, 0x95, 0xd8, 0xd7, 0xe1, 0x3c, 0x49, 0xff, 0x00, 0x23, 0x5a, 0xff,
    0x00, 0xe2, 0x3e, 0x93, 0x09, 0xfc, 0x08, 0xfa, 0x05, 0x15, 0xe2, 0x1d, 0x01, 0x5e, 0x5d, 0xf1,
    0x27, 0xfe, 0x46, 0x2b, 0x7f, 0xfa, 0xf4, 0x5f, 0xfd, 0x0d, 0xeb, 0xeb, 0x78, 0x27, 0xfe, 0x46,
    0xab, 0xfc, 0x32, 0x38, 0x73, 0x0f, 0xe0, 0x7c, 0xce, 0x3a, 0x8a, 0xfd, 0x90, 0xf0, 0x42, 0x8a,
    0x00, 0xf5, 0x1f, 0x86, 0xdf, 0xf2, 0x2e, 0xdc, 0x7f, 0xd7, 0xdb, 0x7f, 0xe8, 0x09, 0x5d, 0x8d,
    0x7e, 0x13, 0xc4, 0x9f, 0xf2, 0x35, 0xaf, 0xfe, 0x23, 0xe9, 0x30, 0x9f, 0xc0, 0x8f, 0xa0, 0x51,
    0x5e, 0x21, 0xd0, 0x15, 0xe5, 0xdf, 0x12, 0x7f, 0xe4, 0x62, 0xb7, 0xff, 0x00, 0xaf, 0x45, 0xff,
    0x00, 0xd0, 0xde, 0xbe, 0xb7, 0x82, 0x7f, 0xe4, 0x6a, 0xbf, 0xc3, 0x23, 0x87, 0x30, 0xfe, 0x07,
    0xcc, 0xe3, 0xa8, 0xaf, 0xd9, 0x0f, 0x04, 0x28, 0xa0, 0x0f, 0x51, 0xf8, 0x6d, 0xff, 0x00, 0x22,
    0xed, 0xc7, 0xfd, 0x7d, 0xb7, 0xfe, 0x80, 0x95, 0xd8, 0xd7, 0xe1, 0x3c, 0x49, 0xff, 0x00, 0x23,
    0x5a, 0xff, 0x00, 0xe2, 0x3e, 0x93, 0x09, 0xfc, 0x08, 0xfa, 0x05, 0x15, 0xe2, 0x1d, 0x01, 0x5e,
    0x5d, 0xf1, 0x27, 0xfe, 0x46, 0x2b, 0x7f, 0xfa, 0xf4, 0x5f, 0xfd, 0x0d, 0xeb, 0xeb, 0x78, 0x27,
    0xfe, 0x46, 0xab, 0xfc, 0x32, 0x38, 0x73, 0x0f, 0xe0, 0x7c, 0xce, 0x3a, 0x8a, 0xfd, 0x90, 0xf0,
    0x42, 0x8a, 0x00, 0xf5, 0x1f, 0x86, 0xdf, 0xf2, 0x2e, 0xdc, 0x7f, 0xd7, 0xdb, 0x7f, 0xe8, 0x09,
    0x5d, 0x8d, 0x7e, 0x13, 0xc4, 0x9f, 0xf2, 0x35, 0xaf, 0xfe, 0x23, 0xe9, 0x30, 0x9f, 0xc0, 0x8f,
    0xa0, 0x51, 0x5e, 0x21, 0xd0, 0x15, 0xe5, 0xdf, 0x12, 0x7f, 0xe4, 0x62, 0xb7, 0xff, 0x00, 0xaf,
    0x45, 0xff, 0x00, 0xd0, 0xde, 0xbe, 0xb7, 0x82, 0x7f, 0xe4, 0x6a, 0xbf, 0xc3, 0x23, 0x87, 0x30,
    0xfe, 0x07, 0xcc, 0xe3, 0xa8, 0xaf, 0xd9, 0x0f, 0x04, 0x28, 0xa0, 0x0f, 0x51, 0xf8, 0x6d, 0xff,
    0x00, 0x22, 0xed, 0xc7, 0xfd, 0x7d, 0xb7, 0xfe, 0x80, 0x95, 0xd8, 0xd7, 0xe1, 0x3c, 0x49, 0xff,
    0x00, 0x23, 0x5a, 0xff, 0x00, 0xe2, 0x3e, 0x93, 0x09, 0xfc, 0x08, 0xfa, 0x05, 0x15, 0xe2, 0x1d,
    0x01, 0x5e, 0x5d, 0xf1, 0x27, 0xfe, 0x46, 0x2b, 0x7f, 0xfa, 0xf4, 0x5f, 0xfd, 0x0d, 0xeb, 0xeb,
    0x78, 0x27, 0xfe, 0x46, 0xab, 0xfc, 0x32, 0x38, 0x73, 0x0f, 0xe0, 0x7c, 0xce, 0x3a, 0x8a, 0xfd,
    0x90, 0xf0, 0x42, 0x8a, 0x00, 0xf5, 0x1f, 0x86, 0xdf, 0xf2, 0x2e, 0xdc, 0x7f, 0xd7, 0xdb, 0x7f,
    0xe8, 0x09, 0x5d, 0x8d, 0x7e, 0x13, 0xc4, 0x9f, 0xf2, 0x35, 0xaf, 0xfe, 0x23, 0xe9, 0x30, 0x9f,
    0xc0, 0x8f, 0xa0, 0x51, 0x5e, 0x21, 0xd0, 0x15, 0xe5, 0xdf, 0x12, 0x7f, 0xe4, 0x62, 0xb7, 0xff,
    0x00, 0xaf, 0x45, 0xff, 0x00, 0xd0, 0xde, 0xbe, 0xb7, 0x82, 0x7f, 0xe4, 0x6a, 0xbf, 0xc3, 0x23,
    0x87, 0x30, 0xfe, 0x07, 0xcc, 0xe3, 0xa8, 0xaf, 0xd9, 0x0f, 0x04, 0x28, 0xa0, 0x0f, 0x51, 0xf8,
    0x6d, 0xff, 0x00, 0x22, 0xed, 0xc7, 0xfd, 0x7d, 0xb7, 0xfe, 0x80, 0x95, 0xd8, 0xd7, 0xe1, 0x3c,
    0x49, 0xff, 0x00, 0x23, 0x5a, 0xff, 0x00, 0xe2, 0x3e, 0x93, 0x09, 0xfc, 0x08, 0xfa, 0x05, 0x15,
    0xe2, 0x1d, 0x01, 0x5e, 0x5d, 0xf1, 0x27, 0xfe, 0x46, 0x2b, 0x7f, 0xfa, 0xf4, 0x5f, 0xfd, 0x0d,
    0xeb, 0xeb, 0x78, 0x27, 0xfe, 0x46, 0xab, 0xfc, 0x32, 0x38, 0x73, 0x0f, 0xe0, 0x7c, 0xce, 0x3a,
    0x8a, 0xfd, 0x90, 0xf0, 0x42, 0x8a, 0x00, 0xf5, 0x1f, 0x86, 0xdf, 0xf2, 0x2e, 0xdc, 0x7f, 0xd7,
    0xdb, 0x7f, 0xe8, 0x09, 0x5d, 0x8d, 0x7e, 0x13, 0xc4, 0x9f, 0xf2, 0x35, 0xaf, 0xfe, 0x23, 0xe9,
    0x30, 0x9f, 0xc0, 0x8f, 0xa0, 0x51, 0x5e, 0x21, 0xd0, 0x15, 0xe5, 0xdf, 0x12, 0x7f, 0xe4, 0x62,
    0xb7, 0xff, 0x00, 0xaf, 0x45, 0xff, 0x00, 0xd0, 0xde, 0xbe, 0xb7, 0x82, 0x7f, 0xe4, 0x6a, 0xbf,
    0xc3, 0x23, 0x87, 0x30, 0xfe, 0x07, 0xcc, 0xe3, 0xa8, 0xaf, 0xd9, 0x0f, 0x04, 0x28, 0xa0, 0x0f,
    0x51, 0xf8, 0x6d, 0xff, 0x00, 0x22, 0xed, 0xc7, 0xfd, 0x7d, 0xb7, 0xfe, 0x80, 0x95, 0xd8, 0xd7,
    0xe1, 0x3c, 0x49, 0xff, 0x00, 0x23, 0x5a, 0xff, 0x00, 0xe2, 0x3e, 0x93, 0x09, 0xfc, 0x08, 0xfa,
    0x05, 0x15, 0xe2, 0x1d, 0x01, 0x5e, 0x5d, 0xf1, 0x27, 0xfe, 0x46, 0x2b, 0x7f, 0xfa, 0xf4, 0x5f,
    0xfd, 0x0d, 0xeb, 0xeb, 0x78, 0x27, 0xfe, 0x46, 0xab, 0xfc, 0x32, 0x38, 0x73, 0x0f, 0xe0, 0x7c,
    0xce, 0x3a, 0x8a, 0xfd, 0x90, 0xf0, 0x42, 0x8a, 0x00, 0xf5, 0x1f, 0x86, 0xdf, 0xf2, 0x2e, 0xdc,
    0x7f, 0xd7, 0xdb, 0x7f, 0xe8, 0x09, 0x5d, 0x8d, 0x7e, 0x13, 0xc4, 0x9f, 0xf2, 0x35, 0xaf, 0xfe,
    0x23, 0xe9, 0x30, 0x9f, 0xc0, 0x8f, 0xa0, 0x51, 0x5e, 0x21, 0xd0, 0x15, 0xe5, 0xdf, 0x12, 0x7f,
    0xe4, 0x62, 0xb7, 0xff, 0x00, 0xaf, 0x45, 0xff, 0x00, 0xd0, 0xde, 0xbe, 0xb7, 0x82, 0x7f, 0xe4,
    0x6a, 0xbf, 0xc3, 0x23, 0x87, 0x30, 0xfe, 0x07, 0xcc, 0xe3, 0xa8, 0xaf, 0xd9, 0x0f, 0x04, 0x28,
    0xa0, 0x0f, 0x51, 0xf8, 0x6d, 0xff, 0x00, 0x22, 0xed, 0xc7, 0xfd, 0x7d, 0xb7, 0xfe, 0x80, 0x95,
    0xd8, 0xd7, 0xe1, 0x3c, 0x49, 0xff, 0x00, 0x23, 0x5a, 0xff, 0x00, 0xe2, 0x3e, 0x93, 0x09, 0xfc,
    0x08, 0xfa, 0x05, 0x15, 0xe2, 0x1d, 0x01, 0x5e, 0x5d, 0xf1, 0x27, 0xfe, 0x46, 0x2b, 0x7f, 0xfa,
    0xf4, 0x5f, 0xfd, 0x0d, 0xeb, 0xeb, 0x78, 0x27, 0xfe, 0x46, 0xab, 0xfc, 0x32, 0x38, 0x73, 0x0f,
    0xe0, 0x7c, 0xce, 0x3a, 0x8a, 0xfd, 0x90, 0xf0, 0x42, 0x8a, 0x00, 0xf5, 0x1f, 0x86, 0xdf, 0xf2,
    0x2e, 0xdc, 0x7f, 0xd7, 0xdb, 0x7f, 0xe8, 0x09, 0x5d, 0x8d, 0x7e, 0x13, 0xc4, 0x9f, 0xf2, 0x35,
    0xaf, 0xfe, 0x23, 0xe9, 0x30, 0x9f, 0xc0, 0x8f, 0xa0, 0x51, 0x5e, 0x21, 0xd0, 0x15, 0xe5, 0xdf,
    0x12, 0x7f, 0xe4, 0x62, 0xb7, 0xff, 0x00, 0xaf, 0x45, 0xff, 0x00, 0xd0, 0xde, 0xbe, 0xb7, 0x82,
    0x7f, 0xe4, 0x6a, 0xbf, 0xc3, 0x23, 0x87, 0x30, 0xfe, 0x07, 0xcc, 0xe3, 0xa8, 0xaf, 0xd9, 0x0f,
    0x04, 0x28, 0xa0, 0x0f, 0x51, 0xf8, 0x6d, 0xff, 0x00, 0x22, 0xed, 0xc7, 0xfd, 0x7d, 0xb7, 0xfe,
    0x80, 0x95, 0xd8, 0xd7, 0xe1, 0x3c, 0x49, 0xff, 0x00, 0x23, 0x5a, 0xff, 0x00, 0xe2, 0x3e, 0x93,
    0x09, 0xfc, 0x08, 0xfa, 0x05, 0x15, 0xe2, 0x1d, 0x01, 0x5e, 0x5d, 0xf1, 0x27, 0xfe, 0x46, 0x2b,
    0x7f, 0xfa, 0xf4, 0x5f, 0xfd, 0x0d, 0xeb, 0xeb, 0x78, 0x27, 0xfe, 0x46, 0xab, 0xfc, 0x32, 0x38,
    0x73, 0x0f, 0xe0, 0x7c, 0xce, 0x3a, 0x8a, 0xfd, 0x90, 0xf0, 0x42, 0x8a, 0x00, 0xf5, 0x1f, 0x86,
    0xdf, 0xf2, 0x2e, 0xdc, 0x7f, 0xd7, 0xdb, 0x7f, 0xe8, 0x09, 0x5d, 0x8d, 0x7e, 0x13, 0xc4, 0x9f,
    0xf2, 0x35, 0xaf, 0xfe, 0x23, 0xe9, 0x30, 0x9f, 0xc0, 0x8f, 0xa0, 0x51, 0x5e, 0x21, 0xd0, 0x15,
    0xe5, 0xdf, 0x12, 0x7f, 0xe4, 0x62, 0xb7, 0xff, 0x00, 0xaf, 0x45, 0xff, 0x00, 0xd0, 0xde, 0xbe,
    0xb7, 0x82, 0x7f, 0xe4, 0x6a, 0xbf, 0xc3, 0x23, 0x87, 0x30, 0xfe, 0x07, 0xcc, 0xe3, 0xa8, 0xaf,
    0xd9, 0x0f, 0x04, 0x28, 0xa0, 0x0f, 0x51, 0xf8, 0x6d, 0xff, 0x00, 0x22, 0xed, 0xc7, 0xfd, 0x7d,
    0xb7, 0xfe, 0x80, 0x95, 0xd8, 0xd7, 0xe1, 0x3c, 0x49, 0xff, 0x00, 0x23, 0x5a, 0xff, 0x00, 0xe2,
    0x3e, 0x93, 0x09, 0xfc, 0x08, 0xfa, 0x05, 0x15, 0xe2, 0x1d, 0x01, 0x5e, 0x5d, 0xf1, 0x27, 0xfe,
    0x46, 0x2b, 0x7f, 0xfa, 0xf4, 0x5f, 0xfd, 0x0d, 0xeb, 0xeb, 0x78, 0x27, 0xfe, 0x46, 0xab, 0xfc,
    0x32, 0x38, 0x73, 0x0f, 0xe0, 0x7c, 0xce, 0x3a, 0x8a, 0xfd, 0x90, 0xf0, 0x42, 0x8a, 0x00, 0xf5,
    0x1f, 0x86, 0xdf, 0xf2, 0x2e, 0xdc, 0x7f, 0xd7, 0xdb, 0x7f, 0xe8, 0x09, 0x5d, 0x8d, 0x7e, 0x13,
    0xc4, 0x9f, 0xf2, 0x35, 0xaf, 0xfe, 0x23, 0xe9, 0x30, 0x9f, 0xc0, 0x8f, 0xa0, 0x51, 0x5e, 0x21,
    0xd0, 0x15, 0xe5, 0xdf, 0x12, 0x7f, 0xe4, 0x62, 0xb7, 0xff, 0x00, 0xaf, 0x45, 0xff, 0x00, 0xd0,
    0xde, 0xbe, 0xb7, 0x82, 0x7f, 0xe4, 0x6a, 0xbf, 0xc3, 0x23, 0x87, 0x30, 0xfe, 0x07, 0xcc, 0xe3,
    0xa8, 0xaf, 0xd9, 0x0f, 0x04, 0x28, 0xa0, 0x0f, 0x51, 0xf8, 0x6d, 0xff, 0x00, 0x22, 0xed, 0xc7,
    0xfd, 0x7d, 0xb7, 0xfe, 0x80, 0x95, 0xd8, 0xd7, 0xe1, 0x3c, 0x49, 0xff, 0x00, 0x23, 0x5a, 0xff,
    0x00, 0xe2, 0x3e, 0x93, 0x09, 0xfc, 0x08, 0xfa, 0x05, 0x15, 0xe2, 0x1d, 0x01, 0x5e, 0x5d, 0xf1,
    0x27, 0xfe, 0x46, 0x2b, 0x7f, 0xfa, 0xf4, 0x5f, 0xfd, 0x0d, 0xeb, 0xeb, 0x78, 0x27, 0xfe, 0x46,
    0xab, 0xfc, 0x32, 0x38, 0x73, 0x0f, 0xe0, 0x7c, 0xce, 0x3a, 0x8a, 0xfd, 0x90, 0xf0, 0x42, 0x8a,
    0x00, 0xf5, 0x1f, 0x86, 0xdf, 0xf2, 0x2e, 0xdc, 0x7f, 0xd7, 0xdb, 0x7f, 0xe8, 0x09, 0x5d, 0x8d,
    0x7e, 0x13, 0xc4, 0x9f, 0xf2, 0x35, 0xaf, 0xfe, 0x23, 0xe9, 0x30, 0x9f, 0xc0, 0x8f, 0xa0, 0x51,
    0x5e, 0x21, 0xd0, 0x15, 0xe5, 0xdf, 0x12, 0x7f, 0xe4, 0x62, 0xb7, 0xff, 0x00, 0xaf, 0x45, 0xff,
    0x00, 0xd0, 0xde, 0xbe, 0xb7, 0x82, 0x7f, 0xe4, 0x6a, 0xbf, 0xc3, 0x23, 0x87, 0x30, 0xfe, 0x07,
    0xcc, 0xe3, 0xa8, 0xaf, 0xd9, 0x0f, 0x04, 0x28, 0xa0, 0x0f, 0x51, 0xf8, 0x6d, 0xff, 0x00, 0x22,
    0xed, 0xc7, 0xfd, 0x7d, 0xb7, 0xfe, 0x80, 0x95, 0xd8, 0xd7, 0xe1, 0x3c, 0x49, 0xff, 0x00, 0x23,
    0x5a, 0xff, 0x00, 0xe2, 0x3e, 0x93, 0x09, 0xfc, 0x08, 0xfa, 0x05, 0x15, 0xe2, 0x1d, 0x01, 0x5e,
    0x5d, 0xf1, 0x27, 0xfe, 0x46, 0x2b, 0x7f, 0xfa, 0xf4, 0x5f, 0xfd, 0x0d, 0xeb, 0xeb, 0x78, 0x27,
    0xfe, 0x46, 0xab, 0xfc, 0x32, 0x38, 0x73, 0x0f, 0xe0, 0x7c, 0xcf, 0x51, 0xa2, 0xbe, 0x48, 0xee,
    0x0a, 0x28, 0x03, 0xcb, 0xbe, 0x24, 0xff, 0x00, 0xc8, 0xc5, 0x6f, 0xff, 0x00, 0x5e, 0x8b, 0xff,
    0x00, 0xa1, 0xbd, 0x71, 0xd5, 0xfb, 0xb7, 0x0d, 0xff, 0x00, 0xc8, 0xaa, 0x87, 0xf8, 0x4f, 0x9b,
    0xc5, 0xff, 0x00, 0x1e, 0x5e, 0xa1, 0x45, 0x7b, 0x67, 0x38, 0x57, 0xa8, 0xfc, 0x36, 0xff, 0x00,
    0x91, 0x76, 0xe3, 0xfe, 0xbe, 0xdb, 0xff, 0x00, 0x40, 0x4a, 0xf9, 0x1e, 0x36, 0xff, 0x00, 0x91,
    0x53, 0xff, 0x00, 0x14, 0x4e, 0xec, 0xbf, 0xf8, 0xff, 0x00, 0x23, 0xb1, 0xa2, 0xbf, 0x1c, 0x3d,
    0xe0, 0xa2, 0x80, 0x3c, 0xbb, 0xe2, 0x4f, 0xfc, 0x8c, 0x56, 0xff, 0x00, 0xf5, 0xe8, 0xbf, 0xfa,
    0x1b, 0xd7, 0x1d, 0x5f, 0xbb, 0x70, 0xdf, 0xfc, 0x8a, 0xa8, 0x7f, 0x84, 0xf9, 0xbc, 0x5f, 0xf1,
    0xe5, 0xea, 0x14, 0x57, 0xb6, 0x73, 0x85, 0x7a, 0x8f, 0xc3, 0x6f, 0xf9, 0x17, 0x6e, 0x3f, 0xeb,
    0xed, 0xbf, 0xf4, 0x04, 0xaf, 0x91, 0xe3, 0x6f, 0xf9, 0x15, 0x3f, 0xf1, 0x44, 0xee, 0xcb, 0xff,
    0x00, 0x8f, 0xf2, 0x3b, 0x1a, 0x2b, 0xf1, 0xc3, 0xde, 0x0a, 0x28, 0x03, 0xcb, 0xbe, 0x24, 0xff,
    0x00, 0xc8, 0xc5, 0x6f, 0xff, 0x00, 0x5e, 0x8b, 0xff, 0x00, 0xa1, 0xbd, 0x71, 0xd5, 0xfb, 0xb7,
    0x0d, 0xff, 0x00, 0xc8, 0xaa, 0x87, 0xf8, 0x4f, 0x9b, 0xc5, 0xff, 0x00, 0x1e, 0x5e, 0xa1, 0x45,
    0x7b, 0x67, 0x38, 0x57, 0xa8, 0xfc, 0x36, 0xff, 0x00, 0x91, 0x76, 0xe3, 0xfe, 0xbe, 0xdb, 0xff,
    0x00, 0x40, 0x4a, 0xf9, 0x1e, 0x36, 0xff, 0x00, 0x91, 0x53, 0xff, 0x00, 0x14, 0x4e, 0xec, 0xbf,
    0xf8, 0xff, 0x00, 0x23, 0xb1, 0xa2, 0xbf, 0x1c, 0x3d, 0xe0, 0xa2, 0x80, 0x3c, 0xbb, 0xe2, 0x4f,
    0xfc, 0x8c, 0x56, 0xff, 0x00, 0xf5, 0xe8, 0xbf, 0xfa, 0x1b, 0xd7, 0x1d, 0x5f, 0xbb, 0x70, 0xdf,
    0xfc, 0x8a, 0xa8, 0x7f, 0x84, 0xf9, 0xbc, 0x5f, 0xf1, 0xe5, 0xea, 0x14, 0x57, 0xb6, 0x73, 0x85,
    0x7a, 0x8f, 0xc3, 0x6f, 0xf9, 0x17, 0x6e, 0x3f, 0xeb, 0xed, 0xbf, 0xf4, 0x04, 0xaf, 0x91, 0xe3,
    0x6f, 0xf9, 0x15, 0x3f, 0xf1, 0x44, 0xee, 0xcb, 0xff, 0x00, 0x8f, 0xf2, 0x3b, 0x1a, 0x2b, 0xf1,
    0xc3, 0xde, 0x0a, 0x28, 0x03, 0xcb, 0xbe, 0x24, 0xff, 0x00, 0xc8, 0xc5, 0x6f, 0xff, 0x00, 0x5e,
    0x8b, 0xff, 0x00, 0xa1, 0xbd, 0x71, 0xd5, 0xfb, 0xb7, 0x0d, 0xff, 0x00, 0xc8, 0xaa, 0x87, 0xf8,
    0x4f, 0x9b, 0xc5, 0xff, 0x00, 0x1e, 0x5e, 0xa1, 0x45, 0x7b, 0x67, 0x38, 0x57, 0xa8, 0xfc, 0x36,
    0xff, 0x00, 0x91, 0x76, 0xe3, 0xfe, 0xbe, 0xdb, 0xff, 0x00, 0x40, 0x4a, 0xf9, 0x1e, 0x36, 0xff,
    0x00, 0x91, 0x53, 0xff, 0x00, 0x14, 0x4e, 0xec, 0xbf, 0xf8, 0xff, 0x00, 0x23, 0xb1, 0xa2, 0xbf,
    0x1c, 0x3d, 0xe0, 0xa2, 0x80, 0x3c, 0xbb, 0xe2, 0x4f, 0xfc, 0x8c, 0x56, 0xff, 0x00, 0xf5, 0xe8,
    0xbf, 0xfa, 0x1b, 0xd7, 0x1d, 0x5f, 0xbb, 0x70, 0xdf, 0xfc, 0x8a, 0xa8, 0x7f, 0x84, 0xf9, 0xbc,
    0x5f, 0xf1, 0xe5, 0xea, 0x14, 0x57, 0xb6, 0x73, 0x85, 0x7a, 0x8f, 0xc3, 0x6f, 0xf9, 0x17, 0x6e,
    0x3f, 0xeb, 0xed, 0xbf, 0xf4, 0x04, 0xaf, 0x91, 0xe3, 0x6f, 0xf9, 0x15, 0x3f, 0xf1, 0x44, 0xee,
    0xcb, 0xff, 0x00, 0x8f, 0xf2, 0x3b, 0x1a, 0x2b, 0xf1, 0xc3, 0xde, 0x0a, 0x28, 0x03, 0xcb, 0xbe,
    0x24, 0xff, 0x00, 0xc8, 0xc5, 0x6f, 0xff, 0x00, 0x5e, 0x8b, 0xff, 0x00, 0xa1, 0xbd, 0x71, 0xd5,
    0xfb, 0xb7, 0x0d, 0xff, 0x00, 0xc8, 0xaa, 0x87, 0xf8, 0x4f, 0x9b, 0xc5, 0xff, 0x00, 0x1e, 0x5e,
    0xa1, 0x45, 0x7b, 0x67, 0x38, 0x57, 0xa8, 0xfc, 0x36, 0xff, 0x00, 0x91, 0x76, 0xe3, 0xfe, 0xbe,
    0xdb, 0xff, 0x00, 0x40, 0x4a, 0xf9, 0x1e, 0x36, 0xff, 0x00, 0x91, 0x53, 0xff, 0x00, 0x14, 0x4e,
    0xec, 0xbf, 0xf8, 0xff, 0x00, 0x23, 0xb1, 0xa2, 0xbf, 0x1c, 0x3d, 0xe0, 0xa2, 0x80, 0x3c, 0xbb,
    0xe2, 0x4f, 0xfc, 0x8c, 0x56, 0xff, 0x00, 0xf5, 0xe8, 0xbf, 0xfa, 0x1b, 0xd7, 0x1d, 0x5f, 0xbb,
    0x70, 0xdf, 0xfc, 0x8a, 0xa8, 0x7f, 0x84, 0xf9, 0xbc, 0x5f, 0xf1, 0xe5, 0xea, 0x14, 0x57, 0xb6,
    0x73, 0x85, 0x7a, 0x8f, 0xc3, 0x6f, 0xf9, 0x17, 0x6e, 0x3f, 0xeb, 0xed, 0xbf, 0xf4, 0x04, 0xaf,
    0x91, 0xe3, 0x6f, 0xf9, 0x15, 0x3f, 0xf1, 0x44, 0xee, 0xcb, 0xff, 0x00, 0x8f, 0xf2, 0x3b, 0x1a,
    0x2b, 0xf1, 0xc3, 0xde, 0x0a, 0x28, 0x03, 0xcb, 0xbe, 0x24, 0xff, 0x00, 0xc8, 0xc5, 0x6f, 0xff,
    0x00, 0x5e, 0x8b, 0xff, 0x00, 0xa1, 0xbd, 0x71, 0xd5, 0xfb, 0xb7, 0x0d, 0xff, 0x00, 0xc8, 0xaa,
    0x87, 0xf8, 0x4f, 0x9b, 0xc5, 0xff, 0x00, 0x1e, 0x5e, 0xa1, 0x45, 0x7b, 0x67, 0x38, 0x57, 0xa8,
    0xfc, 0x36, 0xff, 0x00, 0x91, 0x76, 0xe3, 0xfe, 0xbe, 0xdb, 0xff, 0x00, 0x40, 0x4a, 0xf9, 0x1e,
    0x36, 0xff, 0x00, 0x91, 0x53, 0xff, 0x00, 0x14, 0x4e, 0xec, 0xbf, 0xf8, 0xff, 0x00, 0x23, 0xb1,
    0xa2, 0xbf, 0x1c, 0x3d, 0xe0, 0xa2, 0x80, 0x3c, 0xbb, 0xe2, 0x4f, 0xfc, 0x8c, 0x56, 0xff, 0x00,
    0xf5, 0xe8, 0xbf, 0xfa, 0x1b, 0xd7, 0x1d, 0x5f, 0xbb, 0x70, 0xdf, 0xfc, 0x8a, 0xa8, 0x7f, 0x84,
    0xf9, 0xbc, 0x5f, 0xf1, 0xe5, 0xea, 0x14, 0x57, 0xb6, 0x73, 0x85, 0x7a, 0x8f, 0xc3, 0x6f, 0xf9,
    0x17, 0x6e, 0x3f, 0xeb, 0xed, 0xbf, 0xf4, 0x04, 0xaf, 0x91, 0xe3, 0x6f, 0xf9, 0x15, 0x3f, 0xf1,
    0x44, 0xee, 0xcb, 0xff, 0x00, 0x8f, 0xf2, 0x3b, 0x1a, 0x2b, 0xf1, 0xc3, 0xde, 0x0a, 0x28, 0x03,
    0xcb, 0xbe, 0x24, 0xff, 0x00, 0xc8, 0xc5, 0x6f, 0xff, 0x00, 0x5e, 0x8b, 0xff, 0x00, 0xa1, 0xbd,
    0x71, 0xd5, 0xfb, 0xb7, 0x0d, 0xff, 0x00, 0xc8, 0xaa, 0x87, 0xf8, 0x4f, 0x9b, 0xc5, 0xff, 0x00,
    0x1e, 0x5e, 0xa1, 0x45, 0x7b, 0x67, 0x38, 0x57, 0xa8, 0xfc, 0x36, 0xff, 0x00, 0x91, 0x76, 0xe3,
    0xfe, 0xbe, 0xdb, 0xff, 0x00, 0x40, 0x4a, 0xf9, 0x1e, 0x36, 0xff, 0x00, 0x91, 0x53, 0xff, 0x00,
    0x14, 0x4e, 0xec, 0xbf, 0xf8, 0xff, 0x00, 0x23, 0xb1, 0xa2, 0xbf, 0x1c, 0x3d, 0xe0, 0xa2, 0x80,
    0x3c, 0xbb, 0xe2, 0x4f, 0xfc, 0x8c, 0x56, 0xff, 0x00, 0xf5, 0xe8, 0xbf, 0xfa, 0x1b, 0xd7, 0x1d,
    0x5f, 0xbb, 0x70, 0xdf, 0xfc, 0x8a, 0xa8, 0x7f, 0x84, 0xf9, 0xbc, 0x5f, 0xf1, 0xe5, 0xea, 0x14,
    0x57, 0xb6, 0x73, 0x85, 0x7a, 0x8f, 0xc3, 0x6f, 0xf9, 0x17, 0x6e, 0x3f, 0xeb, 0xed, 0xbf, 0xf4,
    0x04, 0xaf, 0x91, 0xe3, 0x6f, 0xf9, 0x15, 0x3f, 0xf1, 0x44, 0xee, 0xcb, 0xff, 0x00, 0x8f, 0xf2,
    0x3b, 0x1a, 0x2b, 0xf1, 0xc3, 0xde, 0x0a, 0x28, 0x03, 0xcb, 0xbe, 0x24, 0xff, 0x00, 0xc8, 0xc5,
    0x6f, 0xff, 0x00, 0x5e, 0x8b, 0xff, 0x00, 0xa1, 0xbd, 0x71, 0xd5, 0xfb, 0xb7, 0x0d, 0xff, 0x00,
    0xc8, 0xaa, 0x87, 0xf8, 0x4f, 0x9b, 0xc5, 0xff, 0x00, 0x1e, 0x5e, 0xa1, 0x45, 0x7b, 0x67, 0x38,
    0x57, 0xa8, 0xfc, 0x36, 0xff, 0x00, 0x91, 0x76, 0xe3, 0xfe, 0xbe, 0xdb, 0xff, 0x00, 0x40, 0x4a,
    0xf9, 0x1e, 0x36, 0xff, 0x00, 0x91, 0x53, 0xff, 0x00, 0x14, 0x4e, 0xec, 0xbf, 0xf8, 0xff, 0x00,
    0x23, 0xb1, 0xa2, 0xbf, 0x1c, 0x3d, 0xe0, 0xa2, 0x80, 0x3c, 0xbb, 0xe2, 0x4f, 0xfc, 0x8c, 0x56,
    0xff, 0x00, 0xf5, 0xe8, 0xbf, 0xfa, 0x1b, 0xd7, 0x1d, 0x5f, 0xbb, 0x70, 0xdf, 0xfc, 0x8a, 0xa8,
    0x7f, 0x84, 0xf9, 0xbc, 0x5f, 0xf1, 0xe5, 0xea, 0x14, 0x57, 0xb6, 0x73, 0x85, 0x7a, 0x8f, 0xc3,
    0x6f, 0xf9, 0x17, 0x6e, 0x3f, 0xeb, 0xed, 0xbf, 0xf4, 0x04, 0xaf, 0x91, 0xe3, 0x6f, 0xf9, 0x15,
    0x3f, 0xf1, 0x44, 0xee, 0xcb, 0xff, 0x00, 0x8f, 0xf2, 0x3b, 0x1a, 0x2b, 0xf1, 0xc3, 0xde, 0x0a,
    0x28, 0x03, 0xcb, 0xbe, 0x24, 0xff, 0x00, 0xc8, 0xc5, 0x6f, 0xff, 0x00, 0x5e, 0x8b, 0xff, 0x00,
    0xa1, 0xbd, 0x71, 0xd5, 0xfb, 0xb7, 0x0d, 0xff, 0x00, 0xc8, 0xaa, 0x87, 0xf8, 0x4f, 0x9b, 0xc5,
    0xff, 0x00, 0x1e, 0x5e, 0xa1, 0x45, 0x7b, 0x67, 0x38, 0x57, 0xa8, 0xfc, 0x36, 0xff, 0x00, 0x91,
    0x76, 0xe3, 0xfe, 0xbe, 0xdb, 0xff, 0x00, 0x40, 0x4a, 0xf9, 0x1e, 0x36, 0xff, 0x00, 0x91, 0x53,
    0xff, 0x00, 0x14, 0x4e, 0xec, 0xbf, 0xf8, 0xff, 0x00, 0x23, 0xb1, 0xa2, 0xbf, 0x1c, 0x3d, 0xe0,
    0xa2, 0x80, 0x3c, 0xbb, 0xe2, 0x4f, 0xfc, 0x8c, 0x56, 0xff, 0x00, 0xf5, 0xe8, 0xbf, 0xfa, 0x1b,
    0xd7, 0x1d, 0x5f, 0xbb, 0x70, 0xdf, 0xfc, 0x8a, 0xa8, 0x7f, 0x84, 0xf9, 0xbc, 0x5f, 0xf1, 0xe5,
    0xea, 0x14, 0x57, 0xb6, 0x73, 0x85, 0x7a, 0x8f, 0xc3, 0x6f, 0xf9, 0x17, 0x6e, 0x3f, 0xeb, 0xed,
    0xbf, 0xf4, 0x04, 0xaf, 0x91, 0xe3, 0x6f, 0xf9, 0x15, 0x3f, 0xf1, 0x44, 0xee, 0xcb, 0xff, 0x00,
    0x8f, 0xf2, 0x3b, 0x1a, 0x2b, 0xf1, 0xc3, 0xde, 0x0a, 0x28, 0x03, 0xcb, 0xbe, 0x24, 0xff, 0x00,
    0xc8, 0xc5, 0x6f, 0xff, 0x00, 0x5e, 0x8b, 0xff, 0x00, 0xa1, 0xbd, 0x71, 0xd5, 0xfb, 0xb7, 0x0d,
    0xff, 0x00, 0xc8, 0xaa, 0x87, 0xf8, 0x4f, 0x9b, 0xc5, 0xff, 0x00, 0x1e, 0x5e, 0xa1, 0x45, 0x7b,
    0x67, 0x38, 0x57, 0xa8, 0xfc, 0x36, 0xff, 0x00, 0x91, 0x76, 0xe3, 0xfe, 0xbe, 0xdb, 0xff, 0x00,
    0x40, 0x4a, 0xf9, 0x1e, 0x36, 0xff, 0x00, 0x91, 0x53, 0xff, 0x00, 0x14, 0x4e, 0xec, 0xbf, 0xf8,
    0xff, 0x00, 0x23, 0xb1, 0xa2, 0xbf, 0x1c, 0x3d, 0xe0, 0xa2, 0x80, 0x3c, 0xbb, 0xe2, 0x4f, 0xfc,
    0x8c, 0x56, 0xff, 0x00, 0xf5, 0xe8, 0xbf, 0xfa, 0x1b, 0xd7, 0x1d, 0x5f, 0xbb, 0x70, 0xdf, 0xfc,
    0x8a, 0xa8, 0x7f, 0x84, 0xf9, 0xbc, 0x5f, 0xf1, 0xe5, 0xea, 0x14, 0x57, 0xb6, 0x73, 0x85, 0x7a,
    0x8f, 0xc3, 0x6f, 0xf9, 0x17, 0x6e, 0x3f, 0xeb, 0xed, 0xbf, 0xf4, 0x04, 0xaf, 0x91, 0xe3, 0x6f,
    0xf9, 0x15, 0x3f, 0xf1, 0x44, 0xee, 0xcb, 0xff, 0x00, 0x8f, 0xf2, 0x3b, 0x1a, 0x2b, 0xf1, 0xc3,
    0xde, 0x0a, 0x28, 0x03, 0xcb, 0xbe, 0x24, 0xff, 0x00, 0xc8, 0xc5, 0x6f, 0xff, 0x00, 0x5e, 0x8b,
    0xff, 0x00, 0xa1, 0xbd, 0x71, 0xd5, 0xfb, 0xb7, 0x0d, 0xff, 0x00, 0xc8, 0xaa, 0x87, 0xf8, 0x4f,
    0x9b, 0xc5, 0xff, 0x00, 0x1e, 0x5e, 0xa1, 0x45, 0x7b, 0x67, 0x38, 0x57, 0xa8, 0xfc, 0x36, 0xff,
    0x00, 0x91, 0x76, 0xe3, 0xfe, 0xbe, 0xdb, 0xff, 0x00, 0x40, 0x4a, 0xf9, 0x1e, 0x36, 0xff, 0x00,
    0x91, 0x53, 0xff, 0x00, 0x14, 0x4e, 0xec, 0xbf, 0xf8, 0xff, 0x00, 0x23, 0xb1, 0xa2, 0xbf, 0x1c,
    0x3d, 0xe0, 0xa2, 0x80, 0x3c, 0xbb, 0xe2, 0x4f, 0xfc, 0x8c, 0x56, 0xff, 0x00, 0xf5, 0xe8, 0xbf,
    0xfa, 0x1b, 0xd7, 0x1d, 0x5f, 0xbb, 0x70, 0xdf, 0xfc, 0x8a, 0xa8, 0x7f, 0x84, 0xf9, 0xbc, 0x5f,
    0xf1, 0xe5, 0xea, 0x14, 0x57, 0xb6, 0x73, 0x85, 0x7a, 0x8f, 0xc3, 0x6f, 0xf9, 0x17, 0x6e, 0x3f,
    0xeb, 0xed, 0xbf, 0xf4, 0x04, 0xaf, 0x91, 0xe3, 0x6f, 0xf9, 0x15, 0x3f, 0xf1, 0x44, 0xee, 0xcb,
    0xff, 0x00, 0x8f, 0xf2, 0x3c, 0xba, 0x8a, 0xfa, 0xe3, 0x84, 0x28, 0xa0, 0x0f, 0x51, 0xf8, 0x6d,
    0xff, 0x00, 0x22, 0xed, 0xc7, 0xfd, 0x7d, 0xb7, 0xfe, 0x80, 0x95, 0xd8, 0xd7, 0xe1, 0x3c, 0x49,
    0xff, 0x00, 0x23, 0x5a, 0xff, 0x00, 0xe2, 0x3e, 0x93, 0x09, 0xfc, 0x08, 0xfa, 0x05, 0x15, 0xe2,
    0x1d, 0x01, 0x5e, 0x5d, 0xf1, 0x27, 0xfe, 0x46, 0x2b, 0x7f, 0xfa, 0xf4, 0x5f, 0xfd, 0x0d, 0xeb,
    0xeb, 0x78, 0x27, 0xfe, 0x46, 0xab, 0xfc, 0x32, 0x38, 0x73, 0x0f, 0xe0, 0x7c, 0xce, 0x3a, 0x8a,
    0xfd, 0x90, 0xf0, 0x42, 0x8a, 0x00, 0xf5, 0x1f, 0x86, 0xdf, 0xf2, 0x2e, 0xdc, 0x7f, 0xd7, 0xdb,
    0x7f, 0xe8, 0x09, 0x5d, 0x8d, 0x7e, 0x13, 0xc4, 0x9f, 0xf2, 0x35, 0xaf, 0xfe, 0x23, 0xe9, 0x30,
    0x9f, 0xc0, 0x8f, 0xa0, 0x51, 0x5e, 0x21, 0xd0, 0x15, 0xe5, 0xdf, 0x12, 0x7f, 0xe4, 0x62, 0xb7,
    0xff, 0x00, 0xaf, 0x45, 0xff, 0x00, 0xd0, 0xde, 0xbe, 0xb7, 0x82, 0x7f, 0xe4, 0x6a, 0xbf, 0xc3,
    0x23, 0x87, 0x30, 0xfe, 0x07, 0xcc, 0xe3, 0xa8, 0xaf, 0xd9, 0x0f, 0x04, 0x28, 0xa0, 0x0f, 0x51,
    0xf8, 0x6d, 0xff, 0x00, 0x22, 0xed, 0xc7, 0xfd, 0x7d, 0xb7, 0xfe, 0x80, 0x95, 0xd8, 0xd7, 0xe1,
    0x3c, 0x49, 0xff, 0x00, 0x23, 0x5a, 0xff, 0x00, 0xe2, 0x3e, 0x93, 0x09, 0xfc, 0x08, 0xfa, 0x05,
    0x15, 0xe2, 0x1d, 0x01, 0x5e, 0x5d, 0xf1, 0x27, 0xfe, 0x46, 0x2b, 0x7f, 0xfa, 0xf4, 0x5f, 0xfd,
    0x0d, 0xeb, 0xeb, 0x78, 0x27, 0xfe, 0x46, 0xab, 0xfc, 0x32, 0x38, 0x73, 0x0f, 0xe0, 0x7c, 0xce,
    0x3a, 0x8a, 0xfd, 0x90, 0xf0, 0x42, 0x8a, 0x00, 0xf5, 0x1f, 0x86, 0xdf, 0xf2, 0x2e, 0xdc, 0x7f,
    0xd7, 0xdb, 0x7f, 0xe8, 0x09, 0x5d, 0x8d, 0x7e, 0x13, 0xc4, 0x9f, 0xf2, 0x35, 0xaf, 0xfe, 0x23,
    0xe9, 0x30, 0x9f, 0xc0, 0x8f, 0xa0, 0x51, 0x5e, 0x21, 0xd0, 0x15, 0xe5, 0xdf, 0x12, 0x7f, 0xe4,
    0x62, 0xb7, 0xff, 0x00, 0xaf, 0x45, 0xff, 0x00, 0xd0, 0xde, 0xbe, 0xb7, 0x82, 0x7f, 0xe4, 0x6a,
    0xbf, 0xc3, 0x23, 0x87, 0x30, 0xfe, 0x07, 0xcc, 0xe3, 0xa8, 0xaf, 0xd9, 0x0f, 0x04, 0x28, 0xa0,
    0x0f, 0x51, 0xf8, 0x6d, 0xff, 0x00, 0x22, 0xed, 0xc7, 0xfd, 0x7d, 0xb7, 0xfe, 0x80, 0x95, 0xd8,
    0xd7, 0xe1, 0x3c, 0x49, 0xff, 0x00, 0x23, 0x5a, 0xff, 0x00, 0xe2, 0x3e, 0x93, 0x09, 0xfc, 0x08,
    0xfa, 0x05, 0x15, 0xe2, 0x1d, 0x01, 0x5e, 0x5d, 0xf1, 0x27, 0xfe, 0x46, 0x2b, 0x7f, 0xfa, 0xf4,
    0x5f, 0xfd, 0x0d, 0xeb, 0xeb, 0x78, 0x27, 0xfe, 0x46, 0xab, 0xfc, 0x32, 0x38, 0x73, 0x0f, 0xe0,
    0x7c, 0xce, 0x3a, 0x8a, 0xfd, 0x90, 0xf0, 0x42, 0x8a, 0x00, 0xf5, 0x1f, 0x86, 0xdf, 0xf2, 0x2e,
    0xdc, 0x7f, 0xd7, 0xdb, 0x7f, 0xe8, 0x09, 0x5d, 0x8d, 0x7e, 0x13, 0xc4, 0x9f, 0xf2, 0x35, 0xaf,
    0xfe, 0x23, 0xe9, 0x30, 0x9f, 0xc0, 0x8f, 0xa0, 0x51, 0x5e, 0x21, 0xd0, 0x15, 0xe5, 0xdf, 0x12,
    0x7f, 0xe4, 0x62, 0xb7, 0xff, 0x00, 0xaf, 0x45, 0xff, 0x00, 0xd0, 0xde, 0xbe, 0xb7, 0x82, 0x7f,
    0xe4, 0x6a, 0xbf, 0xc3, 0x23, 0x87, 0x30, 0xfe, 0x07, 0xcc, 0xe3, 0xa8, 0xaf, 0xd9, 0x0f, 0x04,
    0x28, 0xa0, 0x0f, 0x51, 0xf8, 0x6d, 0xff, 0x00, 0x22, 0xed, 0xc7, 0xfd, 0x7d, 0xb7, 0xfe, 0x80,
    0x95, 0xd8, 0xd7, 0xe1, 0x3c, 0x49, 0xff, 0x00, 0x23, 0x5a, 0xff, 0x00, 0xe2, 0x3e, 0x93, 0x09,
    0xfc, 0x08, 0xfa, 0x05, 0x15, 0xe2, 0x1d, 0x01, 0x5e, 0x5d, 0xf1, 0x27, 0xfe, 0x46, 0x2b, 0x7f,
    0xfa, 0xf4, 0x5f, 0xfd, 0x0d, 0xeb, 0xeb, 0x78, 0x27, 0xfe, 0x46, 0xab, 0xfc, 0x32, 0x38, 0x73,
    0x0f, 0xe0, 0x7c, 0xce, 0x3a, 0x8a, 0xfd, 0x90, 0xf0, 0x42, 0x8a, 0x00, 0xf5, 0x1f, 0x86, 0xdf,
    0xf2, 0x2e, 0xdc, 0x7f, 0xd7, 0xdb, 0x7f, 0xe8, 0x09, 0x5d, 0x8d, 0x7e, 0x13, 0xc4, 0x9f, 0xf2,
    0x35, 0xaf, 0xfe, 0x23, 0xe9, 0x30, 0x9f, 0xc0, 0x8f, 0xa0, 0x51, 0x5e, 0x21, 0xd0, 0x15, 0xe5,
    0xdf, 0x12, 0x7f, 0xe4, 0x62, 0xb7, 0xff, 0x00, 0xaf, 0x45, 0xff, 0x00, 0xd0, 0xde, 0xbe, 0xb7,
    0x82, 0x7f, 0xe4, 0x6a, 0xbf, 0xc3, 0x23, 0x87, 0x30, 0xfe, 0x07, 0xcc, 0xe3, 0xa8, 0xaf, 0xd9,
    0x0f, 0x04, 0x28, 0xa0, 0x0f, 0x51, 0xf8, 0x6d, 0xff, 0x00, 0x22, 0xed, 0xc7, 0xfd, 0x7d, 0xb7,
    0xfe, 0x80, 0x95, 0xd8, 0xd7, 0xe1, 0x3c, 0x49, 0xff, 0x00, 0x23, 0x5a, 0xff, 0x00, 0xe2, 0x3e,
    0x93, 0x09, 0xfc, 0x08, 0xfa, 0x05, 0x15, 0xe2, 0x1d, 0x01, 0x5e, 0x5d, 0xf1, 0x27, 0xfe, 0x46,
    0x2b, 0x7f, 0xfa, 0xf4, 0x5f, 0xfd, 0x0d, 0xeb, 0xeb, 0x78, 0x27, 0xfe, 0x46, 0xab, 0xfc, 0x32,
    0x38, 0x73, 0x0f, 0xe0, 0x7c, 0xce, 0x3a, 0x8a, 0xfd, 0x90, 0xf0, 0x42, 0x8a, 0x00, 0xf5, 0x1f,
    0x86, 0xdf, 0xf2, 0x2e, 0xdc, 0x7f, 0xd7, 0xdb, 0x7f, 0xe8, 0x09, 0x5d, 0x8d, 0x7e, 0x13, 0xc4,
    0x9f, 0xf2, 0x35, 0xaf, 0xfe, 0x23, 0xe9, 0x30, 0x9f, 0xc0, 0x8f, 0xa0, 0x51, 0x5e, 0x21, 0xd0,
    0x15, 0xe5, 0xdf, 0x12, 0x7f, 0xe4, 0x62, 0xb7, 0xff, 0x00, 0xaf, 0x45, 0xff, 0x00, 0xd0, 0xde,
    0xbe, 0xb7, 0x82, 0x7f, 0xe4, 0x6a, 0xbf, 0xc3, 0x23, 0x87, 0x30, 0xfe, 0x07, 0xcc, 0xe3, 0xa8,
    0xaf, 0xd9, 0x0f, 0x04, 0x28, 0xa0, 0x0f, 0x51, 0xf8, 0x6d, 0xff, 0x00, 0x22, 0xed, 0xc7, 0xfd,
    0x7d, 0xb7, 0xfe, 0x80, 0x95, 0xd8, 0xd7, 0xe1, 0x3c, 0x49, 0xff, 0x00, 0x23, 0x5a, 0xff, 0x00,
    0xe2, 0x3e, 0x93, 0x09, 0xfc, 0x08, 0xfa, 0x05, 0x15, 0xe2, 0x1d, 0x01, 0x5e, 0x5d, 0xf1, 0x27,
    0xfe, 0x46, 0x2b, 0x7f, 0xfa, 0xf4, 0x5f, 0xfd, 0x0d, 0xeb, 0xeb, 0x78, 0x27, 0xfe, 0x46, 0xab,
    0xfc, 0x32, 0x38, 0x73, 0x0f, 0xe0, 0x7c, 0xce, 0x3a, 0x8a, 0xfd, 0x90, 0xf0, 0x42, 0x8a, 0x00,
    0xf5, 0x1f, 0x86, 0xdf, 0xf2, 0x2e, 0xdc, 0x7f, 0xd7, 0xdb, 0x7f, 0xe8, 0x09, 0x5d, 0x8d, 0x7e,
    0x13, 0xc4, 0x9f, 0xf2, 0x35, 0xaf, 0xfe, 0x23, 0xe9, 0x30, 0x9f, 0xc0, 0x8f, 0xa0, 0x51, 0x5e,
    0x21, 0xd0, 0x15, 0xe5, 0xdf, 0x12, 0x7f, 0xe4, 0x62, 0xb7, 0xff, 0x00, 0xaf, 0x45, 0xff, 0x00,
    0xd0, 0xde, 0xbe, 0xb7, 0x82, 0x7f, 0xe4, 0x6a, 0xbf, 0xc3, 0x23, 0x87, 0x30, 0xfe, 0x07, 0xcc,
    0xe3, 0xa8, 0xaf, 0xd9, 0x0f, 0x04, 0x28, 0xa0, 0x0f, 0x51, 0xf8, 0x6d, 0xff, 0x00, 0x22, 0xed,
    0xc7, 0xfd, 0x7d, 0xb7, 0xfe, 0x80, 0x95, 0xd8, 0xd7, 0xe1, 0x3c, 0x49, 0xff, 0x00, 0x23, 0x5a,
    0xff, 0x00, 0xe2, 0x3e, 0x93, 0x09, 0xfc, 0x08, 0xfa, 0x05, 0x15, 0xe2, 0x1d, 0x01, 0x5e, 0x5d,
    0xf1, 0x27, 0xfe, 0x46, 0x2b, 0x7f, 0xfa, 0xf4, 0x5f, 0xfd, 0x0d, 0xeb, 0xeb, 0x78, 0x27, 0xfe,
    0x46, 0xab, 0xfc, 0x32, 0x38, 0x73, 0x0f, 0xe0, 0x7c, 0xce, 0x3a, 0x8a, 0xfd, 0x90, 0xf0, 0x42,
    0x8a, 0x00, 0xf5, 0x1f, 0x86, 0xdf, 0xf2, 0x2e, 0xdc, 0x7f, 0xd7, 0xdb, 0x7f, 0xe8, 0x09, 0x5d,
    0x8d, 0x7e, 0x13, 0xc4, 0x9f, 0xf2, 0x35, 0xaf, 0xfe, 0x23, 0xe9, 0x30, 0x9f, 0xc0, 0x8f, 0xa0,
    0x51, 0x5e, 0x21, 0xd0, 0x15, 0xe5, 0xdf, 0x12, 0x7f, 0xe4, 0x62, 0xb7, 0xff, 0x00, 0xaf, 0x45,
    0xff, 0x00, 0xd0, 0xde, 0xbe, 0xb7, 0x82, 0x7f, 0xe4, 0x6a, 0xbf, 0xc3, 0x23, 0x87, 0x30, 0xfe,
    0x07, 0xcc, 0xe3, 0xa8, 0xaf, 0xd9, 0x0f, 0x04, 0x28, 0xa0, 0x0f, 0x51, 0xf8, 0x6d, 0xff, 0x00,
    0x22, 0xed, 0xc7, 0xfd, 0x7d, 0xb7, 0xfe, 0x80, 0x95, 0xd8, 0xd7, 0xe1, 0x3c, 0x49, 0xff, 0x00,
    0x23, 0x5a, 0xff, 0x00, 0xe2, 0x3e, 0x93, 0x09, 0xfc, 0x08, 0xfa, 0x05, 0x15, 0xe2, 0x1d, 0x01,
    0x5e, 0x5d, 0xf1, 0x27, 0xfe, 0x46, 0x2b, 0x7f, 0xfa, 0xf4, 0x5f, 0xfd, 0x0d, 0xeb, 0xeb, 0x78,
    0x27, 0xfe, 0x46, 0xab, 0xfc, 0x32, 0x38, 0x73, 0x0f, 0xe0, 0x7c, 0xce, 0x3a, 0x8a, 0xfd, 0x90,
    0xf0, 0x42, 0x8a, 0x00, 0xf5, 0x1f, 0x86, 0xdf, 0xf2, 0x2e, 0xdc, 0x7f, 0xd7, 0xdb, 0x7f, 0xe8,
    0x09, 0x5d, 0x8d, 0x7e, 0x13, 0xc4, 0x9f, 0xf2, 0x35, 0xaf, 0xfe, 0x23, 0xe9, 0x30, 0x9f, 0xc0,
    0x8f, 0xa0, 0x51, 0x5e, 0x21, 0xd0, 0x15, 0xe5, 0xdf, 0x12, 0x7f, 0xe4, 0x62, 0xb7, 0xff, 0x00,
    0xaf, 0x45, 0xff, 0x00, 0xd0, 0xde, 0xbe, 0xb7, 0x82, 0x7f, 0xe4, 0x6a, 0xbf, 0xc3, 0x23, 0x87,
    0x30, 0xfe, 0x07, 0xcc, 0xe3, 0xa8, 0xaf, 0xd9, 0x0f, 0x04, 0x28, 0xa0, 0x0f, 0x51, 0xf8, 0x6d,
    0xff, 0x00, 0x22, 0xed, 0xc7, 0xfd, 0x7d, 0xb7, 0xfe, 0x80, 0x95, 0xd8, 0xd7, 0xe1, 0x3c, 0x49,
    0xff, 0x00, 0x23, 0x5a, 0xff, 0x00, 0xe2, 0x3e, 0x93, 0x09, 0xfc, 0x08, 0xfa, 0x05, 0x15, 0xe2,
    0x1d, 0x01, 0x5e, 0x5d, 0xf1, 0x27, 0xfe, 0x46, 0x2b, 0x7f, 0xfa, 0xf4, 0x5f, 0xfd, 0x0d, 0xeb,
    0xeb, 0x78, 0x27, 0xfe, 0x46, 0xab, 0xfc, 0x32, 0x38, 0x73, 0x0f, 0xe0, 0x7c, 0xce, 0x3a, 0x8a,
    0xfd, 0x90, 0xf0, 0x42, 0x8a, 0x00, 0xf5, 0x1f, 0x86, 0xdf, 0xf2, 0x2e, 0xdc, 0x7f, 0xd7, 0xdb,
    0x7f, 0xe8, 0x09, 0x5d, 0x8d, 0x7e, 0x13, 0xc4, 0x9f, 0xf2, 0x35, 0xaf, 0xfe, 0x23, 0xe9, 0x30,
    0x9f, 0xc0, 0x8f, 0xa0, 0x51, 0x5e, 0x21, 0xd0, 0x15, 0xe5, 0xdf, 0x12, 0x7f, 0xe4, 0x62, 0xb7,
    0xff, 0x00, 0xaf, 0x45, 0xff, 0x00, 0xd0, 0xde, 0xbe, 0xb7, 0x82, 0x7f, 0xe4, 0x6a, 0xbf, 0xc3,
    0x23, 0x87, 0x30, 0xfe, 0x07, 0xcc, 0xe3, 0xa8, 0xaf, 0xd9, 0x0f, 0x04, 0x28, 0xa0, 0x0f, 0x51,
    0xf8, 0x6d, 0xff, 0x00, 0x22, 0xed, 0xc7, 0xfd, 0x7d, 0xb7, 0xfe, 0x80, 0x95, 0xd8, 0xd7, 0xe1,
    0x3c, 0x49, 0xff, 0x00, 0x23, 0x5a, 0xff, 0x00, 0xe2, 0x3e, 0x93, 0x09, 0xfc, 0x08, 0xfa, 0x05,
    0x15, 0xe2, 0x1d, 0x01, 0x5e, 0x5d, 0xf1, 0x27, 0xfe, 0x46, 0x2b, 0x7f, 0xfa, 0xf4, 0x5f, 0xfd,
    0x0d, 0xeb, 0xeb, 0x78, 0x27, 0xfe, 0x46, 0xab, 0xfc, 0x32, 0x38, 0x73, 0x0f, 0xe0, 0x7c, 0xce,
    0x3a, 0x8a, 0xfd, 0x90, 0xf0, 0x42, 0x8a, 0x00, 0xf5, 0x1f, 0x86, 0xdf, 0xf2, 0x2e, 0xdc, 0x7f,
    0xd7, 0xdb, 0x7f, 0xe8, 0x09, 0x5d, 0x8d, 0x7e, 0x13, 0xc4, 0x9f, 0xf2, 0x35, 0xaf, 0xfe, 0x23,
    0xe9, 0x30, 0x9f, 0xc0, 0x8f, 0xa0, 0x51, 0x5e, 0x21, 0xd0, 0x15, 0xe5, 0xdf, 0x12, 0x7f, 0xe4,
    0x62, 0xb7, 0xff, 0x00, 0xaf, 0x45, 0xff, 0x00, 0xd0, 0xde, 0xbe, 0xb7, 0x82, 0x7f, 0xe4, 0x6a,
    0xbf, 0xc3, 0x23, 0x87, 0x30, 0xfe, 0x07, 0xcc, 0xff, 0xd9,
};
static const unsigned char cb_frame_10[] = {
    0xff, 0xd8, 0xff, 0xe0, 0x00, 0x10, 0x4a, 0x46, 0x49, 0x46, 0x00, 0x01, 0x01, 0x00, 0x00, 0x01,
    0x00, 0x01, 0x00, 0x00, 0xff, 0xdb, 0x00, 0x43, 0x00, 0x08, 0x06, 0x06, 0x07, 0x06, 0x05, 0x08,
    0x07, 0x07, 0x07, 0x09, 0x09, 0x08, 0x0a, 0x0c, 0x14, 0x0d, 0x0c, 0x0b, 0x0b, 0x0c, 0x19, 0x12,
    0x13, 0x0f, 0x14, 0x1d, 0x1a, 0x1f, 0x1e, 0x1d, 0x1a, 0x1c, 0x1c, 0x20, 0x24, 0x2e, 0x27, 0x20,
    0x22, 0x2c, 0x23, 0x1c, 0x1c, 0x28, 0x37, 0x29, 0x2c, 0x30, 0x31, 0x34, 0x34, 0x34, 0x1f, 0x27,
    0x39, 0x3d, 0x38, 0x32, 0x3c, 0x2e, 0x33, 0x34, 0x32, 0xff, 0xdb, 0x00, 0x43, 0x01, 0x09, 0x09,
    0x09, 0x0c, 0x0b, 0x0c, 0x18, 0x0d, 0x0d, 0x18, 0x32, 0x21, 0x1c, 0x21, 0x32, 0x32, 0x32, 0x32,
    0x32, 0x32, 0x32, 0x32, 0x32, 0x32, 0x32, 0x32, 0x32, 0x32, 0x32, 0x32, 0x32, 0x32, 0x32, 0x32,
    0x32, 0x32, 0x32, 0x32, 0x32, 0x32, 0x32, 0x32, 0x32, 0x32, 0x32, 0x32, 0x32, 0x32, 0x32, 0x32,
    0x32, 0x32, 0x32, 0x32, 0x32, 0x32, 0x32, 0x32, 0x32, 0x32, 0x32, 0x32, 0x32, 0x32, 0xff, 0xc0,
    0x00, 0x11, 0x08, 0x00, 0xf0, 0x01, 0x40, 0x03, 0x01, 0x21, 0x00, 0x02, 0x11, 0x01, 0x03, 0x11,
    0x01, 0xff, 0xc4, 0x00, 0x1f, 0x00, 0x00, 0x01, 0x05, 0x01, 0x01, 0x01, 0x01, 0x01, 0x01, 0x00,
    0x00, 0x00, 0x00, 0x00, 0x00, 0x00, 0x00, 0x01, 0x02, 0x03, 0x04, 0x05, 0x06, 0x07, 0x08, 0x09,
    0x0a, 0x0b, 0xff, 0xc4, 0x00, 0xb5, 0x10, 0x00, 0x02, 0x01, 0x03, 0x03, 0x02, 0x04, 0x03, 0x05,
    0x05, 0x04, 0x04, 0x00, 0x00, 0x01, 0x7d, 0x01, 0x02, 0x03, 0x00, 0x04, 0x11, 0x05, 0x12, 0x21,
    0x31, 0x41, 0x06, 0x13, 0x51, 0x61, 0x07, 0x22, 0x71, 0x14, 0x32, 0x81, 0x91, 0xa1, 0x08, 0x23,
    0x42, 0xb1, 0xc1, 0x15, 0x52, 0xd1, 0xf0, 0x24, 0x33, 0x62, 0x72, 0x82, 0x09, 0x0a, 0x16, 0x17,
    0x18, 0x19, 0x1a, 0x25, 0x26, 0x27, 0x28, 0x29, 0x2a, 0x34, 0x35, 0x36, 0x37, 0x38, 0x39, 0x3a,
    0x43, 0x44, 0x45, 0x46, 0x47, 0x48, 0x49, 0x4a, 0x53, 0x54, 0x55, 0x56, 0x57, 0x58, 0x59, 0x5a,
    0x63, 0x64, 0x65, 0x66, 0x67, 0x68, 0x69, 0x6a, 0x73, 0x74, 0x75, 0x76, 0x77, 0x78, 0x79, 0x7a,
    0x83, 0x84, 0x85, 0x86, 0x87, 0x88, 0x89, 0x8a, 0x92, 0x93, 0x94, 0x95, 0x96, 0x97, 0x98, 0x99,
    0x9a, 0xa2, 0xa3, 0xa4, 0xa5, 0xa6, 0xa7, 0xa8, 0xa9, 0xaa, 0xb2, 0xb3, 0xb4, 0xb5, 0xb6, 0xb7,
    0xb8, 0xb9, 0xba, 0xc2, 0xc3, 0xc4, 0xc5, 0xc6, 0xc7, 0xc8, 0xc9, 0xca, 0xd2, 0xd3, 0xd4, 0xd5,
    0xd6, 0xd7, 0xd8, 0xd9, 0xda, 0xe1, 0xe2, 0xe3, 0xe4, 0xe5, 0xe6, 0xe7, 0xe8, 0xe9, 0xea, 0xf1,
    0xf2, 0xf3, 0xf4, 0xf5, 0xf6, 0xf7, 0xf8, 0xf9, 0xfa, 0xff, 0xc4, 0x00, 0x1f, 0x01, 0x00, 0x03,
    0x01, 0x01, 0x01, 0x01, 0x01, 0x01, 0x01, 0x01, 0x01, 0x00, 0x00, 0x00, 0x00, 0x00, 0x00, 0x01,
    0x02, 0x03, 0x04, 0x05, 0x06, 0x07, 0x08, 0x09, 0x0a, 0x0b, 0xff, 0xc4, 0x00, 0xb5, 0x11, 0x00,
    0x02, 0x01, 0x02, 0x04, 0x04, 0x03, 0x04, 0x07, 0x05, 0x04, 0x04, 0x00, 0x01, 0x02, 0x77, 0x00,
    0x01, 0x02, 0x03, 0x11, 0x04, 0x05, 0x21, 0x31, 0x06, 0x12, 0x41, 0x51, 0x07, 0x61, 0x71, 0x13,
    0x22, 0x32, 0x81, 0x08, 0x14, 0x42, 0x91, 0xa1, 0xb1, 0xc1, 0x09, 0x23, 0x33, 0x52, 0xf0, 0x15,
    0x62, 0x72, 0xd1, 0x0a, 0x16, 0x24, 0x34, 0xe1, 0x25, 0xf1, 0x17, 0x18, 0x19, 0x1a, 0x26, 0x27,
    0x28, 0x29, 0x2a, 0x35, 0x36, 0x37, 0x38, 0x39, 0x3a, 0x43, 0x44, 0x45, 0x46, 0x47, 0x48, 0x49,
    0x4a, 0x53, 0x54, 0x55, 0x56, 0x57, 0x58, 0x59, 0x5a, 0x63, 0x64, 0x65, 0x66, 0x67, 0x68, 0x69,
    0x6a, 0x73, 0x74, 0x75, 0x76, 0x77, 0x78, 0x79, 0x7a, 0x82, 0x83, 0x84, 0x85, 0x86, 0x87, 0x88,
    0x89, 0x8a, 0x92, 0x93, 0x94, 0x95, 0x96, 0x97, 0x98, 0x99, 0x9a, 0xa2, 0xa3, 0xa4, 0xa5, 0xa6,
    0xa7, 0xa8, 0xa9, 0xaa, 0xb2, 0xb3, 0xb4, 0xb5, 0xb6, 0xb7, 0xb8, 0xb9, 0xba, 0xc2, 0xc3, 0xc4,
    0xc5, 0xc6, 0xc7, 0xc8, 0xc9, 0xca, 0xd2, 0xd3, 0xd4, 0xd5, 0xd6, 0xd7, 0xd8, 0xd9, 0xda, 0xe2,
    0xe3, 0xe4, 0xe5, 0xe6, 0xe7, 0xe8, 0xe9, 0xea, 0xf2, 0xf3, 0xf4, 0xf5, 0xf6, 0xf7, 0xf8, 0xf9,
    0xfa, 0xff, 0xda, 0x00, 0x0c, 0x03, 0x01, 0x00, 0x02, 0x11, 0x03, 0x11, 0x00, 0x3f, 0x00, 0xf4,
    0x5a, 0x2b, 0xf3, 0x13, 0xd5, 0x0a, 0xe7, 0xfc, 0x71, 0xff, 0x00, 0x22, 0x7d, 0xff, 0x00, 0xfd,
    0xb3, 0xff, 0x00, 0xd1, 0x8b, 0x5e, 0x96, 0x4d, 0xff, 0x00, 0x23, 0x2c, 0x3f, 0xf8, 0xe1, 0xff,
    0x00, 0xa5, 0x23, 0x2c, 0x47, 0xf0, 0xa5, 0xe8, 0xff, 0x00, 0x23, 0xc7, 0x68, 0xaf, 0xdf, 0xcf,
    0x98, 0x0a, 0x28, 0x03, 0xa0, 0xf0, 0x3f, 0xfc, 0x8e, 0x16, 0x1f, 0xf6, 0xd3, 0xff, 0x00, 0x45,
    0xb5, 0x7b, 0x15, 0x7e, 0x49, 0xc7, 0xbf, 0xf2, 0x32, 0x87, 0xf8, 0x17, 0xfe, 0x95, 0x23, 0xdc,
    0xcb, 0x3f, 0x84, 0xfd, 0x7f, 0x44, 0x14, 0x57, 0xc4, 0x9e, 0x80, 0x57, 0x3f, 0xe3, 0x8f, 0xf9,
    0x13, 0xef, 0xff, 0x00, 0xed, 0x9f, 0xfe, 0x8c, 0x5a, 0xf4, 0xb2, 0x6f, 0xf9, 0x19, 0x61, 0xff,
    0x00, 0xc7, 0x0f, 0xfd, 0x29, 0x19, 0x62, 0x3f, 0x85, 0x2f, 0x47, 0xf9, 0x1e, 0x3b, 0x45, 0x7e,
    0xfe, 0x7c, 0xc0, 0x51, 0x40, 0x1d, 0x07, 0x81, 0xff, 0x00, 0xe4, 0x70, 0xb0, 0xff, 0x00, 0xb6,
    0x9f, 0xfa, 0x2d, 0xab, 0xd8, 0xab, 0xf2, 0x4e, 0x3d, 0xff, 0x00, 0x91, 0x94, 0x3f, 0xc0, 0xbf,
    0xf4, 0xa9, 0x1e, 0xe6, 0x59, 0xfc, 0x27, 0xeb, 0xfa, 0x20, 0xa2, 0xbe, 0x24, 0xf4, 0x02, 0xb9,
    0xff, 0x00, 0x1c, 0x7f, 0xc8, 0x9f, 0x7f, 0xff, 0x00, 0x6c, 0xff, 0x00, 0xf4, 0x62, 0xd7, 0xa5,
    0x93, 0x7f, 0xc8, 0xcb, 0x0f, 0xfe, 0x38, 0x7f, 0xe9, 0x48, 0xcb, 0x11, 0xfc, 0x29, 0x7a, 0x3f,
    0xc8, 0xf1, 0xda, 0x2b, 0xf7, 0xf3, 0xe6, 0x02, 0x8a, 0x00, 0xe8, 0x3c, 0x0f, 0xff, 0x00, 0x23,
    0x85, 0x87, 0xfd, 0xb4, 0xff, 0x00, 0xd1, 0x6d, 0x5e, 0xc5, 0x5f, 0x92, 0x71, 0xef, 0xfc, 0x8c,
    0xa1, 0xfe, 0x05, 0xff, 0x00, 0xa5, 0x48, 0xf7, 0x32, 0xcf, 0xe1, 0x3f, 0x5f, 0xd1, 0x05, 0x15,
    0xf1, 0x27, 0xa0, 0x15, 0xcf, 0xf8, 0xe3, 0xfe, 0x44, 0xfb, 0xff, 0x00, 0xfb, 0x67, 0xff, 0x00,
    0xa3, 0x16, 0xbd, 0x2c, 0x9b, 0xfe, 0x46, 0x58, 0x7f, 0xf1, 0xc3, 0xff, 0x00, 0x4a, 0x46, 0x58,
    0x8f, 0xe1, 0x4b, 0xd1, 0xfe, 0x47, 0x8e, 0xd1, 0x5f, 0xbf, 0x9f, 0x30, 0x14, 0x50, 0x07, 0x41,
    0xe0, 0x7f, 0xf9, 0x1c, 0x2c, 0x3f, 0xed, 0xa7, 0xfe, 0x8b, 0x6a, 0xf6, 0x2a, 0xfc, 0x93, 0x8f,
    0x7f, 0xe4, 0x65, 0x0f, 0xf0, 0x2f, 0xfd, 0x2a, 0x47, 0xb9, 0x96, 0x7f, 0x09, 0xfa, 0xfe, 0x88,
    0x28, 0xaf, 0x89, 0x3d, 0x00, 0xae, 0x7f, 0xc7, 0x1f, 0xf2, 0x27, 0xdf, 0xff, 0x00, 0xdb, 0x3f,
    0xfd, 0x18, 0xb5, 0xe9, 0x64, 0xdf, 0xf2, 0x32, 0xc3, 0xff, 0x00, 0x8e, 0x1f, 0xfa, 0x52, 0x32,
    0xc4, 0x7f, 0x0a, 0x5e, 0x8f, 0xf2, 0x3c, 0x76, 0x8a, 0xfd, 0xfc, 0xf9, 0x80, 0xa2, 0x80, 0x3a,
    0x0f, 0x03, 0xff, 0x00, 0xc8, 0xe1, 0x61, 0xff, 0x00, 0x6d, 0x3f, 0xf4, 0x5b, 0x57, 0xb1, 0x57,
    0xe4, 0x9c, 0x7b, 0xff, 0x00, 0x23, 0x28, 0x7f, 0x81, 0x7f, 0xe9, 0x52, 0x3d, 0xcc, 0xb3, 0xf8,
    0x4f, 0xd7, 0xf4, 0x41, 0x45, 0x7c, 0x49, 0xe8, 0x05, 0x73, 0xfe, 0x38, 0xff, 0x00, 0x91, 0x3e,
    0xff, 0x00, 0xfe, 0xd9, 0xff, 0x00, 0xe8, 0xc5, 0xaf, 0x4b, 0x26, 0xff, 0x00, 0x91, 0x96, 0x1f,
    0xfc, 0x70, 0xff, 0x00, 0xd2, 0x91, 0x96, 0x23, 0xf8, 0x52, 0xf4, 0x7f, 0x91, 0xe3, 0xb4, 0x57,
    0xef, 0xe7, 0xcc, 0x05, 0x14, 0x01, 0xd0, 0x78, 0x1f, 0xfe, 0x47, 0x0b, 0x0f, 0xfb, 0x69, 0xff,
    0x00, 0xa2, 0xda, 0xbd, 0x8a, 0xbf, 0x24, 0xe3, 0xdf, 0xf9, 0x19, 0x43, 0xfc, 0x0b, 0xff, 0x00,
    0x4a, 0x91, 0xee, 0x65, 0x9f, 0xc2, 0x7e, 0xbf, 0xa2, 0x0a, 0x2b, 0xe2, 0x4f, 0x40, 0x2b, 0x9f,
    0xf1, 0xc7, 0xfc, 0x89, 0xf7, 0xff, 0x00, 0xf6, 0xcf, 0xff, 0x00, 0x46, 0x2d, 0x7a, 0x59, 0x37,
    0xfc, 0x8c, 0xb0, 0xff, 0x00, 0xe3, 0x87, 0xfe, 0x94, 0x8c, 0xb1, 0x1f, 0xc2, 0x97, 0xa3, 0xfc,
    0x8f, 0x1d, 0xa2, 0xbf, 0x7f, 0x3e, 0x60, 0x28, 0xa0, 0x0e, 0x83, 0xc0, 0xff, 0x00, 0xf2, 0x38,
    0x58, 0x7f, 0xdb, 0x4f, 0xfd, 0x16, 0xd5, 0xec, 0x55, 0xf9, 0x27, 0x1e, 0xff, 0x00, 0xc8, 0xca,
    0x1f, 0xe0, 0x5f, 0xfa, 0x54, 0x8f, 0x73, 0x2c, 0xfe, 0x13, 0xf5, 0xfd, 0x10, 0x51, 0x5f, 0x12,
    0x7a, 0x01, 0x5c, 0xff, 0x00, 0x8e, 0x3f, 0xe4, 0x4f, 0xbf, 0xff, 0x00, 0xb6, 0x7f, 0xfa, 0x31,
    0x6b, 0xd2, 0xc9, 0xbf, 0xe4, 0x65, 0x87, 0xff, 0x00, 0x1c, 0x3f, 0xf4, 0xa4, 0x65, 0x88, 0xfe,
    0x14, 0xbd, 0x1f, 0xe4, 0x78, 0xed, 0x15, 0xfb, 0xf9, 0xf3, 0x01, 0x45, 0x00, 0x74, 0x1e, 0x07,
    0xff, 0x00, 0x91, 0xc2, 0xc3, 0xfe, 0xda, 0x7f, 0xe8, 0xb6, 0xaf, 0x62, 0xaf, 0xc9, 0x38, 0xf7,
    0xfe, 0x46, 0x50, 0xff, 0x00, 0x02, 0xff, 0x00, 0xd2, 0xa4, 0x7b, 0x99, 0x67, 0xf0, 0x9f, 0xaf,
    0xe8, 0x82, 0x8a, 0xf8, 0x93, 0xd0, 0x0a, 0xe7, 0xfc, 0x71, 0xff, 0x00, 0x22, 0x7d, 0xff, 0x00,
    0xfd, 0xb3, 0xff, 0x00, 0xd1, 0x8b, 0x5e, 0x96, 0x4d, 0xff, 0x00, 0x23, 0x2c, 0x3f, 0xf8, 0xe1,
    0xff, 0x00, 0xa5, 0x23, 0x2c, 0x47, 0xf0, 0xa5, 0xe8, 0xff, 0x00, 0x23, 0xc7, 0x68, 0xaf, 0xdf,
    0xcf, 0x98, 0x0a, 0x28, 0x03, 0xa0, 0xf0, 0x3f, 0xfc, 0x8e, 0x16, 0x1f, 0xf6, 0xd3, 0xff, 0x00,
    0x45, 0xb5, 0x7b, 0x15, 0x7e, 0x49, 0xc7, 0xbf, 0xf2, 0x32, 0x87, 0xf8, 0x17, 0xfe, 0x95, 0x23,
    0xdc, 0xcb, 0x3f, 0x84, 0xfd, 0x7f, 0x44, 0x14, 0x57, 0xc4, 0x9e, 0x80, 0x57, 0x3f, 0xe3, 0x8f,
    0xf9, 0x13, 0xef, 0xff, 0x00, 0xed, 0x9f, 0xfe, 0x8c, 0x5a, 0xf4, 0xb2, 0x6f, 0xf9, 0x19, 0x61,
    0xff, 0x00, 0xc7, 0x0f, 0xfd, 0x29, 0x19, 0x62, 0x3f, 0x85, 0x2f, 0x47, 0xf9, 0x1e, 0x3b, 0x45,
    0x7e, 0xfe, 0x7c, 0xc0, 0x51, 0x40, 0x1d, 0x07, 0x81, 0xff, 0x00, 0xe4, 0x70, 0xb0, 0xff, 0x00,
    0xb6, 0x9f, 0xfa, 0x2d, 0xab, 0xd8, 0xab, 0xf2, 0x4e, 0x3d, 0xff, 0x00, 0x91, 0x94, 0x3f, 0xc0,
    0xbf, 0xf4, 0xa9, 0x1e, 0xe6, 0x59, 0xfc, 0x27, 0xeb, 0xfa, 0x20, 0xa2, 0xbe, 0x24, 0xf4, 0x02,
    0xb9, 0xff, 0x00, 0x1c, 0x7f, 0xc8, 0x9f, 0x7f, 0xff, 0x00, 0x6c, 0xff, 0x00, 0xf4, 0x62, 0xd7,
    0xa5, 0x93, 0x7f, 0xc8, 0xcb, 0x0f, 0xfe, 0x38, 0x7f, 0xe9, 0x48, 0xcb, 0x11, 0xfc, 0x29, 0x7a,
    0x3f, 0xc8, 0xf1, 0xda, 0x2b, 0xf7, 0xf3, 0xe6, 0x02, 0x8a, 0x00, 0xe8, 0x3c, 0x0f, 0xff, 0x00,
    0x23, 0x85, 0x87, 0xfd, 0xb4, 0xff, 0x00, 0xd1, 0x6d, 0x5e, 0xc5, 0x5f, 0x92, 0x71, 0xef, 0xfc,
    0x8c, 0xa1, 0xfe, 0x05, 0xff, 0x00, 0xa5, 0x48, 0xf7, 0x32, 0xcf, 0xe1, 0x3f, 0x5f, 0xd1, 0x05,
    0x15, 0xf1, 0x27, 0xa0, 0x15, 0xcf, 0xf8, 0xe3, 0xfe, 0x44, 0xfb, 0xff, 0x00, 0xfb, 0x67, 0xff,
    0x00, 0xa3, 0x16, 0xbd, 0x2c, 0x9b, 0xfe, 0x46, 0x58, 0x7f, 0xf1, 0xc3, 0xff, 0x00, 0x4a, 0x46,
    0x58, 0x8f, 0xe1, 0x4b, 0xd1, 0xfe, 0x47, 0x8e, 0xd1, 0x5f, 0xbf, 0x9f, 0x30, 0x14, 0x50, 0x07,
    0x41, 0xe0, 0x7f, 0xf9, 0x1c, 0x2c, 0x3f, 0xed, 0xa7, 0xfe, 0x8b, 0x6a, 0xf6, 0x2a, 0xfc, 0x93,
    0x8f, 0x7f, 0xe4, 0x65, 0x0f, 0xf0, 0x2f, 0xfd, 0x2a, 0x47, 0xb9, 0x96, 0x7f, 0x09, 0xfa, 0xfe,
    0x88, 0x28, 0xaf, 0x89, 0x3d, 0x00, 0xae, 0x7f, 0xc7, 0x1f, 0xf2, 0x27, 0xdf, 0xff, 0x00, 0xdb,
    0x3f, 0xfd, 0x18, 0xb5, 0xe9, 0x64, 0xdf, 0xf2, 0x32, 0xc3, 0xff, 0x00, 0x8e, 0x1f, 0xfa, 0x52,
    0x32, 0xc4, 0x7f, 0x0a, 0x5e, 0x8f, 0xf2, 0x3c, 0x76, 0x8a, 0xfd, 0xfc, 0xf9, 0x80, 0xa2, 0x80,
    0x3a, 0x0f, 0x03, 0xff, 0x00, 0xc8, 0xe1, 0x61, 0xff, 0x00, 0x6d, 0x3f, 0xf4, 0x5b, 0x57, 0xb1,
    0x57, 0xe4, 0x9c, 0x7b, 0xff, 0x00, 0x23, 0x28, 0x7f, 0x81, 0x7f, 0xe9, 0x52, 0x3d, 0xcc, 0xb3,
    0xf8, 0x4f, 0xd7, 0xf4, 0x41, 0x45, 0x7c, 0x49, 0xe8, 0x05, 0x73, 0xfe, 0x38, 0xff, 0x00, 0x91,
    0x3e, 0xff, 0x00, 0xfe, 0xd9, 0xff, 0x00, 0xe8, 0xc5, 0xaf, 0x4b, 0x26, 0xff, 0x00, 0x91, 0x96,
    0x1f, 0xfc, 0x70, 0xff, 0x00, 0xd2, 0x91, 0x96, 0x23, 0xf8, 0x52, 0xf4, 0x7f, 0x91, 0xe3, 0xb4,
    0x57, 0xef, 0xe7, 0xcc, 0x05, 0x14, 0x01, 0xd0, 0x78, 0x1f, 0xfe, 0x47, 0x0b, 0x0f, 0xfb, 0x69,
    0xff, 0x00, 0xa2, 0xda, 0xbd, 0x8a, 0xbf, 0x24, 0xe3, 0xdf, 0xf9, 0x19, 0x43, 0xfc, 0x0b, 0xff,
    0x00, 0x4a, 0x91, 0xee, 0x65, 0x9f, 0xc2, 0x7e, 0xbf, 0xa2, 0x0a, 0x2b, 0xe2, 0x4f, 0x40, 0x2b,
    0x9f, 0xf1, 0xc7, 0xfc, 0x89, 0xf7, 0xff, 0x00, 0xf6, 0xcf, 0xff, 0x00, 0x46, 0x2d, 0x7a, 0x59,
    0x37, 0xfc, 0x8c, 0xb0, 0xff, 0x00, 0xe3, 0x87, 0xfe, 0x94, 0x8c, 0xb1, 0x1f, 0xc2, 0x97, 0xa3,
    0xfc, 0x8f, 0x1d, 0xa2, 0xbf, 0x7f, 0x3e, 0x60, 0x28, 0xa0, 0x0e, 0x83, 0xc0, 0xff, 0x00, 0xf2,
    0x38, 0x58, 0x7f, 0xdb, 0x4f, 0xfd, 0x16, 0xd5, 0xec, 0x55, 0xf9, 0x27, 0x1e, 0xff, 0x00, 0xc8,
    0xca, 0x1f, 0xe0, 0x5f, 0xfa, 0x54, 0x8f, 0x73, 0x2c, 0xfe, 0x13, 0xf5, 0xfd, 0x10, 0x51, 0x5f,
    0x12, 0x7a, 0x01, 0x5c, 0xff, 0x00, 0x8e, 0x3f, 0xe4, 0x4f, 0xbf, 0xff, 0x00, 0xb6, 0x7f, 0xfa,
    0x31, 0x6b, 0xd2, 0xc9, 0xbf, 0xe4, 0x65, 0x87, 0xff, 0x00, 0x1c, 0x3f, 0xf4, 0xa4, 0x65, 0x88,
    0xfe, 0x14, 0xbd, 0x1f, 0xe4, 0x78, 0xed, 0x15, 0xfb, 0xf9, 0xf3, 0x01, 0x45, 0x00, 0x74, 0x1e,
    0x07, 0xff, 0x00, 0x91, 0xc2, 0xc3, 0xfe, 0xda, 0x7f, 0xe8, 0xb6, 0xaf, 0x62, 0xaf, 0xc9, 0x38,
    0xf7, 0xfe, 0x46, 0x50, 0xff, 0x00, 0x02, 0xff, 0x00, 0xd2, 0xa4, 0x7b, 0x99, 0x67, 0xf0, 0x9f,
    0xaf, 0xe8, 0x82, 0x8a, 0xf8, 0x93, 0xd0, 0x0a, 0xe7, 0xfc, 0x71, 0xff, 0x00, 0x22, 0x7d, 0xff,
    0x00, 0xfd, 0xb3, 0xff, 0x00, 0xd1, 0x8b, 0x5e, 0x96, 0x4d, 0xff, 0x00, 0x23, 0x2c, 0x3f, 0xf8,
    0xe1, 0xff, 0x00, 0xa5, 0x23, 0x2c, 0x47, 0xf0, 0xa5, 0xe8, 0xff, 0x00, 0x23, 0xc7, 0x68, 0xaf,
    0xdf, 0xcf, 0x98, 0x0a, 0x28, 0x03, 0xa0, 0xf0, 0x3f, 0xfc, 0x8e, 0x16, 0x1f, 0xf6, 0xd3, 0xff,
    0x00, 0x45, 0xb5, 0x7b, 0x15, 0x7e, 0x49, 0xc7, 0xbf, 0xf2, 0x32, 0x87, 0xf8, 0x17, 0xfe, 0x95,
    0x23, 0xdc, 0xcb, 0x3f, 0x84, 0xfd, 0x7f, 0x44, 0x14, 0x57, 0xc4, 0x9e, 0x80, 0x57, 0x3f, 0xe3,
    0x8f, 0xf9, 0x13, 0xef, 0xff, 0x00, 0xed, 0x9f, 0xfe, 0x8c, 0x5a, 0xf4, 0xb2, 0x6f, 0xf9, 0x19,
    0x61, 0xff, 0x00, 0xc7, 0x0f, 0xfd, 0x29, 0x19, 0x62, 0x3f, 0x85, 0x2f, 0x47, 0xf9, 0x1e, 0x3b,
    0x45, 0x7e, 0xfe, 0x7c, 0xc0, 0x51, 0x40, 0x1d, 0x07, 0x81, 0xff, 0x00, 0xe4, 0x70, 0xb0, 0xff,
    0x00, 0xb6, 0x9f, 0xfa, 0x2d, 0xab, 0xd8, 0xab, 0xf2, 0x4e, 0x3d, 0xff, 0x00, 0x91, 0x94, 0x3f,
    0xc0, 0xbf, 0xf4, 0xa9, 0x1e, 0xe6, 0x59, 0xfc, 0x27, 0xeb, 0xfa, 0x20, 0xa2, 0xbe, 0x24, 0xf4,
    0x02, 0xb9, 0xff, 0x00, 0x1c, 0x7f, 0xc8, 0x9f, 0x7f, 0xff, 0x00, 0x6c, 0xff, 0x00, 0xf4, 0x62,
    0xd7, 0xa5, 0x93, 0x7f, 0xc8, 0xcb, 0x0f, 0xfe, 0x38, 0x7f, 0xe9, 0x48, 0xcb, 0x11, 0xfc, 0x29,
    0x7a, 0x3f, 0xc8, 0xf1, 0xda, 0x2b, 0xf7, 0xf3, 0xe6, 0x02, 0x8a, 0x00, 0xe8, 0x3c, 0x0f, 0xff,
    0x00, 0x23, 0x85, 0x87, 0xfd, 0xb4, 0xff, 0x00, 0xd1, 0x6d, 0x5e, 0xc5, 0x5f, 0x92, 0x71, 0xef,
    0xfc, 0x8c, 0xa1, 0xfe, 0x05, 0xff, 0x00, 0xa5, 0x48, 0xf7, 0x32, 0xcf, 0xe1, 0x3f, 0x5f, 0xd1,
    0x05, 0x15, 0xf1, 0x27, 0xa0, 0x15, 0xcf, 0xf8, 0xe3, 0xfe, 0x44, 0xfb, 0xff, 0x00, 0xfb, 0x67,
    0xff, 0x00, 0xa3, 0x16, 0xbd, 0x2c, 0x9b, 0xfe, 0x46, 0x58, 0x7f, 0xf1, 0xc3, 0xff, 0x00, 0x4a,
    0x46, 0x58, 0x8f, 0xe1, 0x4b, 0xd1, 0xfe, 0x47, 0x8e, 0xd1, 0x5f, 0xbf, 0x9f, 0x30, 0x14, 0x50,
    0x07, 0x41, 0xe0, 0x7f, 0xf9, 0x1c, 0x2c, 0x3f, 0xed, 0xa7, 0xfe, 0x8b, 0x6a, 0xf6, 0x2a, 0xfc,
    0x93, 0x8f, 0x7f, 0xe4, 0x65, 0x0f, 0xf0, 0x2f, 0xfd, 0x2a, 0x47, 0xb9, 0x96, 0x7f, 0x09, 0xfa,
    0xfe, 0x88, 0xf9, 0xf6, 0x8a, 0xfd, 0x6c, 0xf0, 0xc2, 0xba, 0x0f, 0x03, 0xff, 0x00, 0xc8, 0xe1,
    0x61, 0xff, 0x00, 0x6d, 0x3f, 0xf4, 0x5b, 0x57, 0x9b, 0x9c, 0xff, 0x00, 0xc8, 0xb7, 0x11, 0xfe,
    0x09, 0xff, 0x00, 0xe9, 0x2c, 0xd7, 0x0f, 0xfc, 0x58, 0xfa, 0xaf, 0xcc, 0xf6, 0x2a, 0x2b, 0xf0,
    0x03, 0xe9, 0xc2, 0x8a, 0x00, 0xe7, 0xfc, 0x71, 0xff, 0x00, 0x22, 0x7d, 0xff, 0x00, 0xfd, 0xb3,
    0xff, 0x00, 0xd1, 0x8b, 0x5e, 0x3b, 0x5f, 0xad, 0x70, 0x17, 0xfc, 0x8b, 0x67, 0xfe, 0x37, 0xff,
    0x00, 0xa4, 0xc4, 0xf1, 0x33, 0x3f, 0xe2, 0xaf, 0x4f, 0xd5, 0x85, 0x15, 0xf6, 0xe7, 0x9c, 0x15,
    0xd0, 0x78, 0x1f, 0xfe, 0x47, 0x0b, 0x0f, 0xfb, 0x69, 0xff, 0x00, 0xa2, 0xda, 0xbc, 0xdc, 0xe7,
    0xfe, 0x45, 0xb8, 0x8f, 0xf0, 0x4f, 0xff, 0x00, 0x49, 0x66, 0xb8, 0x7f, 0xe2, 0xc7, 0xd5, 0x7e,
    0x67, 0xb1, 0x51, 0x5f, 0x80, 0x1f, 0x4e, 0x14, 0x50, 0x07, 0x3f, 0xe3, 0x8f, 0xf9, 0x13, 0xef,
    0xff, 0x00, 0xed, 0x9f, 0xfe, 0x8c, 0x5a, 0xf1, 0xda, 0xfd, 0x6b, 0x80, 0xbf, 0xe4, 0x5b, 0x3f,
    0xf1, 0xbf, 0xfd, 0x26, 0x27, 0x89, 0x99, 0xff, 0x00, 0x15, 0x7a, 0x7e, 0xac, 0x28, 0xaf, 0xb7,
    0x3c, 0xe0, 0xae, 0x83, 0xc0, 0xff, 0x00, 0xf2, 0x38, 0x58, 0x7f, 0xdb, 0x4f, 0xfd, 0x16, 0xd5,
    0xe6, 0xe7, 0x3f, 0xf2, 0x2d, 0xc4, 0x7f, 0x82, 0x7f, 0xfa, 0x4b, 0x35, 0xc3, 0xff, 0x00, 0x16,
    0x3e, 0xab, 0xf3, 0x3d, 0x8a, 0x8a, 0xfc, 0x00, 0xfa, 0x70, 0xa2, 0x80, 0x39, 0xff, 0x00, 0x1c,
    0x7f, 0xc8, 0x9f, 0x7f, 0xff, 0x00, 0x6c, 0xff, 0x00, 0xf4, 0x62, 0xd7, 0x8e, 0xd7, 0xeb, 0x5c,
    0x05, 0xff, 0x00, 0x22, 0xd9, 0xff, 0x00, 0x8d, 0xff, 0x00, 0xe9, 0x31, 0x3c, 0x4c, 0xcf, 0xf8,
    0xab, 0xd3, 0xf5, 0x61, 0x45, 0x7d, 0xb9, 0xe7, 0x05, 0x74, 0x1e, 0x07, 0xff, 0x00, 0x91, 0xc2,
    0xc3, 0xfe, 0xda, 0x7f, 0xe8, 0xb6, 0xaf, 0x37, 0x39, 0xff, 0x00, 0x91, 0x6e, 0x23, 0xfc, 0x13,
    0xff, 0x00, 0xd2, 0x59, 0xae, 0x1f, 0xf8, 0xb1, 0xf5, 0x5f, 0x99, 0xec, 0x54, 0x57, 0xe0, 0x07,
    0xd3, 0x85, 0x14, 0x01, 0xcf, 0xf8, 0xe3, 0xfe, 0x44, 0xfb, 0xff, 0x00, 0xfb, 0x67, 0xff, 0x00,
    0xa3, 0x16, 0xbc, 0x76, 0xbf, 0x5a, 0xe0, 0x2f, 0xf9, 0x16, 0xcf, 0xfc, 0x6f, 0xff, 0x00, 0x49,
    0x89, 0xe2, 0x66, 0x7f, 0xc5, 0x5e, 0x9f, 0xab, 0x0a, 0x2b, 0xed, 0xcf, 0x38, 0x2b, 0xa0, 0xf0,
    0x3f, 0xfc, 0x8e, 0x16, 0x1f, 0xf6, 0xd3, 0xff, 0x00, 0x45, 0xb5, 0x79, 0xb9, 0xcf, 0xfc, 0x8b,
    0x71, 0x1f, 0xe0, 0x9f, 0xfe, 0x92, 0xcd, 0x70, 0xff, 0x00, 0xc5, 0x8f, 0xaa, 0xfc, 0xcf, 0x62,
    0xa2, 0xbf, 0x00, 0x3e, 0x9c, 0x28, 0xa0, 0x0e, 0x7f, 0xc7, 0x1f, 0xf2, 0x27, 0xdf, 0xff, 0x00,
    0xdb, 0x3f, 0xfd, 0x18, 0xb5, 0xe3, 0xb5, 0xfa, 0xd7, 0x01, 0x7f, 0xc8, 0xb6, 0x7f, 0xe3, 0x7f,
    0xfa, 0x4c, 0x4f, 0x13, 0x33, 0xfe, 0x2a, 0xf4, 0xfd, 0x58, 0x51, 0x5f, 0x6e, 0x79, 0xc1, 0x5d,
    0x07, 0x81, 0xff, 0x00, 0xe4, 0x70, 0xb0, 0xff, 0x00, 0xb6, 0x9f, 0xfa, 0x2d, 0xab, 0xcd, 0xce,
    0x7f, 0xe4, 0x5b, 0x88, 0xff, 0x00, 0x04, 0xff, 0x00, 0xf4, 0x96, 0x6b, 0x87, 0xfe, 0x2c, 0x7d,
    0x57, 0xe6, 0x7b, 0x15, 0x15, 0xf8, 0x01, 0xf4, 0xe1, 0x45, 0x00, 0x73, 0xfe, 0x38, 0xff, 0x00,
    0x91, 0x3e, 0xff, 0x00, 0xfe, 0xd9, 0xff, 0x00, 0xe8, 0xc5, 0xaf, 0x1d, 0xaf, 0xd6, 0xb8, 0x0b,
    0xfe, 0x45, 0xb3, 0xff, 0x00, 0x1b, 0xff, 0x00, 0xd2, 0x62, 0x78, 0x99, 0x9f, 0xf1, 0x57, 0xa7,
    0xea, 0xc2, 0x8a, 0xfb, 0x73, 0xce, 0x0a, 0xe8, 0x3c, 0x0f, 0xff, 0x00, 0x23, 0x85, 0x87, 0xfd,
    0xb4, 0xff, 0x00, 0xd1, 0x6d, 0x5e, 0x6e, 0x73, 0xff, 0x00, 0x22, 0xdc, 0x47, 0xf8, 0x27, 0xff,
    0x00, 0xa4, 0xb3, 0x5c, 0x3f, 0xf1, 0x63, 0xea, 0xbf, 0x33, 0xd8, 0xa8, 0xaf, 0xc0, 0x0f, 0xa7,
    0x0a, 0x28, 0x03, 0x9f, 0xf1, 0xc7, 0xfc, 0x89, 0xf7, 0xff, 0x00, 0xf6, 0xcf, 0xff, 0x00, 0x46,
    0x2d, 0x78, 0xed, 0x7e, 0xb5, 0xc0, 0x5f, 0xf2, 0x2d, 0x9f, 0xf8, 0xdf, 0xfe, 0x93, 0x13, 0xc4,
    0xcc, 0xff, 0x00, 0x8a, 0xbd, 0x3f, 0x56, 0x14, 0x57, 0xdb, 0x9e, 0x70, 0x57, 0x41, 0xe0, 0x7f,
    0xf9, 0x1c, 0x2c, 0x3f, 0xed, 0xa7, 0xfe, 0x8b, 0x6a, 0xf3, 0x73, 0x9f, 0xf9, 0x16, 0xe2, 0x3f,
    0xc1, 0x3f, 0xfd, 0x25, 0x9a, 0xe1, 0xff, 0x00, 0x8b, 0x1f, 0x55, 0xf9, 0x9e, 0xc5, 0x45, 0x7e,
    0x00, 0x7d, 0x38, 0x51, 0x40, 0x1c, 0xff, 0x00, 0x8e, 0x3f, 0xe4, 0x4f, 0xbf, 0xff, 0x00, 0xb6,
    0x7f, 0xfa, 0x31, 0x6b, 0xc7, 0x6b, 0xf5, 0xae, 0x02, 0xff, 0x00, 0x91, 0x6c, 0xff, 0x00, 0xc6,
    0xff, 0x00, 0xf4, 0x98, 0x9e, 0x26, 0x67, 0xfc, 0x55, 0xe9, 0xfa, 0xb0, 0xa2, 0xbe, 0xdc, 0xf3,
    0x82, 0xba, 0x0f, 0x03, 0xff, 0x00, 0xc8, 0xe1, 0x61, 0xff, 0x00, 0x6d, 0x3f, 0xf4, 0x5b, 0x57,
    0x9b, 0x9c, 0xff, 0x00, 0xc8, 0xb7, 0x11, 0xfe, 0x09, 0xff, 0x00, 0xe9, 0x2c, 0xd7, 0x0f, 0xfc,
    0x58, 0xfa, 0xaf, 0xcc, 0xf6, 0x2a, 0x2b, 0xf0, 0x03, 0xe9, 0xc2, 0x8a, 0x00, 0xe7, 0xfc, 0x71,
    0xff, 0x00, 0x22, 0x7d, 0xff, 0x00, 0xfd, 0xb3, 0xff, 0x00, 0xd1, 0x8b, 0x5e, 0x3b, 0x5f, 0xad,
    0x70, 0x17, 0xfc, 0x8b, 0x67, 0xfe, 0x37, 0xff, 0x00, 0xa4, 0xc4, 0xf1, 0x33, 0x3f, 0xe2, 0xaf,
    0x4f, 0xd5, 0x85, 0x15, 0xf6, 0xe7, 0x9c, 0x15, 0xd0, 0x78, 0x1f, 0xfe, 0x47, 0x0b, 0x0f, 0xfb,
    0x69, 0xff, 0x00, 0xa2, 0xda, 0xbc, 0xdc, 0xe7, 0xfe, 0x45, 0xb8, 0x8f, 0xf0, 0x4f, 0xff, 0x00,
    0x49, 0x66, 0xb8, 0x7f, 0xe2, 0xc7, 0xd5, 0x7e, 0x67, 0xb1, 0x51, 0x5f, 0x80, 0x1f, 0x4e, 0x14,
    0x50, 0x07, 0x3f, 0xe3, 0x8f, 0xf9, 0x13, 0xef, 0xff, 0x00, 0xed, 0x9f, 0xfe, 0x8c, 0x5a, 0xf1,
    0xda, 0xfd, 0x6b, 0x80, 0xbf, 0xe4, 0x5b, 0x3f, 0xf1, 0xbf, 0xfd, 0x26, 0x27, 0x89, 0x99, 0xff,
    0x00, 0x15, 0x7a, 0x7e, 0xac, 0x28, 0xaf, 0xb7, 0x3c, 0xe0, 0xae, 0x83, 0xc0, 0xff, 0x00, 0xf2,
    0x38, 0x58, 0x7f, 0xdb, 0x4f, 0xfd, 0x16, 0xd5, 0xe6, 0xe7, 0x3f, 0xf2, 0x2d, 0xc4, 0x7f, 0x82,
    0x7f, 0xfa, 0x4b, 0x35, 0xc3, 0xff, 0x00, 0x16, 0x3e, 0xab, 0xf3, 0x3d, 0x8a, 0x8a, 0xfc, 0x00,
    0xfa, 0x70, 0xa2, 0x80, 0x39, 0xff, 0x00, 0x1c, 0x7f, 0xc8, 0x9f, 0x7f, 0xff, 0x00, 0x6c, 0xff,
    0x00, 0xf4, 0x62, 0xd7, 0x8e, 0xd7, 0xeb, 0x5c, 0x05, 0xff, 0x00, 0x22, 0xd9, 0xff, 0x00, 0x8d,
    0xff, 0x00, 0xe9, 0x31, 0x3c, 0x4c, 0xcf, 0xf8, 0xab, 0xd3, 0xf5, 0x61, 0x45, 0x7d, 0xb9, 0xe7,
    0x05, 0x74, 0x1e, 0x07, 0xff, 0x00, 0x91, 0xc2, 0xc3, 0xfe, 0xda, 0x7f, 0xe8, 0xb6, 0xaf, 0x37,
    0x39, 0xff, 0x00, 0x91, 0x6e, 0x23, 0xfc, 0x13, 0xff, 0x00, 0xd2, 0x59, 0xae, 0x1f, 0xf8, 0xb1,
    0xf5, 0x5f, 0x99, 0xec, 0x54, 0x57, 0xe0, 0x07, 0xd3, 0x85, 0x14, 0x01, 0xcf, 0xf8, 0xe3, 0xfe,
    0x44, 0xfb, 0xff, 0x00, 0xfb, 0x67, 0xff, 0x00, 0xa3, 0x16, 0xbc, 0x76, 0xbf, 0x5a, 0xe0, 0x2f,
    0xf9, 0x16, 0xcf, 0xfc, 0x6f, 0xff, 0x00, 0x49, 0x89, 0xe2, 0x66, 0x7f, 0xc5, 0x5e, 0x9f, 0xab,
    0x0a, 0x2b, 0xed, 0xcf, 0x38, 0x2b, 0xa0, 0xf0, 0x3f, 0xfc, 0x8e, 0x16, 0x1f, 0xf6, 0xd3, 0xff,
    0x00, 0x45, 0xb5, 0x79, 0xb9, 0xcf, 0xfc, 0x8b, 0x71, 0x1f, 0xe0, 0x9f, 0xfe, 0x92, 0xcd, 0x70,
    0xff, 0x00, 0xc5, 0x8f, 0xaa, 0xfc, 0xcf, 0x62, 0xa2, 0xbf, 0x00, 0x3e, 0x9c, 0x28, 0xa0, 0x0e,
    0x7f, 0xc7, 0x1f, 0xf2, 0x27, 0xdf, 0xff, 0x00, 0xdb, 0x3f, 0xfd, 0x18, 0xb5, 0xe3, 0xb5, 0xfa,
    0xd7, 0x01, 0x7f, 0xc8, 0xb6, 0x7f, 0xe3, 0x7f, 0xfa, 0x4c, 0x4f, 0x13, 0x33, 0xfe, 0x2a, 0xf4,
    0xfd, 0x58, 0x51, 0x5f, 0x6e, 0x79, 0xc1, 0x5d, 0x07, 0x81, 0xff, 0x00, 0xe4, 0x70, 0xb0, 0xff,
    0x00, 0xb6, 0x9f, 0xfa, 0x2d, 0xab, 0xcd, 0xce, 0x7f, 0xe4, 0x5b, 0x88, 0xff, 0x00, 0x04, 0xff,
    0x00, 0xf4, 0x96, 0x6b, 0x87, 0xfe, 0x2c, 0x7d, 0x57, 0xe6, 0x7b, 0x15, 0x15, 0xf8, 0x01, 0xf4,
    0xe1, 0x45, 0x00, 0x73, 0xfe, 0x38, 0xff, 0x00, 0x91, 0x3e, 0xff, 0x00, 0xfe, 0xd9, 0xff, 0x00,
    0xe8, 0xc5, 0xaf, 0x1d, 0xaf, 0xd6, 0xb8, 0x0b, 0xfe, 0x45, 0xb3, 0xff, 0x00, 0x1b, 0xff, 0x00,
    0xd2, 0x62, 0x78, 0x99, 0x9f, 0xf1, 0x57, 0xa7, 0xea, 0xc2, 0x8a, 0xfb, 0x73, 0xce, 0x0a, 0xe8,
    0x3c, 0x0f, 0xff, 0x00, 0x23, 0x85, 0x87, 0xfd, 0xb4, 0xff, 0x00, 0xd1, 0x6d, 0x5e, 0x6e, 0x73,
    0xff, 0x00, 0x22, 0xdc, 0x47, 0xf8, 0x27, 0xff, 0x00, 0xa4, 0xb3, 0x5c, 0x3f, 0xf1, 0x63, 0xea,
    0xbf, 0x33, 0xd8, 0xa8, 0xaf, 0xc0, 0x0f, 0xa7, 0x0a, 0x28, 0x03, 0x9f, 0xf1, 0xc7, 0xfc, 0x89,
    0xf7, 0xff, 0x00, 0xf6, 0xcf, 0xff, 0x00, 0x46, 0x2d, 0x78, 0xed, 0x7e, 0xb5, 0xc0, 0x5f, 0xf2,
    0x2d, 0x9f, 0xf8, 0xdf, 0xfe, 0x93, 0x13, 0xc4, 0xcc, 0xff, 0x00, 0x8a, 0xbd, 0x3f, 0x56, 0x14,
    0x57, 0xdb, 0x9e, 0x70, 0x57, 0x41, 0xe0, 0x7f, 0xf9, 0x1c, 0x2c, 0x3f, 0xed, 0xa7, 0xfe, 0x8b,
    0x6a, 0xf3, 0x73, 0x9f, 0xf9, 0x16, 0xe2, 0x3f, 0xc1, 0x3f, 0xfd, 0x25, 0x9a, 0xe1, 0xff, 0x00,
    0x8b, 0x1f, 0x55, 0xf9, 0x9e, 0xc5, 0x45, 0x7e, 0x00, 0x7d, 0x38, 0x51, 0x40, 0x1c, 0xff, 0x00,
    0x8e, 0x3f, 0xe4, 0x4f, 0xbf, 0xff, 0x00, 0xb6, 0x7f, 0xfa, 0x31, 0x6b, 0xc7, 0x6b, 0xf5, 0xae,
    0x02, 0xff, 0x00, 0x91, 0x6c, 0xff, 0x00, 0xc6, 0xff, 0x00, 0xf4, 0x98, 0x9e, 0x26, 0x67, 0xfc,
    0x55, 0xe9, 0xfa, 0xb0, 0xa2, 0xbe, 0xdc, 0xf3, 0x82, 0xba, 0x0f, 0x03, 0xff, 0x00, 0xc8, 0xe1,
    0x61, 0xff, 0x00, 0x6d, 0x3f, 0xf4, 0x5b, 0x57, 0x9b, 0x9c, 0xff, 0x00, 0xc8, 0xb7, 0x11, 0xfe,
    0x09, 0xff, 0x00, 0xe9, 0x2c, 0xd7, 0x0f, 0xfc, 0x58, 0xfa, 0xaf, 0xcc, 0xf6, 0x2a, 0x2b, 0xf0,
    0x03, 0xe9, 0xc2, 0x8a, 0x00, 0xe7, 0xfc, 0x71, 0xff, 0x00, 0x22, 0x7d, 0xff, 0x00, 0xfd, 0xb3,
    0xff, 0x00, 0xd1, 0x8b, 0x5e, 0x3b, 0x5f, 0xad, 0x70, 0x17, 0xfc, 0x8b, 0x67, 0xfe, 0x37, 0xff,
    0x00, 0xa4, 0xc4, 0xf1, 0x33, 0x3f, 0xe2, 0xaf, 0x4f, 0xd5, 0x85, 0x15, 0xf6, 0xe7, 0x9c, 0x15,
    0xd0, 0x78, 0x1f, 0xfe, 0x47, 0x0b, 0x0f, 0xfb, 0x69, 0xff, 0x00, 0xa2, 0xda, 0xbc, 0xdc, 0xe7,
    0xfe, 0x45, 0xb8, 0x8f, 0xf0, 0x4f, 0xff, 0x00, 0x49, 0x66, 0xb8, 0x7f, 0xe2, 0xc7, 0xd5, 0x7e,
    0x67, 0xb1, 0x51, 0x5f, 0x80, 0x1f, 0x4e, 0x14, 0x50, 0x07, 0x3f, 0xe3, 0x8f, 0xf9, 0x13, 0xef,
    0xff, 0x00, 0xed, 0x9f, 0xfe, 0x8c, 0x5a, 0xf1, 0xda, 0xfd, 0x6b, 0x80, 0xbf, 0xe4, 0x5b, 0x3f,
    0xf1, 0xbf, 0xfd, 0x26, 0x27, 0x89, 0x99, 0xff, 0x00, 0x15, 0x7a, 0x7e, 0xac, 0x28, 0xaf, 0xb7,
    0x3c, 0xe0, 0xae, 0x83, 0xc0, 0xff, 0x00, 0xf2, 0x38, 0x58, 0x7f, 0xdb, 0x4f, 0xfd, 0x16, 0xd5,
    0xe6, 0xe7, 0x3f, 0xf2, 0x2d, 0xc4, 0x7f, 0x82, 0x7f, 0xfa, 0x4b, 0x35, 0xc3, 0xff, 0x00, 0x16,
    0x3e, 0xab, 0xf3, 0x3d, 0x8a, 0x8a, 0xfc, 0x00, 0xfa, 0x70, 0xa2, 0x80, 0x39, 0xff, 0x00, 0x1c,
    0x7f, 0xc8, 0x9f, 0x7f, 0xff, 0x00, 0x6c, 0xff, 0x00, 0xf4, 0x62, 0xd7, 0x8e, 0xd7, 0xeb, 0x5c,
    0x05, 0xff, 0x00, 0x22, 0xd9, 0xff, 0x00, 0x8d, 0xff, 0x00, 0xe9, 0x31, 0x3c, 0x4c, 0xcf, 0xf8,
    0xab, 0xd3, 0xf5, 0x61, 0x45, 0x7d, 0xb9, 0xe7, 0x05, 0x74, 0x1e, 0x07, 0xff, 0x00, 0x91, 0xc2,
    0xc3, 0xfe, 0xda, 0x7f, 0xe8, 0xb6, 0xaf, 0x37, 0x39, 0xff, 0x00, 0x91, 0x6e, 0x23, 0xfc, 0x13,
    0xff, 0x00, 0xd2, 0x59, 0xae, 0x1f, 0xf8, 0xb1, 0xf5, 0x5f, 0x99, 0xec, 0x54, 0x57, 0xe0, 0x07,
    0xd3, 0x85, 0x14, 0x01, 0xcf, 0xf8, 0xe3, 0xfe, 0x44, 0xfb, 0xff, 0x00, 0xfb, 0x67, 0xff, 0x00,
    0xa3, 0x16, 0xbc, 0x76, 0xbf, 0x5a, 0xe0, 0x2f, 0xf9, 0x16, 0xcf, 0xfc, 0x6f, 0xff, 0x00, 0x49,
    0x89, 0xe2, 0x66, 0x7f, 0xc5, 0x5e, 0x9f, 0xab, 0x3e, 0x82, 0xa2, 0xbf, 0x25, 0x3d, 0xb0, 0xae,
    0x7f, 0xc7, 0x1f, 0xf2, 0x27, 0xdf, 0xff, 0x00, 0xdb, 0x3f, 0xfd, 0x18, 0xb5, 0xe9, 0x64, 0xdf,
    0xf2, 0x32, 0xc3, 0xff, 0x00, 0x8e, 0x1f, 0xfa, 0x52, 0x32, 0xc4, 0x7f, 0x0a, 0x5e, 0x8f, 0xf2,
    0x3c, 0x76, 0x8a, 0xfd, 0xfc, 0xf9, 0x80, 0xa2, 0x80, 0x3a, 0x0f, 0x03, 0xff, 0x00, 0xc8, 0xe1,
    0x61, 0xff, 0x00, 0x6d, 0x3f, 0xf4, 0x5b, 0x57, 0xb1, 0x57, 0xe4, 0x9c, 0x7b, 0xff, 0x00, 0x23,
    0x28, 0x7f, 0x81, 0x7f, 0xe9, 0x52, 0x3d, 0xcc, 0xb3, 0xf8, 0x4f, 0xd7, 0xf4, 0x41, 0x45, 0x7c,
    0x49, 0xe8, 0x05, 0x73, 0xfe, 0x38, 0xff, 0x00, 0x91, 0x3e, 0xff, 0x00, 0xfe, 0xd9, 0xff, 0x00,
    0xe8, 0xc5, 0xaf, 0x4b, 0x26, 0xff, 0x00, 0x91, 0x96, 0x1f, 0xfc, 0x70, 0xff, 0x00, 0xd2, 0x91,
    0x96, 0x23, 0xf8, 0x52, 0xf4, 0x7f, 0x91, 0xe3, 0xb4, 0x57, 0xef, 0xe7, 0xcc, 0x05, 0x14, 0x01,
    0xd0, 0x78, 0x1f, 0xfe, 0x47, 0x0b, 0x0f, 0xfb, 0x69, 0xff, 0x00, 0xa2, 0xda, 0xbd, 0x8a, 0xbf,
    0x24, 0xe3, 0xdf, 0xf9, 0x19, 0x43, 0xfc, 0x0b, 0xff, 0x00, 0x4a, 0x91, 0xee, 0x65, 0x9f, 0xc2,
    0x7e, 0xbf, 0xa2, 0x0a, 0x2b, 0xe2, 0x4f, 0x40, 0x2b, 0x9f, 0xf1, 0xc7, 0xfc, 0x89, 0xf7, 0xff,
    0x00, 0xf6, 0xcf, 0xff, 0x00, 0x46, 0x2d, 0x7a, 0x59, 0x37, 0xfc, 0x8c, 0xb0, 0xff, 0x00, 0xe3,
    0x87, 0xfe, 0x94, 0x8c, 0xb1, 0x1f, 0xc2, 0x97, 0xa3, 0xfc, 0x8f, 0x1d, 0xa2, 0xbf, 0x7f, 0x3e,
    0x60, 0x28, 0xa0, 0x0e, 0x83, 0xc0, 0xff, 0x00, 0xf2, 0x38, 0x58, 0x7f, 0xdb, 0x4f, 0xfd, 0x16,
    0xd5, 0xec, 0x55, 0xf9, 0x27, 0x1e, 0xff, 0x00, 0xc8, 0xca, 0x1f, 0xe0, 0x5f, 0xfa, 0x54, 0x8f,
    0x73, 0x2c, 0xfe, 0x13, 0xf5, 0xfd, 0x10, 0x51, 0x5f, 0x12, 0x7a, 0x01, 0x5c, 0xff, 0x00, 0x8e,
    0x3f, 0xe4, 0x4f, 0xbf, 0xff, 0x00, 0xb6, 0x7f, 0xfa, 0x31, 0x6b, 0xd2, 0xc9, 0xbf, 0xe4, 0x65,
    0x87, 0xff, 0x00, 0x1c, 0x3f, 0xf4, 0xa4, 0x65, 0x88, 0xfe, 0x14, 0xbd, 0x1f, 0xe4, 0x78, 0xed,
    0x15, 0xfb, 0xf9, 0xf3, 0x01, 0x45, 0x00, 0x74, 0x1e, 0x07, 0xff, 0x00, 0x91, 0xc2, 0xc3, 0xfe,
    0xda, 0x7f, 0xe8, 0xb6, 0xaf, 0x62, 0xaf, 0xc9, 0x38, 0xf7, 0xfe, 0x46, 0x50, 0xff, 0x00, 0x02,
    0xff, 0x00, 0xd2, 0xa4, 0x7b, 0x99, 0x67, 0xf0, 0x9f, 0xaf, 0xe8, 0x82, 0x8a, 0xf8, 0x93, 0xd0,
    0x0a, 0xe7, 0xfc, 0x71, 0xff, 0x00, 0x22, 0x7d, 0xff, 0x00, 0xfd, 0xb3, 0xff, 0x00, 0xd1, 0x8b,
    0x5e, 0x96, 0x4d, 0xff, 0x00, 0x23, 0x2c, 0x3f, 0xf8, 0xe1, 0xff, 0x00, 0xa5, 0x23, 0x2c, 0x47,
    0xf0, 0xa5, 0xe8, 0xff, 0x00, 0x23, 0xc7, 0x68, 0xaf, 0xdf, 0xcf, 0x98, 0x0a, 0x28, 0x03, 0xa0,
    0xf0, 0x3f, 0xfc, 0x8e, 0x16, 0x1f, 0xf6, 0xd3, 0xff, 0x00, 0x45, 0xb5, 0x7b, 0x15, 0x7e, 0x49,
    0xc7, 0xbf, 0xf2, 0x32, 0x87, 0xf8, 0x17, 0xfe, 0x95, 0x23, 0xdc, 0xcb, 0x3f, 0x84, 0xfd, 0x7f,
    0x44, 0x14, 0x57, 0xc4, 0x9e, 0x80, 0x57, 0x3f, 0xe3, 0x8f, 0xf9, 0x13, 0xef, 0xff, 0x00, 0xed,
    0x9f, 0xfe, 0x8c, 0x5a, 0xf4, 0xb2, 0x6f, 0xf9, 0x19, 0x61, 0xff, 0x00, 0xc7, 0x0f, 0xfd, 0x29,
    0x19, 0x62, 0x3f, 0x85, 0x2f, 0x47, 0xf9, 0x1e, 0x3b, 0x45, 0x7e, 0xfe, 0x7c, 0xc0, 0x51, 0x40,
    0x1d, 0x07, 0x81, 0xff, 0x00, 0xe4, 0x70, 0xb0, 0xff, 0x00, 0xb6, 0x9f, 0xfa, 0x2d, 0xab, 0xd8,
    0xab, 0xf2, 0x4e, 0x3d, 0xff, 0x00, 0x91, 0x94, 0x3f, 0xc0, 0xbf, 0xf4, 0xa9, 0x1e, 0xe6, 0x59,
    0xfc, 0x27, 0xeb, 0xfa, 0x20, 0xa2, 0xbe, 0x24, 0xf4, 0x02, 0xb9, 0xff, 0x00, 0x1c, 0x7f, 0xc8,
    0x9f, 0x7f, 0xff, 0x00, 0x6c, 0xff, 0x00, 0xf4, 0x62, 0xd7, 0xa5, 0x93, 0x7f, 0xc8, 0xcb, 0x0f,
    0xfe, 0x38, 0x7f, 0xe9, 0x48, 0xcb, 0x11, 0xfc, 0x29, 0x7a, 0x3f, 0xc8, 0xf1, 0xda, 0x2b, 0xf7,
    0xf3, 0xe6, 0x02, 0x8a, 0x00, 0xe8, 0x3c, 0x0f, 0xff, 0x00, 0x23, 0x85, 0x87, 0xfd, 0xb4, 0xff,
    0x00, 0xd1, 0x6d, 0x5e, 0xc5, 0x5f, 0x92, 0x71, 0xef, 0xfc, 0x8c, 0xa1, 0xfe, 0x05, 0xff, 0x00,
    0xa5, 0x48, 0xf7, 0x32, 0xcf, 0xe1, 0x3f, 0x5f, 0xd1, 0x05, 0x15, 0xf1, 0x27, 0xa0, 0x15, 0xcf,
    0xf8, 0xe3, 0xfe, 0x44, 0xfb, 0xff, 0x00, 0xfb, 0x67, 0xff, 0x00, 0xa3, 0x16, 0xbd, 0x2c, 0x9b,
    0xfe, 0x46, 0x58, 0x7f, 0xf1, 0xc3, 0xff, 0x00, 0x4a, 0x46, 0x58, 0x8f, 0xe1, 0x4b, 0xd1, 0xfe,
    0x47, 0x8e, 0xd1, 0x5f, 0xbf, 0x9f, 0x30, 0x14, 0x50, 0x07, 0x41, 0xe0, 0x7f, 0xf9, 0x1c, 0x2c,
    0x3f, 0xed, 0xa7, 0xfe, 0x8b, 0x6a, 0xf6, 0x2a, 0xfc, 0x93, 0x8f, 0x7f, 0xe4, 0x65, 0x0f, 0xf0,
    0x2f, 0xfd, 0x2a, 0x47, 0xb9, 0x96, 0x7f, 0x09, 0xfa, 0xfe, 0x88, 0x28, 0xaf, 0x89, 0x3d, 0x00,
    0xae, 0x7f, 0xc7, 0x1f, 0xf2, 0x27, 0xdf, 0xff, 0x00, 0xdb, 0x3f, 0xfd, 0x18, 0xb5, 0xe9, 0x64,
    0xdf, 0xf2, 0x32, 0xc3, 0xff, 0x00, 0x8e, 0x1f, 0xfa, 0x52, 0x32, 0xc4, 0x7f, 0x0a, 0x5e, 0x8f,
    0xf2, 0x3c, 0x76, 0x8a, 0xfd, 0xfc, 0xf9, 0x80, 0xa2, 0x80, 0x3a, 0x0f, 0x03, 0xff, 0x00, 0xc8,
    0xe1, 0x61, 0xff, 0x00, 0x6d, 0x3f, 0xf4, 0x5b, 0x57, 0xb1, 0x57, 0xe4, 0x9c, 0x7b, 0xff, 0x00,
    0x23, 0x28, 0x7f, 0x81, 0x7f, 0xe9, 0x52, 0x3d, 0xcc, 0xb3, 0xf8, 0x4f, 0xd7, 0xf4, 0x41, 0x45,
    0x7c, 0x49, 0xe8, 0x05, 0x73, 0xfe, 0x38, 0xff, 0x00, 0x91, 0x3e, 0xff, 0x00, 0xfe, 0xd9, 0xff,
    0x00, 0xe8, 0xc5, 0xaf, 0x4b, 0x26, 0xff, 0x00, 0x91, 0x96, 0x1f, 0xfc, 0x70, 0xff, 0x00, 0xd2,
    0x91, 0x96, 0x23, 0xf8, 0x52, 0xf4, 0x7f, 0x91, 0xe3, 0xb4, 0x57, 0xef, 0xe7, 0xcc, 0x05, 0x14,
    0x01, 0xd0, 0x78, 0x1f, 0xfe, 0x47, 0x0b, 0x0f, 0xfb, 0x69, 0xff, 0x00, 0xa2, 0xda, 0xbd, 0x8a,
    0xbf, 0x24, 0xe3, 0xdf, 0xf9, 0x19, 0x43, 0xfc, 0x0b, 0xff, 0x00, 0x4a, 0x91, 0xee, 0x65, 0x9f,
    0xc2, 0x7e, 0xbf, 0xa2, 0x0a, 0x2b, 0xe2, 0x4f, 0x40, 0x2b, 0x9f, 0xf1, 0xc7, 0xfc, 0x89, 0xf7,
    0xff, 0x00, 0xf6, 0xcf, 0xff, 0x00, 0x46, 0x2d, 0x7a, 0x59, 0x37, 0xfc, 0x8c, 0xb0, 0xff, 0x00,
    0xe3, 0x87, 0xfe, 0x94, 0x8c, 0xb1, 0x1f, 0xc2, 0x97, 0xa3, 0xfc, 0x8f, 0x1d, 0xa2, 0xbf, 0x7f,
    0x3e, 0x60, 0x28, 0xa0, 0x0e, 0x83, 0xc0, 0xff, 0x00, 0xf2, 0x38, 0x58, 0x7f, 0xdb, 0x4f, 0xfd,
    0x16, 0xd5, 0xec, 0x55, 0xf9, 0x27, 0x1e, 0xff, 0x00, 0xc8, 0xca, 0x1f, 0xe0, 0x5f, 0xfa, 0x54,
    0x8f, 0x73, 0x2c, 0xfe, 0x13, 0xf5, 0xfd, 0x10, 0x51, 0x5f, 0x12, 0x7a, 0x01, 0x5c, 0xff, 0x00,
    0x8e, 0x3f, 0xe4, 0x4f, 0xbf, 0xff, 0x00, 0xb6, 0x7f, 0xfa, 0x31, 0x6b, 0xd2, 0xc9, 0xbf, 0xe4,
    0x65, 0x87, 0xff, 0x00, 0x1c, 0x3f, 0xf4, 0xa4, 0x65, 0x88, 0xfe, 0x14, 0xbd, 0x1f, 0xe4, 0x78,
    0xed, 0x15, 0xfb, 0xf9, 0xf3, 0x01, 0x45, 0x00, 0x74, 0x1e, 0x07, 0xff, 0x00, 0x91, 0xc2, 0xc3,
    0xfe, 0xda, 0x7f, 0xe8, 0xb6, 0xaf, 0x62, 0xaf, 0xc9, 0x38, 0xf7, 0xfe, 0x46, 0x50, 0xff, 0x00,
    0x02, 0xff, 0x00, 0xd2, 0xa4, 0x7b, 0x99, 0x67, 0xf0, 0x9f, 0xaf, 0xe8, 0x82, 0x8a, 0xf8, 0x93,
    0xd0, 0x0a, 0xe7, 0xfc, 0x71, 0xff, 0x00, 0x22, 0x7d, 0xff, 0x00, 0xfd, 0xb3, 0xff, 0x00, 0xd1,
    0x8b, 0x5e, 0x96, 0x4d, 0xff, 0x00, 0x23, 0x2c, 0x3f, 0xf8, 0xe1, 0xff, 0x00, 0xa5, 0x23, 0x2c,
    0x47, 0xf0, 0xa5, 0xe8, 0xff, 0x00, 0x23, 0xc7, 0x68, 0xaf, 0xdf, 0xcf, 0x98, 0x0a, 0x28, 0x03,
    0xa0, 0xf0, 0x3f, 0xfc, 0x8e, 0x16, 0x1f, 0xf6, 0xd3, 0xff, 0x00, 0x45, 0xb5, 0x7b, 0x15, 0x7e,
    0x49, 0xc7, 0xbf, 0xf2, 0x32, 0x87, 0xf8, 0x17, 0xfe, 0x95, 0x23, 0xdc, 0xcb, 0x3f, 0x84, 0xfd,
    0x7f, 0x44, 0x14, 0x57, 0xc4, 0x9e, 0x80, 0x57, 0x3f, 0xe3, 0x8f, 0xf9, 0x13, 0xef, 0xff, 0x00,
    0xed, 0x9f, 0xfe, 0x8c, 0x5a, 0xf4, 0xb2, 0x6f, 0xf9, 0x19, 0x61, 0xff, 0x00, 0xc7, 0x0f, 0xfd,
    0x29, 0x19, 0x62, 0x3f, 0x85, 0x2f, 0x47, 0xf9, 0x1e, 0x3b, 0x45, 0x7e, 0xfe, 0x7c, 0xc0, 0x51,
    0x40, 0x1d, 0x07, 0x81, 0xff, 0x00, 0xe4, 0x70, 0xb0, 0xff, 0x00, 0xb6, 0x9f, 0xfa, 0x2d, 0xab,
    0xd8, 0xab, 0xf2, 0x4e, 0x3d, 0xff, 0x00, 0x91, 0x94, 0x3f, 0xc0, 0xbf, 0xf4, 0xa9, 0x1e, 0xe6,
    0x59, 0xfc, 0x27, 0xeb, 0xfa, 0x20, 0xa2, 0xbe, 0x24, 0xf4, 0x02, 0xb9, 0xff, 0x00, 0x1c, 0x7f,
    0xc8, 0x9f, 0x7f, 0xff, 0x00, 0x6c, 0xff, 0x00, 0xf4, 0x62, 0xd7, 0xa5, 0x93, 0x7f, 0xc8, 0xcb,
    0x0f, 0xfe, 0x38, 0x7f, 0xe9, 0x48, 0xcb, 0x11, 0xfc, 0x29, 0x7a, 0x3f, 0xc8, 0xf1, 0xda, 0x2b,
    0xf7, 0xf3, 0xe6, 0x02, 0x8a, 0x00, 0xe8, 0x3c, 0x0f, 0xff, 0x00, 0x23, 0x85, 0x87, 0xfd, 0xb4,
    0xff, 0x00, 0xd1, 0x6d, 0x5e, 0xc5, 0x5f, 0x92, 0x71, 0xef, 0xfc, 0x8c, 0xa1, 0xfe, 0x05, 0xff,
    0x00, 0xa5, 0x48, 0xf7, 0x32, 0xcf, 0xe1, 0x3f, 0x5f, 0xd1, 0x05, 0x15, 0xf1, 0x27, 0xa0, 0x15,
    0xcf, 0xf8, 0xe3, 0xfe, 0x44, 0xfb, 0xff, 0x00, 0xfb, 0x67, 0xff, 0x00, 0xa3, 0x16, 0xbd, 0x2c,
    0x9b, 0xfe, 0x46, 0x58, 0x7f, 0xf1, 0xc3, 0xff, 0x00, 0x4a, 0x46, 0x58, 0x8f, 0xe1, 0x4b, 0xd1,
    0xfe, 0x47, 0x8e, 0xd1, 0x5f, 0xbf, 0x9f, 0x30, 0x14, 0x50, 0x07, 0x41, 0xe0, 0x7f, 0xf9, 0x1c,
    0x2c, 0x3f, 0xed, 0xa7, 0xfe, 0x8b, 0x6a, 0xf6, 0x2a, 0xfc, 0x93, 0x8f, 0x7f, 0xe4, 0x65, 0x0f,
    0xf0, 0x2f, 0xfd, 0x2a, 0x47, 0xb9, 0x96, 0x7f, 0x09, 0xfa, 0xfe, 0x88, 0x28, 0xaf, 0x89, 0x3d,
    0x00, 0xae, 0x7f, 0xc7, 0x1f, 0xf2, 0x27, 0xdf, 0xff, 0x00, 0xdb, 0x3f, 0xfd, 0x18, 0xb5, 0xe9,
    0x64, 0xdf, 0xf2, 0x32, 0xc3, 0xff, 0x00, 0x8e, 0x1f, 0xfa, 0x52, 0x32, 0xc4, 0x7f, 0x0a, 0x5e,
    0x8f, 0xf2, 0x3c, 0x76, 0x8a, 0xfd, 0xfc, 0xf9, 0x80, 0xa2, 0x80, 0x3a, 0x0f, 0x03, 0xff, 0x00,
    0xc8, 0xe1, 0x61, 0xff, 0x00, 0x6d, 0x3f, 0xf4, 0x5b, 0x57, 0xb1, 0x57, 0xe4, 0x9c, 0x7b, 0xff,
    0x00, 0x23, 0x28, 0x7f, 0x81, 0x7f, 0xe9, 0x52, 0x3d, 0xcc, 0xb3, 0xf8, 0x4f, 0xd7, 0xf4, 0x41,
    0x45, 0x7c, 0x49, 0xe8, 0x05, 0x73, 0xfe, 0x38, 0xff, 0x00, 0x91, 0x3e, 0xff, 0x00, 0xfe, 0xd9,
    0xff, 0x00, 0xe8, 0xc5, 0xaf, 0x4b, 0x26, 0xff, 0x00, 0x91, 0x96, 0x1f, 0xfc, 0x70, 0xff, 0x00,
    0xd2, 0x91, 0x96, 0x23, 0xf8, 0x52, 0xf4, 0x7f, 0x91, 0xe3, 0xb4, 0x57, 0xef, 0xe7, 0xcc, 0x05,
    0x14, 0x01, 0xd0, 0x78, 0x1f, 0xfe, 0x47, 0x0b, 0x0f, 0xfb, 0x69, 0xff, 0x00, 0xa2, 0xda, 0xbd,
    0x8a, 0xbf, 0x24, 0xe3, 0xdf, 0xf9, 0x19, 0x43, 0xfc, 0x0b, 0xff, 0x00, 0x4a, 0x91, 0xee, 0x65,
    0x9f, 0xc2, 0x7e, 0xbf, 0xa2, 0x0a, 0x2b, 0xe2, 0x4f, 0x40, 0x2b, 0x9f, 0xf1, 0xc7, 0xfc, 0x89,
    0xf7, 0xff, 0x00, 0xf6, 0xcf, 0xff, 0x00, 0x46, 0x2d, 0x7a, 0x59, 0x37, 0xfc, 0x8c, 0xb0, 0xff,
    0x00, 0xe3, 0x87, 0xfe, 0x94, 0x8c, 0xb1, 0x1f, 0xc2, 0x97, 0xa3, 0xfc, 0x8f, 0x1d, 0xa2, 0xbf,
    0x7f, 0x3e, 0x60, 0x28, 0xa0, 0x0e, 0x83, 0xc0, 0xff, 0x00, 0xf2, 0x38, 0x58, 0x7f, 0xdb, 0x4f,
    0xfd, 0x16, 0xd5, 0xec, 0x55, 0xf9, 0x27, 0x1e, 0xff, 0x00, 0xc8, 0xca, 0x1f, 0xe0, 0x5f, 0xfa,
    0x54, 0x8f, 0x73, 0x2c, 0xfe, 0x13, 0xf5, 0xfd, 0x10, 0x51, 0x5f, 0x12, 0x7a, 0x01, 0x5c, 0xff,
    0x00, 0x8e, 0x3f, 0xe4, 0x4f, 0xbf, 0xff, 0x00, 0xb6, 0x7f, 0xfa, 0x31, 0x6b, 0xd2, 0xc9, 0xbf,
    0xe4, 0x65, 0x87, 0xff, 0x00, 0x1c, 0x3f, 0xf4, 0xa4, 0x65, 0x88, 0xfe, 0x14, 0xbd, 0x1f, 0xe4,
    0x78, 0xed, 0x15, 0xfb, 0xf9, 0xf3, 0x01, 0x45, 0x00, 0x74, 0x1e, 0x07, 0xff, 0x00, 0x91, 0xc2,
    0xc3, 0xfe, 0xda, 0x7f, 0xe8, 0xb6, 0xaf, 0x62, 0xaf, 0xc9, 0x38, 0xf7, 0xfe, 0x46, 0x50, 0xff,
    0x00, 0x02, 0xff, 0x00, 0xd2, 0xa4, 0x7b, 0x99, 0x67, 0xf0, 0x9f, 0xaf, 0xe8, 0x8f, 0x9f, 0x68,
    0xaf, 0xd6, 0xcf, 0x0c, 0x2b, 0xa0, 0xf0, 0x3f, 0xfc, 0x8e, 0x16, 0x1f, 0xf6, 0xd3, 0xff, 0x00,
    0x45, 0xb5, 0x79, 0xb9, 0xcf, 0xfc, 0x8b, 0x71, 0x1f, 0xe0, 0x9f, 0xfe, 0x92, 0xcd, 0x70, 0xff,
    0x00, 0xc5, 0x8f, 0xaa, 0xfc, 0xcf, 0x62, 0xa2, 0xbf, 0x00, 0x3e, 0x9c, 0x28, 0xa0, 0x0e, 0x7f,
    0xc7, 0x1f, 0xf2, 0x27, 0xdf, 0xff, 0x00, 0xdb, 0x3f, 0xfd, 0x18, 0xb5, 0xe3, 0xb5, 0xfa, 0xd7,
    0x01, 0x7f, 0xc8, 0xb6, 0x7f, 0xe3, 0x7f, 0xfa, 0x4c, 0x4f, 0x13, 0x33, 0xfe, 0x2a, 0xf4, 0xfd,
    0x58, 0x51, 0x5f, 0x6e, 0x79, 0xc1, 0x5d, 0x07, 0x81, 0xff, 0x00, 0xe4, 0x70, 0xb0, 0xff, 0x00,
    0xb6, 0x9f, 0xfa, 0x2d, 0xab, 0xcd, 0xce, 0x7f, 0xe4, 0x5b, 0x88, 0xff, 0x00, 0x04, 0xff, 0x00,
    0xf4, 0x96, 0x6b, 0x87, 0xfe, 0x2c, 0x7d, 0x57, 0xe6, 0x7b, 0x15, 0x15, 0xf8, 0x01, 0xf4, 0xe1,
    0x45, 0x00, 0x73, 0xfe, 0x38, 0xff, 0x00, 0x91, 0x3e, 0xff, 0x00, 0xfe, 0xd9, 0xff, 0x00, 0xe8,
    0xc5, 0xaf, 0x1d, 0xaf, 0xd6, 0xb8, 0x0b, 0xfe, 0x45, 0xb3, 0xff, 0x00, 0x1b, 0xff, 0x00, 0xd2,
    0x62, 0x78, 0x99, 0x9f, 0xf1, 0x57, 0xa7, 0xea, 0xc2, 0x8a, 0xfb, 0x73, 0xce, 0x0a, 0xe8, 0x3c,
    0x0f, 0xff, 0x00, 0x23, 0x85, 0x87, 0xfd, 0xb4, 0xff, 0x00, 0xd1, 0x6d, 0x5e, 0x6e, 0x73, 0xff,
    0x00, 0x22, 0xdc, 0x47, 0xf8, 0x27, 0xff, 0x00, 0xa4, 0xb3, 0x5c, 0x3f, 0xf1, 0x63, 0xea, 0xbf,
    0x33, 0xd8, 0xa8, 0xaf, 0xc0, 0x0f, 0xa7, 0x0a, 0x28, 0x03, 0x9f, 0xf1, 0xc7, 0xfc, 0x89, 0xf7,
    0xff, 0x00, 0xf6, 0xcf, 0xff, 0x00, 0x46, 0x2d, 0x78, 0xed, 0x7e, 0xb5, 0xc0, 0x5f, 0xf2, 0x2d,
    0x9f, 0xf8, 0xdf, 0xfe, 0x93, 0x13, 0xc4, 0xcc, 0xff, 0x00, 0x8a, 0xbd, 0x3f, 0x56, 0x14, 0x57,
    0xdb, 0x9e, 0x70, 0x57, 0x41, 0xe0, 0x7f, 0xf9, 0x1c, 0x2c, 0x3f, 0xed, 0xa7, 0xfe, 0x8b, 0x6a,
    0xf3, 0x73, 0x9f, 0xf9, 0x16, 0xe2, 0x3f, 0xc1, 0x3f, 0xfd, 0x25, 0x9a, 0xe1, 0xff, 0x00, 0x8b,
    0x1f, 0x55, 0xf9, 0x9e, 0xc5, 0x45, 0x7e, 0x00, 0x7d, 0x38, 0x51, 0x40, 0x1c, 0xff, 0x00, 0x8e,
    0x3f, 0xe4, 0x4f, 0xbf, 0xff, 0x00, 0xb6, 0x7f, 0xfa, 0x31, 0x6b, 0xc7, 0x6b, 0xf5, 0xae, 0x02,
    0xff, 0x00, 0x91, 0x6c, 0xff, 0x00, 0xc6, 0xff, 0x00, 0xf4, 0x98, 0x9e, 0x26, 0x67, 0xfc, 0x55,
    0xe9, 0xfa, 0xb0, 0xa2, 0xbe, 0xdc, 0xf3, 0x82, 0xba, 0x0f, 0x03, 0xff, 0x00, 0xc8, 0xe1, 0x61,
    0xff, 0x00, 0x6d, 0x3f, 0xf4, 0x5b, 0x57, 0x9b, 0x9c, 0xff, 0x00, 0xc8, 0xb7, 0x11, 0xfe, 0x09,
    0xff, 0x00, 0xe9, 0x2c, 0xd7, 0x0f, 0xfc, 0x58, 0xfa, 0xaf, 0xcc, 0xf6, 0x2a, 0x2b, 0xf0, 0x03,
    0xe9, 0xc2, 0x8a, 0x00, 0xe7, 0xfc, 0x71, 0xff, 0x00, 0x22, 0x7d, 0xff, 0x00, 0xfd, 0xb3, 0xff,
    0x00, 0xd1, 0x8b, 0x5e, 0x3b, 0x5f, 0xad, 0x70, 0x17, 0xfc, 0x8b, 0x67, 0xfe, 0x37, 0xff, 0x00,
    0xa4, 0xc4, 0xf1, 0x33, 0x3f, 0xe2, 0xaf, 0x4f, 0xd5, 0x85, 0x15, 0xf6, 0xe7, 0x9c, 0x15, 0xd0,
    0x78, 0x1f, 0xfe, 0x47, 0x0b, 0x0f, 0xfb, 0x69, 0xff, 0x00, 0xa2, 0xda, 0xbc, 0xdc, 0xe7, 0xfe,
    0x45, 0xb8, 0x8f, 0xf0, 0x4f, 0xff, 0x00, 0x49, 0x66, 0xb8, 0x7f, 0xe2, 0xc7, 0xd5, 0x7e, 0x67,
    0xb1, 0x51, 0x5f, 0x80, 0x1f, 0x4e, 0x14, 0x50, 0x07, 0x3f, 0xe3, 0x8f, 0xf9, 0x13, 0xef, 0xff,
    0x00, 0xed, 0x9f, 0xfe, 0x8c, 0x5a, 0xf1, 0xda, 0xfd, 0x6b, 0x80, 0xbf, 0xe4, 0x5b, 0x3f, 0xf1,
    0xbf, 0xfd, 0x26, 0x27, 0x89, 0x99, 0xff, 0x00, 0x15, 0x7a, 0x7e, 0xac, 0x28, 0xaf, 0xb7, 0x3c,
    0xe0, 0xae, 0x83, 0xc0, 0xff, 0x00, 0xf2, 0x38, 0x58, 0x7f, 0xdb, 0x4f, 0xfd, 0x16, 0xd5, 0xe6,
    0xe7, 0x3f, 0xf2, 0x2d, 0xc4, 0x7f, 0x82, 0x7f, 0xfa, 0x4b, 0x35, 0xc3, 0xff, 0x00, 0x16, 0x3e,
    0xab, 0xf3, 0x3d, 0x8a, 0x8a, 0xfc, 0x00, 0xfa, 0x70, 0xa2, 0x80, 0x39, 0xff, 0x00, 0x1c, 0x7f,
    0xc8, 0x9f, 0x7f, 0xff, 0x00, 0x6c, 0xff, 0x00, 0xf4, 0x62, 0xd7, 0x8e, 0xd7, 0xeb, 0x5c, 0x05,
    0xff, 0x00, 0x22, 0xd9, 0xff, 0x00, 0x8d, 0xff, 0x00, 0xe9, 0x31, 0x3c, 0x4c, 0xcf, 0xf8, 0xab,
    0xd3, 0xf5, 0x61, 0x45, 0x7d, 0xb9, 0xe7, 0x05, 0x74, 0x1e, 0x07, 0xff, 0x00, 0x91, 0xc2, 0xc3,
    0xfe, 0xda, 0x7f, 0xe8, 0xb6, 0xaf, 0x37, 0x39, 0xff, 0x00, 0x91, 0x6e, 0x23, 0xfc, 0x13, 0xff,
    0x00, 0xd2, 0x59, 0xae, 0x1f, 0xf8, 0xb1, 0xf5, 0x5f, 0x99, 0xec, 0x54, 0x57, 0xe0, 0x07, 0xd3,
    0x85, 0x14, 0x01, 0xcf, 0xf8, 0xe3, 0xfe, 0x44, 0xfb, 0xff, 0x00, 0xfb, 0x67, 0xff, 0x00, 0xa3,
    0x16, 0xbc, 0x76, 0xbf, 0x5a, 0xe0, 0x2f, 0xf9, 0x16, 0xcf, 0xfc, 0x6f, 0xff, 0x00, 0x49, 0x89,
    0xe2, 0x66, 0x7f, 0xc5, 0x5e, 0x9f, 0xab, 0x0a, 0x2b, 0xed, 0xcf, 0x38, 0x2b, 0xa0, 0xf0, 0x3f,
    0xfc, 0x8e, 0x16, 0x1f, 0xf6, 0xd3, 0xff, 0x00, 0x45, 0xb5, 0x79, 0xb9, 0xcf, 0xfc, 0x8b, 0x71,
    0x1f, 0xe0, 0x9f, 0xfe, 0x92, 0xcd, 0x70, 0xff, 0x00, 0xc5, 0x8f, 0xaa, 0xfc, 0xcf, 0x62, 0xa2,
    0xbf, 0x00, 0x3e, 0x9c, 0x28, 0xa0, 0x0e, 0x7f, 0xc7, 0x1f, 0xf2, 0x27, 0xdf, 0xff, 0x00, 0xdb,
    0x3f, 0xfd, 0x18, 0xb5, 0xe3, 0xb5, 0xfa, 0xd7, 0x01, 0x7f, 0xc8, 0xb6, 0x7f, 0xe3, 0x7f, 0xfa,
    0x4c, 0x4f, 0x13, 0x33, 0xfe, 0x2a, 0xf4, 0xfd, 0x58, 0x51, 0x5f, 0x6e, 0x79, 0xc1, 0x5d, 0x07,
    0x81, 0xff, 0x00, 0xe4, 0x70, 0xb0, 0xff, 0x00, 0xb6, 0x9f, 0xfa, 0x2d, 0xab, 0xcd, 0xce, 0x7f,
    0xe4, 0x5b, 0x88, 0xff, 0x00, 0x04, 0xff, 0x00, 0xf4, 0x96, 0x6b, 0x87, 0xfe, 0x2c, 0x7d, 0x57,
    0xe6, 0x7b, 0x15, 0x15, 0xf8, 0x01, 0xf4, 0xe1, 0x45, 0x00, 0x73, 0xfe, 0x38, 0xff, 0x00, 0x91,
    0x3e, 0xff, 0x00, 0xfe, 0xd9, 0xff, 0x00, 0xe8, 0xc5, 0xaf, 0x1d, 0xaf, 0xd6, 0xb8, 0x0b, 0xfe,
    0x45, 0xb3, 0xff, 0x00, 0x1b, 0xff, 0x00, 0xd2, 0x62, 0x78, 0x99, 0x9f, 0xf1, 0x57, 0xa7, 0xea,
    0xc2, 0x8a, 0xfb, 0x73, 0xce, 0x0a, 0xe8, 0x3c, 0x0f, 0xff, 0x00, 0x23, 0x85, 0x87, 0xfd, 0xb4,
    0xff, 0x00, 0xd1, 0x6d, 0x5e, 0x6e, 0x73, 0xff, 0x00, 0x22, 0xdc, 0x47, 0xf8, 0x27, 0xff, 0x00,
    0xa4, 0xb3, 0x5c, 0x3f, 0xf1, 0x63, 0xea, 0xbf, 0x33, 0xd8, 0xa8, 0xaf, 0xc0, 0x0f, 0xa7, 0x0a,
    0x28, 0x03, 0x9f, 0xf1, 0xc7, 0xfc, 0x89, 0xf7, 0xff, 0x00, 0xf6, 0xcf, 0xff, 0x00, 0x46, 0x2d,
    0x78, 0xed, 0x7e, 0xb5, 0xc0, 0x5f, 0xf2, 0x2d, 0x9f, 0xf8, 0xdf, 0xfe, 0x93, 0x13, 0xc4, 0xcc,
    0xff, 0x00, 0x8a, 0xbd, 0x3f, 0x56, 0x14, 0x57, 0xdb, 0x9e, 0x70, 0x57, 0x41, 0xe0, 0x7f, 0xf9,
    0x1c, 0x2c, 0x3f, 0xed, 0xa7, 0xfe, 0x8b, 0x6a, 0xf3, 0x73, 0x9f, 0xf9, 0x16, 0xe2, 0x3f, 0xc1,
    0x3f, 0xfd, 0x25, 0x9a, 0xe1, 0xff, 0x00, 0x8b, 0x1f, 0x55, 0xf9, 0x9e, 0xc5, 0x45, 0x7e, 0x00,
    0x7d, 0x38, 0x51, 0x40, 0x1c, 0xff, 0x00, 0x8e, 0x3f, 0xe4, 0x4f, 0xbf, 0xff, 0x00, 0xb6, 0x7f,
    0xfa, 0x31, 0x6b, 0xc7, 0x6b, 0xf5, 0xae, 0x02, 0xff, 0x00, 0x91, 0x6c, 0xff, 0x00, 0xc6, 0xff,
    0x00, 0xf4, 0x98, 0x9e, 0x26, 0x67, 0xfc, 0x55, 0xe9, 0xfa, 0xb0, 0xa2, 0xbe, 0xdc, 0xf3, 0x82,
    0xba, 0x0f, 0x03, 0xff, 0x00, 0xc8, 0xe1, 0x61, 0xff, 0x00, 0x6d, 0x3f, 0xf4, 0x5b, 0x57, 0x9b,
    0x9c, 0xff, 0x00, 0xc8, 0xb7, 0x11, 0xfe, 0x09, 0xff, 0x00, 0xe9, 0x2c, 0xd7, 0x0f, 0xfc, 0x58,
    0xfa, 0xaf, 0xcc, 0xf6, 0x2a, 0x2b, 0xf0, 0x03, 0xe9, 0xc2, 0x8a, 0x00, 0xe7, 0xfc, 0x71, 0xff,
    0x00, 0x22, 0x7d, 0xff, 0x00, 0xfd, 0xb3, 0xff, 0x00, 0xd1, 0x8b, 0x5e, 0x3b, 0x5f, 0xad, 0x70,
    0x17, 0xfc, 0x8b, 0x67, 0xfe, 0x37, 0xff, 0x00, 0xa4, 0xc4, 0xf1, 0x33, 0x3f, 0xe2, 0xaf, 0x4f,
    0xd5, 0x85, 0x15, 0xf6, 0xe7, 0x9c, 0x15, 0xd0, 0x78, 0x1f, 0xfe, 0x47, 0x0b, 0x0f, 0xfb, 0x69,
    0xff, 0x00, 0xa2, 0xda, 0xbc, 0xdc, 0xe7, 0xfe, 0x45, 0xb8, 0x8f, 0xf0, 0x4f, 0xff, 0x00, 0x49,
    0x66, 0xb8, 0x7f, 0xe2, 0xc7, 0xd5, 0x7e, 0x67, 0xb1, 0x51, 0x5f, 0x80, 0x1f, 0x4e, 0x14, 0x50,
    0x07, 0x3f, 0xe3, 0x8f, 0xf9, 0x13, 0xef, 0xff, 0x00, 0xed, 0x9f, 0xfe, 0x8c, 0x5a, 0xf1, 0xda,
    0xfd, 0x6b, 0x80, 0xbf, 0xe4, 0x5b, 0x3f, 0xf1, 0xbf, 0xfd, 0x26, 0x27, 0x89, 0x99, 0xff, 0x00,
    0x15, 0x7a, 0x7e, 0xac, 0x28, 0xaf, 0xb7, 0x3c, 0xe0, 0xae, 0x83, 0xc0, 0xff, 0x00, 0xf2, 0x38,
    0x58, 0x7f, 0xdb, 0x4f, 0xfd, 0x16, 0xd5, 0xe6, 0xe7, 0x3f, 0xf2, 0x2d, 0xc4, 0x7f, 0x82, 0x7f,
    0xfa, 0x4b, 0x35, 0xc3, 0xff, 0x00, 0x16, 0x3e, 0xab, 0xf3, 0x3d, 0x8a, 0x8a, 0xfc, 0x00, 0xfa,
    0x70, 0xa2, 0x80, 0x39, 0xff, 0x00, 0x1c, 0x7f, 0xc8, 0x9f, 0x7f, 0xff, 0x00, 0x6c, 0xff, 0x00,
    0xf4, 0x62, 0xd7, 0x8e, 0xd7, 0xeb, 0x5c, 0x05, 0xff, 0x00, 0x22, 0xd9, 0xff, 0x00, 0x8d, 0xff,
    0x00, 0xe9, 0x31, 0x3c, 0x4c, 0xcf, 0xf8, 0xab, 0xd3, 0xf5, 0x61, 0x45, 0x7d, 0xb9, 0xe7, 0x05,
    0x74, 0x1e, 0x07, 0xff, 0x00, 0x91, 0xc2, 0xc3, 0xfe, 0xda, 0x7f, 0xe8, 0xb6, 0xaf, 0x37, 0x39,
    0xff, 0x00, 0x91, 0x6e, 0x23, 0xfc, 0x13, 0xff, 0x00, 0xd2, 0x59, 0xae, 0x1f, 0xf8, 0xb1, 0xf5,
    0x5f, 0x99, 0xec, 0x54, 0x57, 0xe0, 0x07, 0xd3, 0x85, 0x14, 0x01, 0xcf, 0xf8, 0xe3, 0xfe, 0x44,
    0xfb, 0xff, 0x00, 0xfb, 0x67, 0xff, 0x00, 0xa3, 0x16, 0xbc, 0x76, 0xbf, 0x5a, 0xe0, 0x2f, 0xf9,
    0x16, 0xcf, 0xfc, 0x6f, 0xff, 0x00, 0x49, 0x89, 0xe2, 0x66, 0x7f, 0xc5, 0x5e, 0x9f, 0xab, 0x0a,
    0x2b, 0xed, 0xcf, 0x38, 0x2b, 0xa0, 0xf0, 0x3f, 0xfc, 0x8e, 0x16, 0x1f, 0xf6, 0xd3, 0xff, 0x00,
    0x45, 0xb5, 0x79, 0xb9, 0xcf, 0xfc, 0x8b, 0x71, 0x1f, 0xe0, 0x9f, 0xfe, 0x92, 0xcd, 0x70, 0xff,
    0x00, 0xc5, 0x8f, 0xaa, 0xfc, 0xcf, 0x62, 0xa2, 0xbf, 0x00, 0x3e, 0x9c, 0x28, 0xa0, 0x0e, 0x7f,
    0xc7, 0x1f, 0xf2, 0x27, 0xdf, 0xff, 0x00, 0xdb, 0x3f, 0xfd, 0x18, 0xb5, 0xe3, 0xb5, 0xfa, 0xd7,
    0x01, 0x7f, 0xc8, 0xb6, 0x7f, 0xe3, 0x7f, 0xfa, 0x4c, 0x4f, 0x13, 0x33, 0xfe, 0x2a, 0xf4, 0xfd,
    0x58, 0x51, 0x5f, 0x6e, 0x79, 0xc1, 0x5d, 0x07, 0x81, 0xff, 0x00, 0xe4, 0x70, 0xb0, 0xff, 0x00,
    0xb6, 0x9f, 0xfa, 0x2d, 0xab, 0xcd, 0xce, 0x7f, 0xe4, 0x5b, 0x88, 0xff, 0x00, 0x04, 0xff, 0x00,
    0xf4, 0x96, 0x6b, 0x87, 0xfe, 0x2c, 0x7d, 0x57, 0xe6, 0x7b, 0x15, 0x15, 0xf8, 0x01, 0xf4, 0xe1,
    0x45, 0x00, 0x73, 0xfe, 0x38, 0xff, 0x00, 0x91, 0x3e, 0xff, 0x00, 0xfe, 0xd9, 0xff, 0x00, 0xe8,
    0xc5, 0xaf, 0x1d, 0xaf, 0xd6, 0xb8, 0x0b, 0xfe, 0x45, 0xb3, 0xff, 0x00, 0x1b, 0xff, 0x00, 0xd2,
    0x62, 0x78, 0x99, 0x9f, 0xf1, 0x57, 0xa7, 0xea, 0xc2, 0x8a, 0xfb, 0x73, 0xce, 0x0a, 0xe8, 0x3c,
    0x0f, 0xff, 0x00, 0x23, 0x85, 0x87, 0xfd, 0xb4, 0xff, 0x00, 0xd1, 0x6d, 0x5e, 0x6e, 0x73, 0xff,
    0x00, 0x22, 0xdc, 0x47, 0xf8, 0x27, 0xff, 0x00, 0xa4, 0xb3, 0x5c, 0x3f, 0xf1, 0x63, 0xea, 0xbf,
    0x33, 0xd8, 0xa8, 0xaf, 0xc0, 0x0f, 0xa7, 0x0a, 0x28, 0x03, 0x9f, 0xf1, 0xc7, 0xfc, 0x89, 0xf7,
    0xff, 0x00, 0xf6, 0xcf, 0xff, 0x00, 0x46, 0x2d, 0x78, 0xed, 0x7e, 0xb5, 0xc0, 0x5f, 0xf2, 0x2d,
    0x9f, 0xf8, 0xdf, 0xfe, 0x93, 0x13, 0xc4, 0xcc, 0xff, 0x00, 0x8a, 0xbd, 0x3f, 0x56, 0x14, 0x57,
    0xdb, 0x9e, 0x70, 0x57, 0x41, 0xe0, 0x7f, 0xf9, 0x1c, 0x2c, 0x3f, 0xed, 0xa7, 0xfe, 0x8b, 0x6a,
    0xf3, 0x73, 0x9f, 0xf9, 0x16, 0xe2, 0x3f, 0xc1, 0x3f, 0xfd, 0x25, 0x9a, 0xe1, 0xff, 0x00, 0x8b,
    0x1f, 0x55, 0xf9, 0x9e, 0xc5, 0x45, 0x7e, 0x00, 0x7d, 0x38, 0x51, 0x40, 0x1c, 0xff, 0x00, 0x8e,
    0x3f, 0xe4, 0x4f, 0xbf, 0xff, 0x00, 0xb6, 0x7f, 0xfa, 0x31, 0x6b, 0xc7, 0x6b, 0xf5, 0xae, 0x02,
    0xff, 0x00, 0x91, 0x6c, 0xff, 0x00, 0xc6, 0xff, 0x00, 0xf4, 0x98, 0x9e, 0x26, 0x67, 0xfc, 0x55,
    0xe9, 0xfa, 0xb3, 0xe8, 0x2a, 0x2b, 0xf2, 0x53, 0xdb, 0x0a, 0xe7, 0xfc, 0x71, 0xff, 0x00, 0x22,
    0x7d, 0xff, 0x00, 0xfd, 0xb3, 0xff, 0x00, 0xd1, 0x8b, 0x5e, 0x96, 0x4d, 0xff, 0x00, 0x23, 0x2c,
    0x3f, 0xf8, 0xe1, 0xff, 0x00, 0xa5, 0x23, 0x2c, 0x47, 0xf0, 0xa5, 0xe8, 0xff, 0x00, 0x23, 0xc7,
    0x68, 0xaf, 0xdf, 0xcf, 0x98, 0x0a, 0x28, 0x03, 0xa0, 0xf0, 0x3f, 0xfc, 0x8e, 0x16, 0x1f, 0xf6,
    0xd3, 0xff, 0x00, 0x45, 0xb5, 0x7b, 0x15, 0x7e, 0x49, 0xc7, 0xbf, 0xf2, 0x32, 0x87, 0xf8, 0x17,
    0xfe, 0x95, 0x23, 0xdc, 0xcb, 0x3f, 0x84, 0xfd, 0x7f, 0x44, 0x14, 0x57, 0xc4, 0x9e, 0x80, 0x57,
    0x3f, 0xe3, 0x8f, 0xf9, 0x13, 0xef, 0xff, 0x00, 0xed, 0x9f, 0xfe, 0x8c, 0x5a, 0xf4, 0xb2, 0x6f,
    0xf9, 0x19, 0x61, 0xff, 0x00, 0xc7, 0x0f, 0xfd, 0x29, 0x19, 0x62, 0x3f, 0x85, 0x2f, 0x47, 0xf9,
    0x1e, 0x3b, 0x45, 0x7e, 0xfe, 0x7c, 0xc0, 0x51, 0x40, 0x1d, 0x07, 0x81, 0xff, 0x00, 0xe4, 0x70,
    0xb0, 0xff, 0x00, 0xb6, 0x9f, 0xfa, 0x2d, 0xab, 0xd8, 0xab, 0xf2, 0x4e, 0x3d, 0xff, 0x00, 0x91,
    0x94, 0x3f, 0xc0, 0xbf, 0xf4, 0xa9, 0x1e, 0xe6, 0x59, 0xfc, 0x27, 0xeb, 0xfa, 0x20, 0xa2, 0xbe,
    0x24, 0xf4, 0x02, 0xb9, 0xff, 0x00, 0x1c, 0x7f, 0xc8, 0x9f, 0x7f, 0xff, 0x00, 0x6c, 0xff, 0x00,
    0xf4, 0x62, 0xd7, 0xa5, 0x93, 0x7f, 0xc8, 0xcb, 0x0f, 0xfe, 0x38, 0x7f, 0xe9, 0x48, 0xcb, 0x11,
    0xfc, 0x29, 0x7a, 0x3f, 0xc8, 0xf1, 0xda, 0x2b, 0xf7, 0xf3, 0xe6, 0x02, 0x8a, 0x00, 0xe8, 0x3c,
    0x0f, 0xff, 0x00, 0x23, 0x85, 0x87, 0xfd, 0xb4, 0xff, 0x00, 0xd1, 0x6d, 0x5e, 0xc5, 0x5f, 0x92,
    0x71, 0xef, 0xfc, 0x8c, 0xa1, 0xfe, 0x05, 0xff, 0x00, 0xa5, 0x48, 0xf7, 0x32, 0xcf, 0xe1, 0x3f,
    0x5f, 0xd1, 0x05, 0x15, 0xf1, 0x27, 0xa0, 0x15, 0xcf, 0xf8, 0xe3, 0xfe, 0x44, 0xfb, 0xff, 0x00,
    0xfb, 0x67, 0xff, 0x00, 0xa3, 0x16, 0xbd, 0x2c, 0x9b, 0xfe, 0x46, 0x58, 0x7f, 0xf1, 0xc3, 0xff,
    0x00, 0x4a, 0x46, 0x58, 0x8f, 0xe1, 0x4b, 0xd1, 0xfe, 0x47, 0x8e, 0xd1, 0x5f, 0xbf, 0x9f, 0x30,
    0x14, 0x50, 0x07, 0x41, 0xe0, 0x7f, 0xf9, 0x1c, 0x2c, 0x3f, 0xed, 0xa7, 0xfe, 0x8b, 0x6a, 0xf6,
    0x2a, 0xfc, 0x93, 0x8f, 0x7f, 0xe4, 0x65, 0x0f, 0xf0, 0x2f, 0xfd, 0x2a, 0x47, 0xb9, 0x96, 0x7f,
    0x09, 0xfa, 0xfe, 0x88, 0x28, 0xaf, 0x89, 0x3d, 0x00, 0xae, 0x7f, 0xc7, 0x1f, 0xf2, 0x27, 0xdf,
    0xff, 0x00, 0xdb, 0x3f, 0xfd, 0x18, 0xb5, 0xe9, 0x64, 0xdf, 0xf2, 0x32, 0xc3, 0xff, 0x00, 0x8e,
    0x1f, 0xfa, 0x52, 0x32, 0xc4, 0x7f, 0x0a, 0x5e, 0x8f, 0xf2, 0x3c, 0x76, 0x8a, 0xfd, 0xfc, 0xf9,
    0x80, 0xa2, 0x80, 0x3a, 0x0f, 0x03, 0xff, 0x00, 0xc8, 0xe1, 0x61, 0xff, 0x00, 0x6d, 0x3f, 0xf4,
    0x5b, 0x57, 0xb1, 0x57, 0xe4, 0x9c, 0x7b, 0xff, 0x00, 0x23, 0x28, 0x7f, 0x81, 0x7f, 0xe9, 0x52,
    0x3d, 0xcc, 0xb3, 0xf8, 0x4f, 0xd7, 0xf4, 0x41, 0x45, 0x7c, 0x49, 0xe8, 0x05, 0x73, 0xfe, 0x38,
    0xff, 0x00, 0x91, 0x3e, 0xff, 0x00, 0xfe, 0xd9, 0xff, 0x00, 0xe8, 0xc5, 0xaf, 0x4b, 0x26, 0xff,
    0x00, 0x91, 0x96, 0x1f, 0xfc, 0x70, 0xff, 0x00, 0xd2, 0x91, 0x96, 0x23, 0xf8, 0x52, 0xf4, 0x7f,
    0x91, 0xe3, 0xb4, 0x57, 0xef, 0xe7, 0xcc, 0x05, 0x14, 0x01, 0xd0, 0x78, 0x1f, 0xfe, 0x47, 0x0b,
    0x0f, 0xfb, 0x69, 0xff, 0x00, 0xa2, 0xda, 0xbd, 0x8a, 0xbf, 0x24, 0xe3, 0xdf, 0xf9, 0x19, 0x43,
    0xfc, 0x0b, 0xff, 0x00, 0x4a, 0x91, 0xee, 0x65, 0x9f, 0xc2, 0x7e, 0xbf, 0xa2, 0x0a, 0x2b, 0xe2,
    0x4f, 0x40, 0x2b, 0x9f, 0xf1, 0xc7, 0xfc, 0x89, 0xf7, 0xff, 0x00, 0xf6, 0xcf, 0xff, 0x00, 0x46,
    0x2d, 0x7a, 0x59, 0x37, 0xfc, 0x8c, 0xb0, 0xff, 0x00, 0xe3, 0x87, 0xfe, 0x94, 0x8c, 0xb1, 0x1f,
    0xc2, 0x97, 0xa3, 0xfc, 0x8f, 0x1d, 0xa2, 0xbf, 0x7f, 0x3e, 0x60, 0x28, 0xa0, 0x0e, 0x83, 0xc0,
    0xff, 0x00, 0xf2, 0x38, 0x58, 0x7f, 0xdb, 0x4f, 0xfd, 0x16, 0xd5, 0xec, 0x55, 0xf9, 0x27, 0x1e,
    0xff, 0x00, 0xc8, 0xca, 0x1f, 0xe0, 0x5f, 0xfa, 0x54, 0x8f, 0x73, 0x2c, 0xfe, 0x13, 0xf5, 0xfd,
    0x10, 0x51, 0x5f, 0x12, 0x7a, 0x01, 0x5c, 0xff, 0x00, 0x8e, 0x3f, 0xe4, 0x4f, 0xbf, 0xff, 0x00,
    0xb6, 0x7f, 0xfa, 0x31, 0x6b, 0xd2, 0xc9, 0xbf, 0xe4, 0x65, 0x87, 0xff, 0x00, 0x1c, 0x3f, 0xf4,
    0xa4, 0x65, 0x88, 0xfe, 0x14, 0xbd, 0x1f, 0xe4, 0x78, 0xed, 0x15, 0xfb, 0xf9, 0xf3, 0x01, 0x45,
    0x00, 0x74, 0x1e, 0x07, 0xff, 0x00, 0x91, 0xc2, 0xc3, 0xfe, 0xda, 0x7f, 0xe8, 0xb6, 0xaf, 0x62,
    0xaf, 0xc9, 0x38, 0xf7, 0xfe, 0x46, 0x50, 0xff, 0x00, 0x02, 0xff, 0x00, 0xd2, 0xa4, 0x7b, 0x99,
    0x67, 0xf0, 0x9f, 0xaf, 0xe8, 0x82, 0x8a, 0xf8, 0x93, 0xd0, 0x0a, 0xe7, 0xfc, 0x71, 0xff, 0x00,
    0x22, 0x7d, 0xff, 0x00, 0xfd, 0xb3, 0xff, 0x00, 0xd1, 0x8b, 0x5e, 0x96, 0x4d, 0xff, 0x00, 0x23,
    0x2c, 0x3f, 0xf8, 0xe1, 0xff, 0x00, 0xa5, 0x23, 0x2c, 0x47, 0xf0, 0xa5, 0xe8, 0xff, 0x00, 0x23,
    0xc7, 0x68, 0xaf, 0xdf, 0xcf, 0x98, 0x0a, 0x28, 0x03, 0xa0, 0xf0, 0x3f, 0xfc, 0x8e, 0x16, 0x1f,
    0xf6, 0xd3, 0xff, 0x00, 0x45, 0xb5, 0x7b, 0x15, 0x7e, 0x49, 0xc7, 0xbf, 0xf2, 0x32, 0x87, 0xf8,
    0x17, 0xfe, 0x95, 0x23, 0xdc, 0xcb, 0x3f, 0x84, 0xfd, 0x7f, 0x44, 0x14, 0x57, 0xc4, 0x9e, 0x80,
    0x57, 0x3f, 0xe3, 0x8f, 0xf9, 0x13, 0xef, 0xff, 0x00, 0xed, 0x9f, 0xfe, 0x8c, 0x5a, 0xf4, 0xb2,
    0x6f, 0xf9, 0x19, 0x61, 0xff, 0x00, 0xc7, 0x0f, 0xfd, 0x29, 0x19, 0x62, 0x3f, 0x85, 0x2f, 0x47,
    0xf9, 0x1e, 0x3b, 0x45, 0x7e, 0xfe, 0x7c, 0xc0, 0x51, 0x40, 0x1d, 0x07, 0x81, 0xff, 0x00, 0xe4,
    0x70, 0xb0, 0xff, 0x00, 0xb6, 0x9f, 0xfa, 0x2d, 0xab, 0xd8, 0xab, 0xf2, 0x4e, 0x3d, 0xff, 0x00,
    0x91, 0x94, 0x3f, 0xc0, 0xbf, 0xf4, 0xa9, 0x1e, 0xe6, 0x59, 0xfc, 0x27, 0xeb, 0xfa, 0x20, 0xa2,
    0xbe, 0x24, 0xf4, 0x02, 0xb9, 0xff, 0x00, 0x1c, 0x7f, 0xc8, 0x9f, 0x7f, 0xff, 0x00, 0x6c, 0xff,
    0x00, 0xf4, 0x62, 0xd7, 0xa5, 0x93, 0x7f, 0xc8, 0xcb, 0x0f, 0xfe, 0x38, 0x7f, 0xe9, 0x48, 0xcb,
    0x11, 0xfc, 0x29, 0x7a, 0x3f, 0xc8, 0xf1, 0xda, 0x2b, 0xf7, 0xf3, 0xe6, 0x02, 0x8a, 0x00, 0xe8,
    0x3c, 0x0f, 0xff, 0x00, 0x23, 0x85, 0x87, 0xfd, 0xb4, 0xff, 0x00, 0xd1, 0x6d, 0x5e, 0xc5, 0x5f,
    0x92, 0x71, 0xef, 0xfc, 0x8c, 0xa1, 0xfe, 0x05, 0xff, 0x00, 0xa5, 0x48, 0xf7, 0x32, 0xcf, 0xe1,
    0x3f, 0x5f, 0xd1, 0x05, 0x15, 0xf1, 0x27, 0xa0, 0x15, 0xcf, 0xf8, 0xe3, 0xfe, 0x44, 0xfb, 0xff,
    0x00, 0xfb, 0x67, 0xff, 0x00, 0xa3, 0x16, 0xbd, 0x2c, 0x9b, 0xfe, 0x46, 0x58, 0x7f, 0xf1, 0xc3,
    0xff, 0x00, 0x4a, 0x46, 0x58, 0x8f, 0xe1, 0x4b, 0xd1, 0xfe, 0x47, 0x8e, 0xd1, 0x5f, 0xbf, 0x9f,
    0x30, 0x14, 0x50, 0x07, 0x41, 0xe0, 0x7f, 0xf9, 0x1c, 0x2c, 0x3f, 0xed, 0xa7, 0xfe, 0x8b, 0x6a,
    0xf6, 0x2a, 0xfc, 0x93, 0x8f, 0x7f, 0xe4, 0x65, 0x0f, 0xf0, 0x2f, 0xfd, 0x2a, 0x47, 0xb9, 0x96,
    0x7f, 0x09, 0xfa, 0xfe, 0x88, 0x28, 0xaf, 0x89, 0x3d, 0x00, 0xae, 0x7f, 0xc7, 0x1f, 0xf2, 0x27,
    0xdf, 0xff, 0x00, 0xdb, 0x3f, 0xfd, 0x18, 0xb5, 0xe9, 0x64, 0xdf, 0xf2, 0x32, 0xc3, 0xff, 0x00,
    0x8e, 0x1f, 0xfa, 0x52, 0x32, 0xc4, 0x7f, 0x0a, 0x5e, 0x8f, 0xf2, 0x3c, 0x76, 0x8a, 0xfd, 0xfc,
    0xf9, 0x80, 0xa2, 0x80, 0x3a, 0x0f, 0x03, 0xff, 0x00, 0xc8, 0xe1, 0x61, 0xff, 0x00, 0x6d, 0x3f,
    0xf4, 0x5b, 0x57, 0xb1, 0x57, 0xe4, 0x9c, 0x7b, 0xff, 0x00, 0x23, 0x28, 0x7f, 0x81, 0x7f, 0xe9,
    0x52, 0x3d, 0xcc, 0xb3, 0xf8, 0x4f, 0xd7, 0xf4, 0x41, 0x45, 0x7c, 0x49, 0xe8, 0x05, 0x73, 0xfe,
    0x38, 0xff, 0x00, 0x91, 0x3e, 0xff, 0x00, 0xfe, 0xd9, 0xff, 0x00, 0xe8, 0xc5, 0xaf, 0x4b, 0x26,
    0xff, 0x00, 0x91, 0x96, 0x1f, 0xfc, 0x70, 0xff, 0x00, 0xd2, 0x91, 0x96, 0x23, 0xf8, 0x52, 0xf4,
    0x7f, 0x91, 0xe3, 0xb4, 0x57, 0xef, 0xe7, 0xcc, 0x05, 0x14, 0x01, 0xd0, 0x78, 0x1f, 0xfe, 0x47,
    0x0b, 0x0f, 0xfb, 0x69, 0xff, 0x00, 0xa2, 0xda, 0xbd, 0x8a, 0xbf, 0x24, 0xe3, 0xdf, 0xf9, 0x19,
    0x43, 0xfc, 0x0b, 0xff, 0x00, 0x4a, 0x91, 0xee, 0x65, 0x9f, 0xc2, 0x7e, 0xbf, 0xa2, 0x0a, 0x2b,
    0xe2, 0x4f, 0x40, 0x2b, 0x9f, 0xf1, 0xc7, 0xfc, 0x89, 0xf7, 0xff, 0x00, 0xf6, 0xcf, 0xff, 0x00,
    0x46, 0x2d, 0x7a, 0x59, 0x37, 0xfc, 0x8c, 0xb0, 0xff, 0x00, 0xe3, 0x87, 0xfe, 0x94, 0x8c, 0xb1,
    0x1f, 0xc2, 0x97, 0xa3, 0xfc, 0x8f, 0x1d, 0xa2, 0xbf, 0x7f, 0x3e, 0x60, 0x28, 0xa0, 0x0e, 0x83,
    0xc0, 0xff, 0x00, 0xf2, 0x38, 0x58, 0x7f, 0xdb, 0x4f, 0xfd, 0x16, 0xd5, 0xec, 0x55, 0xf9, 0x27,
    0x1e, 0xff, 0x00, 0xc8, 0xca, 0x1f, 0xe0, 0x5f, 0xfa, 0x54, 0x8f, 0x73, 0x2c, 0xfe, 0x13, 0xf5,
    0xfd, 0x10, 0x51, 0x5f, 0x12, 0x7a, 0x01, 0x5c, 0xff, 0x00, 0x8e, 0x3f, 0xe4, 0x4f, 0xbf, 0xff,
    0x00, 0xb6, 0x7f, 0xfa, 0x31, 0x6b, 0xd2, 0xc9, 0xbf, 0xe4, 0x65, 0x87, 0xff, 0x00, 0x1c, 0x3f,
    0xf4, 0xa4, 0x65, 0x88, 0xfe, 0x14, 0xbd, 0x1f, 0xe4, 0x78, 0xed, 0x15, 0xfb, 0xf9, 0xf3, 0x01,
    0x45, 0x00, 0x74, 0x1e, 0x07, 0xff, 0x00, 0x91, 0xc2, 0xc3, 0xfe, 0xda, 0x7f, 0xe8, 0xb6, 0xaf,
    0x62, 0xaf, 0xc9, 0x38, 0xf7, 0xfe, 0x46, 0x50, 0xff, 0x00, 0x02, 0xff, 0x00, 0xd2, 0xa4, 0x7b,
    0x99, 0x67, 0xf0, 0x9f, 0xaf, 0xe8, 0x82, 0x8a, 0xf8, 0x93, 0xd0, 0x0a, 0xe7, 0xfc, 0x71, 0xff,
    0x00, 0x22, 0x7d, 0xff, 0x00, 0xfd, 0xb3, 0xff, 0x00, 0xd1, 0x8b, 0x5e, 0x96, 0x4d, 0xff, 0x00,
    0x23, 0x2c, 0x3f, 0xf8, 0xe1, 0xff, 0x00, 0xa5, 0x23, 0x2c, 0x47, 0xf0, 0xa5, 0xe8, 0xff, 0x00,
    0x23, 0xc7, 0x68, 0xaf, 0xdf, 0xcf, 0x98, 0x0a, 0x28, 0x03, 0xa0, 0xf0, 0x3f, 0xfc, 0x8e, 0x16,
    0x1f, 0xf6, 0xd3, 0xff, 0x00, 0x45, 0xb5, 0x7b, 0x15, 0x7e, 0x49, 0xc7, 0xbf, 0xf2, 0x32, 0x87,
    0xf8, 0x17, 0xfe, 0x95, 0x23, 0xdc, 0xcb, 0x3f, 0x84, 0xfd, 0x7f, 0x44, 0x14, 0x57, 0xc4, 0x9e,
    0x80, 0x57, 0x3f, 0xe3, 0x8f, 0xf9, 0x13, 0xef, 0xff, 0x00, 0xed, 0x9f, 0xfe, 0x8c, 0x5a, 0xf4,
    0xb2, 0x6f, 0xf9, 0x19, 0x61, 0xff, 0x00, 0xc7, 0x0f, 0xfd, 0x29, 0x19, 0x62, 0x3f, 0x85, 0x2f,
    0x47, 0xf9, 0x1e, 0x3b, 0x45, 0x7e, 0xfe, 0x7c, 0xc0, 0x51, 0x40, 0x1d, 0x07, 0x81, 0xff, 0x00,
    0xe4, 0x70, 0xb0, 0xff, 0x00, 0xb6, 0x9f, 0xfa, 0x2d, 0xab, 0xd8, 0xab, 0xf2, 0x4e, 0x3d, 0xff,
    0x00, 0x91, 0x94, 0x3f, 0xc0, 0xbf, 0xf4, 0xa9, 0x1e, 0xe6, 0x59, 0xfc, 0x27, 0xeb, 0xfa, 0x20,
    0xa2, 0xbe, 0x24, 0xf4, 0x02, 0xb9, 0xff, 0x00, 0x1c, 0x7f, 0xc8, 0x9f, 0x7f, 0xff, 0x00, 0x6c,
    0xff, 0x00, 0xf4, 0x62, 0xd7, 0xa5, 0x93, 0x7f, 0xc8, 0xcb, 0x0f, 0xfe, 0x38, 0x7f, 0xe9, 0x48,
    0xcb, 0x11, 0xfc, 0x29, 0x7a, 0x3f, 0xc8, 0xf1, 0xda, 0x2b, 0xf7, 0xf3, 0xe6, 0x02, 0x8a, 0x00,
    0xe8, 0x3c, 0x0f, 0xff, 0x00, 0x23, 0x85, 0x87, 0xfd, 0xb4, 0xff, 0x00, 0xd1, 0x6d, 0x5e, 0xc5,
    0x5f, 0x92, 0x71, 0xef, 0xfc, 0x8c, 0xa1, 0xfe, 0x05, 0xff, 0x00, 0xa5, 0x48, 0xf7, 0x32, 0xcf,
    0xe1, 0x3f, 0x5f, 0xd1, 0x05, 0x15, 0xf1, 0x27, 0xa0, 0x15, 0xcf, 0xf8, 0xe3, 0xfe, 0x44, 0xfb,
    0xff, 0x00, 0xfb, 0x67, 0xff, 0x00, 0xa3, 0x16, 0xbd, 0x2c, 0x9b, 0xfe, 0x46, 0x58, 0x7f, 0xf1,
    0xc3, 0xff, 0x00, 0x4a, 0x46, 0x58, 0x8f, 0xe1, 0x4b, 0xd1, 0xfe, 0x47, 0x8e, 0xd1, 0x5f, 0xbf,
    0x9f, 0x30, 0x14, 0x50, 0x07, 0x41, 0xe0, 0x7f, 0xf9, 0x1c, 0x2c, 0x3f, 0xed, 0xa7, 0xfe, 0x8b,
    0x6a, 0xf6, 0x2a, 0xfc, 0x93, 0x8f, 0x7f, 0xe4, 0x65, 0x0f, 0xf0, 0x2f, 0xfd, 0x2a, 0x47, 0xb9,
    0x96, 0x7f, 0x09, 0xfa, 0xfe, 0x88, 0xf9, 0xf6, 0x8a, 0xfd, 0x6c, 0xf0, 0xc2, 0xba, 0x0f, 0x03,
    0xff, 0x00, 0xc8, 0xe1, 0x61, 0xff, 0x00, 0x6d, 0x3f, 0xf4, 0x5b, 0x57, 0x9b, 0x9c, 0xff, 0x00,
    0xc8, 0xb7, 0x11, 0xfe, 0x09, 0xff, 0x00, 0xe9, 0x2c, 0xd7, 0x0f, 0xfc, 0x58, 0xfa, 0xaf, 0xcc,
    0xf6, 0x2a, 0x2b, 0xf0, 0x03, 0xe9, 0xc2, 0x8a, 0x00, 0xe7, 0xfc, 0x71, 0xff, 0x00, 0x22, 0x7d,
    0xff, 0x00, 0xfd, 0xb3, 0xff, 0x00, 0xd1, 0x8b, 0x5e, 0x3b, 0x5f, 0xad, 0x70, 0x17, 0xfc, 0x8b,
    0x67, 0xfe, 0x37, 0xff, 0x00, 0xa4, 0xc4, 0xf1, 0x33, 0x3f, 0xe2, 0xaf, 0x4f, 0xd5, 0x85, 0x15,
    0xf6, 0xe7, 0x9c, 0x15, 0xd0, 0x78, 0x1f, 0xfe, 0x47, 0x0b, 0x0f, 0xfb, 0x69, 0xff, 0x00, 0xa2,
    0xda, 0xbc, 0xdc, 0xe7, 0xfe, 0x45, 0xb8, 0x8f, 0xf0, 0x4f, 0xff, 0x00, 0x49, 0x66, 0xb8, 0x7f,
    0xe2, 0xc7, 0xd5, 0x7e, 0x67, 0xb1, 0x51, 0x5f, 0x80, 0x1f, 0x4e, 0x14, 0x50, 0x07, 0x3f, 0xe3,
    0x8f, 0xf9, 0x13, 0xef, 0xff, 0x00, 0xed, 0x9f, 0xfe, 0x8c, 0x5a, 0xf1, 0xda, 0xfd, 0x6b, 0x80,
    0xbf, 0xe4, 0x5b, 0x3f, 0xf1, 0xbf, 0xfd, 0x26, 0x27, 0x89, 0x99, 0xff, 0x00, 0x15, 0x7a, 0x7e,
    0xac, 0x28, 0xaf, 0xb7, 0x3c, 0xe0, 0xae, 0x83, 0xc0, 0xff, 0x00, 0xf2, 0x38, 0x58, 0x7f, 0xdb,
    0x4f, 0xfd, 0x16, 0xd5, 0xe6, 0xe7, 0x3f, 0xf2, 0x2d, 0xc4, 0x7f, 0x82, 0x7f, 0xfa, 0x4b, 0x35,
    0xc3, 0xff, 0x00, 0x16, 0x3e, 0xab, 0xf3, 0x3d, 0x8a, 0x8a, 0xfc, 0x00, 0xfa, 0x70, 0xa2, 0x80,
    0x39, 0xff, 0x00, 0x1c, 0x7f, 0xc8, 0x9f, 0x7f, 0xff, 0x00, 0x6c, 0xff, 0x00, 0xf4, 0x62, 0xd7,
    0x8e, 0xd7, 0xeb, 0x5c, 0x05, 0xff, 0x00, 0x22, 0xd9, 0xff, 0x00, 0x8d, 0xff, 0x00, 0xe9, 0x31,
    0x3c, 0x4c, 0xcf, 0xf8, 0xab, 0xd3, 0xf5, 0x61, 0x45, 0x7d, 0xb9, 0xe7, 0x05, 0x74, 0x1e, 0x07,
    0xff, 0x00, 0x91, 0xc2, 0xc3, 0xfe, 0xda, 0x7f, 0xe8, 0xb6, 0xaf, 0x37, 0x39, 0xff, 0x00, 0x91,
    0x6e, 0x23, 0xfc, 0x13, 0xff, 0x00, 0xd2, 0x59, 0xae, 0x1f, 0xf8, 0xb1, 0xf5, 0x5f, 0x99, 0xec,
    0x54, 0x57, 0xe0, 0x07, 0xd3, 0x85, 0x14, 0x01, 0xcf, 0xf8, 0xe3, 0xfe, 0x44, 0xfb, 0xff, 0x00,
    0xfb, 0x67, 0xff, 0x00, 0xa3, 0x16, 0xbc, 0x76, 0xbf, 0x5a, 0xe0, 0x2f, 0xf9, 0x16, 0xcf, 0xfc,
    0x6f, 0xff, 0x00, 0x49, 0x89, 0xe2, 0x66, 0x7f, 0xc5, 0x5e, 0x9f, 0xab, 0x0a, 0x2b, 0xed, 0xcf,
    0x38, 0x2b, 0xa0, 0xf0, 0x3f, 0xfc, 0x8e, 0x16, 0x1f, 0xf6, 0xd3, 0xff, 0x00, 0x45, 0xb5, 0x79,
    0xb9, 0xcf, 0xfc, 0x8b, 0x71, 0x1f, 0xe0, 0x9f, 0xfe, 0x92, 0xcd, 0x70, 0xff, 0x00, 0xc5, 0x8f,
    0xaa, 0xfc, 0xcf, 0x62, 0xa2, 0xbf, 0x00, 0x3e, 0x9c, 0x28, 0xa0, 0x0e, 0x7f, 0xc7, 0x1f, 0xf2,
    0x27, 0xdf, 0xff, 0x00, 0xdb, 0x3f, 0xfd, 0x18, 0xb5, 0xe3, 0xb5, 0xfa, 0xd7, 0x01, 0x7f, 0xc8,
    0xb6, 0x7f, 0xe3, 0x7f, 0xfa, 0x4c, 0x4f, 0x13, 0x33, 0xfe, 0x2a, 0xf4, 0xfd, 0x58, 0x51, 0x5f,
    0x6e, 0x79, 0xc1, 0x5d, 0x07, 0x81, 0xff, 0x00, 0xe4, 0x70, 0xb0, 0xff, 0x00, 0xb6, 0x9f, 0xfa,
    0x2d, 0xab, 0xcd, 0xce, 0x7f, 0xe4, 0x5b, 0x88, 0xff, 0x00, 0x04, 0xff, 0x00, 0xf4, 0x96, 0x6b,
    0x87, 0xfe, 0x2c, 0x7d, 0x57, 0xe6, 0x7b, 0x15, 0x15, 0xf8, 0x01, 0xf4, 0xe1, 0x45, 0x00, 0x73,
    0xfe, 0x38, 0xff, 0x00, 0x91, 0x3e, 0xff, 0x00, 0xfe, 0xd9, 0xff, 0x00, 0xe8, 0xc5, 0xaf, 0x1d,
    0xaf, 0xd6, 0xb8, 0x0b, 0xfe, 0x45, 0xb3, 0xff, 0x00, 0x1b, 0xff, 0x00, 0xd2, 0x62, 0x78, 0x99,
    0x9f, 0xf1, 0x57, 0xa7, 0xea, 0xc2, 0x8a, 0xfb, 0x73, 0xce, 0x0a, 0xe8, 0x3c, 0x0f, 0xff, 0x00,
    0x23, 0x85, 0x87, 0xfd, 0xb4, 0xff, 0x00, 0xd1, 0x6d, 0x5e, 0x6e, 0x73, 0xff, 0x00, 0x22, 0xdc,
    0x47, 0xf8, 0x27, 0xff, 0x00, 0xa4, 0xb3, 0x5c, 0x3f, 0xf1, 0x63, 0xea, 0xbf, 0x33, 0xd8, 0xa8,
    0xaf, 0xc0, 0x0f, 0xa7, 0x0a, 0x28, 0x03, 0x9f, 0xf1, 0xc7, 0xfc, 0x89, 0xf7, 0xff, 0x00, 0xf6,
    0xcf, 0xff, 0x00, 0x46, 0x2d, 0x78, 0xed, 0x7e, 0xb5, 0xc0, 0x5f, 0xf2, 0x2d, 0x9f, 0xf8, 0xdf,
    0xfe, 0x93, 0x13, 0xc4, 0xcc, 0xff, 0x00, 0x8a, 0xbd, 0x3f, 0x56, 0x14, 0x57, 0xdb, 0x9e, 0x70,
    0x57, 0x41, 0xe0, 0x7f, 0xf9, 0x1c, 0x2c, 0x3f, 0xed, 0xa7, 0xfe, 0x8b, 0x6a, 0xf3, 0x73, 0x9f,
    0xf9, 0x16, 0xe2, 0x3f, 0xc1, 0x3f, 0xfd, 0x25, 0x9a, 0xe1, 0xff, 0x00, 0x8b, 0x1f, 0x55, 0xf9,
    0x9e, 0xc5, 0x45, 0x7e, 0x00, 0x7d, 0x38, 0x51, 0x40, 0x1c, 0xff, 0x00, 0x8e, 0x3f, 0xe4, 0x4f,
    0xbf, 0xff, 0x00, 0xb6, 0x7f, 0xfa, 0x31, 0x6b, 0xc7, 0x6b, 0xf5, 0xae, 0x02, 0xff, 0x00, 0x91,
    0x6c, 0xff, 0x00, 0xc6, 0xff, 0x00, 0xf4, 0x98, 0x9e, 0x26, 0x67, 0xfc, 0x55, 0xe9, 0xfa, 0xb0,
    0xa2, 0xbe, 0xdc, 0xf3, 0x82, 0xba, 0x0f, 0x03, 0xff, 0x00, 0xc8, 0xe1, 0x61, 0xff, 0x00, 0x6d,
    0x3f, 0xf4, 0x5b, 0x57, 0x9b, 0x9c, 0xff, 0x00, 0xc8, 0xb7, 0x11, 0xfe, 0x09, 0xff, 0x00, 0xe9,
    0x2c, 0xd7, 0x0f, 0xfc, 0x58, 0xfa, 0xaf, 0xcc, 0xf6, 0x2a, 0x2b, 0xf0, 0x03, 0xe9, 0xc2, 0x8a,
    0x00, 0xe7, 0xfc, 0x71, 0xff, 0x00, 0x22, 0x7d, 0xff, 0x00, 0xfd, 0xb3, 0xff, 0x00, 0xd1, 0x8b,
    0x5e, 0x3b, 0x5f, 0xad, 0x70, 0x17, 0xfc, 0x8b, 0x67, 0xfe, 0x37, 0xff, 0x00, 0xa4, 0xc4, 0xf1,
    0x33, 0x3f, 0xe2, 0xaf, 0x4f, 0xd5, 0x85, 0x15, 0xf6, 0xe7, 0x9c, 0x15, 0xd0, 0x78, 0x1f, 0xfe,
    0x47, 0x0b, 0x0f, 0xfb, 0x69, 0xff, 0x00, 0xa2, 0xda, 0xbc, 0xdc, 0xe7, 0xfe, 0x45, 0xb8, 0x8f,
    0xf0, 0x4f, 0xff, 0x00, 0x49, 0x66, 0xb8, 0x7f, 0xe2, 0xc7, 0xd5, 0x7e, 0x67, 0xb1, 0x51, 0x5f,
    0x80, 0x1f, 0x4e, 0x14, 0x50, 0x07, 0x3f, 0xe3, 0x8f, 0xf9, 0x13, 0xef, 0xff, 0x00, 0xed, 0x9f,
    0xfe, 0x8c, 0x5a, 0xf1, 0xda, 0xfd, 0x6b, 0x80, 0xbf, 0xe4, 0x5b, 0x3f, 0xf1, 0xbf, 0xfd, 0x26,
    0x27, 0x89, 0x99, 0xff, 0x00, 0x15, 0x7a, 0x7e, 0xac, 0x28, 0xaf, 0xb7, 0x3c, 0xe0, 0xae, 0x83,
    0xc0, 0xff, 0x00, 0xf2, 0x38, 0x58, 0x7f, 0xdb, 0x4f, 0xfd, 0x16, 0xd5, 0xe6, 0xe7, 0x3f, 0xf2,
    0x2d, 0xc4, 0x7f, 0x82, 0x7f, 0xfa, 0x4b, 0x35, 0xc3, 0xff, 0x00, 0x16, 0x3e, 0xab, 0xf3, 0x3d,
    0x8a, 0x8a, 0xfc, 0x00, 0xfa, 0x70, 0xa2, 0x80, 0x39, 0xff, 0x00, 0x1c, 0x7f, 0xc8, 0x9f, 0x7f,
    0xff, 0x00, 0x6c, 0xff, 0x00, 0xf4, 0x62, 0xd7, 0x8e, 0xd7, 0xeb, 0x5c, 0x05, 0xff, 0x00, 0x22,
    0xd9, 0xff, 0x00, 0x8d, 0xff, 0x00, 0xe9, 0x31, 0x3c, 0x4c, 0xcf, 0xf8, 0xab, 0xd3, 0xf5, 0x61,
    0x45, 0x7d, 0xb9, 0xe7, 0x05, 0x74, 0x1e, 0x07, 0xff, 0x00, 0x91, 0xc2, 0xc3, 0xfe, 0xda, 0x7f,
    0xe8, 0xb6, 0xaf, 0x37, 0x39, 0xff, 0x00, 0x91, 0x6e, 0x23, 0xfc, 0x13, 0xff, 0x00, 0xd2, 0x59,
    0xae, 0x1f, 0xf8, 0xb1, 0xf5, 0x5f, 0x99, 0xec, 0x54, 0x57, 0xe0, 0x07, 0xd3, 0x85, 0x14, 0x01,
    0xcf, 0xf8, 0xe3, 0xfe, 0x44, 0xfb, 0xff, 0x00, 0xfb, 0x67, 0xff, 0x00, 0xa3, 0x16, 0xbc, 0x76,
    0xbf, 0x5a, 0xe0, 0x2f, 0xf9, 0x16, 0xcf, 0xfc, 0x6f, 0xff, 0x00, 0x49, 0x89, 0xe2, 0x66, 0x7f,
    0xc5, 0x5e, 0x9f, 0xab, 0x0a, 0x2b, 0xed, 0xcf, 0x38, 0x2b, 0xa0, 0xf0, 0x3f, 0xfc, 0x8e, 0x16,
    0x1f, 0xf6, 0xd3, 0xff, 0x00, 0x45, 0xb5, 0x79, 0xb9, 0xcf, 0xfc, 0x8b, 0x71, 0x1f, 0xe0, 0x9f,
    0xfe, 0x92, 0xcd, 0x70, 0xff, 0x00, 0xc5, 0x8f, 0xaa, 0xfc, 0xcf, 0x62, 0xa2, 0xbf, 0x00, 0x3e,
    0x9c, 0x28, 0xa0, 0x0e, 0x7f, 0xc7, 0x1f, 0xf2, 0x27, 0xdf, 0xff, 0x00, 0xdb, 0x3f, 0xfd, 0x18,
    0xb5, 0xe3, 0xb5, 0xfa, 0xd7, 0x01, 0x7f, 0xc8, 0xb6, 0x7f, 0xe3, 0x7f, 0xfa, 0x4c, 0x4f, 0x13,
    0x33, 0xfe, 0x2a, 0xf4, 0xfd, 0x58, 0x51, 0x5f, 0x6e, 0x79, 0xc1, 0x5d, 0x07, 0x81, 0xff, 0x00,
    0xe4, 0x70, 0xb0, 0xff, 0x00, 0xb6, 0x9f, 0xfa, 0x2d, 0xab, 0xcd, 0xce, 0x7f, 0xe4, 0x5b, 0x88,
    0xff, 0x00, 0x04, 0xff, 0x00, 0xf4, 0x96, 0x6b, 0x87, 0xfe, 0x2c, 0x7d, 0x57, 0xe6, 0x7b, 0x15,
    0x15, 0xf8, 0x01, 0xf4, 0xe1, 0x45, 0x00, 0x73, 0xfe, 0x38, 0xff, 0x00, 0x91, 0x3e, 0xff, 0x00,
    0xfe, 0xd9, 0xff, 0x00, 0xe8, 0xc5, 0xaf, 0x1d, 0xaf, 0xd6, 0xb8, 0x0b, 0xfe, 0x45, 0xb3, 0xff,
    0x00, 0x1b, 0xff, 0x00, 0xd2, 0x62, 0x78, 0x99, 0x9f, 0xf1, 0x57, 0xa7, 0xea, 0xc2, 0x8a, 0xfb,
    0x73, 0xce, 0x0a, 0xe8, 0x3c, 0x0f, 0xff, 0x00, 0x23, 0x85, 0x87, 0xfd, 0xb4, 0xff, 0x00, 0xd1,
    0x6d, 0x5e, 0x6e, 0x73, 0xff, 0x00, 0x22, 0xdc, 0x47, 0xf8, 0x27, 0xff, 0x00, 0xa4, 0xb3, 0x5c,
    0x3f, 0xf1, 0x63, 0xea, 0xbf, 0x33, 0xd8, 0xa8, 0xaf, 0xc0, 0x0f, 0xa7, 0x0a, 0x28, 0x03, 0x9f,
    0xf1, 0xc7, 0xfc, 0x89, 0xf7, 0xff, 0x00, 0xf6, 0xcf, 0xff, 0x00, 0x46, 0x2d, 0x78, 0xed, 0x7e,
    0xb5, 0xc0, 0x5f, 0xf2, 0x2d, 0x9f, 0xf8, 0xdf, 0xfe, 0x93, 0x13, 0xc4, 0xcc, 0xff, 0x00, 0x8a,
    0xbd, 0x3f, 0x56, 0x14, 0x57, 0xdb, 0x9e, 0x70, 0x57, 0x41, 0xe0, 0x7f, 0xf9, 0x1c, 0x2c, 0x3f,
    0xed, 0xa7, 0xfe, 0x8b, 0x6a, 0xf3, 0x73, 0x9f, 0xf9, 0x16, 0xe2, 0x3f, 0xc1, 0x3f, 0xfd, 0x25,
    0x9a, 0xe1, 0xff, 0x00, 0x8b, 0x1f, 0x55, 0xf9, 0x9e, 0xc5, 0x45, 0x7e, 0x00, 0x7d, 0x38, 0x51,
    0x40, 0x1c, 0xff, 0x00, 0x8e, 0x3f, 0xe4, 0x4f, 0xbf, 0xff, 0x00, 0xb6, 0x7f, 0xfa, 0x31, 0x6b,
    0xc7, 0x6b, 0xf5, 0xae, 0x02, 0xff, 0x00, 0x91, 0x6c, 0xff, 0x00, 0xc6, 0xff, 0x00, 0xf4, 0x98,
    0x9e, 0x26, 0x67, 0xfc, 0x55, 0xe9, 0xfa, 0xb0, 0xa2, 0xbe, 0xdc, 0xf3, 0x82, 0xba, 0x0f, 0x03,
    0xff, 0x00, 0xc8, 0xe1, 0x61, 0xff, 0x00, 0x6d, 0x3f, 0xf4, 0x5b, 0x57, 0x9b, 0x9c, 0xff, 0x00,
    0xc8, 0xb7, 0x11, 0xfe, 0x09, 0xff, 0x00, 0xe9, 0x2c, 0xd7, 0x0f, 0xfc, 0x58, 0xfa, 0xaf, 0xcc,
    0xf6, 0x2a, 0x2b, 0xf0, 0x03, 0xe9, 0xc2, 0x8a, 0x00, 0xe7, 0xfc, 0x71, 0xff, 0x00, 0x22, 0x7d,
    0xff, 0x00, 0xfd, 0xb3, 0xff, 0x00, 0xd1, 0x8b, 0x5e, 0x3b, 0x5f, 0xad, 0x70, 0x17, 0xfc, 0x8b,
    0x67, 0xfe, 0x37, 0xff, 0x00, 0xa4, 0xc4, 0xf1, 0x33, 0x3f, 0xe2, 0xaf, 0x4f, 0xd5, 0x85, 0x15,
    0xf6, 0xe7, 0x9c, 0x15, 0xd0, 0x78, 0x1f, 0xfe, 0x47, 0x0b, 0x0f, 0xfb, 0x69, 0xff, 0x00, 0xa2,
    0xda, 0xbc, 0xdc, 0xe7, 0xfe, 0x45, 0xb8, 0x8f, 0xf0, 0x4f, 0xff, 0x00, 0x49, 0x66, 0xb8, 0x7f,
    0xe2, 0xc7, 0xd5, 0x7e, 0x67, 0xb1, 0x51, 0x5f, 0x80, 0x1f, 0x4e, 0x14, 0x50, 0x07, 0x3f, 0xe3,
    0x8f, 0xf9, 0x13, 0xef, 0xff, 0x00, 0xed, 0x9f, 0xfe, 0x8c, 0x5a, 0xf1, 0xda, 0xfd, 0x6b, 0x80,
    0xbf, 0xe4, 0x5b, 0x3f, 0xf1, 0xbf, 0xfd, 0x26, 0x27, 0x89, 0x99, 0xff, 0x00, 0x15, 0x7a, 0x7e,
    0xac, 0x28, 0xaf, 0xb7, 0x3c, 0xe0, 0xae, 0x83, 0xc0, 0xff, 0x00, 0xf2, 0x38, 0x58, 0x7f, 0xdb,
    0x4f, 0xfd, 0x16, 0xd5, 0xe6, 0xe7, 0x3f, 0xf2, 0x2d, 0xc4, 0x7f, 0x82, 0x7f, 0xfa, 0x4b, 0x35,
    0xc3, 0xff, 0x00, 0x16, 0x3e, 0xab, 0xf3, 0x3d, 0x8a, 0x8a, 0xfc, 0x00, 0xfa, 0x70, 0xa2, 0x80,
    0x39, 0xff, 0x00, 0x1c, 0x7f, 0xc8, 0x9f, 0x7f, 0xff, 0x00, 0x6c, 0xff, 0x00, 0xf4, 0x62, 0xd7,
    0x8e, 0xd7, 0xeb, 0x5c, 0x05, 0xff, 0x00, 0x22, 0xd9, 0xff, 0x00, 0x8d, 0xff, 0x00, 0xe9, 0x31,
    0x3c, 0x4c, 0xcf, 0xf8, 0xab, 0xd3, 0xf5, 0x61, 0x45, 0x7d, 0xb9, 0xe7, 0x05, 0x74, 0x1e, 0x07,
    0xff, 0x00, 0x91, 0xc2, 0xc3, 0xfe, 0xda, 0x7f, 0xe8, 0xb6, 0xaf, 0x37, 0x39, 0xff, 0x00, 0x91,
    0x6e, 0x23, 0xfc, 0x13, 0xff, 0x00, 0xd2, 0x59, 0xae, 0x1f, 0xf8, 0xb1, 0xf5, 0x5f, 0x99, 0xec,
    0x54, 0x57, 0xe0, 0x07, 0xd3, 0x85, 0x14, 0x01, 0xcf, 0xf8, 0xe3, 0xfe, 0x44, 0xfb, 0xff, 0x00,
    0xfb, 0x67, 0xff, 0x00, 0xa3, 0x16, 0xbc, 0x76, 0xbf, 0x5a, 0xe0, 0x2f, 0xf9, 0x16, 0xcf, 0xfc,
    0x6f, 0xff, 0x00, 0x49, 0x89, 0xe2, 0x66, 0x7f, 0xc5, 0x5e, 0x9f, 0xab, 0x3f, 0xff, 0xd9,
};
static const unsigned char cb_frame_11[] = {
    0xff, 0xd8, 0xff, 0xe0, 0x00, 0x10, 0x4a, 0x46, 0x49, 0x46, 0x00, 0x01, 0x01, 0x00, 0x00, 0x01,
    0x00, 0x01, 0x00, 0x00, 0xff, 0xdb, 0x00, 0x43, 0x00, 0x08, 0x06, 0x06, 0x07, 0x06, 0x05, 0x08,
    0x07, 0x07, 0x07, 0x09, 0x09, 0x08, 0x0a, 0x0c, 0x14, 0x0d, 0x0c, 0x0b, 0x0b, 0x0c, 0x19, 0x12,
    0x13, 0x0f, 0x14, 0x1d, 0x1a, 0x1f, 0x1e, 0x1d, 0x1a, 0x1c, 0x1c, 0x20, 0x24, 0x2e, 0x27, 0x20,
    0x22, 0x2c, 0x23, 0x1c, 0x1c, 0x28, 0x37, 0x29, 0x2c, 0x30, 0x31, 0x34, 0x34, 0x34, 0x1f, 0x27,
    0x39, 0x3d, 0x38, 0x32, 0x3c, 0x2e, 0x33, 0x34, 0x32, 0xff, 0xdb, 0x00, 0x43, 0x01, 0x09, 0x09,
    0x09, 0x0c, 0x0b, 0x0c, 0x18, 0x0d, 0x0d, 0x18, 0x32, 0x21, 0x1c, 0x21, 0x32, 0x32, 0x32, 0x32,
    0x32, 0x32, 0x32, 0x32, 0x32, 0x32, 0x32, 0x32, 0x32, 0x32, 0x32, 0x32, 0x32, 0x32, 0x32, 0x32,
    0x32, 0x32, 0x32, 0x32, 0x32, 0x32, 0x32, 0x32, 0x32, 0x32, 0x32, 0x32, 0x32, 0x32, 0x32, 0x32,
    0x32, 0x32, 0x32, 0x32, 0x32, 0x32, 0x32, 0x32, 0x32, 0x32, 0x32, 0x32, 0x32, 0x32, 0xff, 0xc0,
    0x00, 0x11, 0x08, 0x00, 0xf0, 0x01, 0x40, 0x03, 0x01, 0x21, 0x00, 0x02, 0x11, 0x01, 0x03, 0x11,
    0x01, 0xff, 0xc4, 0x00, 0x1f, 0x00, 0x00, 0x01, 0x05, 0x01, 0x01, 0x01, 0x01, 0x01, 0x01, 0x00,
    0x00, 0x00, 0x00, 0x00, 0x00, 0x00, 0x00, 0x01, 0x02, 0x03, 0x04, 0x05, 0x06, 0x07, 0x08, 0x09,
    0x0a, 0x0b, 0xff, 0xc4, 0x00, 0xb5, 0x10, 0x00, 0x02, 0x01, 0x03, 0x03, 0x02, 0x04, 0x03, 0x05,
    0x05, 0x04, 0x04, 0x00, 0x00, 0x01, 0x7d, 0x01, 0x02, 0x03, 0x00, 0x04, 0x11, 0x05, 0x12, 0x21,
    0x31, 0x41, 0x06, 0x13, 0x51, 0x61, 0x07, 0x22, 0x71, 0x14, 0x32, 0x81, 0x91, 0xa1, 0x08, 0x23,
    0x42, 0xb1, 0xc1, 0x15, 0x52, 0xd1, 0xf0, 0x24, 0x33, 0x62, 0x72, 0x82, 0x09, 0x0a, 0x16, 0x17,
    0x18, 0x19, 0x1a, 0x25, 0x26, 0x27, 0x28, 0x29, 0x2a, 0x34, 0x35, 0x36, 0x37, 0x38, 0x39, 0x3a,
    0x43, 0x44, 0x45, 0x46, 0x47, 0x48, 0x49, 0x4a, 0x53, 0x54, 0x55, 0x56, 0x57, 0x58, 0x59, 0x5a,
    0x63, 0x64, 0x65, 0x66, 0x67, 0x68, 0x69, 0x6a, 0x73, 0x74, 0x75, 0x76, 0x77, 0x78, 0x79, 0x7a,
    0x83, 0x84, 0x85, 0x86, 0x87, 0x88, 0x89, 0x8a, 0x92, 0x93, 0x94, 0x95, 0x96, 0x97, 0x98, 0x99,
    0x9a, 0xa2, 0xa3, 0xa4, 0xa5, 0xa6, 0xa7, 0xa8, 0xa9, 0xaa, 0xb2, 0xb3, 0xb4, 0xb5, 0xb6, 0xb7,
    0xb8, 0xb9, 0xba, 0xc2, 0xc3, 0xc4, 0xc5, 0xc6, 0xc7, 0xc8, 0xc9, 0xca, 0xd2, 0xd3, 0xd4, 0xd5,
    0xd6, 0xd7, 0xd8, 0xd9, 0xda, 0xe1, 0xe2, 0xe3, 0xe4, 0xe5, 0xe6, 0xe7, 0xe8, 0xe9, 0xea, 0xf1,
    0xf2, 0xf3, 0xf4, 0xf5, 0xf6, 0xf7, 0xf8, 0xf9, 0xfa, 0xff, 0xc4, 0x00, 0x1f, 0x01, 0x00, 0x03,
    0x01, 0x01, 0x01, 0x01, 0x01, 0x01, 0x01, 0x01, 0x01, 0x00, 0x00, 0x00, 0x00, 0x00, 0x00, 0x01,
    0x02, 0x03, 0x04, 0x05, 0x06, 0x07, 0x08, 0x09, 0x0a, 0x0b, 0xff, 0xc4, 0x00, 0xb5, 0x11, 0x00,
    0x02, 0x01, 0x02, 0x04, 0x04, 0x03, 0x04, 0x07, 0x05, 0x04, 0x04, 0x00, 0x01, 0x02, 0x77, 0x00,
    0x01, 0x02, 0x03, 0x11, 0x04, 0x05, 0x21, 0x31, 0x06, 0x12, 0x41, 0x51, 0x07, 0x61, 0x71, 0x13,
    0x22, 0x32, 0x81, 0x08, 0x14, 0x42, 0x91, 0xa1, 0xb1, 0xc1, 0x09, 0x23, 0x33, 0x52, 0xf0, 0x15,
    0x62, 0x72, 0xd1, 0x0a, 0x16, 0x24, 0x34, 0xe1, 0x25, 0xf1, 0x17, 0x18, 0x19, 0x1a, 0x26, 0x27,
    0x28, 0x29, 0x2a, 0x35, 0x36, 0x37, 0x38, 0x39, 0x3a, 0x43, 0x44, 0x45, 0x46, 0x47, 0x48, 0x49,
    0x4a, 0x53, 0x54, 0x55, 0x56, 0x57, 0x58, 0x59, 0x5a, 0x63, 0x64, 0x65, 0x66, 0x67, 0x68, 0x69,
    0x6a, 0x73, 0x74, 0x75, 0x76, 0x77, 0x78, 0x79, 0x7a, 0x82, 0x83, 0x84, 0x85, 0x86, 0x87, 0x88,
    0x89, 0x8a, 0x92, 0x93, 0x94, 0x95, 0x96, 0x97, 0x98, 0x99, 0x9a, 0xa2, 0xa3, 0xa4, 0xa5, 0xa6,
    0xa7, 0xa8, 0xa9, 0xaa, 0xb2, 0xb3, 0xb4, 0xb5, 0xb6, 0xb7, 0xb8, 0xb9, 0xba, 0xc2, 0xc3, 0xc4,
    0xc5, 0xc6, 0xc7, 0xc8, 0xc9, 0xca, 0xd2, 0xd3, 0xd4, 0xd5, 0xd6, 0xd7, 0xd8, 0xd9, 0xda, 0xe2,
    0xe3, 0xe4, 0xe5, 0xe6, 0xe7, 0xe8, 0xe9, 0xea, 0xf2, 0xf3, 0xf4, 0xf5, 0xf6, 0xf7, 0xf8, 0xf9,
    0xfa, 0xff, 0xda, 0x00, 0x0c, 0x03, 0x01, 0x00, 0x02, 0x11, 0x03, 0x11, 0x00, 0x3f, 0x00, 0xf4,
    0x5a, 0x2b, 0xf3, 0x13, 0xd5, 0x0a, 0xf0, 0xdd, 0x7b, 0xfe, 0x46, 0x2d, 0x4f, 0xfe, 0xbe, 0xe5,
    0xff, 0x00, 0xd0, 0xcd, 0x7d, 0xff, 0x00, 0x00, 0x7f, 0xbc, 0xd6, 0xff, 0x00, 0x0a, 0xfc, 0xcf,
    0x33, 0x33, 0xf8, 0x23, 0xea, 0x67, 0xd1, 0x5f, 0xa9, 0x1e, 0x30, 0x51, 0x40, 0x1e, 0xe5, 0xa0,
    0xff, 0x00, 0xc8, 0xbb, 0xa6, 0x7f, 0xd7, 0xa4, 0x5f, 0xfa, 0x00, 0xad, 0x0a, 0xfe, 0x77, 0xc6,
    0x7f, 0xbc, 0xd4, 0xff, 0x00, 0x13, 0xfc, 0xcf, 0xaa, 0xa7, 0xf0, 0x2f, 0x40, 0xa2, 0xb9, 0x8a,
    0x0a, 0xf0, 0xdd, 0x7b, 0xfe, 0x46, 0x2d, 0x4f, 0xfe, 0xbe, 0xe5, 0xff, 0x00, 0xd0, 0xcd, 0x7d,
    0xff, 0x00, 0x00, 0x7f, 0xbc, 0xd6, 0xff, 0x00, 0x0a, 0xfc, 0xcf, 0x33, 0x33, 0xf8, 0x23, 0xea,
    0x67, 0xd1, 0x5f, 0xa9, 0x1e, 0x30, 0x51, 0x40, 0x1e, 0xe5, 0xa0, 0xff, 0x00, 0xc8, 0xbb, 0xa6,
    0x7f, 0xd7, 0xa4, 0x5f, 0xfa, 0x00, 0xad, 0x0a, 0xfe, 0x77, 0xc6, 0x7f, 0xbc, 0xd4, 0xff, 0x00,
    0x13, 0xfc, 0xcf, 0xaa, 0xa7, 0xf0, 0x2f, 0x40, 0xa2, 0xb9, 0x8a, 0x0a, 0xf0, 0xdd, 0x7b, 0xfe,
    0x46, 0x2d, 0x4f, 0xfe, 0xbe, 0xe5, 0xff, 0x00, 0xd0, 0xcd, 0x7d, 0xff, 0x00, 0x00, 0x7f, 0xbc,
    0xd6, 0xff, 0x00, 0x0a, 0xfc, 0xcf, 0x33, 0x33, 0xf8, 0x23, 0xea, 0x67, 0xd1, 0x5f, 0xa9, 0x1e,
    0x30, 0x51, 0x40, 0x1e, 0xe5, 0xa0, 0xff, 0x00, 0xc8, 0xbb, 0xa6, 0x7f, 0xd7, 0xa4, 0x5f, 0xfa,
    0x00, 0xad, 0x0a, 0xfe, 0x77, 0xc6, 0x7f, 0xbc, 0xd4, 0xff, 0x00, 0x13, 0xfc, 0xcf, 0xaa, 0xa7,
    0xf0, 0x2f, 0x40, 0xa2, 0xb9, 0x8a, 0x0a, 0xf0, 0xdd, 0x7b, 0xfe, 0x46, 0x2d, 0x4f, 0xfe, 0xbe,
    0xe5, 0xff, 0x00, 0xd0, 0xcd, 0x7d, 0xff, 0x00, 0x00, 0x7f, 0xbc, 0xd6, 0xff, 0x00, 0x0a, 0xfc,
    0xcf, 0x33, 0x33, 0xf8, 0x23, 0xea, 0x67, 0xd1, 0x5f, 0xa9, 0x1e, 0x30, 0x51, 0x40, 0x1e, 0xe5,
    0xa0, 0xff, 0x00, 0xc8, 0xbb, 0xa6, 0x7f, 0xd7, 0xa4, 0x5f, 0xfa, 0x00, 0xad, 0x0a, 0xfe, 0x77,
    0xc6, 0x7f, 0xbc, 0xd4, 0xff, 0x00, 0x13, 0xfc, 0xcf, 0xaa, 0xa7, 0xf0, 0x2f, 0x40, 0xa2, 0xb9,
    0x8a, 0x0a, 0xf0, 0xdd, 0x7b, 0xfe, 0x46, 0x2d, 0x4f, 0xfe, 0xbe, 0xe5, 0xff, 0x00, 0xd0, 0xcd,
    0x7d, 0xff, 0x00, 0x00, 0x7f, 0xbc, 0xd6, 0xff, 0x00, 0x0a, 0xfc, 0xcf, 0x33, 0x33, 0xf8, 0x23,
    0xea, 0x67, 0xd1, 0x5f, 0xa9, 0x1e, 0x30, 0x51, 0x40, 0x1e, 0xe5, 0xa0, 0xff, 0x00, 0xc8, 0xbb,
    0xa6, 0x7f, 0xd7, 0xa4, 0x5f, 0xfa, 0x00, 0xad, 0x0a, 0xfe, 0x77, 0xc6, 0x7f, 0xbc, 0xd4, 0xff,
    0x00, 0x13, 0xfc, 0xcf, 0xaa, 0xa7, 0xf0, 0x2f, 0x40, 0xa2, 0xb9, 0x8a, 0x0a, 0xf0, 0xdd, 0x7b,
    0xfe, 0x46, 0x2d, 0x4f, 0xfe, 0xbe, 0xe5, 0xff, 0x00, 0xd0, 0xcd, 0x7d, 0xff, 0x00, 0x00, 0x7f,
    0xbc, 0xd6, 0xff, 0x00, 0x0a, 0xfc, 0xcf, 0x33, 0x33, 0xf8, 0x23, 0xea, 0x67, 0xd1, 0x5f, 0xa9,
    0x1e, 0x30, 0x51, 0x40, 0x1e, 0xe5, 0xa0, 0xff, 0x00, 0xc8, 0xbb, 0xa6, 0x7f, 0xd7, 0xa4, 0x5f,
    0xfa, 0x00, 0xad, 0x0a, 0xfe, 0x77, 0xc6, 0x7f, 0xbc, 0xd4, 0xff, 0x00, 0x13, 0xfc, 0xcf, 0xaa,
    0xa7, 0xf0, 0x2f, 0x40, 0xa2, 0xb9, 0x8a, 0x0a, 0xf0, 0xdd, 0x7b, 0xfe, 0x46, 0x2d, 0x4f, 0xfe,
    0xbe, 0xe5, 0xff, 0x00, 0xd0, 0xcd, 0x7d, 0xff, 0x00, 0x00, 0x7f, 0xbc, 0xd6, 0xff, 0x00, 0x0a,
    0xfc, 0xcf, 0x33, 0x33, 0xf8, 0x23, 0xea, 0x67, 0xd1, 0x5f, 0xa9, 0x1e, 0x30, 0x51, 0x40, 0x1e,
    0xe5, 0xa0, 0xff, 0x00, 0xc8, 0xbb, 0xa6, 0x7f, 0xd7, 0xa4, 0x5f, 0xfa, 0x00, 0xad, 0x0a, 0xfe,
    0x77, 0xc6, 0x7f, 0xbc, 0xd4, 0xff, 0x00, 0x13, 0xfc, 0xcf, 0xaa, 0xa7, 0xf0, 0x2f, 0x40, 0xa2,
    0xb9, 0x8a, 0x0a, 0xf0, 0xdd, 0x7b, 0xfe, 0x46, 0x2d, 0x4f, 0xfe, 0xbe, 0xe5, 0xff, 0x00, 0xd0,
    0xcd, 0x7d, 0xff, 0x00, 0x00, 0x7f, 0xbc, 0xd6, 0xff, 0x00, 0x0a, 0xfc, 0xcf, 0x33, 0x33, 0xf8,
    0x23, 0xea, 0x67, 0xd1, 0x5f, 0xa9, 0x1e, 0x30, 0x51, 0x40, 0x1e, 0xe5, 0xa0, 0xff, 0x00, 0xc8,
    0xbb, 0xa6, 0x7f, 0xd7, 0xa4, 0x5f, 0xfa, 0x00, 0xad, 0x0a, 0xfe, 0x77, 0xc6, 0x7f, 0xbc, 0xd4,
    0xff, 0x00, 0x13, 0xfc, 0xcf, 0xaa, 0xa7, 0xf0, 0x2f, 0x40, 0xa2, 0xb9, 0x8a, 0x0a, 0xf0, 0xdd,
    0x7b, 0xfe, 0x46, 0x2d, 0x4f, 0xfe, 0xbe, 0xe5, 0xff, 0x00, 0xd0, 0xcd, 0x7d, 0xff, 0x00, 0x00,
    0x7f, 0xbc, 0xd6, 0xff, 0x00, 0x0a, 0xfc, 0xcf, 0x33, 0x33, 0xf8, 0x23, 0xea, 0x67, 0xd1, 0x5f,
    0xa9, 0x1e, 0x30, 0x51, 0x40, 0x1e, 0xe5, 0xa0, 0xff, 0x00, 0xc8, 0xbb, 0xa6, 0x7f, 0xd7, 0xa4,
    0x5f, 0xfa, 0x00, 0xad, 0x0a, 0xfe, 0x77, 0xc6, 0x7f, 0xbc, 0xd4, 0xff, 0x00, 0x13, 0xfc, 0xcf,
    0xaa, 0xa7, 0xf0, 0x2f, 0x40, 0xa2, 0xb9, 0x8a, 0x0a, 0xf0, 0xdd, 0x7b, 0xfe, 0x46, 0x2d, 0x4f,
    0xfe, 0xbe, 0xe5, 0xff, 0x00, 0xd0, 0xcd, 0x7d, 0xff, 0x00, 0x00, 0x7f, 0xbc, 0xd6, 0xff, 0x00,
    0x0a, 0xfc, 0xcf, 0x33, 0x33, 0xf8, 0x23, 0xea, 0x67, 0xd1, 0x5f, 0xa9, 0x1e, 0x30, 0x51, 0x40,
    0x1e, 0xe5, 0xa0, 0xff, 0x00, 0xc8, 0xbb, 0xa6, 0x7f, 0xd7, 0xa4, 0x5f, 0xfa, 0x00, 0xad, 0x0a,
    0xfe, 0x77, 0xc6, 0x7f, 0xbc, 0xd4, 0xff, 0x00, 0x13, 0xfc, 0xcf, 0xaa, 0xa7, 0xf0, 0x2f, 0x40,
    0xa2, 0xb9, 0x8a, 0x0a, 0xf0, 0xdd, 0x7b, 0xfe, 0x46, 0x2d, 0x4f, 0xfe, 0xbe, 0xe5, 0xff, 0x00,
    0xd0, 0xcd, 0x7d, 0xff, 0x00, 0x00, 0x7f, 0xbc, 0xd6, 0xff, 0x00, 0x0a, 0xfc, 0xcf, 0x33, 0x33,
    0xf8, 0x23, 0xea, 0x67, 0xd1, 0x5f, 0xa9, 0x1e, 0x30, 0x51, 0x40, 0x1e, 0xe5, 0xa0, 0xff, 0x00,
    0xc8, 0xbb, 0xa6, 0x7f, 0xd7, 0xa4, 0x5f, 0xfa, 0x00, 0xad, 0x0a, 0xfe, 0x77, 0xc6, 0x7f, 0xbc,
    0xd4, 0xff, 0x00, 0x13, 0xfc, 0xcf, 0xaa, 0xa7, 0xf0, 0x2f, 0x40, 0xa2, 0xb9, 0x8a, 0x0a, 0xf0,
    0xdd, 0x7b, 0xfe, 0x46, 0x2d, 0x4f, 0xfe, 0xbe, 0xe5, 0xff, 0x00, 0xd0, 0xcd, 0x7d, 0xff, 0x00,
    0x00, 0x7f, 0xbc, 0xd6, 0xff, 0x00, 0x0a, 0xfc, 0xcf, 0x33, 0x33, 0xf8, 0x23, 0xea, 0x67, 0xd1,
    0x5f, 0xa9, 0x1e, 0x30, 0x51, 0x40, 0x1e, 0xe5, 0xa0, 0xff, 0x00, 0xc8, 0xbb, 0xa6, 0x7f, 0xd7,
    0xa4, 0x5f, 0xfa, 0x00, 0xad, 0x0a, 0xfe, 0x77, 0xc6, 0x7f, 0xbc, 0xd4, 0xff, 0x00, 0x13, 0xfc,
    0xcf, 0xaa, 0xa7, 0xf0, 0x2f, 0x40, 0xa2, 0xb9, 0x8a, 0x0a, 0xf0, 0xdd, 0x7b, 0xfe, 0x46, 0x2d,
    0x4f, 0xfe, 0xbe, 0xe5, 0xff, 0x00, 0xd0, 0xcd, 0x7d, 0xff, 0x00, 0x00, 0x7f, 0xbc, 0xd6, 0xff,
    0x00, 0x0a, 0xfc, 0xcf, 0x33, 0x33, 0xf8, 0x23, 0xea, 0x67, 0xd1, 0x5f, 0xa9, 0x1e, 0x30, 0x51,
    0x40, 0x1e, 0xe5, 0xa0, 0xff, 0x00, 0xc8, 0xbb, 0xa6, 0x7f, 0xd7, 0xa4, 0x5f, 0xfa, 0x00, 0xad,
    0x0a, 0xfe, 0x77, 0xc6, 0x7f, 0xbc, 0xd4, 0xff, 0x00, 0x13, 0xfc, 0xcf, 0xaa, 0xa7, 0xf0, 0x2f,
    0x40, 0xa2, 0xb9, 0x8a, 0x0a, 0xf0, 0xdd, 0x7b, 0xfe, 0x46, 0x2d, 0x4f, 0xfe, 0xbe, 0xe5, 0xff,
    0x00, 0xd0, 0xcd, 0x7d, 0xff, 0x00, 0x00, 0x7f, 0xbc, 0xd6, 0xff, 0x00, 0x0a, 0xfc, 0xcf, 0x33,
    0x33, 0xf8, 0x23, 0xea, 0x67, 0xd1, 0x5f, 0xa9, 0x1e, 0x30, 0x51, 0x40, 0x1e, 0xe5, 0xa0, 0xff,
    0x00, 0xc8, 0xbb, 0xa6, 0x7f, 0xd7, 0xa4, 0x5f, 0xfa, 0x00, 0xad, 0x0a, 0xfe, 0x77, 0xc6, 0x7f,
    0xbc, 0xd4, 0xff, 0x00, 0x13, 0xfc, 0xcf, 0xaa, 0xa7, 0xf0, 0x2f, 0x40, 0xa2, 0xb9, 0x8a, 0x0a,
    0xf0, 0xdd, 0x7b, 0xfe, 0x46, 0x2d, 0x4f, 0xfe, 0xbe, 0xe5, 0xff, 0x00, 0xd0, 0xcd, 0x7d, 0xff,
    0x00, 0x00, 0x7f, 0xbc, 0xd6, 0xff, 0x00, 0x0a, 0xfc, 0xcf, 0x33, 0x33, 0xf8, 0x23, 0xea, 0x67,
    0xd1, 0x5f, 0xa9, 0x1e, 0x30, 0x51, 0x40, 0x1e, 0xe5, 0xa0, 0xff, 0x00, 0xc8, 0xbb, 0xa6, 0x7f,
    0xd7, 0xa4, 0x5f, 0xfa, 0x00, 0xad, 0x0a, 0xfe, 0x77, 0xc6, 0x7f, 0xbc, 0xd4, 0xff, 0x00, 0x13,
    0xfc, 0xcf, 0xaa, 0xa7, 0xf0, 0x2f, 0x40, 0xa2, 0xb9, 0x8a, 0x0a, 0xf0, 0xdd, 0x7b, 0xfe, 0x46,
    0x2d, 0x4f, 0xfe, 0xbe, 0xe5, 0xff, 0x00, 0xd0, 0xcd, 0x7d, 0xff, 0x00, 0x00, 0x7f, 0xbc, 0xd6,
    0xff, 0x00, 0x0a, 0xfc, 0xcf, 0x33, 0x33, 0xf8, 0x23, 0xea, 0x67, 0xd1, 0x5f, 0xa9, 0x1e, 0x30,
    0x51, 0x40, 0x1e, 0xe5, 0xa0, 0xff, 0x00, 0xc8, 0xbb, 0xa6, 0x7f, 0xd7, 0xa4, 0x5f, 0xfa, 0x00,
    0xad, 0x0a, 0xfe, 0x77, 0xc6, 0x7f, 0xbc, 0xd4, 0xff, 0x00, 0x13, 0xfc, 0xcf, 0xaa, 0xa7, 0xf0,
    0x2f, 0x40, 0xa2, 0xb9, 0x8a, 0x0a, 0xf0, 0xdd, 0x7b, 0xfe, 0x46, 0x2d, 0x4f, 0xfe, 0xbe, 0xe5,
    0xff, 0x00, 0xd0, 0xcd, 0x7d, 0xff, 0x00, 0x00, 0x7f, 0xbc, 0xd6, 0xff, 0x00, 0x0a, 0xfc, 0xcf,
    0x33, 0x33, 0xf8, 0x23, 0xea, 0x67, 0xd1, 0x5f, 0xa9, 0x1e, 0x30, 0x51, 0x40, 0x1e, 0xe5, 0xa0,
    0xff, 0x00, 0xc8, 0xbb, 0xa6, 0x7f, 0xd7, 0xa4, 0x5f, 0xfa, 0x00, 0xad, 0x0a, 0xfe, 0x77, 0xc6,
    0x7f, 0xbc, 0xd4, 0xff, 0x00, 0x13, 0xfc, 0xcf, 0xaa, 0xa7, 0xf0, 0x2f, 0x40, 0xa2, 0xb9, 0x8a,
    0x0a, 0xf0, 0xdd, 0x7b, 0xfe, 0x46, 0x2d, 0x4f, 0xfe, 0xbe, 0xe5, 0xff, 0x00, 0xd0, 0xcd, 0x7d,
    0xff, 0x00, 0x00, 0x7f, 0xbc, 0xd6, 0xff, 0x00, 0x0a, 0xfc, 0xcf, 0x33, 0x33, 0xf8, 0x23, 0xea,
    0x67, 0xd1, 0x5f, 0xa9, 0x1e, 0x30, 0x51, 0x40, 0x1e, 0xe5, 0xa0, 0xff, 0x00, 0xc8, 0xbb, 0xa6,
    0x7f, 0xd7, 0xa4, 0x5f, 0xfa, 0x00, 0xad, 0x0a, 0xfe, 0x77, 0xc6, 0x7f, 0xbc, 0xd4, 0xff, 0x00,
    0x13, 0xfc, 0xcf, 0xaa, 0xa7, 0xf0, 0x2f, 0x40, 0xa2, 0xb9, 0x8a, 0x0a, 0xf0, 0xdd, 0x7b, 0xfe,
    0x46, 0x2d, 0x4f, 0xfe, 0xbe, 0xe5, 0xff, 0x00, 0xd0, 0xcd, 0x7d, 0xff, 0x00, 0x00, 0x7f, 0xbc,
    0xd6, 0xff, 0x00, 0x0a, 0xfc, 0xcf, 0x33, 0x33, 0xf8, 0x23, 0xea, 0x67, 0xd1, 0x5f, 0xa9, 0x1e,
    0x30, 0x51, 0x40, 0x1e, 0xe5, 0xa0, 0xff, 0x00, 0xc8, 0xbb, 0xa6, 0x7f, 0xd7, 0xa4, 0x5f, 0xfa,
    0x00, 0xad, 0x0a, 0xfe, 0x77, 0xc6, 0x7f, 0xbc, 0xd4, 0xff, 0x00, 0x13, 0xfc, 0xcf, 0xaa, 0xa7,
    0xf0, 0x2f, 0x40, 0xa2, 0xb9, 0x8a, 0x0a, 0xf0, 0xdd, 0x7b, 0xfe, 0x46, 0x2d, 0x4f, 0xfe, 0xbe,
    0xe5, 0xff, 0x00, 0xd0, 0xcd, 0x7d, 0xff, 0x00, 0x00, 0x7f, 0xbc, 0xd6, 0xff, 0x00, 0x0a, 0xfc,
    0xcf, 0x33, 0x33, 0xf8, 0x23, 0xea, 0x67, 0xd1, 0x5f, 0xa9, 0x1e, 0x30, 0x51, 0x40, 0x1e, 0xe5,
    0xa0, 0xff, 0x00, 0xc8, 0xbb, 0xa6, 0x7f, 0xd7, 0xa4, 0x5f, 0xfa, 0x00, 0xad, 0x0a, 0xfe, 0x77,
    0xc6, 0x7f, 0xbc, 0xd4, 0xff, 0x00, 0x13, 0xfc, 0xcf, 0xaa, 0xa7, 0xf0, 0x2f, 0x43, 0xe7, 0xda,
    0x2b, 0xfa, 0x20, 0xf9, 0x50, 0xaf, 0x72, 0xd0, 0x7f, 0xe4, 0x5d, 0xd3, 0x3f, 0xeb, 0xd2, 0x2f,
    0xfd, 0x00, 0x57, 0xe7, 0xfc, 0x7f, 0xfe, 0xed, 0x47, 0xfc, 0x4f, 0xf2, 0x3d, 0x3c, 0xb3, 0xe3,
    0x97, 0xa1, 0xa1, 0x45, 0x7e, 0x5c, 0x7b, 0x21, 0x45, 0x00, 0x78, 0x6e, 0xbd, 0xff, 0x00, 0x23,
    0x16, 0xa7, 0xff, 0x00, 0x5f, 0x72, 0xff, 0x00, 0xe8, 0x66, 0xb3, 0xeb, 0xfa, 0x23, 0x05, 0xfe,
    0xed, 0x4f, 0xfc, 0x2b, 0xf2, 0x3e, 0x5a, 0xa7, 0xc6, 0xfd, 0x42, 0x8a, 0xe9, 0x20, 0x2b, 0xdc,
    0xb4, 0x1f, 0xf9, 0x17, 0x74, 0xcf, 0xfa, 0xf4, 0x8b, 0xff, 0x00, 0x40, 0x15, 0xf9, 0xff, 0x00,
    0x1f, 0xff, 0x00, 0xbb, 0x51, 0xff, 0x00, 0x13, 0xfc, 0x8f, 0x4f, 0x2c, 0xf8, 0xe5, 0xe8, 0x68,
    0x51, 0x5f, 0x97, 0x1e, 0xc8, 0x51, 0x40, 0x1e, 0x1b, 0xaf, 0x7f, 0xc8, 0xc5, 0xa9, 0xff, 0x00,
    0xd7, 0xdc, 0xbf, 0xfa, 0x19, 0xac, 0xfa, 0xfe, 0x88, 0xc1, 0x7f, 0xbb, 0x53, 0xff, 0x00, 0x0a,
    0xfc, 0x8f, 0x96, 0xa9, 0xf1, 0xbf, 0x50, 0xa2, 0xba, 0x48, 0x0a, 0xf7, 0x2d, 0x07, 0xfe, 0x45,
    0xdd, 0x33, 0xfe, 0xbd, 0x22, 0xff, 0x00, 0xd0, 0x05, 0x7e, 0x7f, 0xc7, 0xff, 0x00, 0xee, 0xd4,
    0x7f, 0xc4, 0xff, 0x00, 0x23, 0xd3, 0xcb, 0x3e, 0x39, 0x7a, 0x1a, 0x14, 0x57, 0xe5, 0xc7, 0xb2,
    0x14, 0x50, 0x07, 0x86, 0xeb, 0xdf, 0xf2, 0x31, 0x6a, 0x7f, 0xf5, 0xf7, 0x2f, 0xfe, 0x86, 0x6b,
    0x3e, 0xbf, 0xa2, 0x30, 0x5f, 0xee, 0xd4, 0xff, 0x00, 0xc2, 0xbf, 0x23, 0xe5, 0xaa, 0x7c, 0x6f,
    0xd4, 0x28, 0xae, 0x92, 0x02, 0xbd, 0xcb, 0x41, 0xff, 0x00, 0x91, 0x77, 0x4c, 0xff, 0x00, 0xaf,
    0x48, 0xbf, 0xf4, 0x01, 0x5f, 0x9f, 0xf1, 0xff, 0x00, 0xfb, 0xb5, 0x1f, 0xf1, 0x3f, 0xc8, 0xf4,
    0xf2, 0xcf, 0x8e, 0x5e, 0x86, 0x85, 0x15, 0xf9, 0x71, 0xec, 0x85, 0x14, 0x01, 0xe1, 0xba, 0xf7,
    0xfc, 0x8c, 0x5a, 0x9f, 0xfd, 0x7d, 0xcb, 0xff, 0x00, 0xa1, 0x9a, 0xcf, 0xaf, 0xe8, 0x8c, 0x17,
    0xfb, 0xb5, 0x3f, 0xf0, 0xaf, 0xc8, 0xf9, 0x6a, 0x9f, 0x1b, 0xf5, 0x0a, 0x2b, 0xa4, 0x80, 0xaf,
    0x72, 0xd0, 0x7f, 0xe4, 0x5d, 0xd3, 0x3f, 0xeb, 0xd2, 0x2f, 0xfd, 0x00, 0x57, 0xe7, 0xfc, 0x7f,
    0xfe, 0xed, 0x47, 0xfc, 0x4f, 0xf2, 0x3d, 0x3c, 0xb3, 0xe3, 0x97, 0xa1, 0xa1, 0x45, 0x7e, 0x5c,
    0x7b, 0x21, 0x45, 0x00, 0x78, 0x6e, 0xbd, 0xff, 0x00, 0x23, 0x16, 0xa7, 0xff, 0x00, 0x5f, 0x72,
    0xff, 0x00, 0xe8, 0x66, 0xb3, 0xeb, 0xfa, 0x23, 0x05, 0xfe, 0xed, 0x4f, 0xfc, 0x2b, 0xf2, 0x3e,
    0x5a, 0xa7, 0xc6, 0xfd, 0x42, 0x8a, 0xe9, 0x20, 0x2b, 0xdc, 0xb4, 0x1f, 0xf9, 0x17, 0x74, 0xcf,
    0xfa, 0xf4, 0x8b, 0xff, 0x00, 0x40, 0x15, 0xf9, 0xff, 0x00, 0x1f, 0xff, 0x00, 0xbb, 0x51, 0xff,
    0x00, 0x13, 0xfc, 0x8f, 0x4f, 0x2c, 0xf8, 0xe5, 0xe8, 0x68, 0x51, 0x5f, 0x97, 0x1e, 0xc8, 0x51,
    0x40, 0x1e, 0x1b, 0xaf, 0x7f, 0xc8, 0xc5, 0xa9, 0xff, 0x00, 0xd7, 0xdc, 0xbf, 0xfa, 0x19, 0xac,
    0xfa, 0xfe, 0x88, 0xc1, 0x7f, 0xbb, 0x53, 0xff, 0x00, 0x0a, 0xfc, 0x8f, 0x96, 0xa9, 0xf1, 0xbf,
    0x50, 0xa2, 0xba, 0x48, 0x0a, 0xf7, 0x2d, 0x07, 0xfe, 0x45, 0xdd, 0x33, 0xfe, 0xbd, 0x22, 0xff,
    0x00, 0xd0, 0x05, 0x7e, 0x7f, 0xc7, 0xff, 0x00, 0xee, 0xd4, 0x7f, 0xc4, 0xff, 0x00, 0x23, 0xd3,
    0xcb, 0x3e, 0x39, 0x7a, 0x1a, 0x14, 0x57, 0xe5, 0xc7, 0xb2, 0x14, 0x50, 0x07, 0x86, 0xeb, 0xdf,
    0xf2, 0x31, 0x6a, 0x7f, 0xf5, 0xf7, 0x2f, 0xfe, 0x86, 0x6b, 0x3e, 0xbf, 0xa2, 0x30, 0x5f, 0xee,
    0xd4, 0xff, 0x00, 0xc2, 0xbf, 0x23, 0xe5, 0xaa, 0x7c, 0x6f, 0xd4, 0x28, 0xae, 0x92, 0x02, 0xbd,
    0xcb, 0x41, 0xff, 0x00, 0x91, 0x77, 0x4c, 0xff, 0x00, 0xaf, 0x48, 0xbf, 0xf4, 0x01, 0x5f, 0x9f,
    0xf1, 0xff, 0x00, 0xfb, 0xb5, 0x1f, 0xf1, 0x3f, 0xc8, 0xf4, 0xf2, 0xcf, 0x8e, 0x5e, 0x86, 0x85,
    0x15, 0xf9, 0x71, 0xec, 0x85, 0x14, 0x01, 0xe1, 0xba, 0xf7, 0xfc, 0x8c, 0x5a, 0x9f, 0xfd, 0x7d,
    0xcb, 0xff, 0x00, 0xa1, 0x9a, 0xcf, 0xaf, 0xe8, 0x8c, 0x17, 0xfb, 0xb5, 0x3f, 0xf0, 0xaf, 0xc8,
    0xf9, 0x6a, 0x9f, 0x1b, 0xf5, 0x0a, 0x2b, 0xa4, 0x80, 0xaf, 0x72, 0xd0, 0x7f, 0xe4, 0x5d, 0xd3,
    0x3f, 0xeb, 0xd2, 0x2f, 0xfd, 0x00, 0x57, 0xe7, 0xfc, 0x7f, 0xfe, 0xed, 0x47, 0xfc, 0x4f, 0xf2,
    0x3d, 0x3c, 0xb3, 0xe3, 0x97, 0xa1, 0xa1, 0x45, 0x7e, 0x5c, 0x7b, 0x21, 0x45, 0x00, 0x78, 0x6e,
    0xbd, 0xff, 0x00, 0x23, 0x16, 0xa7, 0xff, 0x00, 0x5f, 0x72, 0xff, 0x00, 0xe8, 0x66, 0xb3, 0xeb,
    0xfa, 0x23, 0x05, 0xfe, 0xed, 0x4f, 0xfc, 0x2b, 0xf2, 0x3e, 0x5a, 0xa7, 0xc6, 0xfd, 0x42, 0x8a,
    0xe9, 0x20, 0x2b, 0xdc, 0xb4, 0x1f, 0xf9, 0x17, 0x74, 0xcf, 0xfa, 0xf4, 0x8b, 0xff, 0x00, 0x40,
    0x15, 0xf9, 0xff, 0x00, 0x1f, 0xff, 0x00, 0xbb, 0x51, 0xff, 0x00, 0x13, 0xfc, 0x8f, 0x4f, 0x2c,
    0xf8, 0xe5, 0xe8, 0x68, 0x51, 0x5f, 0x97, 0x1e, 0xc8, 0x51, 0x40, 0x1e, 0x1b, 0xaf, 0x7f, 0xc8,
    0xc5, 0xa9, 0xff, 0x00, 0xd7, 0xdc, 0xbf, 0xfa, 0x19, 0xac, 0xfa, 0xfe, 0x88, 0xc1, 0x7f, 0xbb,
    0x53, 0xff, 0x00, 0x0a, 0xfc, 0x8f, 0x96, 0xa9, 0xf1, 0xbf, 0x50, 0xa2, 0xba, 0x48, 0x0a, 0xf7,
    0x2d, 0x07, 0xfe, 0x45, 0xdd, 0x33, 0xfe, 0xbd, 0x22, 0xff, 0x00, 0xd0, 0x05, 0x7e, 0x7f, 0xc7,
    0xff, 0x00, 0xee, 0xd4, 0x7f, 0xc4, 0xff, 0x00, 0x23, 0xd3, 0xcb, 0x3e, 0x39, 0x7a, 0x1a, 0x14,
    0x57, 0xe5, 0xc7, 0xb2, 0x14, 0x50, 0x07, 0x86, 0xeb, 0xdf, 0xf2, 0x31, 0x6a, 0x7f, 0xf5, 0xf7,
    0x2f, 0xfe, 0x86, 0x6b, 0x3e, 0xbf, 0xa2, 0x30, 0x5f, 0xee, 0xd4, 0xff, 0x00, 0xc2, 0xbf, 0x23,
    0xe5, 0xaa, 0x7c, 0x6f, 0xd4, 0x28, 0xae, 0x92, 0x02, 0xbd, 0xcb, 0x41, 0xff, 0x00, 0x91, 0x77,
    0x4c, 0xff, 0x00, 0xaf, 0x48, 0xbf, 0xf4, 0x01, 0x5f, 0x9f, 0xf1, 0xff, 0x00, 0xfb, 0xb5, 0x1f,
    0xf1, 0x3f, 0xc8, 0xf4, 0xf2, 0xcf, 0x8e, 0x5e, 0x86, 0x85, 0x15, 0xf9, 0x71, 0xec, 0x85, 0x14,
    0x01, 0xe1, 0xba, 0xf7, 0xfc, 0x8c, 0x5a, 0x9f, 0xfd, 0x7d, 0xcb, 0xff, 0x00, 0xa1, 0x9a, 0xcf,
    0xaf, 0xe8, 0x8c, 0x17, 0xfb, 0xb5, 0x3f, 0xf0, 0xaf, 0xc8, 0xf9, 0x6a, 0x9f, 0x1b, 0xf5, 0x0a,
    0x2b, 0xa4, 0x80, 0xaf, 0x72, 0xd0, 0x7f, 0xe4, 0x5d, 0xd3, 0x3f, 0xeb, 0xd2, 0x2f, 0xfd, 0x00,
    0x57, 0xe7, 0xfc, 0x7f, 0xfe, 0xed, 0x47, 0xfc, 0x4f, 0xf2, 0x3d, 0x3c, 0xb3, 0xe3, 0x97, 0xa1,
    0xa1, 0x45, 0x7e, 0x5c, 0x7b, 0x21, 0x45, 0x00, 0x78, 0x6e, 0xbd, 0xff, 0x00, 0x23, 0x16, 0xa7,
    0xff, 0x00, 0x5f, 0x72, 0xff, 0x00, 0xe8, 0x66, 0xb3, 0xeb, 0xfa, 0x23, 0x05, 0xfe, 0xed, 0x4f,
    0xfc, 0x2b, 0xf2, 0x3e, 0x5a, 0xa7, 0xc6, 0xfd, 0x42, 0x8a, 0xe9, 0x20, 0x2b, 0xdc, 0xb4, 0x1f,
    0xf9, 0x17, 0x74, 0xcf, 0xfa, 0xf4, 0x8b, 0xff, 0x00, 0x40, 0x15, 0xf9, 0xff, 0x00, 0x1f, 0xff,
    0x00, 0xbb, 0x51, 0xff, 0x00, 0x13, 0xfc, 0x8f, 0x4f, 0x2c, 0xf8, 0xe5, 0xe8, 0x68, 0x51, 0x5f,
    0x97, 0x1e, 0xc8, 0x51, 0x40, 0x1e, 0x1b, 0xaf, 0x7f, 0xc8, 0xc5, 0xa9, 0xff, 0x00, 0xd7, 0xdc,
    0xbf, 0xfa, 0x19, 0xac, 0xfa, 0xfe, 0x88, 0xc1, 0x7f, 0xbb, 0x53, 0xff, 0x00, 0x0a, 0xfc, 0x8f,
    0x96, 0xa9, 0xf1, 0xbf, 0x50, 0xa2, 0xba, 0x48, 0x0a, 0xf7, 0x2d, 0x07, 0xfe, 0x45, 0xdd, 0x33,
    0xfe, 0xbd, 0x22, 0xff, 0x00, 0xd0, 0x05, 0x7e, 0x7f, 0xc7, 0xff, 0x00, 0xee, 0xd4, 0x7f, 0xc4,
    0xff, 0x00, 0x23, 0xd3, 0xcb, 0x3e, 0x39, 0x7a, 0x1a, 0x14, 0x57, 0xe5, 0xc7, 0xb2, 0x14, 0x50,
    0x07, 0x86, 0xeb, 0xdf, 0xf2, 0x31, 0x6a, 0x7f, 0xf5, 0xf7, 0x2f, 0xfe, 0x86, 0x6b, 0x3e, 0xbf,
    0xa2, 0x30, 0x5f, 0xee, 0xd4, 0xff, 0x00, 0xc2, 0xbf, 0x23, 0xe5, 0xaa, 0x7c, 0x6f, 0xd4, 0x28,
    0xae, 0x92, 0x02, 0xbd, 0xcb, 0x41, 0xff, 0x00, 0x91, 0x77, 0x4c, 0xff, 0x00, 0xaf, 0x48, 0xbf,
    0xf4, 0x01, 0x5f, 0x9f, 0xf1, 0xff, 0x00, 0xfb, 0xb5, 0x1f, 0xf1, 0x3f, 0xc8, 0xf4, 0xf2, 0xcf,
    0x8e, 0x5e, 0x86, 0x85, 0x15, 0xf9, 0x71, 0xec, 0x85, 0x14, 0x01, 0xe1, 0xba, 0xf7, 0xfc, 0x8c,
    0x5a, 0x9f, 0xfd, 0x7d, 0xcb, 0xff, 0x00, 0xa1, 0x9a, 0xcf, 0xaf, 0xe8, 0x8c, 0x17, 0xfb, 0xb5,
    0x3f, 0xf0, 0xaf, 0xc8, 0xf9, 0x6a, 0x9f, 0x1b, 0xf5, 0x0a, 0x2b, 0xa4, 0x80, 0xaf, 0x72, 0xd0,
    0x7f, 0xe4, 0x5d, 0xd3, 0x3f, 0xeb, 0xd2, 0x2f, 0xfd, 0x00, 0x57, 0xe7, 0xfc, 0x7f, 0xfe, 0xed,
    0x47, 0xfc, 0x4f, 0xf2, 0x3d, 0x3c, 0xb3, 0xe3, 0x97, 0xa1, 0xa1, 0x45, 0x7e, 0x5c, 0x7b, 0x21,
    0x45, 0x00, 0x78, 0x6e, 0xbd, 0xff, 0x00, 0x23, 0x16, 0xa7, 0xff, 0x00, 0x5f, 0x72, 0xff, 0x00,
    0xe8, 0x66, 0xb3, 0xeb, 0xfa, 0x23, 0x05, 0xfe, 0xed, 0x4f, 0xfc, 0x2b, 0xf2, 0x3e, 0x5a, 0xa7,
    0xc6, 0xfd, 0x42, 0x8a, 0xe9, 0x20, 0x2b, 0xdc, 0xb4, 0x1f, 0xf9, 0x17, 0x74, 0xcf, 0xfa, 0xf4,
    0x8b, 0xff, 0x00, 0x40, 0x15, 0xf9, 0xff, 0x00, 0x1f, 0xff, 0x00, 0xbb, 0x51, 0xff, 0x00, 0x13,
    0xfc, 0x8f, 0x4f, 0x2c, 0xf8, 0xe5, 0xe8, 0x68, 0x51, 0x5f, 0x97, 0x1e, 0xc8, 0x51, 0x40, 0x1e,
    0x1b, 0xaf, 0x7f, 0xc8, 0xc5, 0xa9, 0xff, 0x00, 0xd7, 0xdc, 0xbf, 0xfa, 0x19, 0xac, 0xfa, 0xfe,
    0x88, 0xc1, 0x7f, 0xbb, 0x53, 0xff, 0x00, 0x0a, 0xfc, 0x8f, 0x96, 0xa9, 0xf1, 0xbf, 0x50, 0xa2,
    0xba, 0x48, 0x0a, 0xf7, 0x2d, 0x07, 0xfe, 0x45, 0xdd, 0x33, 0xfe, 0xbd, 0x22, 0xff, 0x00, 0xd0,
    0x05, 0x7e, 0x7f, 0xc7, 0xff, 0x00, 0xee, 0xd4, 0x7f, 0xc4, 0xff, 0x00, 0x23, 0xd3, 0xcb, 0x3e,
    0x39, 0x7a, 0x1a, 0x14, 0x57, 0xe5, 0xc7, 0xb2, 0x14, 0x50, 0x07, 0x86, 0xeb, 0xdf, 0xf2, 0x31,
    0x6a, 0x7f, 0xf5, 0xf7, 0x2f, 0xfe, 0x86, 0x6b, 0x3e, 0xbf, 0xa2, 0x30, 0x5f, 0xee, 0xd4, 0xff,
    0x00, 0xc2, 0xbf, 0x23, 0xe5, 0xaa, 0x7c, 0x6f, 0xd4, 0x28, 0xae, 0x92, 0x02, 0xbd, 0xcb, 0x41,
    0xff, 0x00, 0x91, 0x77, 0x4c, 0xff, 0x00, 0xaf, 0x48, 0xbf, 0xf4, 0x01, 0x5f, 0x9f, 0xf1, 0xff,
    0x00, 0xfb, 0xb5, 0x1f, 0xf1, 0x3f, 0xc8, 0xf4, 0xf2, 0xcf, 0x8e, 0x5e, 0x86, 0x85, 0x15, 0xf9,
    0x71, 0xec, 0x85, 0x14, 0x01, 0xe1, 0xba, 0xf7, 0xfc, 0x8c, 0x5a, 0x9f, 0xfd, 0x7d, 0xcb, 0xff,
    0x00, 0xa1, 0x9a, 0xcf, 0xaf, 0xe8, 0x8c, 0x17, 0xfb, 0xb5, 0x3f, 0xf0, 0xaf, 0xc8, 0xf9, 0x6a,
    0x9f, 0x1b, 0xf5, 0x3e, 0x82, 0xa2, 0xbf, 0x9d, 0xcf, 0xa9, 0x0a, 0xf0, 0xdd, 0x7b, 0xfe, 0x46,
    0x2d, 0x4f, 0xfe, 0xbe, 0xe5, 0xff, 0x00, 0xd0, 0xcd, 0x7d, 0xff, 0x00, 0x00, 0x7f, 0xbc, 0xd6,
    0xff, 0x00, 0x0a, 0xfc, 0xcf, 0x33, 0x33, 0xf8, 0x23, 0xea, 0x67, 0xd1, 0x5f, 0xa9, 0x1e, 0x30,
    0x51, 0x40, 0x1e, 0xe5, 0xa0, 0xff, 0x00, 0xc8, 0xbb, 0xa6, 0x7f, 0xd7, 0xa4, 0x5f, 0xfa, 0x00,
    0xad, 0x0a, 0xfe, 0x77, 0xc6, 0x7f, 0xbc, 0xd4, 0xff, 0x00, 0x13, 0xfc, 0xcf, 0xaa, 0xa7, 0xf0,
    0x2f, 0x40, 0xa2, 0xb9, 0x8a, 0x0a, 0xf0, 0xdd, 0x7b, 0xfe, 0x46, 0x2d, 0x4f, 0xfe, 0xbe, 0xe5,
    0xff, 0x00, 0xd0, 0xcd, 0x7d, 0xff, 0x00, 0x00, 0x7f, 0xbc, 0xd6, 0xff, 0x00, 0x0a, 0xfc, 0xcf,
    0x33, 0x33, 0xf8, 0x23, 0xea, 0x67, 0xd1, 0x5f, 0xa9, 0x1e, 0x30, 0x51, 0x40, 0x1e, 0xe5, 0xa0,
    0xff, 0x00, 0xc8, 0xbb, 0xa6, 0x7f, 0xd7, 0xa4, 0x5f, 0xfa, 0x00, 0xad, 0x0a, 0xfe, 0x77, 0xc6,
    0x7f, 0xbc, 0xd4, 0xff, 0x00, 0x13, 0xfc, 0xcf, 0xaa, 0xa7, 0xf0, 0x2f, 0x40, 0xa2, 0xb9, 0x8a,
    0x0a, 0xf0, 0xdd, 0x7b, 0xfe, 0x46, 0x2d, 0x4f, 0xfe, 0xbe, 0xe5, 0xff, 0x00, 0xd0, 0xcd, 0x7d,
    0xff, 0x00, 0x00, 0x7f, 0xbc, 0xd6, 0xff, 0x00, 0x0a, 0xfc, 0xcf, 0x33, 0x33, 0xf8, 0x23, 0xea,
    0x67, 0xd1, 0x5f, 0xa9, 0x1e, 0x30, 0x51, 0x40, 0x1e, 0xe5, 0xa0, 0xff, 0x00, 0xc8, 0xbb, 0xa6,
    0x7f, 0xd7, 0xa4, 0x5f, 0xfa, 0x00, 0xad, 0x0a, 0xfe, 0x77, 0xc6, 0x7f, 0xbc, 0xd4, 0xff, 0x00,
    0x13, 0xfc, 0xcf, 0xaa, 0xa7, 0xf0, 0x2f, 0x40, 0xa2, 0xb9, 0x8a, 0x0a, 0xf0, 0xdd, 0x7b, 0xfe,
    0x46, 0x2d, 0x4f, 0xfe, 0xbe, 0xe5, 0xff, 0x00, 0xd0, 0xcd, 0x7d, 0xff, 0x00, 0x00, 0x7f, 0xbc,
    0xd6, 0xff, 0x00, 0x0a, 0xfc, 0xcf, 0x33, 0x33, 0xf8, 0x23, 0xea, 0x67, 0xd1, 0x5f, 0xa9, 0x1e,
    0x30, 0x51, 0x40, 0x1e, 0xe5, 0xa0, 0xff, 0x00, 0xc8, 0xbb, 0xa6, 0x7f, 0xd7, 0xa4, 0x5f, 0xfa,
    0x00, 0xad, 0x0a, 0xfe, 0x77, 0xc6, 0x7f, 0xbc, 0xd4, 0xff, 0x00, 0x13, 0xfc, 0xcf, 0xaa, 0xa7,
    0xf0, 0x2f, 0x40, 0xa2, 0xb9, 0x8a, 0x0a, 0xf0, 0xdd, 0x7b, 0xfe, 0x46, 0x2d, 0x4f, 0xfe, 0xbe,
    0xe5, 0xff, 0x00, 0xd0, 0xcd, 0x7d, 0xff, 0x00, 0x00, 0x7f, 0xbc, 0xd6, 0xff, 0x00, 0x0a, 0xfc,
    0xcf, 0x33, 0x33, 0xf8, 0x23, 0xea, 0x67, 0xd1, 0x5f, 0xa9, 0x1e, 0x30, 0x51, 0x40, 0x1e, 0xe5,
    0xa0, 0xff, 0x00, 0xc8, 0xbb, 0xa6, 0x7f, 0xd7, 0xa4, 0x5f, 0xfa, 0x00, 0xad, 0x0a, 0xfe, 0x77,
    0xc6, 0x7f, 0xbc, 0xd4, 0xff, 0x00, 0x13, 0xfc, 0xcf, 0xaa, 0xa7, 0xf0, 0x2f, 0x40, 0xa2, 0xb9,
    0x8a, 0x0a, 0xf0, 0xdd, 0x7b, 0xfe, 0x46, 0x2d, 0x4f, 0xfe, 0xbe, 0xe5, 0xff, 0x00, 0xd0, 0xcd,
    0x7d, 0xff, 0x00, 0x00, 0x7f, 0xbc, 0xd6, 0xff, 0x00, 0x0a, 0xfc, 0xcf, 0x33, 0x33, 0xf8, 0x23,
    0xea, 0x67, 0xd1, 0x5f, 0xa9, 0x1e, 0x30, 0x51, 0x40, 0x1e, 0xe5, 0xa0, 0xff, 0x00, 0xc8, 0xbb,
    0xa6, 0x7f, 0xd7, 0xa4, 0x5f, 0xfa, 0x00, 0xad, 0x0a, 0xfe, 0x77, 0xc6, 0x7f, 0xbc, 0xd4, 0xff,
    0x00, 0x13, 0xfc, 0xcf, 0xaa, 0xa7, 0xf0, 0x2f, 0x40, 0xa2, 0xb9, 0x8a, 0x0a, 0xf0, 0xdd, 0x7b,
    0xfe, 0x46, 0x2d, 0x4f, 0xfe, 0xbe, 0xe5, 0xff, 0x00, 0xd0, 0xcd, 0x7d, 0xff, 0x00, 0x00, 0x7f,
    0xbc, 0xd6, 0xff, 0x00, 0x0a, 0xfc, 0xcf, 0x33, 0x33, 0xf8, 0x23, 0xea, 0x67, 0xd1, 0x5f, 0xa9,
    0x1e, 0x30, 0x51, 0x40, 0x1e, 0xe5, 0xa0, 0xff, 0x00, 0xc8, 0xbb, 0xa6, 0x7f, 0xd7, 0xa4, 0x5f,
    0xfa, 0x00, 0xad, 0x0a, 0xfe, 0x77, 0xc6, 0x7f, 0xbc, 0xd4, 0xff, 0x00, 0x13, 0xfc, 0xcf, 0xaa,
    0xa7, 0xf0, 0x2f, 0x40, 0xa2, 0xb9, 0x8a, 0x0a, 0xf0, 0xdd, 0x7b, 0xfe, 0x46, 0x2d, 0x4f, 0xfe,
    0xbe, 0xe5, 0xff, 0x00, 0xd0, 0xcd, 0x7d, 0xff, 0x00, 0x00, 0x7f, 0xbc, 0xd6, 0xff, 0x00, 0x0a,
    0xfc, 0xcf, 0x33, 0x33, 0xf8, 0x23, 0xea, 0x67, 0xd1, 0x5f, 0xa9, 0x1e, 0x30, 0x51, 0x40, 0x1e,
    0xe5, 0xa0, 0xff, 0x00, 0xc8, 0xbb, 0xa6, 0x7f, 0xd7, 0xa4, 0x5f, 0xfa, 0x00, 0xad, 0x0a, 0xfe,
    0x77, 0xc6, 0x7f, 0xbc, 0xd4, 0xff, 0x00, 0x13, 0xfc, 0xcf, 0xaa, 0xa7, 0xf0, 0x2f, 0x40, 0xa2,
    0xb9, 0x8a, 0x0a, 0xf0, 0xdd, 0x7b, 0xfe, 0x46, 0x2d, 0x4f, 0xfe, 0xbe, 0xe5, 0xff, 0x00, 0xd0,
    0xcd, 0x7d, 0xff, 0x00, 0x00, 0x7f, 0xbc, 0xd6, 0xff, 0x00, 0x0a, 0xfc, 0xcf, 0x33, 0x33, 0xf8,
    0x23, 0xea, 0x67, 0xd1, 0x5f, 0xa9, 0x1e, 0x30, 0x51, 0x40, 0x1e, 0xe5, 0xa0, 0xff, 0x00, 0xc8,
    0xbb, 0xa6, 0x7f, 0xd7, 0xa4, 0x5f, 0xfa, 0x00, 0xad, 0x0a, 0xfe, 0x77, 0xc6, 0x7f, 0xbc, 0xd4,
    0xff, 0x00, 0x13, 0xfc, 0xcf, 0xaa, 0xa7, 0xf0, 0x2f, 0x40, 0xa2, 0xb9, 0x8a, 0x0a, 0xf0, 0xdd,
    0x7b, 0xfe, 0x46, 0x2d, 0x4f, 0xfe, 0xbe, 0xe5, 0xff, 0x00, 0xd0, 0xcd, 0x7d, 0xff, 0x00, 0x00,
    0x7f, 0xbc, 0xd6, 0xff, 0x00, 0x0a, 0xfc, 0xcf, 0x33, 0x33, 0xf8, 0x23, 0xea, 0x67, 0xd1, 0x5f,
    0xa9, 0x1e, 0x30, 0x51, 0x40, 0x1e, 0xe5, 0xa0, 0xff, 0x00, 0xc8, 0xbb, 0xa6, 0x7f, 0xd7, 0xa4,
    0x5f, 0xfa, 0x00, 0xad, 0x0a, 0xfe, 0x77, 0xc6, 0x7f, 0xbc, 0xd4, 0xff, 0x00, 0x13, 0xfc, 0xcf,
    0xaa, 0xa7, 0xf0, 0x2f, 0x40, 0xa2, 0xb9, 0x8a, 0x0a, 0xf0, 0xdd, 0x7b, 0xfe, 0x46, 0x2d, 0x4f,
    0xfe, 0xbe, 0xe5, 0xff, 0x00, 0xd0, 0xcd, 0x7d, 0xff, 0x00, 0x00, 0x7f, 0xbc, 0xd6, 0xff, 0x00,
    0x0a, 0xfc, 0xcf, 0x33, 0x33, 0xf8, 0x23, 0xea, 0x67, 0xd1, 0x5f, 0xa9, 0x1e, 0x30, 0x51, 0x40,
    0x1e, 0xe5, 0xa0, 0xff, 0x00, 0xc8, 0xbb, 0xa6, 0x7f, 0xd7, 0xa4, 0x5f, 0xfa, 0x00, 0xad, 0x0a,
    0xfe, 0x77, 0xc6, 0x7f, 0xbc, 0xd4, 0xff, 0x00, 0x13, 0xfc, 0xcf, 0xaa, 0xa7, 0xf0, 0x2f, 0x40,
    0xa2, 0xb9, 0x8a, 0x0a, 0xf0, 0xdd, 0x7b, 0xfe, 0x46, 0x2d, 0x4f, 0xfe, 0xbe, 0xe5, 0xff, 0x00,
    0xd0, 0xcd, 0x7d, 0xff, 0x00, 0x00, 0x7f, 0xbc, 0xd6, 0xff, 0x00, 0x0a, 0xfc, 0xcf, 0x33, 0x33,
    0xf8, 0x23, 0xea, 0x67, 0xd1, 0x5f, 0xa9, 0x1e, 0x30, 0x51, 0x40, 0x1e, 0xe5, 0xa0, 0xff, 0x00,
    0xc8, 0xbb, 0xa6, 0x7f, 0xd7, 0xa4, 0x5f, 0xfa, 0x00, 0xad, 0x0a, 0xfe, 0x77, 0xc6, 0x7f, 0xbc,
    0xd4, 0xff, 0x00, 0x13, 0xfc, 0xcf, 0xaa, 0xa7, 0xf0, 0x2f, 0x40, 0xa2, 0xb9, 0x8a, 0x0a, 0xf0,
    0xdd, 0x7b, 0xfe, 0x46, 0x2d, 0x4f, 0xfe, 0xbe, 0xe5, 0xff, 0x00, 0xd0, 0xcd, 0x7d, 0xff, 0x00,
    0x00, 0x7f, 0xbc, 0xd6, 0xff, 0x00, 0x0a, 0xfc, 0xcf, 0x33, 0x33, 0xf8, 0x23, 0xea, 0x67, 0xd1,
    0x5f, 0xa9, 0x1e, 0x30, 0x51, 0x40, 0x1e, 0xe5, 0xa0, 0xff, 0x00, 0xc8, 0xbb, 0xa6, 0x7f, 0xd7,
    0xa4, 0x5f, 0xfa, 0x00, 0xad, 0x0a, 0xfe, 0x77, 0xc6, 0x7f, 0xbc, 0xd4, 0xff, 0x00, 0x13, 0xfc,
    0xcf, 0xaa, 0xa7, 0xf0, 0x2f, 0x40, 0xa2, 0xb9, 0x8a, 0x0a, 0xf0, 0xdd, 0x7b, 0xfe, 0x46, 0x2d,
    0x4f, 0xfe, 0xbe, 0xe5, 0xff, 0x00, 0xd0, 0xcd, 0x7d, 0xff, 0x00, 0x00, 0x7f, 0xbc, 0xd6, 0xff,
    0x00, 0x0a, 0xfc, 0xcf, 0x33, 0x33, 0xf8, 0x23, 0xea, 0x67, 0xd1, 0x5f, 0xa9, 0x1e, 0x30, 0x51,
    0x40, 0x1e, 0xe5, 0xa0, 0xff, 0x00, 0xc8, 0xbb, 0xa6, 0x7f, 0xd7, 0xa4, 0x5f, 0xfa, 0x00, 0xad,
    0x0a, 0xfe, 0x77, 0xc6, 0x7f, 0xbc, 0xd4, 0xff, 0x00, 0x13, 0xfc, 0xcf, 0xaa, 0xa7, 0xf0, 0x2f,
    0x40, 0xa2, 0xb9, 0x8a, 0x0a, 0xf0, 0xdd, 0x7b, 0xfe, 0x46, 0x2d, 0x4f, 0xfe, 0xbe, 0xe5, 0xff,
    0x00, 0xd0, 0xcd, 0x7d, 0xff, 0x00, 0x00, 0x7f, 0xbc, 0xd6, 0xff, 0x00, 0x0a, 0xfc, 0xcf, 0x33,
    0x33, 0xf8, 0x23, 0xea, 0x67, 0xd1, 0x5f, 0xa9, 0x1e, 0x30, 0x51, 0x40, 0x1e, 0xe5, 0xa0, 0xff,
    0x00, 0xc8, 0xbb, 0xa6, 0x7f, 0xd7, 0xa4, 0x5f, 0xfa, 0x00, 0xad, 0x0a, 0xfe, 0x77, 0xc6, 0x7f,
    0xbc, 0xd4, 0xff, 0x00, 0x13, 0xfc, 0xcf, 0xaa, 0xa7, 0xf0, 0x2f, 0x40, 0xa2, 0xb9, 0x8a, 0x0a,
    0xf0, 0xdd, 0x7b, 0xfe, 0x46, 0x2d, 0x4f, 0xfe, 0xbe, 0xe5, 0xff, 0x00, 0xd0, 0xcd, 0x7d, 0xff,
    0x00, 0x00, 0x7f, 0xbc, 0xd6, 0xff, 0x00, 0x0a, 0xfc, 0xcf, 0x33, 0x33, 0xf8, 0x23, 0xea, 0x67,
    0xd1, 0x5f, 0xa9, 0x1e, 0x30, 0x51, 0x40, 0x1e, 0xe5, 0xa0, 0xff, 0x00, 0xc8, 0xbb, 0xa6, 0x7f,
    0xd7, 0xa4, 0x5f, 0xfa, 0x00, 0xad, 0x0a, 0xfe, 0x77, 0xc6, 0x7f, 0xbc, 0xd4, 0xff, 0x00, 0x13,
    0xfc, 0xcf, 0xaa, 0xa7, 0xf0, 0x2f, 0x40, 0xa2, 0xb9, 0x8a, 0x0a, 0xf0, 0xdd, 0x7b, 0xfe, 0x46,
    0x2d, 0x4f, 0xfe, 0xbe, 0xe5, 0xff, 0x00, 0xd0, 0xcd, 0x7d, 0xff, 0x00, 0x00, 0x7f, 0xbc, 0xd6,
    0xff, 0x00, 0x0a, 0xfc, 0xcf, 0x33, 0x33, 0xf8, 0x23, 0xea, 0x67, 0xd1, 0x5f, 0xa9, 0x1e, 0x30,
    0x51, 0x40, 0x1e, 0xe5, 0xa0, 0xff, 0x00, 0xc8, 0xbb, 0xa6, 0x7f, 0xd7, 0xa4, 0x5f, 0xfa, 0x00,
    0xad, 0x0a, 0xfe, 0x77, 0xc6, 0x7f, 0xbc, 0xd4, 0xff, 0x00, 0x13, 0xfc, 0xcf, 0xaa, 0xa7, 0xf0,
    0x2f, 0x40, 0xa2, 0xb9, 0x8a, 0x0a, 0xf0, 0xdd, 0x7b, 0xfe, 0x46, 0x2d, 0x4f, 0xfe, 0xbe, 0xe5,
    0xff, 0x00, 0xd0, 0xcd, 0x7d, 0xff, 0x00, 0x00, 0x7f, 0xbc, 0xd6, 0xff, 0x00, 0x0a, 0xfc, 0xcf,
    0x33, 0x33, 0xf8, 0x23, 0xea, 0x67, 0xd1, 0x5f, 0xa9, 0x1e, 0x30, 0x51, 0x40, 0x1e, 0xe5, 0xa0,
    0xff, 0x00, 0xc8, 0xbb, 0xa6, 0x7f, 0xd7, 0xa4, 0x5f, 0xfa, 0x00, 0xad, 0x0a, 0xfe, 0x77, 0xc6,
    0x7f, 0xbc, 0xd4, 0xff, 0x00, 0x13, 0xfc, 0xcf, 0xaa, 0xa7, 0xf0, 0x2f, 0x40, 0xa2, 0xb9, 0x8a,
    0x0a, 0xf0, 0xdd, 0x7b, 0xfe, 0x46, 0x2d, 0x4f, 0xfe, 0xbe, 0xe5, 0xff, 0x00, 0xd0, 0xcd, 0x7d,
    0xff, 0x00, 0x00, 0x7f, 0xbc, 0xd6, 0xff, 0x00, 0x0a, 0xfc, 0xcf, 0x33, 0x33, 0xf8, 0x23, 0xea,
    0x67, 0xd1, 0x5f, 0xa9, 0x1e, 0x30, 0x51, 0x40, 0x1e, 0xe5, 0xa0, 0xff, 0x00, 0xc8, 0xbb, 0xa6,
    0x7f, 0xd7, 0xa4, 0x5f, 0xfa, 0x00, 0xad, 0x0a, 0xfe, 0x77, 0xc6, 0x7f, 0xbc, 0xd4, 0xff, 0x00,
    0x13, 0xfc, 0xcf, 0xaa, 0xa7, 0xf0, 0x2f, 0x40, 0xa2, 0xb9, 0x8a, 0x0a, 0xf0, 0xdd, 0x7b, 0xfe,
    0x46, 0x2d, 0x4f, 0xfe, 0xbe, 0xe5, 0xff, 0x00, 0xd0, 0xcd, 0x7d, 0xff, 0x00, 0x00, 0x7f, 0xbc,
    0xd6, 0xff, 0x00, 0x0a, 0xfc, 0xcf, 0x33, 0x33, 0xf8, 0x23, 0xea, 0x67, 0xd1, 0x5f, 0xa9, 0x1e,
    0x30, 0x51, 0x40, 0x1e, 0xe5, 0xa0, 0xff, 0x00, 0xc8, 0xbb, 0xa6, 0x7f, 0xd7, 0xa4, 0x5f, 0xfa,
    0x00, 0xad, 0x0a, 0xfe, 0x77, 0xc6, 0x7f, 0xbc, 0xd4, 0xff, 0x00, 0x13, 0xfc, 0xcf, 0xaa, 0xa7,
    0xf0, 0x2f, 0x43, 0xe7, 0xda, 0x2b, 0xfa, 0x20, 0xf9, 0x50, 0xaf, 0x72, 0xd0, 0x7f, 0xe4, 0x5d,
    0xd3, 0x3f, 0xeb, 0xd2, 0x2f, 0xfd, 0x00, 0x57, 0xe7, 0xfc, 0x7f, 0xfe, 0xed, 0x47, 0xfc, 0x4f,
    0xf2, 0x3d, 0x3c, 0xb3, 0xe3, 0x97, 0xa1, 0xa1, 0x45, 0x7e, 0x5c, 0x7b, 0x21, 0x45, 0x00, 0x78,
    0x6e, 0xbd, 0xff, 0x00, 0x23, 0x16, 0xa7, 0xff, 0x00, 0x5f, 0x72, 0xff, 0x00, 0xe8, 0x66, 0xb3,
    0xeb, 0xfa, 0x23, 0x05, 0xfe, 0xed, 0x4f, 0xfc, 0x2b, 0xf2, 0x3e, 0x5a, 0xa7, 0xc6, 0xfd, 0x42,
    0x8a, 0xe9, 0x20, 0x2b, 0xdc, 0xb4, 0x1f, 0xf9, 0x17, 0x74, 0xcf, 0xfa, 0xf4, 0x8b, 0xff, 0x00,
    0x40, 0x15, 0xf9, 0xff, 0x00, 0x1f, 0xff, 0x00, 0xbb, 0x51, 0xff, 0x00, 0x13, 0xfc, 0x8f, 0x4f,
    0x2c, 0xf8, 0xe5, 0xe8, 0x68, 0x51, 0x5f, 0x97, 0x1e, 0xc8, 0x51, 0x40, 0x1e, 0x1b, 0xaf, 0x7f,
    0xc8, 0xc5, 0xa9, 0xff, 0x00, 0xd7, 0xdc, 0xbf, 0xfa, 0x19, 0xac, 0xfa, 0xfe, 0x88, 0xc1, 0x7f,
    0xbb, 0x53, 0xff, 0x00, 0x0a, 0xfc, 0x8f, 0x96, 0xa9, 0xf1, 0xbf, 0x50, 0xa2, 0xba, 0x48, 0x0a,
    0xf7, 0x2d, 0x07, 0xfe, 0x45, 0xdd, 0x33, 0xfe, 0xbd, 0x22, 0xff, 0x00, 0xd0, 0x05, 0x7e, 0x7f,
    0xc7, 0xff, 0x00, 0xee, 0xd4, 0x7f, 0xc4, 0xff, 0x00, 0x23, 0xd3, 0xcb, 0x3e, 0x39, 0x7a, 0x1a,
    0x14, 0x57, 0xe5, 0xc7, 0xb2, 0x14, 0x50, 0x07, 0x86, 0xeb, 0xdf, 0xf2, 0x31, 0x6a, 0x7f, 0xf5,
    0xf7, 0x2f, 0xfe, 0x86, 0x6b, 0x3e, 0xbf, 0xa2, 0x30, 0x5f, 0xee, 0xd4, 0xff, 0x00, 0xc2, 0xbf,
    0x23, 0xe5, 0xaa, 0x7c, 0x6f, 0xd4, 0x28, 0xae, 0x92, 0x02, 0xbd, 0xcb, 0x41, 0xff, 0x00, 0x91,
    0x77, 0x4c, 0xff, 0x00, 0xaf, 0x48, 0xbf, 0xf4, 0x01, 0x5f, 0x9f, 0xf1, 0xff, 0x00, 0xfb, 0xb5,
    0x1f, 0xf1, 0x3f, 0xc8, 0xf4, 0xf2, 0xcf, 0x8e, 0x5e, 0x86, 0x85, 0x15, 0xf9, 0x71, 0xec, 0x85,
    0x14, 0x01, 0xe1, 0xba, 0xf7, 0xfc, 0x8c, 0x5a, 0x9f, 0xfd, 0x7d, 0xcb, 0xff, 0x00, 0xa1, 0x9a,
    0xcf, 0xaf, 0xe8, 0x8c, 0x17, 0xfb, 0xb5, 0x3f, 0xf0, 0xaf, 0xc8, 0xf9, 0x6a, 0x9f, 0x1b, 0xf5,
    0x0a, 0x2b, 0xa4, 0x80, 0xaf, 0x72, 0xd0, 0x7f, 0xe4, 0x5d, 0xd3, 0x3f, 0xeb, 0xd2, 0x2f, 0xfd,
    0x00, 0x57, 0xe7, 0xfc, 0x7f, 0xfe, 0xed, 0x47, 0xfc, 0x4f, 0xf2, 0x3d, 0x3c, 0xb3, 0xe3, 0x97,
    0xa1, 0xa1, 0x45, 0x7e, 0x5c, 0x7b, 0x21, 0x45, 0x00, 0x78, 0x6e, 0xbd, 0xff, 0x00, 0x23, 0x16,
    0xa7, 0xff, 0x00, 0x5f, 0x72, 0xff, 0x00, 0xe8, 0x66, 0xb3, 0xeb, 0xfa, 0x23, 0x05, 0xfe, 0xed,
    0x4f, 0xfc, 0x2b, 0xf2, 0x3e, 0x5a, 0xa7, 0xc6, 0xfd, 0x42, 0x8a, 0xe9, 0x20, 0x2b, 0xdc, 0xb4,
    0x1f, 0xf9, 0x17, 0x74, 0xcf, 0xfa, 0xf4, 0x8b, 0xff, 0x00, 0x40, 0x15, 0xf9, 0xff, 0x00, 0x1f,
    0xff, 0x00, 0xbb, 0x51, 0xff, 0x00, 0x13, 0xfc, 0x8f, 0x4f, 0x2c, 0xf8, 0xe5, 0xe8, 0x68, 0x51,
    0x5f, 0x97, 0x1e, 0xc8, 0x51, 0x40, 0x1e, 0x1b, 0xaf, 0x7f, 0xc8, 0xc5, 0xa9, 0xff, 0x00, 0xd7,
    0xdc, 0xbf, 0xfa, 0x19, 0xac, 0xfa, 0xfe, 0x88, 0xc1, 0x7f, 0xbb, 0x53, 0xff, 0x00, 0x0a, 0xfc,
    0x8f, 0x96, 0xa9, 0xf1, 0xbf, 0x50, 0xa2, 0xba, 0x48, 0x0a, 0xf7, 0x2d, 0x07, 0xfe, 0x45, 0xdd,
    0x33, 0xfe, 0xbd, 0x22, 0xff, 0x00, 0xd0, 0x05, 0x7e, 0x7f, 0xc7, 0xff, 0x00, 0xee, 0xd4, 0x7f,
    0xc4, 0xff, 0x00, 0x23, 0xd3, 0xcb, 0x3e, 0x39, 0x7a, 0x1a, 0x14, 0x57, 0xe5, 0xc7, 0xb2, 0x14,
    0x50, 0x07, 0x86, 0xeb, 0xdf, 0xf2, 0x31, 0x6a, 0x7f, 0xf5, 0xf7, 0x2f, 0xfe, 0x86, 0x6b, 0x3e,
    0xbf, 0xa2, 0x30, 0x5f, 0xee, 0xd4, 0xff, 0x00, 0xc2, 0xbf, 0x23, 0xe5, 0xaa, 0x7c, 0x6f, 0xd4,
    0x28, 0xae, 0x92, 0x02, 0xbd, 0xcb, 0x41, 0xff, 0x00, 0x91, 0x77, 0x4c, 0xff, 0x00, 0xaf, 0x48,
    0xbf, 0xf4, 0x01, 0x5f, 0x9f, 0xf1, 0xff, 0x00, 0xfb, 0xb5, 0x1f, 0xf1, 0x3f, 0xc8, 0xf4, 0xf2,
    0xcf, 0x8e, 0x5e, 0x86, 0x85, 0x15, 0xf9, 0x71, 0xec, 0x85, 0x14, 0x01, 0xe1, 0xba, 0xf7, 0xfc,
    0x8c, 0x5a, 0x9f, 0xfd, 0x7d, 0xcb, 0xff, 0x00, 0xa1, 0x9a, 0xcf, 0xaf, 0xe8, 0x8c, 0x17, 0xfb,
    0xb5, 0x3f, 0xf0, 0xaf, 0xc8, 0xf9, 0x6a, 0x9f, 0x1b, 0xf5, 0x0a, 0x2b, 0xa4, 0x80, 0xaf, 0x72,
    0xd0, 0x7f, 0xe4, 0x5d, 0xd3, 0x3f, 0xeb, 0xd2, 0x2f, 0xfd, 0x00, 0x57, 0xe7, 0xfc, 0x7f, 0xfe,
    0xed, 0x47, 0xfc, 0x4f, 0xf2, 0x3d, 0x3c, 0xb3, 0xe3, 0x97, 0xa1, 0xa1, 0x45, 0x7e, 0x5c, 0x7b,
    0x21, 0x45, 0x00, 0x78, 0x6e, 0xbd, 0xff, 0x00, 0x23, 0x16, 0xa7, 0xff, 0x00, 0x5f, 0x72, 0xff,
    0x00, 0xe8, 0x66, 0xb3, 0xeb, 0xfa, 0x23, 0x05, 0xfe, 0xed, 0x4f, 0xfc, 0x2b, 0xf2, 0x3e, 0x5a,
    0xa7, 0xc6, 0xfd, 0x42, 0x8a, 0xe9, 0x20, 0x2b, 0xdc, 0xb4, 0x1f, 0xf9, 0x17, 0x74, 0xcf, 0xfa,
    0xf4, 0x8b, 0xff, 0x00, 0x40, 0x15, 0xf9, 0xff, 0x00, 0x1f, 0xff, 0x00, 0xbb, 0x51, 0xff, 0x00,
    0x13, 0xfc, 0x8f, 0x4f, 0x2c, 0xf8, 0xe5, 0xe8, 0x68, 0x51, 0x5f, 0x97, 0x1e, 0xc8, 0x51, 0x40,
    0x1e, 0x1b, 0xaf, 0x7f, 0xc8, 0xc5, 0xa9, 0xff, 0x00, 0xd7, 0xdc, 0xbf, 0xfa, 0x19, 0xac, 0xfa,
    0xfe, 0x88, 0xc1, 0x7f, 0xbb, 0x53, 0xff, 0x00, 0x0a, 0xfc, 0x8f, 0x96, 0xa9, 0xf1, 0xbf, 0x50,
    0xa2, 0xba, 0x48, 0x0a, 0xf7, 0x2d, 0x07, 0xfe, 0x45, 0xdd, 0x33, 0xfe, 0xbd, 0x22, 0xff, 0x00,
    0xd0, 0x05, 0x7e, 0x7f, 0xc7, 0xff, 0x00, 0xee, 0xd4, 0x7f, 0xc4, 0xff, 0x00, 0x23, 0xd3, 0xcb,
    0x3e, 0x39, 0x7a, 0x1a, 0x14, 0x57, 0xe5, 0xc7, 0xb2, 0x14, 0x50, 0x07, 0x86, 0xeb, 0xdf, 0xf2,
    0x31, 0x6a, 0x7f, 0xf5, 0xf7, 0x2f, 0xfe, 0x86, 0x6b, 0x3e, 0xbf, 0xa2, 0x30, 0x5f, 0xee, 0xd4,
    0xff, 0x00, 0xc2, 0xbf, 0x23, 0xe5, 0xaa, 0x7c, 0x6f, 0xd4, 0x28, 0xae, 0x92, 0x02, 0xbd, 0xcb,
    0x41, 0xff, 0x00, 0x91, 0x77, 0x4c, 0xff, 0x00, 0xaf, 0x48, 0xbf, 0xf4, 0x01, 0x5f, 0x9f, 0xf1,
    0xff, 0x00, 0xfb, 0xb5, 0x1f, 0xf1, 0x3f, 0xc8, 0xf4, 0xf2, 0xcf, 0x8e, 0x5e, 0x86, 0x85, 0x15,
    0xf9, 0x71, 0xec, 0x85, 0x14, 0x01, 0xe1, 0xba, 0xf7, 0xfc, 0x8c, 0x5a, 0x9f, 0xfd, 0x7d, 0xcb,
    0xff, 0x00, 0xa1, 0x9a, 0xcf, 0xaf, 0xe8, 0x8c, 0x17, 0xfb, 0xb5, 0x3f, 0xf0, 0xaf, 0xc8, 0xf9,
    0x6a, 0x9f, 0x1b, 0xf5, 0x0a, 0x2b, 0xa4, 0x80, 0xaf, 0x72, 0xd0, 0x7f, 0xe4, 0x5d, 0xd3, 0x3f,
    0xeb, 0xd2, 0x2f, 0xfd, 0x00, 0x57, 0xe7, 0xfc, 0x7f, 0xfe, 0xed, 0x47, 0xfc, 0x4f, 0xf2, 0x3d,
    0x3c, 0xb3, 0xe3, 0x97, 0xa1, 0xa1, 0x45, 0x7e, 0x5c, 0x7b, 0x21, 0x45, 0x00, 0x78, 0x6e, 0xbd,
    0xff, 0x00, 0x23, 0x16, 0xa7, 0xff, 0x00, 0x5f, 0x72, 0xff, 0x00, 0xe8, 0x66, 0xb3, 0xeb, 0xfa,
    0x23, 0x05, 0xfe, 0xed, 0x4f, 0xfc, 0x2b, 0xf2, 0x3e, 0x5a, 0xa7, 0xc6, 0xfd, 0x42, 0x8a, 0xe9,
    0x20, 0x2b, 0xdc, 0xb4, 0x1f, 0xf9, 0x17, 0x74, 0xcf, 0xfa, 0xf4, 0x8b, 0xff, 0x00, 0x40, 0x15,
    0xf9, 0xff, 0x00, 0x1f, 0xff, 0x00, 0xbb, 0x51, 0xff, 0x00, 0x13, 0xfc, 0x8f, 0x4f, 0x2c, 0xf8,
    0xe5, 0xe8, 0x68, 0x51, 0x5f, 0x97, 0x1e, 0xc8, 0x51, 0x40, 0x1e, 0x1b, 0xaf, 0x7f, 0xc8, 0xc5,
    0xa9, 0xff, 0x00, 0xd7, 0xdc, 0xbf, 0xfa, 0x19, 0xac, 0xfa, 0xfe, 0x88, 0xc1, 0x7f, 0xbb, 0x53,
    0xff, 0x00, 0x0a, 0xfc, 0x8f, 0x96, 0xa9, 0xf1, 0xbf, 0x50, 0xa2, 0xba, 0x48, 0x0a, 0xf7, 0x2d,
    0x07, 0xfe, 0x45, 0xdd, 0x33, 0xfe, 0xbd, 0x22, 0xff, 0x00, 0xd0, 0x05, 0x7e, 0x7f, 0xc7, 0xff,
    0x00, 0xee, 0xd4, 0x7f, 0xc4, 0xff, 0x00, 0x23, 0xd3, 0xcb, 0x3e, 0x39, 0x7a, 0x1a, 0x14, 0x57,
    0xe5, 0xc7, 0xb2, 0x14, 0x50, 0x07, 0x86, 0xeb, 0xdf, 0xf2, 0x31, 0x6a, 0x7f, 0xf5, 0xf7, 0x2f,
    0xfe, 0x86, 0x6b, 0x3e, 0xbf, 0xa2, 0x30, 0x5f, 0xee, 0xd4, 0xff, 0x00, 0xc2, 0xbf, 0x23, 0xe5,
    0xaa, 0x7c, 0x6f, 0xd4, 0x28, 0xae, 0x92, 0x02, 0xbd, 0xcb, 0x41, 0xff, 0x00, 0x91, 0x77, 0x4c,
    0xff, 0x00, 0xaf, 0x48, 0xbf, 0xf4, 0x01, 0x5f, 0x9f, 0xf1, 0xff, 0x00, 0xfb, 0xb5, 0x1f, 0xf1,
    0x3f, 0xc8, 0xf4, 0xf2, 0xcf, 0x8e, 0x5e, 0x86, 0x85, 0x15, 0xf9, 0x71, 0xec, 0x85, 0x14, 0x01,
    0xe1, 0xba, 0xf7, 0xfc, 0x8c, 0x5a, 0x9f, 0xfd, 0x7d, 0xcb, 0xff, 0x00, 0xa1, 0x9a, 0xcf, 0xaf,
    0xe8, 0x8c, 0x17, 0xfb, 0xb5, 0x3f, 0xf0, 0xaf, 0xc8, 0xf9, 0x6a, 0x9f, 0x1b, 0xf5, 0x0a, 0x2b,
    0xa4, 0x80, 0xaf, 0x72, 0xd0, 0x7f, 0xe4, 0x5d, 0xd3, 0x3f, 0xeb, 0xd2, 0x2f, 0xfd, 0x00, 0x57,
    0xe7, 0xfc, 0x7f, 0xfe, 0xed, 0x47, 0xfc, 0x4f, 0xf2, 0x3d, 0x3c, 0xb3, 0xe3, 0x97, 0xa1, 0xa1,
    0x45, 0x7e, 0x5c, 0x7b, 0x21, 0x45, 0x00, 0x78, 0x6e, 0xbd, 0xff, 0x00, 0x23, 0x16, 0xa7, 0xff,
    0x00, 0x5f, 0x72, 0xff, 0x00, 0xe8, 0x66, 0xb3, 0xeb, 0xfa, 0x23, 0x05, 0xfe, 0xed, 0x4f, 0xfc,
    0x2b, 0xf2, 0x3e, 0x5a, 0xa7, 0xc6, 0xfd, 0x42, 0x8a, 0xe9, 0x20, 0x2b, 0xdc, 0xb4, 0x1f, 0xf9,
    0x17, 0x74, 0xcf, 0xfa, 0xf4, 0x8b, 0xff, 0x00, 0x40, 0x15, 0xf9, 0xff, 0x00, 0x1f, 0xff, 0x00,
    0xbb, 0x51, 0xff, 0x00, 0x13, 0xfc, 0x8f, 0x4f, 0x2c, 0xf8, 0xe5, 0xe8, 0x68, 0x51, 0x5f, 0x97,
    0x1e, 0xc8, 0x51, 0x40, 0x1e, 0x1b, 0xaf, 0x7f, 0xc8, 0xc5, 0xa9, 0xff, 0x00, 0xd7, 0xdc, 0xbf,
    0xfa, 0x19, 0xac, 0xfa, 0xfe, 0x88, 0xc1, 0x7f, 0xbb, 0x53, 0xff, 0x00, 0x0a, 0xfc, 0x8f, 0x96,
    0xa9, 0xf1, 0xbf, 0x50, 0xa2, 0xba, 0x48, 0x0a, 0xf7, 0x2d, 0x07, 0xfe, 0x45, 0xdd, 0x33, 0xfe,
    0xbd, 0x22, 0xff, 0x00, 0xd0, 0x05, 0x7e, 0x7f, 0xc7, 0xff, 0x00, 0xee, 0xd4, 0x7f, 0xc4, 0xff,
    0x00, 0x23, 0xd3, 0xcb, 0x3e, 0x39, 0x7a, 0x1a, 0x14, 0x57, 0xe5, 0xc7, 0xb2, 0x14, 0x50, 0x07,
    0x86, 0xeb, 0xdf, 0xf2, 0x31, 0x6a, 0x7f, 0xf5, 0xf7, 0x2f, 0xfe, 0x86, 0x6b, 0x3e, 0xbf, 0xa2,
    0x30, 0x5f, 0xee, 0xd4, 0xff, 0x00, 0xc2, 0xbf, 0x23, 0xe5, 0xaa, 0x7c, 0x6f, 0xd4, 0x28, 0xae,
    0x92, 0x02, 0xbd, 0xcb, 0x41, 0xff, 0x00, 0x91, 0x77, 0x4c, 0xff, 0x00, 0xaf, 0x48, 0xbf, 0xf4,
    0x01, 0x5f, 0x9f, 0xf1, 0xff, 0x00, 0xfb, 0xb5, 0x1f, 0xf1, 0x3f, 0xc8, 0xf4, 0xf2, 0xcf, 0x8e,
    0x5e, 0x86, 0x85, 0x15, 0xf9, 0x71, 0xec, 0x85, 0x14, 0x01, 0xe1, 0xba, 0xf7, 0xfc, 0x8c, 0x5a,
    0x9f, 0xfd, 0x7d, 0xcb, 0xff, 0x00, 0xa1, 0x9a, 0xcf, 0xaf, 0xe8, 0x8c, 0x17, 0xfb, 0xb5, 0x3f,
    0xf0, 0xaf, 0xc8, 0xf9, 0x6a, 0x9f, 0x1b, 0xf5, 0x3e, 0x82, 0xa2, 0xbf, 0x9d, 0xcf, 0xa9, 0x0a,
    0xf0, 0xdd, 0x7b, 0xfe, 0x46, 0x2d, 0x4f, 0xfe, 0xbe, 0xe5, 0xff, 0x00, 0xd0, 0xcd, 0x7d, 0xff,
    0x00, 0x00, 0x7f, 0xbc, 0xd6, 0xff, 0x00, 0x0a, 0xfc, 0xcf, 0x33, 0x33, 0xf8, 0x23, 0xea, 0x67,
    0xd1, 0x5f, 0xa9, 0x1e, 0x30, 0x51, 0x40, 0x1e, 0xe5, 0xa0, 0xff, 0x00, 0xc8, 0xbb, 0xa6, 0x7f,
    0xd7, 0xa4, 0x5f, 0xfa, 0x00, 0xad, 0x0a, 0xfe, 0x77, 0xc6, 0x7f, 0xbc, 0xd4, 0xff, 0x00, 0x13,
    0xfc, 0xcf, 0xaa, 0xa7, 0xf0, 0x2f, 0x40, 0xa2, 0xb9, 0x8a, 0x0a, 0xf0, 0xdd, 0x7b, 0xfe, 0x46,
    0x2d, 0x4f, 0xfe, 0xbe, 0xe5, 0xff, 0x00, 0xd0, 0xcd, 0x7d, 0xff, 0x00, 0x00, 0x7f, 0xbc, 0xd6,
    0xff, 0x00, 0x0a, 0xfc, 0xcf, 0x33, 0x33, 0xf8, 0x23, 0xea, 0x67, 0xd1, 0x5f, 0xa9, 0x1e, 0x30,
    0x51, 0x40, 0x1e, 0xe5, 0xa0, 0xff, 0x00, 0xc8, 0xbb, 0xa6, 0x7f, 0xd7, 0xa4, 0x5f, 0xfa, 0x00,
    0xad, 0x0a, 0xfe, 0x77, 0xc6, 0x7f, 0xbc, 0xd4, 0xff, 0x00, 0x13, 0xfc, 0xcf, 0xaa, 0xa7, 0xf0,
    0x2f, 0x40, 0xa2, 0xb9, 0x8a, 0x0a, 0xf0, 0xdd, 0x7b, 0xfe, 0x46, 0x2d, 0x4f, 0xfe, 0xbe, 0xe5,
    0xff, 0x00, 0xd0, 0xcd, 0x7d, 0xff, 0x00, 0x00, 0x7f, 0xbc, 0xd6, 0xff, 0x00, 0x0a, 0xfc, 0xcf,
    0x33, 0x33, 0xf8, 0x23, 0xea, 0x67, 0xd1, 0x5f, 0xa9, 0x1e, 0x30, 0x51, 0x40, 0x1e, 0xe5, 0xa0,
    0xff, 0x00, 0xc8, 0xbb, 0xa6, 0x7f, 0xd7, 0xa4, 0x5f, 0xfa, 0x00, 0xad, 0x0a, 0xfe, 0x77, 0xc6,
    0x7f, 0xbc, 0xd4, 0xff, 0x00, 0x13, 0xfc, 0xcf, 0xaa, 0xa7, 0xf0, 0x2f, 0x40, 0xa2, 0xb9, 0x8a,
    0x0a, 0xf0, 0xdd, 0x7b, 0xfe, 0x46, 0x2d, 0x4f, 0xfe, 0xbe, 0xe5, 0xff, 0x00, 0xd0, 0xcd, 0x7d,
    0xff, 0x00, 0x00, 0x7f, 0xbc, 0xd6, 0xff, 0x00, 0x0a, 0xfc, 0xcf, 0x33, 0x33, 0xf8, 0x23, 0xea,
    0x67, 0xd1, 0x5f, 0xa9, 0x1e, 0x30, 0x51, 0x40, 0x1e, 0xe5, 0xa0, 0xff, 0x00, 0xc8, 0xbb, 0xa6,
    0x7f, 0xd7, 0xa4, 0x5f, 0xfa, 0x00, 0xad, 0x0a, 0xfe, 0x77, 0xc6, 0x7f, 0xbc, 0xd4, 0xff, 0x00,
    0x13, 0xfc, 0xcf, 0xaa, 0xa7, 0xf0, 0x2f, 0x40, 0xa2, 0xb9, 0x8a, 0x0a, 0xf0, 0xdd, 0x7b, 0xfe,
    0x46, 0x2d, 0x4f, 0xfe, 0xbe, 0xe5, 0xff, 0x00, 0xd0, 0xcd, 0x7d, 0xff, 0x00, 0x00, 0x7f, 0xbc,
    0xd6, 0xff, 0x00, 0x0a, 0xfc, 0xcf, 0x33, 0x33, 0xf8, 0x23, 0xea, 0x67, 0xd1, 0x5f, 0xa9, 0x1e,
    0x30, 0x51, 0x40, 0x1e, 0xe5, 0xa0, 0xff, 0x00, 0xc8, 0xbb, 0xa6, 0x7f, 0xd7, 0xa4, 0x5f, 0xfa,
    0x00, 0xad, 0x0a, 0xfe, 0x77, 0xc6, 0x7f, 0xbc, 0xd4, 0xff, 0x00, 0x13, 0xfc, 0xcf, 0xaa, 0xa7,
    0xf0, 0x2f, 0x40, 0xa2, 0xb9, 0x8a, 0x0a, 0xf0, 0xdd, 0x7b, 0xfe, 0x46, 0x2d, 0x4f, 0xfe, 0xbe,
    0xe5, 0xff, 0x00, 0xd0, 0xcd, 0x7d, 0xff, 0x00, 0x00, 0x7f, 0xbc, 0xd6, 0xff, 0x00, 0x0a, 0xfc,
    0xcf, 0x33, 0x33, 0xf8, 0x23, 0xea, 0x67, 0xd1, 0x5f, 0xa9, 0x1e, 0x30, 0x51, 0x40, 0x1e, 0xe5,
    0xa0, 0xff, 0x00, 0xc8, 0xbb, 0xa6, 0x7f, 0xd7, 0xa4, 0x5f, 0xfa, 0x00, 0xad, 0x0a, 0xfe, 0x77,
    0xc6, 0x7f, 0xbc, 0xd4, 0xff, 0x00, 0x13, 0xfc, 0xcf, 0xaa, 0xa7, 0xf0, 0x2f, 0x40, 0xa2, 0xb9,
    0x8a, 0x0a, 0xf0, 0xdd, 0x7b, 0xfe, 0x46, 0x2d, 0x4f, 0xfe, 0xbe, 0xe5, 0xff, 0x00, 0xd0, 0xcd,
    0x7d, 0xff, 0x00, 0x00, 0x7f, 0xbc, 0xd6, 0xff, 0x00, 0x0a, 0xfc, 0xcf, 0x33, 0x33, 0xf8, 0x23,
    0xea, 0x67, 0xd1, 0x5f, 0xa9, 0x1e, 0x30, 0x51, 0x40, 0x1e, 0xe5, 0xa0, 0xff, 0x00, 0xc8, 0xbb,
    0xa6, 0x7f, 0xd7, 0xa4, 0x5f, 0xfa, 0x00, 0xad, 0x0a, 0xfe, 0x77, 0xc6, 0x7f, 0xbc, 0xd4, 0xff,
    0x00, 0x13, 0xfc, 0xcf, 0xaa, 0xa7, 0xf0, 0x2f, 0x40, 0xa2, 0xb9, 0x8a, 0x0a, 0xf0, 0xdd, 0x7b,
    0xfe, 0x46, 0x2d, 0x4f, 0xfe, 0xbe, 0xe5, 0xff, 0x00, 0xd0, 0xcd, 0x7d, 0xff, 0x00, 0x00, 0x7f,
    0xbc, 0xd6, 0xff, 0x00, 0x0a, 0xfc, 0xcf, 0x33, 0x33, 0xf8, 0x23, 0xea, 0x67, 0xd1, 0x5f, 0xa9,
    0x1e, 0x30, 0x51, 0x40, 0x1e, 0xe5, 0xa0, 0xff, 0x00, 0xc8, 0xbb, 0xa6, 0x7f, 0xd7, 0xa4, 0x5f,
    0xfa, 0x00, 0xad, 0x0a, 0xfe, 0x77, 0xc6, 0x7f, 0xbc, 0xd4, 0xff, 0x00, 0x13, 0xfc, 0xcf, 0xaa,
    0xa7, 0xf0, 0x2f, 0x40, 0xa2, 0xb9, 0x8a, 0x0a, 0xf0, 0xdd, 0x7b, 0xfe, 0x46, 0x2d, 0x4f, 0xfe,
    0xbe, 0xe5, 0xff, 0x00, 0xd0, 0xcd, 0x7d, 0xff, 0x00, 0x00, 0x7f, 0xbc, 0xd6, 0xff, 0x00, 0x0a,
    0xfc, 0xcf, 0x33, 0x33, 0xf8, 0x23, 0xea, 0x67, 0xd1, 0x5f, 0xa9, 0x1e, 0x30, 0x51, 0x40, 0x1e,
    0xe5, 0xa0, 0xff, 0x00, 0xc8, 0xbb, 0xa6, 0x7f, 0xd7, 0xa4, 0x5f, 0xfa, 0x00, 0xad, 0x0a, 0xfe,
    0x77, 0xc6, 0x7f, 0xbc, 0xd4, 0xff, 0x00, 0x13, 0xfc, 0xcf, 0xaa, 0xa7, 0xf0, 0x2f, 0x40, 0xa2,
    0xb9, 0x8a, 0x0a, 0xf0, 0xdd, 0x7b, 0xfe, 0x46, 0x2d, 0x4f, 0xfe, 0xbe, 0xe5, 0xff, 0x00, 0xd0,
    0xcd, 0x7d, 0xff, 0x00, 0x00, 0x7f, 0xbc, 0xd6, 0xff, 0x00, 0x0a, 0xfc, 0xcf, 0x33, 0x33, 0xf8,
    0x23, 0xea, 0x67, 0xd1, 0x5f, 0xa9, 0x1e, 0x30, 0x51, 0x40, 0x1e, 0xe5, 0xa0, 0xff, 0x00, 0xc8,
    0xbb, 0xa6, 0x7f, 0xd7, 0xa4, 0x5f, 0xfa, 0x00, 0xad, 0x0a, 0xfe, 0x77, 0xc6, 0x7f, 0xbc, 0xd4,
    0xff, 0x00, 0x13, 0xfc, 0xcf, 0xaa, 0xa7, 0xf0, 0x2f, 0x40, 0xa2, 0xb9, 0x8a, 0x0a, 0xf0, 0xdd,
    0x7b, 0xfe, 0x46, 0x2d, 0x4f, 0xfe, 0xbe, 0xe5, 0xff, 0x00, 0xd0, 0xcd, 0x7d, 0xff, 0x00, 0x00,
    0x7f, 0xbc, 0xd6, 0xff, 0x00, 0x0a, 0xfc, 0xcf, 0x33, 0x33, 0xf8, 0x23, 0xea, 0x67, 0xd1, 0x5f,
    0xa9, 0x1e, 0x30, 0x51, 0x40, 0x1e, 0xe5, 0xa0, 0xff, 0x00, 0xc8, 0xbb, 0xa6, 0x7f, 0xd7, 0xa4,
    0x5f, 0xfa, 0x00, 0xad, 0x0a, 0xfe, 0x77, 0xc6, 0x7f, 0xbc, 0xd4, 0xff, 0x00, 0x13, 0xfc, 0xcf,
    0xaa, 0xa7, 0xf0, 0x2f, 0x40, 0xa2, 0xb9, 0x8a, 0x0a, 0xf0, 0xdd, 0x7b, 0xfe, 0x46, 0x2d, 0x4f,
    0xfe, 0xbe, 0xe5, 0xff, 0x00, 0xd0, 0xcd, 0x7d, 0xff, 0x00, 0x00, 0x7f, 0xbc, 0xd6, 0xff, 0x00,
    0x0a, 0xfc, 0xcf, 0x33, 0x33, 0xf8, 0x23, 0xea, 0x67, 0xd1, 0x5f, 0xa9, 0x1e, 0x30, 0x51, 0x40,
    0x1e, 0xe5, 0xa0, 0xff, 0x00, 0xc8, 0xbb, 0xa6, 0x7f, 0xd7, 0xa4, 0x5f, 0xfa, 0x00, 0xad, 0x0a,
    0xfe, 0x77, 0xc6, 0x7f, 0xbc, 0xd4, 0xff, 0x00, 0x13, 0xfc, 0xcf, 0xaa, 0xa7, 0xf0, 0x2f, 0x40,
    0xa2, 0xb9, 0x8a, 0x0a, 0xf0, 0xdd, 0x7b, 0xfe, 0x46, 0x2d, 0x4f, 0xfe, 0xbe, 0xe5, 0xff, 0x00,
    0xd0, 0xcd, 0x7d, 0xff, 0x00, 0x00, 0x7f, 0xbc, 0xd6, 0xff, 0x00, 0x0a, 0xfc, 0xcf, 0x33, 0x33,
    0xf8, 0x23, 0xea, 0x67, 0xd1, 0x5f, 0xa9, 0x1e, 0x30, 0x51, 0x40, 0x1e, 0xe5, 0xa0, 0xff, 0x00,
    0xc8, 0xbb, 0xa6, 0x7f, 0xd7, 0xa4, 0x5f, 0xfa, 0x00, 0xad, 0x0a, 0xfe, 0x77, 0xc6, 0x7f, 0xbc,
    0xd4, 0xff, 0x00, 0x13, 0xfc, 0xcf, 0xaa, 0xa7, 0xf0, 0x2f, 0x40, 0xa2, 0xb9, 0x8a, 0x0a, 0xf0,
    0xdd, 0x7b, 0xfe, 0x46, 0x2d, 0x4f, 0xfe, 0xbe, 0xe5, 0xff, 0x00, 0xd0, 0xcd, 0x7d, 0xff, 0x00,
    0x00, 0x7f, 0xbc, 0xd6, 0xff, 0x00, 0x0a, 0xfc, 0xcf, 0x33, 0x33, 0xf8, 0x23, 0xea, 0x67, 0xd1,
    0x5f, 0xa9, 0x1e, 0x30, 0x51, 0x40, 0x1e, 0xe5, 0xa0, 0xff, 0x00, 0xc8, 0xbb, 0xa6, 0x7f, 0xd7,
    0xa4, 0x5f, 0xfa, 0x00, 0xad, 0x0a, 0xfe, 0x77, 0xc6, 0x7f, 0xbc, 0xd4, 0xff, 0x00, 0x13, 0xfc,
    0xcf, 0xaa, 0xa7, 0xf0, 0x2f, 0x40, 0xa2, 0xb9, 0x8a, 0x0a, 0xf0, 0xdd, 0x7b, 0xfe, 0x46, 0x2d,
    0x4f, 0xfe, 0xbe, 0xe5, 0xff, 0x00, 0xd0, 0xcd, 0x7d, 0xff, 0x00, 0x00, 0x7f, 0xbc, 0xd6, 0xff,
    0x00, 0x0a, 0xfc, 0xcf, 0x33, 0x33, 0xf8, 0x23, 0xea, 0x67, 0xd1, 0x5f, 0xa9, 0x1e, 0x30, 0x51,
    0x40, 0x1e, 0xe5, 0xa0, 0xff, 0x00, 0xc8, 0xbb, 0xa6, 0x7f, 0xd7, 0xa4, 0x5f, 0xfa, 0x00, 0xad,
    0x0a, 0xfe, 0x77, 0xc6, 0x7f, 0xbc, 0xd4, 0xff, 0x00, 0x13, 0xfc, 0xcf, 0xaa, 0xa7, 0xf0, 0x2f,
    0x40, 0xa2, 0xb9, 0x8a, 0x0a, 0xf0, 0xdd, 0x7b, 0xfe, 0x46, 0x2d, 0x4f, 0xfe, 0xbe, 0xe5, 0xff,
    0x00, 0xd0, 0xcd, 0x7d, 0xff, 0x00, 0x00, 0x7f, 0xbc, 0xd6, 0xff, 0x00, 0x0a, 0xfc, 0xcf, 0x33,
    0x33, 0xf8, 0x23, 0xea, 0x67, 0xd1, 0x5f, 0xa9, 0x1e, 0x30, 0x51, 0x40, 0x1e, 0xe5, 0xa0, 0xff,
    0x00, 0xc8, 0xbb, 0xa6, 0x7f, 0xd7, 0xa4, 0x5f, 0xfa, 0x00, 0xad, 0x0a, 0xfe, 0x77, 0xc6, 0x7f,
    0xbc, 0xd4, 0xff, 0x00, 0x13, 0xfc, 0xcf, 0xaa, 0xa7, 0xf0, 0x2f, 0x40, 0xa2, 0xb9, 0x8a, 0x0a,
    0xf0, 0xdd, 0x7b, 0xfe, 0x46, 0x2d, 0x4f, 0xfe, 0xbe, 0xe5, 0xff, 0x00, 0xd0, 0xcd, 0x7d, 0xff,
    0x00, 0x00, 0x7f, 0xbc, 0xd6, 0xff, 0x00, 0x0a, 0xfc, 0xcf, 0x33, 0x33, 0xf8, 0x23, 0xea, 0x67,
    0xd1, 0x5f, 0xa9, 0x1e, 0x30, 0x51, 0x40, 0x1e, 0xe5, 0xa0, 0xff, 0x00, 0xc8, 0xbb, 0xa6, 0x7f,
    0xd7, 0xa4, 0x5f, 0xfa, 0x00, 0xad, 0x0a, 0xfe, 0x77, 0xc6, 0x7f, 0xbc, 0xd4, 0xff, 0x00, 0x13,
    0xfc, 0xcf, 0xaa, 0xa7, 0xf0, 0x2f, 0x40, 0xa2, 0xb9, 0x8a, 0x0a, 0xf0, 0xdd, 0x7b, 0xfe, 0x46,
    0x2d, 0x4f, 0xfe, 0xbe, 0xe5, 0xff, 0x00, 0xd0, 0xcd, 0x7d, 0xff, 0x00, 0x00, 0x7f, 0xbc, 0xd6,
    0xff, 0x00, 0x0a, 0xfc, 0xcf, 0x33, 0x33, 0xf8, 0x23, 0xea, 0x67, 0xd1, 0x5f, 0xa9, 0x1e, 0x30,
    0x51, 0x40, 0x1e, 0xe5, 0xa0, 0xff, 0x00, 0xc8, 0xbb, 0xa6, 0x7f, 0xd7, 0xa4, 0x5f, 0xfa, 0x00,
    0xad, 0x0a, 0xfe, 0x77, 0xc6, 0x7f, 0xbc, 0xd4, 0xff, 0x00, 0x13, 0xfc, 0xcf, 0xaa, 0xa7, 0xf0,
    0x2f, 0x40, 0xa2, 0xb9, 0x8a, 0x0a, 0xf0, 0xdd, 0x7b, 0xfe, 0x46, 0x2d, 0x4f, 0xfe, 0xbe, 0xe5,
    0xff, 0x00, 0xd0, 0xcd, 0x7d, 0xff, 0x00, 0x00, 0x7f, 0xbc, 0xd6, 0xff, 0x00, 0x0a, 0xfc, 0xcf,
    0x33, 0x33, 0xf8, 0x23, 0xea, 0x67, 0xd1, 0x5f, 0xa9, 0x1e, 0x30, 0x51, 0x40, 0x1e, 0xe5, 0xa0,
    0xff, 0x00, 0xc8, 0xbb, 0xa6, 0x7f, 0xd7, 0xa4, 0x5f, 0xfa, 0x00, 0xad, 0x0a, 0xfe, 0x77, 0xc6,
    0x7f, 0xbc, 0xd4, 0xff, 0x00, 0x13, 0xfc, 0xcf, 0xaa, 0xa7, 0xf0, 0x2f, 0x40, 0xa2, 0xb9, 0x8a,
    0x0a, 0xf0, 0xdd, 0x7b, 0xfe, 0x46, 0x2d, 0x4f, 0xfe, 0xbe, 0xe5, 0xff, 0x00, 0xd0, 0xcd, 0x7d,
    0xff, 0x00, 0x00, 0x7f, 0xbc, 0xd6, 0xff, 0x00, 0x0a, 0xfc, 0xcf, 0x33, 0x33, 0xf8, 0x23, 0xea,
    0x67, 0xd1, 0x5f, 0xa9, 0x1e, 0x30, 0x51, 0x40, 0x1e, 0xe5, 0xa0, 0xff, 0x00, 0xc8, 0xbb, 0xa6,
    0x7f, 0xd7, 0xa4, 0x5f, 0xfa, 0x00, 0xad, 0x0a, 0xfe, 0x77, 0xc6, 0x7f, 0xbc, 0xd4, 0xff, 0x00,
    0x13, 0xfc, 0xcf, 0xaa, 0xa7, 0xf0, 0x2f, 0x43, 0xe7, 0xda, 0x2b, 0xfa, 0x20, 0xf9, 0x50, 0xaf,
    0x72, 0xd0, 0x7f, 0xe4, 0x5d, 0xd3, 0x3f, 0xeb, 0xd2, 0x2f, 0xfd, 0x00, 0x57, 0xe7, 0xfc, 0x7f,
    0xfe, 0xed, 0x47, 0xfc, 0x4f, 0xf2, 0x3d, 0x3c, 0xb3, 0xe3, 0x97, 0xa1, 0xa1, 0x45, 0x7e, 0x5c,
    0x7b, 0x21, 0x45, 0x00, 0x78, 0x6e, 0xbd, 0xff, 0x00, 0x23, 0x16, 0xa7, 0xff, 0x00, 0x5f, 0x72,
    0xff, 0x00, 0xe8, 0x66, 0xb3, 0xeb, 0xfa, 0x23, 0x05, 0xfe, 0xed, 0x4f, 0xfc, 0x2b, 0xf2, 0x3e,
    0x5a, 0xa7, 0xc6, 0xfd, 0x42, 0x8a, 0xe9, 0x20, 0x2b, 0xdc, 0xb4, 0x1f, 0xf9, 0x17, 0x74, 0xcf,
    0xfa, 0xf4, 0x8b, 0xff, 0x00, 0x40, 0x15, 0xf9, 0xff, 0x00, 0x1f, 0xff, 0x00, 0xbb, 0x51, 0xff,
    0x00, 0x13, 0xfc, 0x8f, 0x4f, 0x2c, 0xf8, 0xe5, 0xe8, 0x68, 0x51, 0x5f, 0x97, 0x1e, 0xc8, 0x51,
    0x40, 0x1e, 0x1b, 0xaf, 0x7f, 0xc8, 0xc5, 0xa9, 0xff, 0x00, 0xd7, 0xdc, 0xbf, 0xfa, 0x19, 0xac,
    0xfa, 0xfe, 0x88, 0xc1, 0x7f, 0xbb, 0x53, 0xff, 0x00, 0x0a, 0xfc, 0x8f, 0x96, 0xa9, 0xf1, 0xbf,
    0x50, 0xa2, 0xba, 0x48, 0x0a, 0xf7, 0x2d, 0x07, 0xfe, 0x45, 0xdd, 0x33, 0xfe, 0xbd, 0x22, 0xff,
    0x00, 0xd0, 0x05, 0x7e, 0x7f, 0xc7, 0xff, 0x00, 0xee, 0xd4, 0x7f, 0xc4, 0xff, 0x00, 0x23, 0xd3,
    0xcb, 0x3e, 0x39, 0x7a, 0x1a, 0x14, 0x57, 0xe5, 0xc7, 0xb2, 0x14, 0x50, 0x07, 0x86, 0xeb, 0xdf,
    0xf2, 0x31, 0x6a, 0x7f, 0xf5, 0xf7, 0x2f, 0xfe, 0x86, 0x6b, 0x3e, 0xbf, 0xa2, 0x30, 0x5f, 0xee,
    0xd4, 0xff, 0x00, 0xc2, 0xbf, 0x23, 0xe5, 0xaa, 0x7c, 0x6f, 0xd4, 0x28, 0xae, 0x92, 0x02, 0xbd,
    0xcb, 0x41, 0xff, 0x00, 0x91, 0x77, 0x4c, 0xff, 0x00, 0xaf, 0x48, 0xbf, 0xf4, 0x01, 0x5f, 0x9f,
    0xf1, 0xff, 0x00, 0xfb, 0xb5, 0x1f, 0xf1, 0x3f, 0xc8, 0xf4, 0xf2, 0xcf, 0x8e, 0x5e, 0x86, 0x85,
    0x15, 0xf9, 0x71, 0xec, 0x85, 0x14, 0x01, 0xe1, 0xba, 0xf7, 0xfc, 0x8c, 0x5a, 0x9f, 0xfd, 0x7d,
    0xcb, 0xff, 0x00, 0xa1, 0x9a, 0xcf, 0xaf, 0xe8, 0x8c, 0x17, 0xfb, 0xb5, 0x3f, 0xf0, 0xaf, 0xc8,
    0xf9, 0x6a, 0x9f, 0x1b, 0xf5, 0x0a, 0x2b, 0xa4, 0x80, 0xaf, 0x72, 0xd0, 0x7f, 0xe4, 0x5d, 0xd3,
    0x3f, 0xeb, 0xd2, 0x2f, 0xfd, 0x00, 0x57, 0xe7, 0xfc, 0x7f, 0xfe, 0xed, 0x47, 0xfc, 0x4f, 0xf2,
    0x3d, 0x3c, 0xb3, 0xe3, 0x97, 0xa1, 0xa1, 0x45, 0x7e, 0x5c, 0x7b, 0x21, 0x45, 0x00, 0x78, 0x6e,
    0xbd, 0xff, 0x00, 0x23, 0x16, 0xa7, 0xff, 0x00, 0x5f, 0x72, 0xff, 0x00, 0xe8, 0x66, 0xb3, 0xeb,
    0xfa, 0x23, 0x05, 0xfe, 0xed, 0x4f, 0xfc, 0x2b, 0xf2, 0x3e, 0x5a, 0xa7, 0xc6, 0xfd, 0x42, 0x8a,
    0xe9, 0x20, 0x2b, 0xdc, 0xb4, 0x1f, 0xf9, 0x17, 0x74, 0xcf, 0xfa, 0xf4, 0x8b, 0xff, 0x00, 0x40,
    0x15, 0xf9, 0xff, 0x00, 0x1f, 0xff, 0x00, 0xbb, 0x51, 0xff, 0x00, 0x13, 0xfc, 0x8f, 0x4f, 0x2c,
    0xf8, 0xe5, 0xe8, 0x68, 0x51, 0x5f, 0x97, 0x1e, 0xc8, 0x51, 0x40, 0x1e, 0x1b, 0xaf, 0x7f, 0xc8,
    0xc5, 0xa9, 0xff, 0x00, 0xd7, 0xdc, 0xbf, 0xfa, 0x19, 0xac, 0xfa, 0xfe, 0x88, 0xc1, 0x7f, 0xbb,
    0x53, 0xff, 0x00, 0x0a, 0xfc, 0x8f, 0x96, 0xa9, 0xf1, 0xbf, 0x50, 0xa2, 0xba, 0x48, 0x0a, 0xf7,
    0x2d, 0x07, 0xfe, 0x45, 0xdd, 0x33, 0xfe, 0xbd, 0x22, 0xff, 0x00, 0xd0, 0x05, 0x7e, 0x7f, 0xc7,
    0xff, 0x00, 0xee, 0xd4, 0x7f, 0xc4, 0xff, 0x00, 0x23, 0xd3, 0xcb, 0x3e, 0x39, 0x7a, 0x1a, 0x14,
    0x57, 0xe5, 0xc7, 0xb2, 0x14, 0x50, 0x07, 0x86, 0xeb, 0xdf, 0xf2, 0x31, 0x6a, 0x7f, 0xf5, 0xf7,
    0x2f, 0xfe, 0x86, 0x6b, 0x3e, 0xbf, 0xa2, 0x30, 0x5f, 0xee, 0xd4, 0xff, 0x00, 0xc2, 0xbf, 0x23,
    0xe5, 0xaa, 0x7c, 0x6f, 0xd4, 0x28, 0xae, 0x92, 0x02, 0xbd, 0xcb, 0x41, 0xff, 0x00, 0x91, 0x77,
    0x4c, 0xff, 0x00, 0xaf, 0x48, 0xbf, 0xf4, 0x01, 0x5f, 0x9f, 0xf1, 0xff, 0x00, 0xfb, 0xb5, 0x1f,
    0xf1, 0x3f, 0xc8, 0xf4, 0xf2, 0xcf, 0x8e, 0x5e, 0x86, 0x85, 0x15, 0xf9, 0x71, 0xec, 0x85, 0x14,
    0x01, 0xe1, 0xba, 0xf7, 0xfc, 0x8c, 0x5a, 0x9f, 0xfd, 0x7d, 0xcb, 0xff, 0x00, 0xa1, 0x9a, 0xcf,
    0xaf, 0xe8, 0x8c, 0x17, 0xfb, 0xb5, 0x3f, 0xf0, 0xaf, 0xc8, 0xf9, 0x6a, 0x9f, 0x1b, 0xf5, 0x0a,
    0x2b, 0xa4, 0x80, 0xaf, 0x72, 0xd0, 0x7f, 0xe4, 0x5d, 0xd3, 0x3f, 0xeb, 0xd2, 0x2f, 0xfd, 0x00,
    0x57, 0xe7, 0xfc, 0x7f, 0xfe, 0xed, 0x47, 0xfc, 0x4f, 0xf2, 0x3d, 0x3c, 0xb3, 0xe3, 0x97, 0xa1,
    0xa1, 0x45, 0x7e, 0x5c, 0x7b, 0x21, 0x45, 0x00, 0x78, 0x6e, 0xbd, 0xff, 0x00, 0x23, 0x16, 0xa7,
    0xff, 0x00, 0x5f, 0x72, 0xff, 0x00, 0xe8, 0x66, 0xb3, 0xeb, 0xfa, 0x23, 0x05, 0xfe, 0xed, 0x4f,
    0xfc, 0x2b, 0xf2, 0x3e, 0x5a, 0xa7, 0xc6, 0xfd, 0x42, 0x8a, 0xe9, 0x20, 0x2b, 0xdc, 0xb4, 0x1f,
    0xf9, 0x17, 0x74, 0xcf, 0xfa, 0xf4, 0x8b, 0xff, 0x00, 0x40, 0x15, 0xf9, 0xff, 0x00, 0x1f, 0xff,
    0x00, 0xbb, 0x51, 0xff, 0x00, 0x13, 0xfc, 0x8f, 0x4f, 0x2c, 0xf8, 0xe5, 0xe8, 0x68, 0x51, 0x5f,
    0x97, 0x1e, 0xc8, 0x51, 0x40, 0x1e, 0x1b, 0xaf, 0x7f, 0xc8, 0xc5, 0xa9, 0xff, 0x00, 0xd7, 0xdc,
    0xbf, 0xfa, 0x19, 0xac, 0xfa, 0xfe, 0x88, 0xc1, 0x7f, 0xbb, 0x53, 0xff, 0x00, 0x0a, 0xfc, 0x8f,
    0x96, 0xa9, 0xf1, 0xbf, 0x50, 0xa2, 0xba, 0x48, 0x0a, 0xf7, 0x2d, 0x07, 0xfe, 0x45, 0xdd, 0x33,
    0xfe, 0xbd, 0x22, 0xff, 0x00, 0xd0, 0x05, 0x7e, 0x7f, 0xc7, 0xff, 0x00, 0xee, 0xd4, 0x7f, 0xc4,
    0xff, 0x00, 0x23, 0xd3, 0xcb, 0x3e, 0x39, 0x7a, 0x1a, 0x14, 0x57, 0xe5, 0xc7, 0xb2, 0x14, 0x50,
    0x07, 0x86, 0xeb, 0xdf, 0xf2, 0x31, 0x6a, 0x7f, 0xf5, 0xf7, 0x2f, 0xfe, 0x86, 0x6b, 0x3e, 0xbf,
    0xa2, 0x30, 0x5f, 0xee, 0xd4, 0xff, 0x00, 0xc2, 0xbf, 0x23, 0xe5, 0xaa, 0x7c, 0x6f, 0xd4, 0x28,
    0xae, 0x92, 0x02, 0xbd, 0xcb, 0x41, 0xff, 0x00, 0x91, 0x77, 0x4c, 0xff, 0x00, 0xaf, 0x48, 0xbf,
    0xf4, 0x01, 0x5f, 0x9f, 0xf1, 0xff, 0x00, 0xfb, 0xb5, 0x1f, 0xf1, 0x3f, 0xc8, 0xf4, 0xf2, 0xcf,
    0x8e, 0x5e, 0x86, 0x85, 0x15, 0xf9, 0x71, 0xec, 0x85, 0x14, 0x01, 0xe1, 0xba, 0xf7, 0xfc, 0x8c,
    0x5a, 0x9f, 0xfd, 0x7d, 0xcb, 0xff, 0x00, 0xa1, 0x9a, 0xcf, 0xaf, 0xe8, 0x8c, 0x17, 0xfb, 0xb5,
    0x3f, 0xf0, 0xaf, 0xc8, 0xf9, 0x6a, 0x9f, 0x1b, 0xf5, 0x0a, 0x2b, 0xa4, 0x80, 0xaf, 0x72, 0xd0,
    0x7f, 0xe4, 0x5d, 0xd3, 0x3f, 0xeb, 0xd2, 0x2f, 0xfd, 0x00, 0x57, 0xe7, 0xfc, 0x7f, 0xfe, 0xed,
    0x47, 0xfc, 0x4f, 0xf2, 0x3d, 0x3c, 0xb3, 0xe3, 0x97, 0xa1, 0xa1, 0x45, 0x7e, 0x5c, 0x7b, 0x21,
    0x45, 0x00, 0x78, 0x6e, 0xbd, 0xff, 0x00, 0x23, 0x16, 0xa7, 0xff, 0x00, 0x5f, 0x72, 0xff, 0x00,
    0xe8, 0x66, 0xb3, 0xeb, 0xfa, 0x23, 0x05, 0xfe, 0xed, 0x4f, 0xfc, 0x2b, 0xf2, 0x3e, 0x5a, 0xa7,
    0xc6, 0xfd, 0x42, 0x8a, 0xe9, 0x20, 0x2b, 0xdc, 0xb4, 0x1f, 0xf9, 0x17, 0x74, 0xcf, 0xfa, 0xf4,
    0x8b, 0xff, 0x00, 0x40, 0x15, 0xf9, 0xff, 0x00, 0x1f, 0xff, 0x00, 0xbb, 0x51, 0xff, 0x00, 0x13,
    0xfc, 0x8f, 0x4f, 0x2c, 0xf8, 0xe5, 0xe8, 0x68, 0x51, 0x5f, 0x97, 0x1e, 0xc8, 0x51, 0x40, 0x1e,
    0x1b, 0xaf, 0x7f, 0xc8, 0xc5, 0xa9, 0xff, 0x00, 0xd7, 0xdc, 0xbf, 0xfa, 0x19, 0xac, 0xfa, 0xfe,
    0x88, 0xc1, 0x7f, 0xbb, 0x53, 0xff, 0x00, 0x0a, 0xfc, 0x8f, 0x96, 0xa9, 0xf1, 0xbf, 0x50, 0xa2,
    0xba, 0x48, 0x0a, 0xf7, 0x2d, 0x07, 0xfe, 0x45, 0xdd, 0x33, 0xfe, 0xbd, 0x22, 0xff, 0x00, 0xd0,
    0x05, 0x7e, 0x7f, 0xc7, 0xff, 0x00, 0xee, 0xd4, 0x7f, 0xc4, 0xff, 0x00, 0x23, 0xd3, 0xcb, 0x3e,
    0x39, 0x7a, 0x1a, 0x14, 0x57, 0xe5, 0xc7, 0xb2, 0x14, 0x50, 0x07, 0x86, 0xeb, 0xdf, 0xf2, 0x31,
    0x6a, 0x7f, 0xf5, 0xf7, 0x2f, 0xfe, 0x86, 0x6b, 0x3e, 0xbf, 0xa2, 0x30, 0x5f, 0xee, 0xd4, 0xff,
    0x00, 0xc2, 0xbf, 0x23, 0xe5, 0xaa, 0x7c, 0x6f, 0xd4, 0x28, 0xae, 0x92, 0x02, 0xbd, 0xcb, 0x41,
    0xff, 0x00, 0x91, 0x77, 0x4c, 0xff, 0x00, 0xaf, 0x48, 0xbf, 0xf4, 0x01, 0x5f, 0x9f, 0xf1, 0xff,
    0x00, 0xfb, 0xb5, 0x1f, 0xf1, 0x3f, 0xc8, 0xf4, 0xf2, 0xcf, 0x8e, 0x5e, 0x86, 0x85, 0x15, 0xf9,
    0x71, 0xec, 0x85, 0x14, 0x01, 0xe1, 0xba, 0xf7, 0xfc, 0x8c, 0x5a, 0x9f, 0xfd, 0x7d, 0xcb, 0xff,
    0x00, 0xa1, 0x9a, 0xcf, 0xaf, 0xe8, 0x8c, 0x17, 0xfb, 0xb5, 0x3f, 0xf0, 0xaf, 0xc8, 0xf9, 0x6a,
    0x9f, 0x1b, 0xf5, 0x0a, 0x2b, 0xa4, 0x80, 0xaf, 0x72, 0xd0, 0x7f, 0xe4, 0x5d, 0xd3, 0x3f, 0xeb,
    0xd2, 0x2f, 0xfd, 0x00, 0x57, 0xe7, 0xfc, 0x7f, 0xfe, 0xed, 0x47, 0xfc, 0x4f, 0xf2, 0x3d, 0x3c,
    0xb3, 0xe3, 0x97, 0xa1, 0xa1, 0x45, 0x7e, 0x5c, 0x7b, 0x21, 0x45, 0x00, 0x78, 0x6e, 0xbd, 0xff,
    0x00, 0x23, 0x16, 0xa7, 0xff, 0x00, 0x5f, 0x72, 0xff, 0x00, 0xe8, 0x66, 0xb3, 0xeb, 0xfa, 0x23,
    0x05, 0xfe, 0xed, 0x4f, 0xfc, 0x2b, 0xf2, 0x3e, 0x5a, 0xa7, 0xc6, 0xfd, 0x42, 0x8a, 0xe9, 0x20,
    0x2b, 0xdc, 0xb4, 0x1f, 0xf9, 0x17, 0x74, 0xcf, 0xfa, 0xf4, 0x8b, 0xff, 0x00, 0x40, 0x15, 0xf9,
    0xff, 0x00, 0x1f, 0xff, 0x00, 0xbb, 0x51, 0xff, 0x00, 0x13, 0xfc, 0x8f, 0x4f, 0x2c, 0xf8, 0xe5,
    0xe8, 0x68, 0x51, 0x5f, 0x97, 0x1e, 0xc8, 0x51, 0x40, 0x1e, 0x1b, 0xaf, 0x7f, 0xc8, 0xc5, 0xa9,
    0xff, 0x00, 0xd7, 0xdc, 0xbf, 0xfa, 0x19, 0xac, 0xfa, 0xfe, 0x88, 0xc1, 0x7f, 0xbb, 0x53, 0xff,
    0x00, 0x0a, 0xfc, 0x8f, 0x96, 0xa9, 0xf1, 0xbf, 0x50, 0xa2, 0xba, 0x48, 0x0a, 0xf7, 0x2d, 0x07,
    0xfe, 0x45, 0xdd, 0x33, 0xfe, 0xbd, 0x22, 0xff, 0x00, 0xd0, 0x05, 0x7e, 0x7f, 0xc7, 0xff, 0x00,
    0xee, 0xd4, 0x7f, 0xc4, 0xff, 0x00, 0x23, 0xd3, 0xcb, 0x3e, 0x39, 0x7a, 0x1a, 0x14, 0x57, 0xe5,
    0xc7, 0xb2, 0x14, 0x50, 0x07, 0x86, 0xeb, 0xdf, 0xf2, 0x31, 0x6a, 0x7f, 0xf5, 0xf7, 0x2f, 0xfe,
    0x86, 0x6b, 0x3e, 0xbf, 0xa2, 0x30, 0x5f, 0xee, 0xd4, 0xff, 0x00, 0xc2, 0xbf, 0x23, 0xe5, 0xaa,
    0x7c, 0x6f, 0xd4, 0x28, 0xae, 0x92, 0x02, 0xbd, 0xcb, 0x41, 0xff, 0x00, 0x91, 0x77, 0x4c, 0xff,
    0x00, 0xaf, 0x48, 0xbf, 0xf4, 0x01, 0x5f, 0x9f, 0xf1, 0xff, 0x00, 0xfb, 0xb5, 0x1f, 0xf1, 0x3f,
    0xc8, 0xf4, 0xf2, 0xcf, 0x8e, 0x5e, 0x86, 0x85, 0x15, 0xf9, 0x71, 0xec, 0x85, 0x14, 0x01, 0xe1,
    0xba, 0xf7, 0xfc, 0x8c, 0x5a, 0x9f, 0xfd, 0x7d, 0xcb, 0xff, 0x00, 0xa1, 0x9a, 0xcf, 0xaf, 0xe8,
    0x8c, 0x17, 0xfb, 0xb5, 0x3f, 0xf0, 0xaf, 0xc8, 0xf9, 0x6a, 0x9f, 0x1b, 0xf5, 0x3f, 0xff, 0xd9,
};
static const unsigned char cb_frame_12[] = {
    0xff, 0xd8, 0xff, 0xe0, 0x00, 0x10, 0x4a, 0x46, 0x49, 0x46, 0x00, 0x01, 0x01, 0x00, 0x00, 0x01,
    0x00, 0x01, 0x00, 0x00, 0xff, 0xdb, 0x00, 0x43, 0x00, 0x08, 0x06, 0x06, 0x07, 0x06, 0x05, 0x08,
    0x07, 0x07, 0x07, 0x09, 0x09, 0x08, 0x0a, 0x0c, 0x14, 0x0d, 0x0c, 0x0b, 0x0b, 0x0c, 0x19, 0x12,
    0x13, 0x0f, 0x14, 0x1d, 0x1a, 0x1f, 0x1e, 0x1d, 0x1a, 0x1c, 0x1c, 0x20, 0x24, 0x2e, 0x27, 0x20,
    0x22, 0x2c, 0x23, 0x1c, 0x1c, 0x28, 0x37, 0x29, 0x2c, 0x30, 0x31, 0x34, 0x34, 0x34, 0x1f, 0x27,
    0x39, 0x3d, 0x38, 0x32, 0x3c, 0x2e, 0x33, 0x34, 0x32, 0xff, 0xdb, 0x00, 0x43, 0x01, 0x09, 0x09,
    0x09, 0x0c, 0x0b, 0x0c, 0x18, 0x0d, 0x0d, 0x18, 0x32, 0x21, 0x1c, 0x21, 0x32, 0x32, 0x32, 0x32,
    0x32, 0x32, 0x32, 0x32, 0x32, 0x32, 0x32, 0x32, 0x32, 0x32, 0x32, 0x32, 0x32, 0x32, 0x32, 0x32,
    0x32, 0x32, 0x32, 0x32, 0x32, 0x32, 0x32, 0x32, 0x32, 0x32, 0x32, 0x32, 0x32, 0x32, 0x32, 0x32,
    0x32, 0x32, 0x32, 0x32, 0x32, 0x32, 0x32, 0x32, 0x32, 0x32, 0x32, 0x32, 0x32, 0x32, 0xff, 0xc0,
    0x00, 0x11, 0x08, 0x00, 0xf0, 0x01, 0x40, 0x03, 0x01, 0x21, 0x00, 0x02, 0x11, 0x01, 0x03, 0x11,
    0x01, 0xff, 0xc4, 0x00, 0x1f, 0x00, 0x00, 0x01, 0x05, 0x01, 0x01, 0x01, 0x01, 0x01, 0x01, 0x00,
    0x00, 0x00, 0x00, 0x00, 0x00, 0x00, 0x00, 0x01, 0x02, 0x03, 0x04, 0x05, 0x06, 0x07, 0x08, 0x09,
    0x0a, 0x0b, 0xff, 0xc4, 0x00, 0xb5, 0x10, 0x00, 0x02, 0x01, 0x03, 0x03, 0x02, 0x04, 0x03, 0x05,
    0x05, 0x04, 0x04, 0x00, 0x00, 0x01, 0x7d, 0x01, 0x02, 0x03, 0x00, 0x04, 0x11, 0x05, 0x12, 0x21,
    0x31, 0x41, 0x06, 0x13, 0x51, 0x61, 0x07, 0x22, 0x71, 0x14, 0x32, 0x81, 0x91, 0xa1, 0x08, 0x23,
    0x42, 0xb1, 0xc1, 0x15, 0x52, 0xd1, 0xf0, 0x24, 0x33, 0x62, 0x72, 0x82, 0x09, 0x0a, 0x16, 0x17,
    0x18, 0x19, 0x1a, 0x25, 0x26, 0x27, 0x28, 0x29, 0x2a, 0x34, 0x35, 0x36, 0x37, 0x38, 0x39, 0x3a,
    0x43, 0x44, 0x45, 0x46, 0x47, 0x48, 0x49, 0x4a, 0x53, 0x54, 0x55, 0x56, 0x57, 0x58, 0x59, 0x5a,
    0x63, 0x64, 0x65, 0x66, 0x67, 0x68, 0x69, 0x6a, 0x73, 0x74, 0x75, 0x76, 0x77, 0x78, 0x79, 0x7a,
    0x83, 0x84, 0x85, 0x86, 0x87, 0x88, 0x89, 0x8a, 0x92, 0x93, 0x94, 0x95, 0x96, 0x97, 0x98, 0x99,
    0x9a, 0xa2, 0xa3, 0xa4, 0xa5, 0xa6, 0xa7, 0xa8, 0xa9, 0xaa, 0xb2, 0xb3, 0xb4, 0xb5, 0xb6, 0xb7,
    0xb8, 0xb9, 0xba, 0xc2, 0xc3, 0xc4, 0xc5, 0xc6, 0xc7, 0xc8, 0xc9, 0xca, 0xd2, 0xd3, 0xd4, 0xd5,
    0xd6, 0xd7, 0xd8, 0xd9, 0xda, 0xe1, 0xe2, 0xe3, 0xe4, 0xe5, 0xe6, 0xe7, 0xe8, 0xe9, 0xea, 0xf1,
    0xf2, 0xf3, 0xf4, 0xf5, 0xf6, 0xf7, 0xf8, 0xf9, 0xfa, 0xff, 0xc4, 0x00, 0x1f, 0x01, 0x00, 0x03,
    0x01, 0x01, 0x01, 0x01, 0x01, 0x01, 0x01, 0x01, 0x01, 0x00, 0x00, 0x00, 0x00, 0x00, 0x00, 0x01,
    0x02, 0x03, 0x04, 0x05, 0x06, 0x07, 0x08, 0x09, 0x0a, 0x0b, 0xff, 0xc4, 0x00, 0xb5, 0x11, 0x00,
    0x02, 0x01, 0x02, 0x04, 0x04, 0x03, 0x04, 0x07, 0x05, 0x04, 0x04, 0x00, 0x01, 0x02, 0x77, 0x00,
    0x01, 0x02, 0x03, 0x11, 0x04, 0x05, 0x21, 0x31, 0x06, 0x12, 0x41, 0x51, 0x07, 0x61, 0x71, 0x13,
    0x22, 0x32, 0x81, 0x08, 0x14, 0x42, 0x91, 0xa1, 0xb1, 0xc1, 0x09, 0x23, 0x33, 0x52, 0xf0, 0x15,
    0x62, 0x72, 0xd1, 0x0a, 0x16, 0x24, 0x34, 0xe1, 0x25, 0xf1, 0x17, 0x18, 0x19, 0x1a, 0x26, 0x27,
    0x28, 0x29, 0x2a, 0x35, 0x36, 0x37, 0x38, 0x39, 0x3a, 0x43, 0x44, 0x45, 0x46, 0x47, 0x48, 0x49,
    0x4a, 0x53, 0x54, 0x55, 0x56, 0x57, 0x58, 0x59, 0x5a, 0x63, 0x64, 0x65, 0x66, 0x67, 0x68, 0x69,
    0x6a, 0x73, 0x74, 0x75, 0x76, 0x77, 0x78, 0x79, 0x7a, 0x82, 0x83, 0x84, 0x85, 0x86, 0x87, 0x88,
    0x89, 0x8a, 0x92, 0x93, 0x94, 0x95, 0x96, 0x97, 0x98, 0x99, 0x9a, 0xa2, 0xa3, 0xa4, 0xa5, 0xa6,
    0xa7, 0xa8, 0xa9, 0xaa, 0xb2, 0xb3, 0xb4, 0xb5, 0xb6, 0xb7, 0xb8, 0xb9, 0xba, 0xc2, 0xc3, 0xc4,
    0xc5, 0xc6, 0xc7, 0xc8, 0xc9, 0xca, 0xd2, 0xd3, 0xd4, 0xd5, 0xd6, 0xd7, 0xd8, 0xd9, 0xda, 0xe2,
    0xe3, 0xe4, 0xe5, 0xe6, 0xe7, 0xe8, 0xe9, 0xea, 0xf2, 0xf3, 0xf4, 0xf5, 0xf6, 0xf7, 0xf8, 0xf9,
    0xfa, 0xff, 0xda, 0x00, 0x0c, 0x03, 0x01, 0x00, 0x02, 0x11, 0x03, 0x11, 0x00, 0x3f, 0x00, 0xf4,
    0x5a, 0x2b, 0xf3, 0x13, 0xd5, 0x3c, 0xfb, 0xe2, 0x7f, 0xfc, 0xc2, 0xbf, 0xed, 0xb7, 0xfe, 0xc9,
    0x5e, 0x7d, 0x5f, 0xb6, 0x70, 0x8f, 0xfc, 0x89, 0xa8, 0xff, 0x00, 0xdb, 0xdf, 0xfa, 0x54, 0x8f,
    0x9e, 0xc7, 0x7f, 0xbc, 0x4b, 0xe5, 0xf9, 0x20, 0xa2, 0xbe, 0x94, 0xe4, 0x0a, 0xf4, 0x1f, 0x86,
    0x1f, 0xf3, 0x15, 0xff, 0x00, 0xb6, 0x3f, 0xfb, 0x3d, 0x7c, 0xd7, 0x17, 0x7f, 0xc8, 0x9a, 0xb7,
    0xfd, 0xbb, 0xff, 0x00, 0xa5, 0x44, 0xeb, 0xc0, 0xff, 0x00, 0xbc, 0x47, 0xe7, 0xf9, 0x33, 0xd0,
    0x68, 0xaf, 0xc4, 0xcf, 0xa1, 0x0a, 0x28, 0x03, 0xcf, 0xbe, 0x27, 0xff, 0x00, 0xcc, 0x2b, 0xfe,
    0xdb, 0x7f, 0xec, 0x95, 0xe7, 0xd5, 0xfb, 0x67, 0x08, 0xff, 0x00, 0xc8, 0x9a, 0x8f, 0xfd, 0xbd,
    0xff, 0x00, 0xa5, 0x48, 0xf9, 0xec, 0x77, 0xfb, 0xc4, 0xbe, 0x5f, 0x92, 0x0a, 0x2b, 0xe9, 0x4e,
    0x40, 0xaf, 0x41, 0xf8, 0x61, 0xff, 0x00, 0x31, 0x5f, 0xfb, 0x63, 0xff, 0x00, 0xb3, 0xd7, 0xcd,
    0x71, 0x77, 0xfc, 0x89, 0xab, 0x7f, 0xdb, 0xbf, 0xfa, 0x54, 0x4e, 0xbc, 0x0f, 0xfb, 0xc4, 0x7e,
    0x7f, 0x93, 0x3d, 0x06, 0x8a, 0xfc, 0x4c, 0xfa, 0x10, 0xa2, 0x80, 0x3c, 0xfb, 0xe2, 0x7f, 0xfc,
    0xc2, 0xbf, 0xed, 0xb7, 0xfe, 0xc9, 0x5e, 0x7d, 0x5f, 0xb6, 0x70, 0x8f, 0xfc, 0x89, 0xa8, 0xff,
    0x00, 0xdb, 0xdf, 0xfa, 0x54, 0x8f, 0x9e, 0xc7, 0x7f, 0xbc, 0x4b, 0xe5, 0xf9, 0x20, 0xa2, 0xbe,
    0x94, 0xe4, 0x0a, 0xf4, 0x1f, 0x86, 0x1f, 0xf3, 0x15, 0xff, 0x00, 0xb6, 0x3f, 0xfb, 0x3d, 0x7c,
    0xd7, 0x17, 0x7f, 0xc8, 0x9a, 0xb7, 0xfd, 0xbb, 0xff, 0x00, 0xa5, 0x44, 0xeb, 0xc0, 0xff, 0x00,
    0xbc, 0x47, 0xe7, 0xf9, 0x33, 0xd0, 0x68, 0xaf, 0xc4, 0xcf, 0xa1, 0x0a, 0x28, 0x03, 0xcf, 0xbe,
    0x27, 0xff, 0x00, 0xcc, 0x2b, 0xfe, 0xdb, 0x7f, 0xec, 0x95, 0xe7, 0xd5, 0xfb, 0x67, 0x08, 0xff,
    0x00, 0xc8, 0x9a, 0x8f, 0xfd, 0xbd, 0xff, 0x00, 0xa5, 0x48, 0xf9, 0xec, 0x77, 0xfb, 0xc4, 0xbe,
    0x5f, 0x92, 0x0a, 0x2b, 0xe9, 0x4e, 0x40, 0xaf, 0x41, 0xf8, 0x61, 0xff, 0x00, 0x31, 0x5f, 0xfb,
    0x63, 0xff, 0x00, 0xb3, 0xd7, 0xcd, 0x71, 0x77, 0xfc, 0x89, 0xab, 0x7f, 0xdb, 0xbf, 0xfa, 0x54,
    0x4e, 0xbc, 0x0f, 0xfb, 0xc4, 0x7e, 0x7f, 0x93, 0x3d, 0x06, 0x8a, 0xfc, 0x4c, 0xfa, 0x10, 0xa2,
    0x80, 0x3c, 0xfb, 0xe2, 0x7f, 0xfc, 0xc2, 0xbf, 0xed, 0xb7, 0xfe, 0xc9, 0x5e, 0x7d, 0x5f, 0xb6,
    0x70, 0x8f, 0xfc, 0x89, 0xa8, 0xff, 0x00, 0xdb, 0xdf, 0xfa, 0x54, 0x8f, 0x9e, 0xc7, 0x7f, 0xbc,
    0x4b, 0xe5, 0xf9, 0x20, 0xa2, 0xbe, 0x94, 0xe4, 0x0a, 0xf4, 0x1f, 0x86, 0x1f, 0xf3, 0x15, 0xff,
    0x00, 0xb6, 0x3f, 0xfb, 0x3d, 0x7c, 0xd7, 0x17, 0x7f, 0xc8, 0x9a, 0xb7, 0xfd, 0xbb, 0xff, 0x00,
    0xa5, 0x44, 0xeb, 0xc0, 0xff, 0x00, 0xbc, 0x47, 0xe7, 0xf9, 0x33, 0xd0, 0x68, 0xaf, 0xc4, 0xcf,
    0xa1, 0x0a, 0x28, 0x03, 0xcf, 0xbe, 0x27, 0xff, 0x00, 0xcc, 0x2b, 0xfe, 0xdb, 0x7f, 0xec, 0x95,
    0xe7, 0xd5, 0xfb, 0x67, 0x08, 0xff, 0x00, 0xc8, 0x9a, 0x8f, 0xfd, 0xbd, 0xff, 0x00, 0xa5, 0x48,
    0xf9, 0xec, 0x77, 0xfb, 0xc4, 0xbe, 0x5f, 0x92, 0x0a, 0x2b, 0xe9, 0x4e, 0x40, 0xaf, 0x41, 0xf8,
    0x61, 0xff, 0x00, 0x31, 0x5f, 0xfb, 0x63, 0xff, 0x00, 0xb3, 0xd7, 0xcd, 0x71, 0x77, 0xfc, 0x89,
    0xab, 0x7f, 0xdb, 0xbf, 0xfa, 0x54, 0x4e, 0xbc, 0x0f, 0xfb, 0xc4, 0x7e, 0x7f, 0x93, 0x3d, 0x06,
    0x8a, 0xfc, 0x4c, 0xfa, 0x10, 0xa2, 0x80, 0x3c, 0xfb, 0xe2, 0x7f, 0xfc, 0xc2, 0xbf, 0xed, 0xb7,
    0xfe, 0xc9, 0x5e, 0x7d, 0x5f, 0xb6, 0x70, 0x8f, 0xfc, 0x89, 0xa8, 0xff, 0x00, 0xdb, 0xdf, 0xfa,
    0x54, 0x8f, 0x9e, 0xc7, 0x7f, 0xbc, 0x4b, 0xe5, 0xf9, 0x20, 0xa2, 0xbe, 0x94, 0xe4, 0x0a, 0xf4,
    0x1f, 0x86, 0x1f, 0xf3, 0x15, 0xff, 0x00, 0xb6, 0x3f, 0xfb, 0x3d, 0x7c, 0xd7, 0x17, 0x7f, 0xc8,
    0x9a, 0xb7, 0xfd, 0xbb, 0xff, 0x00, 0xa5, 0x44, 0xeb, 0xc0, 0xff, 0x00, 0xbc, 0x47, 0xe7, 0xf9,
    0x33, 0xd0, 0x68, 0xaf, 0xc4, 0xcf, 0xa1, 0x0a, 0x28, 0x03, 0xcf, 0xbe, 0x27, 0xff, 0x00, 0xcc,
    0x2b, 0xfe, 0xdb, 0x7f, 0xec, 0x95, 0xe7, 0xd5, 0xfb, 0x67, 0x08, 0xff, 0x00, 0xc8, 0x9a, 0x8f,
    0xfd, 0xbd, 0xff, 0x00, 0xa5, 0x48, 0xf9, 0xec, 0x77, 0xfb, 0xc4, 0xbe, 0x5f, 0x92, 0x0a, 0x2b,
    0xe9, 0x4e, 0x40, 0xaf, 0x41, 0xf8, 0x61, 0xff, 0x00, 0x31, 0x5f, 0xfb, 0x63, 0xff, 0x00, 0xb3,
    0xd7, 0xcd, 0x71, 0x77, 0xfc, 0x89, 0xab, 0x7f, 0xdb, 0xbf, 0xfa, 0x54, 0x4e, 0xbc, 0x0f, 0xfb,
    0xc4, 0x7e, 0x7f, 0x93, 0x3d, 0x06, 0x8a, 0xfc, 0x4c, 0xfa, 0x10, 0xa2, 0x80, 0x3c, 0xfb, 0xe2,
    0x7f, 0xfc, 0xc2, 0xbf, 0xed, 0xb7, 0xfe, 0xc9, 0x5e, 0x7d, 0x5f, 0xb6, 0x70, 0x8f, 0xfc, 0x89,
    0xa8, 0xff, 0x00, 0xdb, 0xdf, 0xfa, 0x54, 0x8f, 0x9e, 0xc7, 0x7f, 0xbc, 0x4b, 0xe5, 0xf9, 0x20,
    0xa2, 0xbe, 0x94, 0xe4, 0x0a, 0xf4, 0x1f, 0x86, 0x1f, 0xf3, 0x15, 0xff, 0x00, 0xb6, 0x3f, 0xfb,
    0x3d, 0x7c, 0xd7, 0x17, 0x7f, 0xc8, 0x9a, 0xb7, 0xfd, 0xbb, 0xff, 0x00, 0xa5, 0x44, 0xeb, 0xc0,
    0xff, 0x00, 0xbc, 0x47, 0xe7, 0xf9, 0x33, 0xd0, 0x68, 0xaf, 0xc4, 0xcf, 0xa1, 0x0a, 0x28, 0x03,
    0xcf, 0xbe, 0x27, 0xff, 0x00, 0xcc, 0x2b, 0xfe, 0xdb, 0x7f, 0xec, 0x95, 0xe7, 0xd5, 0xfb, 0x67,
    0x08, 0xff, 0x00, 0xc8, 0x9a, 0x8f, 0xfd, 0xbd, 0xff, 0x00, 0xa5, 0x48, 0xf9, 0xec, 0x77, 0xfb,
    0xc4, 0xbe, 0x5f, 0x92, 0x0a, 0x2b, 0xe9, 0x4e, 0x40, 0xaf, 0x41, 0xf8, 0x61, 0xff, 0x00, 0x31,
    0x5f, 0xfb, 0x63, 0xff, 0x00, 0xb3, 0xd7, 0xcd, 0x71, 0x77, 0xfc, 0x89, 0xab, 0x7f, 0xdb, 0xbf,
    0xfa, 0x54, 0x4e, 0xbc, 0x0f, 0xfb, 0xc4, 0x7e, 0x7f, 0x93, 0x3d, 0x06, 0x8a, 0xfc, 0x4c, 0xfa,
    0x10, 0xa2, 0x80, 0x3c, 0xfb, 0xe2, 0x7f, 0xfc, 0xc2, 0xbf, 0xed, 0xb7, 0xfe, 0xc9, 0x5e, 0x7d,
    0x5f, 0xb6, 0x70, 0x8f, 0xfc, 0x89, 0xa8, 0xff, 0x00, 0xdb, 0xdf, 0xfa, 0x54, 0x8f, 0x9e, 0xc7,
    0x7f, 0xbc, 0x4b, 0xe5, 0xf9, 0x20, 0xa2, 0xbe, 0x94, 0xe4, 0x0a, 0xf4, 0x1f, 0x86, 0x1f, 0xf3,
    0x15, 0xff, 0x00, 0xb6, 0x3f, 0xfb, 0x3d, 0x7c, 0xd7, 0x17, 0x7f, 0xc8, 0x9a, 0xb7, 0xfd, 0xbb,
    0xff, 0x00, 0xa5, 0x44, 0xeb, 0xc0, 0xff, 0x00, 0xbc, 0x47, 0xe7, 0xf9, 0x33, 0xd0, 0x68, 0xaf,
    0xc4, 0xcf, 0xa1, 0x0a, 0x28, 0x03, 0xcf, 0xbe, 0x27, 0xff, 0x00, 0xcc, 0x2b, 0xfe, 0xdb, 0x7f,
    0xec, 0x95, 0xe7, 0xd5, 0xfb, 0x67, 0x08, 0xff, 0x00, 0xc8, 0x9a, 0x8f, 0xfd, 0xbd, 0xff, 0x00,
    0xa5, 0x48, 0xf9, 0xec, 0x77, 0xfb, 0xc4, 0xbe, 0x5f, 0x92, 0x0a, 0x2b, 0xe9, 0x4e, 0x40, 0xaf,
    0x41, 0xf8, 0x61, 0xff, 0x00, 0x31, 0x5f, 0xfb, 0x63, 0xff, 0x00, 0xb3, 0xd7, 0xcd, 0x71, 0x77,
    0xfc, 0x89, 0xab, 0x7f, 0xdb, 0xbf, 0xfa, 0x54, 0x4e, 0xbc, 0x0f, 0xfb, 0xc4, 0x7e, 0x7f, 0x93,
    0x3d, 0x06, 0x8a, 0xfc, 0x4c, 0xfa, 0x10, 0xa2, 0x80, 0x3c, 0xfb, 0xe2, 0x7f, 0xfc, 0xc2, 0xbf,
    0xed, 0xb7, 0xfe, 0xc9, 0x5e, 0x7d, 0x5f, 0xb6, 0x70, 0x8f, 0xfc, 0x89, 0xa8, 0xff, 0x00, 0xdb,
    0xdf, 0xfa, 0x54, 0x8f, 0x9e, 0xc7, 0x7f, 0xbc, 0x4b, 0xe5, 0xf9, 0x20, 0xa2, 0xbe, 0x94, 0xe4,
    0x0a, 0xf4, 0x1f, 0x86, 0x1f, 0xf3, 0x15, 0xff, 0x00, 0xb6, 0x3f, 0xfb, 0x3d, 0x7c, 0xd7, 0x17,
    0x7f, 0xc8, 0x9a, 0xb7, 0xfd, 0xbb, 0xff, 0x00, 0xa5, 0x44, 0xeb, 0xc0, 0xff, 0x00, 0xbc, 0x47,
    0xe7, 0xf9, 0x33, 0xd0, 0x68, 0xaf, 0xc4, 0xcf, 0xa1, 0x0a, 0x28, 0x03, 0xcf, 0xbe, 0x27, 0xff,
    0x00, 0xcc, 0x2b, 0xfe, 0xdb, 0x7f, 0xec, 0x95, 0xe7, 0xd5, 0xfb, 0x67, 0x08, 0xff, 0x00, 0xc8,
    0x9a, 0x8f, 0xfd, 0xbd, 0xff, 0x00, 0xa5, 0x48, 0xf9, 0xec, 0x77, 0xfb, 0xc4, 0xbe, 0x5f, 0x92,
    0x0a, 0x2b, 0xe9, 0x4e, 0x40, 0xaf, 0x41, 0xf8, 0x61, 0xff, 0x00, 0x31, 0x5f, 0xfb, 0x63, 0xff,
    0x00, 0xb3, 0xd7, 0xcd, 0x71, 0x77, 0xfc, 0x89, 0xab, 0x7f, 0xdb, 0xbf, 0xfa, 0x54, 0x4e, 0xbc,
    0x0f, 0xfb, 0xc4, 0x7e, 0x7f, 0x93, 0x3d, 0x06, 0x8a, 0xfc, 0x4c, 0xfa, 0x10, 0xa2, 0x80, 0x3c,
    0xfb, 0xe2, 0x7f, 0xfc, 0xc2, 0xbf, 0xed, 0xb7, 0xfe, 0xc9, 0x5e, 0x7d, 0x5f, 0xb6, 0x70, 0x8f,
    0xfc, 0x89, 0xa8, 0xff, 0x00, 0xdb, 0xdf, 0xfa, 0x54, 0x8f, 0x9e, 0xc7, 0x7f, 0xbc, 0x4b, 0xe5,
    0xf9, 0x20, 0xa2, 0xbe, 0x94, 0xe4, 0x0a, 0xf4, 0x1f, 0x86, 0x1f, 0xf3, 0x15, 0xff, 0x00, 0xb6,
    0x3f, 0xfb, 0x3d, 0x7c, 0xd7, 0x17, 0x7f, 0xc8, 0x9a, 0xb7, 0xfd, 0xbb, 0xff, 0x00, 0xa5, 0x44,
    0xeb, 0xc0, 0xff, 0x00, 0xbc, 0x47, 0xe7, 0xf9, 0x33, 0xd0, 0x68, 0xaf, 0xc4, 0xcf, 0xa1, 0x0a,
    0x28, 0x03, 0xcf, 0xbe, 0x27, 0xff, 0x00, 0xcc, 0x2b, 0xfe, 0xdb, 0x7f, 0xec, 0x95, 0xe7, 0xd5,
    0xfb, 0x67, 0x08, 0xff, 0x00, 0xc8, 0x9a, 0x8f, 0xfd, 0xbd, 0xff, 0x00, 0xa5, 0x48, 0xf9, 0xec,
    0x77, 0xfb, 0xc4, 0xbe, 0x5f, 0x92, 0x0a, 0x2b, 0xe9, 0x4e, 0x40, 0xaf, 0x41, 0xf8, 0x61, 0xff,
    0x00, 0x31, 0x5f, 0xfb, 0x63, 0xff, 0x00, 0xb3, 0xd7, 0xcd, 0x71, 0x77, 0xfc, 0x89, 0xab, 0x7f,
    0xdb, 0xbf, 0xfa, 0x54, 0x4e, 0xbc, 0x0f, 0xfb, 0xc4, 0x7e, 0x7f, 0x93, 0x3d, 0x06, 0x8a, 0xfc,
    0x4c, 0xfa, 0x10, 0xa2, 0x80, 0x3c, 0xfb, 0xe2, 0x7f, 0xfc, 0xc2, 0xbf, 0xed, 0xb7, 0xfe, 0xc9,
    0x5e, 0x7d, 0x5f, 0xb6, 0x70, 0x8f, 0xfc, 0x89, 0xa8, 0xff, 0x00, 0xdb, 0xdf, 0xfa, 0x54, 0x8f,
    0x9e, 0xc7, 0x7f, 0xbc, 0x4b, 0xe5, 0xf9, 0x20, 0xa2, 0xbe, 0x94, 0xe4, 0x0a, 0xf4, 0x1f, 0x86,
    0x1f, 0xf3, 0x15, 0xff, 0x00, 0xb6, 0x3f, 0xfb, 0x3d, 0x7c, 0xd7, 0x17, 0x7f, 0xc8, 0x9a, 0xb7,
    0xfd, 0xbb, 0xff, 0x00, 0xa5, 0x44, 0xeb, 0xc0, 0xff, 0x00, 0xbc, 0x47, 0xe7, 0xf9, 0x33, 0xd0,
    0x68, 0xaf, 0xc4, 0xcf, 0xa1, 0x0a, 0x28, 0x03, 0xcf, 0xbe, 0x27, 0xff, 0x00, 0xcc, 0x2b, 0xfe,
    0xdb, 0x7f, 0xec, 0x95, 0xe7, 0xd5, 0xfb, 0x67, 0x08, 0xff, 0x00, 0xc8, 0x9a, 0x8f, 0xfd, 0xbd,
    0xff, 0x00, 0xa5, 0x48, 0xf9, 0xec, 0x77, 0xfb, 0xc4, 0xbe, 0x5f, 0x92, 0x0a, 0x2b, 0xe9, 0x4e,
    0x40, 0xaf, 0x41, 0xf8, 0x61, 0xff, 0x00, 0x31, 0x5f, 0xfb, 0x63, 0xff, 0x00, 0xb3, 0xd7, 0xcd,
    0x71, 0x77, 0xfc, 0x89, 0xab, 0x7f, 0xdb, 0xbf, 0xfa, 0x54, 0x4e, 0xbc, 0x0f, 0xfb, 0xc4, 0x7e,
    0x7f, 0x93, 0x3d, 0x06, 0x8a, 0xfc, 0x4c, 0xfa, 0x10, 0xa2, 0x80, 0x3c, 0xfb, 0xe2, 0x7f, 0xfc,
    0xc2, 0xbf, 0xed, 0xb7, 0xfe, 0xc9, 0x5e, 0x7d, 0x5f, 0xb6, 0x70, 0x8f, 0xfc, 0x89, 0xa8, 0xff,
    0x00, 0xdb, 0xdf, 0xfa, 0x54, 0x8f, 0x9e, 0xc7, 0x7f, 0xbc, 0x4b, 0xe5, 0xf9, 0x20, 0xa2, 0xbe,
    0x94, 0xe4, 0x0a, 0xf4, 0x1f, 0x86, 0x1f, 0xf3, 0x15, 0xff, 0x00, 0xb6, 0x3f, 0xfb, 0x3d, 0x7c,
    0xd7, 0x17, 0x7f, 0xc8, 0x9a, 0xb7, 0xfd, 0xbb, 0xff, 0x00, 0xa5, 0x44, 0xeb, 0xc0, 0xff, 0x00,
    0xbc, 0x47, 0xe7, 0xf9, 0x33, 0xd0, 0x68, 0xaf, 0xc4, 0xcf, 0xa1, 0x0a, 0x28, 0x03, 0xcf, 0xbe,
    0x27, 0xff, 0x00, 0xcc, 0x2b, 0xfe, 0xdb, 0x7f, 0xec, 0x95, 0xe7, 0xd5, 0xfb, 0x67, 0x08, 0xff,
    0x00, 0xc8, 0x9a, 0x8f, 0xfd, 0xbd, 0xff, 0x00, 0xa5, 0x48, 0xf9, 0xec, 0x77, 0xfb, 0xc4, 0xbe,
    0x5f, 0x92, 0x0a, 0x2b, 0xe9, 0x4e, 0x40, 0xaf, 0x41, 0xf8, 0x61, 0xff, 0x00, 0x31, 0x5f, 0xfb,
    0x63, 0xff, 0x00, 0xb3, 0xd7, 0xcd, 0x71, 0x77, 0xfc, 0x89, 0xab, 0x7f, 0xdb, 0xbf, 0xfa, 0x54,
    0x4e, 0xbc, 0x0f, 0xfb, 0xc4, 0x7e, 0x7f, 0x93, 0x3d, 0x06, 0x8a, 0xfc, 0x4c, 0xfa, 0x13, 0xe7,
    0xda, 0x2b, 0xfa, 0x44, 0xf9, 0x33, 0xd0, 0x7e, 0x18, 0x7f, 0xcc, 0x57, 0xfe, 0xd8, 0xff, 0x00,
    0xec, 0xf5, 0xe8, 0x35, 0xf8, 0x97, 0x17, 0x7f, 0xc8, 0xe6, 0xb7, 0xfd, 0xbb, 0xff, 0x00, 0xa4,
    0xc4, 0xfa, 0x1c, 0x0f, 0xfb, 0xbc, 0x7e, 0x7f, 0x9b, 0x0a, 0x2b, 0xe6, 0xce, 0xb0, 0xaf, 0x3e,
    0xf8, 0x9f, 0xff, 0x00, 0x30, 0xaf, 0xfb, 0x6d, 0xff, 0x00, 0xb2, 0x57, 0xd2, 0x70, 0x8f, 0xfc,
    0x8e, 0x68, 0xff, 0x00, 0xdb, 0xdf, 0xfa, 0x4c, 0x8e, 0x4c, 0x77, 0xfb, 0xbc, 0xbe, 0x5f, 0x9a,
    0x3c, 0xfa, 0x8a, 0xfd, 0xb4, 0xf9, 0xe0, 0xa2, 0x80, 0x3d, 0x07, 0xe1, 0x87, 0xfc, 0xc5, 0x7f,
    0xed, 0x8f, 0xfe, 0xcf, 0x5e, 0x83, 0x5f, 0x89, 0x71, 0x77, 0xfc, 0x8e, 0x6b, 0x7f, 0xdb, 0xbf,
    0xfa, 0x4c, 0x4f, 0xa1, 0xc0, 0xff, 0x00, 0xbb, 0xc7, 0xe7, 0xf9, 0xb0, 0xa2, 0xbe, 0x6c, 0xeb,
    0x0a, 0xf3, 0xef, 0x89, 0xff, 0x00, 0xf3, 0x0a, 0xff, 0x00, 0xb6, 0xdf, 0xfb, 0x25, 0x7d, 0x27,
    0x08, 0xff, 0x00, 0xc8, 0xe6, 0x8f, 0xfd, 0xbd, 0xff, 0x00, 0xa4, 0xc8, 0xe4, 0xc7, 0x7f, 0xbb,
    0xcb, 0xe5, 0xf9, 0xa3, 0xcf, 0xa8, 0xaf, 0xdb, 0x4f, 0x9e, 0x0a, 0x28, 0x03, 0xd0, 0x7e, 0x18,
    0x7f, 0xcc, 0x57, 0xfe, 0xd8, 0xff, 0x00, 0xec, 0xf5, 0xe8, 0x35, 0xf8, 0x97, 0x17, 0x7f, 0xc8,
    0xe6, 0xb7, 0xfd, 0xbb, 0xff, 0x00, 0xa4, 0xc4, 0xfa, 0x1c, 0x0f, 0xfb, 0xbc, 0x7e, 0x7f, 0x9b,
    0x0a, 0x2b, 0xe6, 0xce, 0xb0, 0xaf, 0x3e, 0xf8, 0x9f, 0xff, 0x00, 0x30, 0xaf, 0xfb, 0x6d, 0xff,
    0x00, 0xb2, 0x57, 0xd2, 0x70, 0x8f, 0xfc, 0x8e, 0x68, 0xff, 0x00, 0xdb, 0xdf, 0xfa, 0x4c, 0x8e,
    0x4c, 0x77, 0xfb, 0xbc, 0xbe, 0x5f, 0x9a, 0x3c, 0xfa, 0x8a, 0xfd, 0xb4, 0xf9, 0xe0, 0xa2, 0x80,
    0x3d, 0x07, 0xe1, 0x87, 0xfc, 0xc5, 0x7f, 0xed, 0x8f, 0xfe, 0xcf, 0x5e, 0x83, 0x5f, 0x89, 0x71,
    0x77, 0xfc, 0x8e, 0x6b, 0x7f, 0xdb, 0xbf, 0xfa, 0x4c, 0x4f, 0xa1, 0xc0, 0xff, 0x00, 0xbb, 0xc7,
    0xe7, 0xf9, 0xb0, 0xa2, 0xbe, 0x6c, 0xeb, 0x0a, 0xf3, 0xef, 0x89, 0xff, 0x00, 0xf3, 0x0a, 0xff,
    0x00, 0xb6, 0xdf, 0xfb, 0x25, 0x7d, 0x27, 0x08, 0xff, 0x00, 0xc8, 0xe6, 0x8f, 0xfd, 0xbd, 0xff,
    0x00, 0xa4, 0xc8, 0xe4, 0xc7, 0x7f, 0xbb, 0xcb, 0xe5, 0xf9, 0xa3, 0xcf, 0xa8, 0xaf, 0xdb, 0x4f,
    0x9e, 0x0a, 0x28, 0x03, 0xd0, 0x7e, 0x18, 0x7f, 0xcc, 0x57, 0xfe, 0xd8, 0xff, 0x00, 0xec, 0xf5,
    0xe8, 0x35, 0xf8, 0x97, 0x17, 0x7f, 0xc8, 0xe6, 0xb7, 0xfd, 0xbb, 0xff, 0x00, 0xa4, 0xc4, 0xfa,
    0x1c, 0x0f, 0xfb, 0xbc, 0x7e, 0x7f, 0x9b, 0x0a, 0x2b, 0xe6, 0xce, 0xb0, 0xaf, 0x3e, 0xf8, 0x9f,
    0xff, 0x00, 0x30, 0xaf, 0xfb, 0x6d, 0xff, 0x00, 0xb2, 0x57, 0xd2, 0x70, 0x8f, 0xfc, 0x8e, 0x68,
    0xff, 0x00, 0xdb, 0xdf, 0xfa, 0x4c, 0x8e, 0x4c, 0x77, 0xfb, 0xbc, 0xbe, 0x5f, 0x9a, 0x3c, 0xfa,
    0x8a, 0xfd, 0xb4, 0xf9, 0xe0, 0xa2, 0x80, 0x3d, 0x07, 0xe1, 0x87, 0xfc, 0xc5, 0x7f, 0xed, 0x8f,
    0xfe, 0xcf, 0x5e, 0x83, 0x5f, 0x89, 0x71, 0x77, 0xfc, 0x8e, 0x6b, 0x7f, 0xdb, 0xbf, 0xfa, 0x4c,
    0x4f, 0xa1, 0xc0, 0xff, 0x00, 0xbb, 0xc7, 0xe7, 0xf9, 0xb0, 0xa2, 0xbe, 0x6c, 0xeb, 0x0a, 0xf3,
    0xef, 0x89, 0xff, 0x00, 0xf3, 0x0a, 0xff, 0x00, 0xb6, 0xdf, 0xfb, 0x25, 0x7d, 0x27, 0x08, 0xff,
    0x00, 0xc8, 0xe6, 0x8f, 0xfd, 0xbd, 0xff, 0x00, 0xa4, 0xc8, 0xe4, 0xc7, 0x7f, 0xbb, 0xcb, 0xe5,
    0xf9, 0xa3, 0xcf, 0xa8, 0xaf, 0xdb, 0x4f, 0x9e, 0x0a, 0x28, 0x03, 0xd0, 0x7e, 0x18, 0x7f, 0xcc,
    0x57, 0xfe, 0xd8, 0xff, 0x00, 0xec, 0xf5, 0xe8, 0x35, 0xf8, 0x97, 0x17, 0x7f, 0xc8, 0xe6, 0xb7,
    0xfd, 0xbb, 0xff, 0x00, 0xa4, 0xc4, 0xfa, 0x1c, 0x0f, 0xfb, 0xbc, 0x7e, 0x7f, 0x9b, 0x0a, 0x2b,
    0xe6, 0xce, 0xb0, 0xaf, 0x3e, 0xf8, 0x9f, 0xff, 0x00, 0x30, 0xaf, 0xfb, 0x6d, 0xff, 0x00, 0xb2,
    0x57, 0xd2, 0x70, 0x8f, 0xfc, 0x8e, 0x68, 0xff, 0x00, 0xdb, 0xdf, 0xfa, 0x4c, 0x8e, 0x4c, 0x77,
    0xfb, 0xbc, 0xbe, 0x5f, 0x9a, 0x3c, 0xfa, 0x8a, 0xfd, 0xb4, 0xf9, 0xe0, 0xa2, 0x80, 0x3d, 0x07,
    0xe1, 0x87, 0xfc, 0xc5, 0x7f, 0xed, 0x8f, 0xfe, 0xcf, 0x5e, 0x83, 0x5f, 0x89, 0x71, 0x77, 0xfc,
    0x8e, 0x6b, 0x7f, 0xdb, 0xbf, 0xfa, 0x4c, 0x4f, 0xa1, 0xc0, 0xff, 0x00, 0xbb, 0xc7, 0xe7, 0xf9,
    0xb0, 0xa2, 0xbe, 0x6c, 0xeb, 0x0a, 0xf3, 0xef, 0x89, 0xff, 0x00, 0xf3, 0x0a, 0xff, 0x00, 0xb6,
    0xdf, 0xfb, 0x25, 0x7d, 0x27, 0x08, 0xff, 0x00, 0xc8, 0xe6, 0x8f, 0xfd, 0xbd, 0xff, 0x00, 0xa4,
    0xc8, 0xe4, 0xc7, 0x7f, 0xbb, 0xcb, 0xe5, 0xf9, 0xa3, 0xcf, 0xa8, 0xaf, 0xdb, 0x4f, 0x9e, 0x0a,
    0x28, 0x03, 0xd0, 0x7e, 0x18, 0x7f, 0xcc, 0x57, 0xfe, 0xd8, 0xff, 0x00, 0xec, 0xf5, 0xe8, 0x35,
    0xf8, 0x97, 0x17, 0x7f, 0xc8, 0xe6, 0xb7, 0xfd, 0xbb, 0xff, 0x00, 0xa4, 0xc4, 0xfa, 0x1c, 0x0f,
    0xfb, 0xbc, 0x7e, 0x7f, 0x9b, 0x0a, 0x2b, 0xe6, 0xce, 0xb0, 0xaf, 0x3e, 0xf8, 0x9f, 0xff, 0x00,
    0x30, 0xaf, 0xfb, 0x6d, 0xff, 0x00, 0xb2, 0x57, 0xd2, 0x70, 0x8f, 0xfc, 0x8e, 0x68, 0xff, 0x00,
    0xdb, 0xdf, 0xfa, 0x4c, 0x8e, 0x4c, 0x77, 0xfb, 0xbc, 0xbe, 0x5f, 0x9a, 0x3c, 0xfa, 0x8a, 0xfd,
    0xb4, 0xf9, 0xe0, 0xa2, 0x80, 0x3d, 0x07, 0xe1, 0x87, 0xfc, 0xc5, 0x7f, 0xed, 0x8f, 0xfe, 0xcf,
    0x5e, 0x83, 0x5f, 0x89, 0x71, 0x77, 0xfc, 0x8e, 0x6b, 0x7f, 0xdb, 0xbf, 0xfa, 0x4c, 0x4f, 0xa1,
    0xc0, 0xff, 0x00, 0xbb, 0xc7, 0xe7, 0xf9, 0xb0, 0xa2, 0xbe, 0x6c, 0xeb, 0x0a, 0xf3, 0xef, 0x89,
    0xff, 0x00, 0xf3, 0x0a, 0xff, 0x00, 0xb6, 0xdf, 0xfb, 0x25, 0x7d, 0x27, 0x08, 0xff, 0x00, 0xc8,
    0xe6, 0x8f, 0xfd, 0xbd, 0xff, 0x00, 0xa4, 0xc8, 0xe4, 0xc7, 0x7f, 0xbb, 0xcb, 0xe5, 0xf9, 0xa3,
    0xcf, 0xa8, 0xaf, 0xdb, 0x4f, 0x9e, 0x0a, 0x28, 0x03, 0xd0, 0x7e, 0x18, 0x7f, 0xcc, 0x57, 0xfe,
    0xd8, 0xff, 0x00, 0xec, 0xf5, 0xe8, 0x35, 0xf8, 0x97, 0x17, 0x7f, 0xc8, 0xe6, 0xb7, 0xfd, 0xbb,
    0xff, 0x00, 0xa4, 0xc4, 0xfa, 0x1c, 0x0f, 0xfb, 0xbc, 0x7e, 0x7f, 0x9b, 0x0a, 0x2b, 0xe6, 0xce,
    0xb0, 0xaf, 0x3e, 0xf8, 0x9f, 0xff, 0x00, 0x30, 0xaf, 0xfb, 0x6d, 0xff, 0x00, 0xb2, 0x57, 0xd2,
    0x70, 0x8f, 0xfc, 0x8e, 0x68, 0xff, 0x00, 0xdb, 0xdf, 0xfa, 0x4c, 0x8e, 0x4c, 0x77, 0xfb, 0xbc,
    0xbe, 0x5f, 0x9a, 0x3c, 0xfa, 0x8a, 0xfd, 0xb4, 0xf9, 0xe0, 0xa2, 0x80, 0x3d, 0x07, 0xe1, 0x87,
    0xfc, 0xc5, 0x7f, 0xed, 0x8f, 0xfe, 0xcf, 0x5e, 0x83, 0x5f, 0x89, 0x71, 0x77, 0xfc, 0x8e, 0x6b,
    0x7f, 0xdb, 0xbf, 0xfa, 0x4c, 0x4f, 0xa1, 0xc0, 0xff, 0x00, 0xbb, 0xc7, 0xe7, 0xf9, 0xb0, 0xa2,
    0xbe, 0x6c, 0xeb, 0x0a, 0xf3, 0xef, 0x89, 0xff, 0x00, 0xf3, 0x0a, 0xff, 0x00, 0xb6, 0xdf, 0xfb,
    0x25, 0x7d, 0x27, 0x08, 0xff, 0x00, 0xc8, 0xe6, 0x8f, 0xfd, 0xbd, 0xff, 0x00, 0xa4, 0xc8, 0xe4,
    0xc7, 0x7f, 0xbb, 0xcb, 0xe5, 0xf9, 0xa3, 0xcf, 0xa8, 0xaf, 0xdb, 0x4f, 0x9e, 0x0a, 0x28, 0x03,
    0xd0, 0x7e, 0x18, 0x7f, 0xcc, 0x57, 0xfe, 0xd8, 0xff, 0x00, 0xec, 0xf5, 0xe8, 0x35, 0xf8, 0x97,
    0x17, 0x7f, 0xc8, 0xe6, 0xb7, 0xfd, 0xbb, 0xff, 0x00, 0xa4, 0xc4, 0xfa, 0x1c, 0x0f, 0xfb, 0xbc,
    0x7e, 0x7f, 0x9b, 0x0a, 0x2b, 0xe6, 0xce, 0xb0, 0xaf, 0x3e, 0xf8, 0x9f, 0xff, 0x00, 0x30, 0xaf,
    0xfb, 0x6d, 0xff, 0x00, 0xb2, 0x57, 0xd2, 0x70, 0x8f, 0xfc, 0x8e, 0x68, 0xff, 0x00, 0xdb, 0xdf,
    0xfa, 0x4c, 0x8e, 0x4c, 0x77, 0xfb, 0xbc, 0xbe, 0x5f, 0x9a, 0x3c, 0xfa, 0x8a, 0xfd, 0xb4, 0xf9,
    0xe0, 0xa2, 0x80, 0x3d, 0x07, 0xe1, 0x87, 0xfc, 0xc5, 0x7f, 0xed, 0x8f, 0xfe, 0xcf, 0x5e, 0x83,
    0x5f, 0x89, 0x71, 0x77, 0xfc, 0x8e, 0x6b, 0x7f, 0xdb, 0xbf, 0xfa, 0x4c, 0x4f, 0xa1, 0xc0, 0xff,
    0x00, 0xbb, 0xc7, 0xe7, 0xf9, 0xb0, 0xa2, 0xbe, 0x6c, 0xeb, 0x0a, 0xf3, 0xef, 0x89, 0xff, 0x00,
    0xf3, 0x0a, 0xff, 0x00, 0xb6, 0xdf, 0xfb, 0x25, 0x7d, 0x27, 0x08, 0xff, 0x00, 0xc8, 0xe6, 0x8f,
    0xfd, 0xbd, 0xff, 0x00, 0xa4, 0xc8, 0xe4, 0xc7, 0x7f, 0xbb, 0xcb, 0xe5, 0xf9, 0xa3, 0xcf, 0xa8,
    0xaf, 0xdb, 0x4f, 0x9e, 0x0a, 0x28, 0x03, 0xd0, 0x7e, 0x18, 0x7f, 0xcc, 0x57, 0xfe, 0xd8, 0xff,
    0x00, 0xec, 0xf5, 0xe8, 0x35, 0xf8, 0x97, 0x17, 0x7f, 0xc8, 0xe6, 0xb7, 0xfd, 0xbb, 0xff, 0x00,
    0xa4, 0xc4, 0xfa, 0x1c, 0x0f, 0xfb, 0xbc, 0x7e, 0x7f, 0x9b, 0x0a, 0x2b, 0xe6, 0xce, 0xb0, 0xaf,
    0x3e, 0xf8, 0x9f, 0xff, 0x00, 0x30, 0xaf, 0xfb, 0x6d, 0xff, 0x00, 0xb2, 0x57, 0xd2, 0x70, 0x8f,
    0xfc, 0x8e, 0x68, 0xff, 0x00, 0xdb, 0xdf, 0xfa, 0x4c, 0x8e, 0x4c, 0x77, 0xfb, 0xbc, 0xbe, 0x5f,
    0x9a, 0x3c, 0xfa, 0x8a, 0xfd, 0xb4, 0xf9, 0xe0, 0xa2, 0x80, 0x3d, 0x07, 0xe1, 0x87, 0xfc, 0xc5,
    0x7f, 0xed, 0x8f, 0xfe, 0xcf, 0x5e, 0x83, 0x5f, 0x89, 0x71, 0x77, 0xfc, 0x8e, 0x6b, 0x7f, 0xdb,
    0xbf, 0xfa, 0x4c, 0x4f, 0xa1, 0xc0, 0xff, 0x00, 0xbb, 0xc7, 0xe7, 0xf9, 0xb0, 0xa2, 0xbe, 0x6c,
    0xeb, 0x0a, 0xf3, 0xef, 0x89, 0xff, 0x00, 0xf3, 0x0a, 0xff, 0x00, 0xb6, 0xdf, 0xfb, 0x25, 0x7d,
    0x27, 0x08, 0xff, 0x00, 0xc8, 0xe6, 0x8f, 0xfd, 0xbd, 0xff, 0x00, 0xa4, 0xc8, 0xe4, 0xc7, 0x7f,
    0xbb, 0xcb, 0xe5, 0xf9, 0xa3, 0xcf, 0xa8, 0xaf, 0xdb, 0x4f, 0x9e, 0x0a, 0x28, 0x03, 0xd0, 0x7e,
    0x18, 0x7f, 0xcc, 0x57, 0xfe, 0xd8, 0xff, 0x00, 0xec, 0xf5, 0xe8, 0x35, 0xf8, 0x97, 0x17, 0x7f,
    0xc8, 0xe6, 0xb7, 0xfd, 0xbb, 0xff, 0x00, 0xa4, 0xc4, 0xfa, 0x1c, 0x0f, 0xfb, 0xbc, 0x7e, 0x7f,
    0x9b, 0x0a, 0x2b, 0xe6, 0xce, 0xb0, 0xaf, 0x3e, 0xf8, 0x9f, 0xff, 0x00, 0x30, 0xaf, 0xfb, 0x6d,
    0xff, 0x00, 0xb2, 0x57, 0xd2, 0x70, 0x8f, 0xfc, 0x8e, 0x68, 0xff, 0x00, 0xdb, 0xdf, 0xfa, 0x4c,
    0x8e, 0x4c, 0x77, 0xfb, 0xbc, 0xbe, 0x5f, 0x9a, 0x3c, 0xfa, 0x8a, 0xfd, 0xb4, 0xf9, 0xe0, 0xa2,
    0x80, 0x3d, 0x07, 0xe1, 0x87, 0xfc, 0xc5, 0x7f, 0xed, 0x8f, 0xfe, 0xcf, 0x5e, 0x83, 0x5f, 0x89,
    0x71, 0x77, 0xfc, 0x8e, 0x6b, 0x7f, 0xdb, 0xbf, 0xfa, 0x4c, 0x4f, 0xa1, 0xc0, 0xff, 0x00, 0xbb,
    0xc7, 0xe7, 0xf9, 0xb0, 0xa2, 0xbe, 0x6c, 0xeb, 0x0a, 0xf3, 0xef, 0x89, 0xff, 0x00, 0xf3, 0x0a,
    0xff, 0x00, 0xb6, 0xdf, 0xfb, 0x25, 0x7d, 0x27, 0x08, 0xff, 0x00, 0xc8, 0xe6, 0x8f, 0xfd, 0xbd,
    0xff, 0x00, 0xa4, 0xc8, 0xe4, 0xc7, 0x7f, 0xbb, 0xcb, 0xe5, 0xf9, 0xa3, 0xcf, 0xa8, 0xaf, 0xdb,
    0x4f, 0x9e, 0x0a, 0x28, 0x03, 0xd0, 0x7e, 0x18, 0x7f, 0xcc, 0x57, 0xfe, 0xd8, 0xff, 0x00, 0xec,
    0xf5, 0xe8, 0x35, 0xf8, 0x97, 0x17, 0x7f, 0xc8, 0xe6, 0xb7, 0xfd, 0xbb, 0xff, 0x00, 0xa4, 0xc4,
    0xfa, 0x1c, 0x0f, 0xfb, 0xbc, 0x7e, 0x7f, 0x9b, 0x0a, 0x2b, 0xe6, 0xce, 0xb0, 0xaf, 0x3e, 0xf8,
    0x9f, 0xff, 0x00, 0x30, 0xaf, 0xfb, 0x6d, 0xff, 0x00, 0xb2, 0x57, 0xd2, 0x70, 0x8f, 0xfc, 0x8e,
    0x68, 0xff, 0x00, 0xdb, 0xdf, 0xfa, 0x4c, 0x8e, 0x4c, 0x77, 0xfb, 0xbc, 0xbe, 0x5f, 0x9a, 0x3c,
    0xfa, 0x8a, 0xfd, 0xb4, 0xf9, 0xe0, 0xa2, 0x80, 0x3d, 0x07, 0xe1, 0x87, 0xfc, 0xc5, 0x7f, 0xed,
    0x8f, 0xfe, 0xcf, 0x5e, 0x83, 0x5f, 0x89, 0x71, 0x77, 0xfc, 0x8e, 0x6b, 0x7f, 0xdb, 0xbf, 0xfa,
    0x4c, 0x4f, 0xa1, 0xc0, 0xff, 0x00, 0xbb, 0xc7, 0xe7, 0xf9, 0xb0, 0xa2, 0xbe, 0x6c, 0xeb, 0x0a,
    0xf3, 0xef, 0x89, 0xff, 0x00, 0xf3, 0x0a, 0xff, 0x00, 0xb6, 0xdf, 0xfb, 0x25, 0x7d, 0x27, 0x08,
    0xff, 0x00, 0xc8, 0xe6, 0x8f, 0xfd, 0xbd, 0xff, 0x00, 0xa4, 0xc8, 0xe4, 0xc7, 0x7f, 0xbb, 0xcb,
    0xe5, 0xf9, 0xa3, 0xcf, 0xa8, 0xaf, 0xdb, 0x4f, 0x9e, 0x3e, 0x82, 0xa2, 0xbf, 0x9b, 0x8f, 0xac,
    0x3c, 0xfb, 0xe2, 0x7f, 0xfc, 0xc2, 0xbf, 0xed, 0xb7, 0xfe, 0xc9, 0x5e, 0x7d, 0x5f, 0xb6, 0x70,
    0x8f, 0xfc, 0x89, 0xa8, 0xff, 0x00, 0xdb, 0xdf, 0xfa, 0x54, 0x8f, 0x9e, 0xc7, 0x7f, 0xbc, 0x4b,
    0xe5, 0xf9, 0x20, 0xa2, 0xbe, 0x94, 0xe4, 0x0a, 0xf4, 0x1f, 0x86, 0x1f, 0xf3, 0x15, 0xff, 0x00,
    0xb6, 0x3f, 0xfb, 0x3d, 0x7c, 0xd7, 0x17, 0x7f, 0xc8, 0x9a, 0xb7, 0xfd, 0xbb, 0xff, 0x00, 0xa5,
    0x44, 0xeb, 0xc0, 0xff, 0x00, 0xbc, 0x47, 0xe7, 0xf9, 0x33, 0xd0, 0x68, 0xaf, 0xc4, 0xcf, 0xa1,
    0x0a, 0x28, 0x03, 0xcf, 0xbe, 0x27, 0xff, 0x00, 0xcc, 0x2b, 0xfe, 0xdb, 0x7f, 0xec, 0x95, 0xe7,
    0xd5, 0xfb, 0x67, 0x08, 0xff, 0x00, 0xc8, 0x9a, 0x8f, 0xfd, 0xbd, 0xff, 0x00, 0xa5, 0x48, 0xf9,
    0xec, 0x77, 0xfb, 0xc4, 0xbe, 0x5f, 0x92, 0x0a, 0x2b, 0xe9, 0x4e, 0x40, 0xaf, 0x41, 0xf8, 0x61,
    0xff, 0x00, 0x31, 0x5f, 0xfb, 0x63, 0xff, 0x00, 0xb3, 0xd7, 0xcd, 0x71, 0x77, 0xfc, 0x89, 0xab,
    0x7f, 0xdb, 0xbf, 0xfa, 0x54, 0x4e, 0xbc, 0x0f, 0xfb, 0xc4, 0x7e, 0x7f, 0x93, 0x3d, 0x06, 0x8a,
    0xfc, 0x4c, 0xfa, 0x10, 0xa2, 0x80, 0x3c, 0xfb, 0xe2, 0x7f, 0xfc, 0xc2, 0xbf, 0xed, 0xb7, 0xfe,
    0xc9, 0x5e, 0x7d, 0x5f, 0xb6, 0x70, 0x8f, 0xfc, 0x89, 0xa8, 0xff, 0x00, 0xdb, 0xdf, 0xfa, 0x54,
    0x8f, 0x9e, 0xc7, 0x7f, 0xbc, 0x4b, 0xe5, 0xf9, 0x20, 0xa2, 0xbe, 0x94, 0xe4, 0x0a, 0xf4, 0x1f,
    0x86, 0x1f, 0xf3, 0x15, 0xff, 0x00, 0xb6, 0x3f, 0xfb, 0x3d, 0x7c, 0xd7, 0x17, 0x7f, 0xc8, 0x9a,
    0xb7, 0xfd, 0xbb, 0xff, 0x00, 0xa5, 0x44, 0xeb, 0xc0, 0xff, 0x00, 0xbc, 0x47, 0xe7, 0xf9, 0x33,
    0xd0, 0x68, 0xaf, 0xc4, 0xcf, 0xa1, 0x0a, 0x28, 0x03, 0xcf, 0xbe, 0x27, 0xff, 0x00, 0xcc, 0x2b,
    0xfe, 0xdb, 0x7f, 0xec, 0x95, 0xe7, 0xd5, 0xfb, 0x67, 0x08, 0xff, 0x00, 0xc8, 0x9a, 0x8f, 0xfd,
    0xbd, 0xff, 0x00, 0xa5, 0x48, 0xf9, 0xec, 0x77, 0xfb, 0xc4, 0xbe, 0x5f, 0x92, 0x0a, 0x2b, 0xe9,
    0x4e, 0x40, 0xaf, 0x41, 0xf8, 0x61, 0xff, 0x00, 0x31, 0x5f, 0xfb, 0x63, 0xff, 0x00, 0xb3, 0xd7,
    0xcd, 0x71, 0x77, 0xfc, 0x89, 0xab, 0x7f, 0xdb, 0xbf, 0xfa, 0x54, 0x4e, 0xbc, 0x0f, 0xfb, 0xc4,
    0x7e, 0x7f, 0x93, 0x3d, 0x06, 0x8a, 0xfc, 0x4c, 0xfa, 0x10, 0xa2, 0x80, 0x3c, 0xfb, 0xe2, 0x7f,
    0xfc, 0xc2, 0xbf, 0xed, 0xb7, 0xfe, 0xc9, 0x5e, 0x7d, 0x5f, 0xb6, 0x70, 0x8f, 0xfc, 0x89, 0xa8,
    0xff, 0x00, 0xdb, 0xdf, 0xfa, 0x54, 0x8f, 0x9e, 0xc7, 0x7f, 0xbc, 0x4b, 0xe5, 0xf9, 0x20, 0xa2,
    0xbe, 0x94, 0xe4, 0x0a, 0xf4, 0x1f, 0x86, 0x1f, 0xf3, 0x15, 0xff, 0x00, 0xb6, 0x3f, 0xfb, 0x3d,
    0x7c, 0xd7, 0x17, 0x7f, 0xc8, 0x9a, 0xb7, 0xfd, 0xbb, 0xff, 0x00, 0xa5, 0x44, 0xeb, 0xc0, 0xff,
    0x00, 0xbc, 0x47, 0xe7, 0xf9, 0x33, 0xd0, 0x68, 0xaf, 0xc4, 0xcf, 0xa1, 0x0a, 0x28, 0x03, 0xcf,
    0xbe, 0x27, 0xff, 0x00, 0xcc, 0x2b, 0xfe, 0xdb, 0x7f, 0xec, 0x95, 0xe7, 0xd5, 0xfb, 0x67, 0x08,
    0xff, 0x00, 0xc8, 0x9a, 0x8f, 0xfd, 0xbd, 0xff, 0x00, 0xa5, 0x48, 0xf9, 0xec, 0x77, 0xfb, 0xc4,
    0xbe, 0x5f, 0x92, 0x0a, 0x2b, 0xe9, 0x4e, 0x40, 0xaf, 0x41, 0xf8, 0x61, 0xff, 0x00, 0x31, 0x5f,
    0xfb, 0x63, 0xff, 0x00, 0xb3, 0xd7, 0xcd, 0x71, 0x77, 0xfc, 0x89, 0xab, 0x7f, 0xdb, 0xbf, 0xfa,
    0x54, 0x4e, 0xbc, 0x0f, 0xfb, 0xc4, 0x7e, 0x7f, 0x93, 0x3d, 0x06, 0x8a, 0xfc, 0x4c, 0xfa, 0x10,
    0xa2, 0x80, 0x3c, 0xfb, 0xe2, 0x7f, 0xfc, 0xc2, 0xbf, 0xed, 0xb7, 0xfe, 0xc9, 0x5e, 0x7d, 0x5f,
    0xb6, 0x70, 0x8f, 0xfc, 0x89, 0xa8, 0xff, 0x00, 0xdb, 0xdf, 0xfa, 0x54, 0x8f, 0x9e, 0xc7, 0x7f,
    0xbc, 0x4b, 0xe5, 0xf9, 0x20, 0xa2, 0xbe, 0x94, 0xe4, 0x0a, 0xf4, 0x1f, 0x86, 0x1f, 0xf3, 0x15,
    0xff, 0x00, 0xb6, 0x3f, 0xfb, 0x3d, 0x7c, 0xd7, 0x17, 0x7f, 0xc8, 0x9a, 0xb7, 0xfd, 0xbb, 0xff,
    0x00, 0xa5, 0x44, 0xeb, 0xc0, 0xff, 0x00, 0xbc, 0x47, 0xe7, 0xf9, 0x33, 0xd0, 0x68, 0xaf, 0xc4,
    0xcf, 0xa1, 0x0a, 0x28, 0x03, 0xcf, 0xbe, 0x27, 0xff, 0x00, 0xcc, 0x2b, 0xfe, 0xdb, 0x7f, 0xec,
    0x95, 0xe7, 0xd5, 0xfb, 0x67, 0x08, 0xff, 0x00, 0xc8, 0x9a, 0x8f, 0xfd, 0xbd, 0xff, 0x00, 0xa5,
    0x48, 0xf9, 0xec, 0x77, 0xfb, 0xc4, 0xbe, 0x5f, 0x92, 0x0a, 0x2b, 0xe9, 0x4e, 0x40, 0xaf, 0x41,
    0xf8, 0x61, 0xff, 0x00, 0x31, 0x5f, 0xfb, 0x63, 0xff, 0x00, 0xb3, 0xd7, 0xcd, 0x71, 0x77, 0xfc,
    0x89, 0xab, 0x7f, 0xdb, 0xbf, 0xfa, 0x54, 0x4e, 0xbc, 0x0f, 0xfb, 0xc4, 0x7e, 0x7f, 0x93, 0x3d,
    0x06, 0x8a, 0xfc, 0x4c, 0xfa, 0x10, 0xa2, 0x80, 0x3c, 0xfb, 0xe2, 0x7f, 0xfc, 0xc2, 0xbf, 0xed,
    0xb7, 0xfe, 0xc9, 0x5e, 0x7d, 0x5f, 0xb6, 0x70, 0x8f, 0xfc, 0x89, 0xa8, 0xff, 0x00, 0xdb, 0xdf,
    0xfa, 0x54, 0x8f, 0x9e, 0xc7, 0x7f, 0xbc, 0x4b, 0xe5, 0xf9, 0x20, 0xa2, 0xbe, 0x94, 0xe4, 0x0a,
    0xf4, 0x1f, 0x86, 0x1f, 0xf3, 0x15, 0xff, 0x00, 0xb6, 0x3f, 0xfb, 0x3d, 0x7c, 0xd7, 0x17, 0x7f,
    0xc8, 0x9a, 0xb7, 0xfd, 0xbb, 0xff, 0x00, 0xa5, 0x44, 0xeb, 0xc0, 0xff, 0x00, 0xbc, 0x47, 0xe7,
    0xf9, 0x33, 0xd0, 0x68, 0xaf, 0xc4, 0xcf, 0xa1, 0x0a, 0x28, 0x03, 0xcf, 0xbe, 0x27, 0xff, 0x00,
    0xcc, 0x2b, 0xfe, 0xdb, 0x7f, 0xec, 0x95, 0xe7, 0xd5, 0xfb, 0x67, 0x08, 0xff, 0x00, 0xc8, 0x9a,
    0x8f, 0xfd, 0xbd, 0xff, 0x00, 0xa5, 0x48, 0xf9, 0xec, 0x77, 0xfb, 0xc4, 0xbe, 0x5f, 0x92, 0x0a,
    0x2b, 0xe9, 0x4e, 0x40, 0xaf, 0x41, 0xf8, 0x61, 0xff, 0x00, 0x31, 0x5f, 0xfb, 0x63, 0xff, 0x00,
    0xb3, 0xd7, 0xcd, 0x71, 0x77, 0xfc, 0x89, 0xab, 0x7f, 0xdb, 0xbf, 0xfa, 0x54, 0x4e, 0xbc, 0x0f,
    0xfb, 0xc4, 0x7e, 0x7f, 0x93, 0x3d, 0x06, 0x8a, 0xfc, 0x4c, 0xfa, 0x10, 0xa2, 0x80, 0x3c, 0xfb,
    0xe2, 0x7f, 0xfc, 0xc2, 0xbf, 0xed, 0xb7, 0xfe, 0xc9, 0x5e, 0x7d, 0x5f, 0xb6, 0x70, 0x8f, 0xfc,
    0x89, 0xa8, 0xff, 0x00, 0xdb, 0xdf, 0xfa, 0x54, 0x8f, 0x9e, 0xc7, 0x7f, 0xbc, 0x4b, 0xe5, 0xf9,
    0x20, 0xa2, 0xbe, 0x94, 0xe4, 0x0a, 0xf4, 0x1f, 0x86, 0x1f, 0xf3, 0x15, 0xff, 0x00, 0xb6, 0x3f,
    0xfb, 0x3d, 0x7c, 0xd7, 0x17, 0x7f, 0xc8, 0x9a, 0xb7, 0xfd, 0xbb, 0xff, 0x00, 0xa5, 0x44, 0xeb,
    0xc0, 0xff, 0x00, 0xbc, 0x47, 0xe7, 0xf9, 0x33, 0xd0, 0x68, 0xaf, 0xc4, 0xcf, 0xa1, 0x0a, 0x28,
    0x03, 0xcf, 0xbe, 0x27, 0xff, 0x00, 0xcc, 0x2b, 0xfe, 0xdb, 0x7f, 0xec, 0x95, 0xe7, 0xd5, 0xfb,
    0x67, 0x08, 0xff, 0x00, 0xc8, 0x9a, 0x8f, 0xfd, 0xbd, 0xff, 0x00, 0xa5, 0x48, 0xf9, 0xec, 0x77,
    0xfb, 0xc4, 0xbe, 0x5f, 0x92, 0x0a, 0x2b, 0xe9, 0x4e, 0x40, 0xaf, 0x41, 0xf8, 0x61, 0xff, 0x00,
    0x31, 0x5f, 0xfb, 0x63, 0xff, 0x00, 0xb3, 0xd7, 0xcd, 0x71, 0x77, 0xfc, 0x89, 0xab, 0x7f, 0xdb,
    0xbf, 0xfa, 0x54, 0x4e, 0xbc, 0x0f, 0xfb, 0xc4, 0x7e, 0x7f, 0x93, 0x3d, 0x06, 0x8a, 0xfc, 0x4c,
    0xfa, 0x10, 0xa2, 0x80, 0x3c, 0xfb, 0xe2, 0x7f, 0xfc, 0xc2, 0xbf, 0xed, 0xb7, 0xfe, 0xc9, 0x5e,
    0x7d, 0x5f, 0xb6, 0x70, 0x8f, 0xfc, 0x89, 0xa8, 0xff, 0x00, 0xdb, 0xdf, 0xfa, 0x54, 0x8f, 0x9e,
    0xc7, 0x7f, 0xbc, 0x4b, 0xe5, 0xf9, 0x20, 0xa2, 0xbe, 0x94, 0xe4, 0x0a, 0xf4, 0x1f, 0x86, 0x1f,
    0xf3, 0x15, 0xff, 0x00, 0xb6, 0x3f, 0xfb, 0x3d, 0x7c, 0xd7, 0x17, 0x7f, 0xc8, 0x9a, 0xb7, 0xfd,
    0xbb, 0xff, 0x00, 0xa5, 0x44, 0xeb, 0xc0, 0xff, 0x00, 0xbc, 0x47, 0xe7, 0xf9, 0x33, 0xd0, 0x68,
    0xaf, 0xc4, 0xcf, 0xa1, 0x0a, 0x28, 0x03, 0xcf, 0xbe, 0x27, 0xff, 0x00, 0xcc, 0x2b, 0xfe, 0xdb,
    0x7f, 0xec, 0x95, 0xe7, 0xd5, 0xfb, 0x67, 0x08, 0xff, 0x00, 0xc8, 0x9a, 0x8f, 0xfd, 0xbd, 0xff,
    0x00, 0xa5, 0x48, 0xf9, 0xec, 0x77, 0xfb, 0xc4, 0xbe, 0x5f, 0x92, 0x0a, 0x2b, 0xe9, 0x4e, 0x40,
    0xaf, 0x41, 0xf8, 0x61, 0xff, 0x00, 0x31, 0x5f, 0xfb, 0x63, 0xff, 0x00, 0xb3, 0xd7, 0xcd, 0x71,
    0x77, 0xfc, 0x89, 0xab, 0x7f, 0xdb, 0xbf, 0xfa, 0x54, 0x4e, 0xbc, 0x0f, 0xfb, 0xc4, 0x7e, 0x7f,
    0x93, 0x3d, 0x06, 0x8a, 0xfc, 0x4c, 0xfa, 0x10, 0xa2, 0x80, 0x3c, 0xfb, 0xe2, 0x7f, 0xfc, 0xc2,
    0xbf, 0xed, 0xb7, 0xfe, 0xc9, 0x5e, 0x7d, 0x5f, 0xb6, 0x70, 0x8f, 0xfc, 0x89, 0xa8, 0xff, 0x00,
    0xdb, 0xdf, 0xfa, 0x54, 0x8f, 0x9e, 0xc7, 0x7f, 0xbc, 0x4b, 0xe5, 0xf9, 0x20, 0xa2, 0xbe, 0x94,
    0xe4, 0x0a, 0xf4, 0x1f, 0x86, 0x1f, 0xf3, 0x15, 0xff, 0x00, 0xb6, 0x3f, 0xfb, 0x3d, 0x7c, 0xd7,
    0x17, 0x7f, 0xc8, 0x9a, 0xb7, 0xfd, 0xbb, 0xff, 0x00, 0xa5, 0x44, 0xeb, 0xc0, 0xff, 0x00, 0xbc,
    0x47, 0xe7, 0xf9, 0x33, 0xd0, 0x68, 0xaf, 0xc4, 0xcf, 0xa1, 0x0a, 0x28, 0x03, 0xcf, 0xbe, 0x27,
    0xff, 0x00, 0xcc, 0x2b, 0xfe, 0xdb, 0x7f, 0xec, 0x95, 0xe7, 0xd5, 0xfb, 0x67, 0x08, 0xff, 0x00,
    0xc8, 0x9a, 0x8f, 0xfd, 0xbd, 0xff, 0x00, 0xa5, 0x48, 0xf9, 0xec, 0x77, 0xfb, 0xc4, 0xbe, 0x5f,
    0x92, 0x0a, 0x2b, 0xe9, 0x4e, 0x40, 0xaf, 0x41, 0xf8, 0x61, 0xff, 0x00, 0x31, 0x5f, 0xfb, 0x63,
    0xff, 0x00, 0xb3, 0xd7, 0xcd, 0x71, 0x77, 0xfc, 0x89, 0xab, 0x7f, 0xdb, 0xbf, 0xfa, 0x54, 0x4e,
    0xbc, 0x0f, 0xfb, 0xc4, 0x7e, 0x7f, 0x93, 0x3d, 0x06, 0x8a, 0xfc, 0x4c, 0xfa, 0x10, 0xa2, 0x80,
    0x3c, 0xfb, 0xe2, 0x7f, 0xfc, 0xc2, 0xbf, 0xed, 0xb7, 0xfe, 0xc9, 0x5e, 0x7d, 0x5f, 0xb6, 0x70,
    0x8f, 0xfc, 0x89, 0xa8, 0xff, 0x00, 0xdb, 0xdf, 0xfa, 0x54, 0x8f, 0x9e, 0xc7, 0x7f, 0xbc, 0x4b,
    0xe5, 0xf9, 0x20, 0xa2, 0xbe, 0x94, 0xe4, 0x0a, 0xf4, 0x1f, 0x86, 0x1f, 0xf3, 0x15, 0xff, 0x00,
    0xb6, 0x3f, 0xfb, 0x3d, 0x7c, 0xd7, 0x17, 0x7f, 0xc8, 0x9a, 0xb7, 0xfd, 0xbb, 0xff, 0x00, 0xa5,
    0x44, 0xeb, 0xc0, 0xff, 0x00, 0xbc, 0x47, 0xe7, 0xf9, 0x33, 0xd0, 0x68, 0xaf, 0xc4, 0xcf, 0xa1,
    0x0a, 0x28, 0x03, 0xcf, 0xbe, 0x27, 0xff, 0x00, 0xcc, 0x2b, 0xfe, 0xdb, 0x7f, 0xec, 0x95, 0xe7,
    0xd5, 0xfb, 0x67, 0x08, 0xff, 0x00, 0xc8, 0x9a, 0x8f, 0xfd, 0xbd, 0xff, 0x00, 0xa5, 0x48, 0xf9,
    0xec, 0x77, 0xfb, 0xc4, 0xbe, 0x5f, 0x92, 0x0a, 0x2b, 0xe9, 0x4e, 0x40, 0xaf, 0x41, 0xf8, 0x61,
    0xff, 0x00, 0x31, 0x5f, 0xfb, 0x63, 0xff, 0x00, 0xb3, 0xd7, 0xcd, 0x71, 0x77, 0xfc, 0x89, 0xab,
    0x7f, 0xdb, 0xbf, 0xfa, 0x54, 0x4e, 0xbc, 0x0f, 0xfb, 0xc4, 0x7e, 0x7f, 0x93, 0x3d, 0x06, 0x8a,
    0xfc, 0x4c, 0xfa, 0x10, 0xa2, 0x80, 0x3c, 0xfb, 0xe2, 0x7f, 0xfc, 0xc2, 0xbf, 0xed, 0xb7, 0xfe,
    0xc9, 0x5e, 0x7d, 0x5f, 0xb6, 0x70, 0x8f, 0xfc, 0x89, 0xa8, 0xff, 0x00, 0xdb, 0xdf, 0xfa, 0x54,
    0x8f, 0x9e, 0xc7, 0x7f, 0xbc, 0x4b, 0xe5, 0xf9, 0x20, 0xa2, 0xbe, 0x94, 0xe4, 0x0a, 0xf4, 0x1f,
    0x86, 0x1f, 0xf3, 0x15, 0xff, 0x00, 0xb6, 0x3f, 0xfb, 0x3d, 0x7c, 0xd7, 0x17, 0x7f, 0xc8, 0x9a,
    0xb7, 0xfd, 0xbb, 0xff, 0x00, 0xa5, 0x44, 0xeb, 0xc0, 0xff, 0x00, 0xbc, 0x47, 0xe7, 0xf9, 0x33,
    0xd0, 0x68, 0xaf, 0xc4, 0xcf, 0xa1, 0x0a, 0x28, 0x03, 0xcf, 0xbe, 0x27, 0xff, 0x00, 0xcc, 0x2b,
    0xfe, 0xdb, 0x7f, 0xec, 0x95, 0xe7, 0xd5, 0xfb, 0x67, 0x08, 0xff, 0x00, 0xc8, 0x9a, 0x8f, 0xfd,
    0xbd, 0xff, 0x00, 0xa5, 0x48, 0xf9, 0xec, 0x77, 0xfb, 0xc4, 0xbe, 0x5f, 0x92, 0x0a, 0x2b, 0xe9,
    0x4e, 0x40, 0xaf, 0x41, 0xf8, 0x61, 0xff, 0x00, 0x31, 0x5f, 0xfb, 0x63, 0xff, 0x00, 0xb3, 0xd7,
    0xcd, 0x71, 0x77, 0xfc, 0x89, 0xab, 0x7f, 0xdb, 0xbf, 0xfa, 0x54, 0x4e, 0xbc, 0x0f, 0xfb, 0xc4,
    0x7e, 0x7f, 0x93, 0x3d, 0x06, 0x8a, 0xfc, 0x4c, 0xfa, 0x13, 0xe7, 0xda, 0x2b, 0xfa, 0x44, 0xf9,
    0x33, 0xd0, 0x7e, 0x18, 0x7f, 0xcc, 0x57, 0xfe, 0xd8, 0xff, 0x00, 0xec, 0xf5, 0xe8, 0x35, 0xf8,
    0x97, 0x17, 0x7f, 0xc8, 0xe6, 0xb7, 0xfd, 0xbb, 0xff, 0x00, 0xa4, 0xc4, 0xfa, 0x1c, 0x0f, 0xfb,
    0xbc, 0x7e, 0x7f, 0x9b, 0x0a, 0x2b, 0xe6, 0xce, 0xb0, 0xaf, 0x3e, 0xf8, 0x9f, 0xff, 0x00, 0x30,
    0xaf, 0xfb, 0x6d, 0xff, 0x00, 0xb2, 0x57, 0xd2, 0x70, 0x8f, 0xfc, 0x8e, 0x68, 0xff, 0x00, 0xdb,
    0xdf, 0xfa, 0x4c, 0x8e, 0x4c, 0x77, 0xfb, 0xbc, 0xbe, 0x5f, 0x9a, 0x3c, 0xfa, 0x8a, 0xfd, 0xb4,
    0xf9, 0xe0, 0xa2, 0x80, 0x3d, 0x07, 0xe1, 0x87, 0xfc, 0xc5, 0x7f, 0xed, 0x8f, 0xfe, 0xcf, 0x5e,
    0x83, 0x5f, 0x89, 0x71, 0x77, 0xfc, 0x8e, 0x6b, 0x7f, 0xdb, 0xbf, 0xfa, 0x4c, 0x4f, 0xa1, 0xc0,
    0xff, 0x00, 0xbb, 0xc7, 0xe7, 0xf9, 0xb0, 0xa2, 0xbe, 0x6c, 0xeb, 0x0a, 0xf3, 0xef, 0x89, 0xff,
    0x00, 0xf3, 0x0a, 0xff, 0x00, 0xb6, 0xdf, 0xfb, 0x25, 0x7d, 0x27, 0x08, 0xff, 0x00, 0xc8, 0xe6,
    0x8f, 0xfd, 0xbd, 0xff, 0x00, 0xa4, 0xc8, 0xe4, 0xc7, 0x7f, 0xbb, 0xcb, 0xe5, 0xf9, 0xa3, 0xcf,
    0xa8, 0xaf, 0xdb, 0x4f, 0x9e, 0x0a, 0x28, 0x03, 0xd0, 0x7e, 0x18, 0x7f, 0xcc, 0x57, 0xfe, 0xd8,
    0xff, 0x00, 0xec, 0xf5, 0xe8, 0x35, 0xf8, 0x97, 0x17, 0x7f, 0xc8, 0xe6, 0xb7, 0xfd, 0xbb, 0xff,
    0x00, 0xa4, 0xc4, 0xfa, 0x1c, 0x0f, 0xfb, 0xbc, 0x7e, 0x7f, 0x9b, 0x0a, 0x2b, 0xe6, 0xce, 0xb0,
    0xaf, 0x3e, 0xf8, 0x9f, 0xff, 0x00, 0x30, 0xaf, 0xfb, 0x6d, 0xff, 0x00, 0xb2, 0x57, 0xd2, 0x70,
    0x8f, 0xfc, 0x8e, 0x68, 0xff, 0x00, 0xdb, 0xdf, 0xfa, 0x4c, 0x8e, 0x4c, 0x77, 0xfb, 0xbc, 0xbe,
    0x5f, 0x9a, 0x3c, 0xfa, 0x8a, 0xfd, 0xb4, 0xf9, 0xe0, 0xa2, 0x80, 0x3d, 0x07, 0xe1, 0x87, 0xfc,
    0xc5, 0x7f, 0xed, 0x8f, 0xfe, 0xcf, 0x5e, 0x83, 0x5f, 0x89, 0x71, 0x77, 0xfc, 0x8e, 0x6b, 0x7f,
    0xdb, 0xbf, 0xfa, 0x4c, 0x4f, 0xa1, 0xc0, 0xff, 0x00, 0xbb, 0xc7, 0xe7, 0xf9, 0xb0, 0xa2, 0xbe,
    0x6c, 0xeb, 0x0a, 0xf3, 0xef, 0x89, 0xff, 0x00, 0xf3, 0x0a, 0xff, 0x00, 0xb6, 0xdf, 0xfb, 0x25,
    0x7d, 0x27, 0x08, 0xff, 0x00, 0xc8, 0xe6, 0x8f, 0xfd, 0xbd, 0xff, 0x00, 0xa4, 0xc8, 0xe4, 0xc7,
    0x7f, 0xbb, 0xcb, 0xe5, 0xf9, 0xa3, 0xcf, 0xa8, 0xaf, 0xdb, 0x4f, 0x9e, 0x0a, 0x28, 0x03, 0xd0,
    0x7e, 0x18, 0x7f, 0xcc, 0x57, 0xfe, 0xd8, 0xff, 0x00, 0xec, 0xf5, 0xe8, 0x35, 0xf8, 0x97, 0x17,
    0x7f, 0xc8, 0xe6, 0xb7, 0xfd, 0xbb, 0xff, 0x00, 0xa4, 0xc4, 0xfa, 0x1c, 0x0f, 0xfb, 0xbc, 0x7e,
    0x7f, 0x9b, 0x0a, 0x2b, 0xe6, 0xce, 0xb0, 0xaf, 0x3e, 0xf8, 0x9f, 0xff, 0x00, 0x30, 0xaf, 0xfb,
    0x6d, 0xff, 0x00, 0xb2, 0x57, 0xd2, 0x70, 0x8f, 0xfc, 0x8e, 0x68, 0xff, 0x00, 0xdb, 0xdf, 0xfa,
    0x4c, 0x8e, 0x4c, 0x77, 0xfb, 0xbc, 0xbe, 0x5f, 0x9a, 0x3c, 0xfa, 0x8a, 0xfd, 0xb4, 0xf9, 0xe0,
    0xa2, 0x80, 0x3d, 0x07, 0xe1, 0x87, 0xfc, 0xc5, 0x7f, 0xed, 0x8f, 0xfe, 0xcf, 0x5e, 0x83, 0x5f,
    0x89, 0x71, 0x77, 0xfc, 0x8e, 0x6b, 0x7f, 0xdb, 0xbf, 0xfa, 0x4c, 0x4f, 0xa1, 0xc0, 0xff, 0x00,
    0xbb, 0xc7, 0xe7, 0xf9, 0xb0, 0xa2, 0xbe, 0x6c, 0xeb, 0x0a, 0xf3, 0xef, 0x89, 0xff, 0x00, 0xf3,
    0x0a, 0xff, 0x00, 0xb6, 0xdf, 0xfb, 0x25, 0x7d, 0x27, 0x08, 0xff, 0x00, 0xc8, 0xe6, 0x8f, 0xfd,
    0xbd, 0xff, 0x00, 0xa4, 0xc8, 0xe4, 0xc7, 0x7f, 0xbb, 0xcb, 0xe5, 0xf9, 0xa3, 0xcf, 0xa8, 0xaf,
    0xdb, 0x4f, 0x9e, 0x0a, 0x28, 0x03, 0xd0, 0x7e, 0x18, 0x7f, 0xcc, 0x57, 0xfe, 0xd8, 0xff, 0x00,
    0xec, 0xf5, 0xe8, 0x35, 0xf8, 0x97, 0x17, 0x7f, 0xc8, 0xe6, 0xb7, 0xfd, 0xbb, 0xff, 0x00, 0xa4,
    0xc4, 0xfa, 0x1c, 0x0f, 0xfb, 0xbc, 0x7e, 0x7f, 0x9b, 0x0a, 0x2b, 0xe6, 0xce, 0xb0, 0xaf, 0x3e,
    0xf8, 0x9f, 0xff, 0x00, 0x30, 0xaf, 0xfb, 0x6d, 0xff, 0x00, 0xb2, 0x57, 0xd2, 0x70, 0x8f, 0xfc,
    0x8e, 0x68, 0xff, 0x00, 0xdb, 0xdf, 0xfa, 0x4c, 0x8e, 0x4c, 0x77, 0xfb, 0xbc, 0xbe, 0x5f, 0x9a,
    0x3c, 0xfa, 0x8a, 0xfd, 0xb4, 0xf9, 0xe0, 0xa2, 0x80, 0x3d, 0x07, 0xe1, 0x87, 0xfc, 0xc5, 0x7f,
    0xed, 0x8f, 0xfe, 0xcf, 0x5e, 0x83, 0x5f, 0x89, 0x71, 0x77, 0xfc, 0x8e, 0x6b, 0x7f, 0xdb, 0xbf,
    0xfa, 0x4c, 0x4f, 0xa1, 0xc0, 0xff, 0x00, 0xbb, 0xc7, 0xe7, 0xf9, 0xb0, 0xa2, 0xbe, 0x6c, 0xeb,
    0x0a, 0xf3, 0xef, 0x89, 0xff, 0x00, 0xf3, 0x0a, 0xff, 0x00, 0xb6, 0xdf, 0xfb, 0x25, 0x7d, 0x27,
    0x08, 0xff, 0x00, 0xc8, 0xe6, 0x8f, 0xfd, 0xbd, 0xff, 0x00, 0xa4, 0xc8, 0xe4, 0xc7, 0x7f, 0xbb,
    0xcb, 0xe5, 0xf9, 0xa3, 0xcf, 0xa8, 0xaf, 0xdb, 0x4f, 0x9e, 0x0a, 0x28, 0x03, 0xd0, 0x7e, 0x18,
    0x7f, 0xcc, 0x57, 0xfe, 0xd8, 0xff, 0x00, 0xec, 0xf5, 0xe8, 0x35, 0xf8, 0x97, 0x17, 0x7f, 0xc8,
    0xe6, 0xb7, 0xfd, 0xbb, 0xff, 0x00, 0xa4, 0xc4, 0xfa, 0x1c, 0x0f, 0xfb, 0xbc, 0x7e, 0x7f, 0x9b,
    0x0a, 0x2b, 0xe6, 0xce, 0xb0, 0xaf, 0x3e, 0xf8, 0x9f, 0xff, 0x00, 0x30, 0xaf, 0xfb, 0x6d, 0xff,
    0x00, 0xb2, 0x57, 0xd2, 0x70, 0x8f, 0xfc, 0x8e, 0x68, 0xff, 0x00, 0xdb, 0xdf, 0xfa, 0x4c, 0x8e,
    0x4c, 0x77, 0xfb, 0xbc, 0xbe, 0x5f, 0x9a, 0x3c, 0xfa, 0x8a, 0xfd, 0xb4, 0xf9, 0xe0, 0xa2, 0x80,
    0x3d, 0x07, 0xe1, 0x87, 0xfc, 0xc5, 0x7f, 0xed, 0x8f, 0xfe, 0xcf, 0x5e, 0x83, 0x5f, 0x89, 0x71,
    0x77, 0xfc, 0x8e, 0x6b, 0x7f, 0xdb, 0xbf, 0xfa, 0x4c, 0x4f, 0xa1, 0xc0, 0xff, 0x00, 0xbb, 0xc7,
    0xe7, 0xf9, 0xb0, 0xa2, 0xbe, 0x6c, 0xeb, 0x0a, 0xf3, 0xef, 0x89, 0xff, 0x00, 0xf3, 0x0a, 0xff,
    0x00, 0xb6, 0xdf, 0xfb, 0x25, 0x7d, 0x27, 0x08, 0xff, 0x00, 0xc8, 0xe6, 0x8f, 0xfd, 0xbd, 0xff,
    0x00, 0xa4, 0xc8, 0xe4, 0xc7, 0x7f, 0xbb, 0xcb, 0xe5, 0xf9, 0xa3, 0xcf, 0xa8, 0xaf, 0xdb, 0x4f,
    0x9e, 0x0a, 0x28, 0x03, 0xd0, 0x7e, 0x18, 0x7f, 0xcc, 0x57, 0xfe, 0xd8, 0xff, 0x00, 0xec, 0xf5,
    0xe8, 0x35, 0xf8, 0x97, 0x17, 0x7f, 0xc8, 0xe6, 0xb7, 0xfd, 0xbb, 0xff, 0x00, 0xa4, 0xc4, 0xfa,
    0x1c, 0x0f, 0xfb, 0xbc, 0x7e, 0x7f, 0x9b, 0x0a, 0x2b, 0xe6, 0xce, 0xb0, 0xaf, 0x3e, 0xf8, 0x9f,
    0xff, 0x00, 0x30, 0xaf, 0xfb, 0x6d, 0xff, 0x00, 0xb2, 0x57, 0xd2, 0x70, 0x8f, 0xfc, 0x8e, 0x68,
    0xff, 0x00, 0xdb, 0xdf, 0xfa, 0x4c, 0x8e, 0x4c, 0x77, 0xfb, 0xbc, 0xbe, 0x5f, 0x9a, 0x3c, 0xfa,
    0x8a, 0xfd, 0xb4, 0xf9, 0xe0, 0xa2, 0x80, 0x3d, 0x07, 0xe1, 0x87, 0xfc, 0xc5, 0x7f, 0xed, 0x8f,
    0xfe, 0xcf, 0x5e, 0x83, 0x5f, 0x89, 0x71, 0x77, 0xfc, 0x8e, 0x6b, 0x7f, 0xdb, 0xbf, 0xfa, 0x4c,
    0x4f, 0xa1, 0xc0, 0xff, 0x00, 0xbb, 0xc7, 0xe7, 0xf9, 0xb0, 0xa2, 0xbe, 0x6c, 0xeb, 0x0a, 0xf3,
    0xef, 0x89, 0xff, 0x00, 0xf3, 0x0a, 0xff, 0x00, 0xb6, 0xdf, 0xfb, 0x25, 0x7d, 0x27, 0x08, 0xff,
    0x00, 0xc8, 0xe6, 0x8f, 0xfd, 0xbd, 0xff, 0x00, 0xa4, 0xc8, 0xe4, 0xc7, 0x7f, 0xbb, 0xcb, 0xe5,
    0xf9, 0xa3, 0xcf, 0xa8, 0xaf, 0xdb, 0x4f, 0x9e, 0x0a, 0x28, 0x03, 0xd0, 0x7e, 0x18, 0x7f, 0xcc,
    0x57, 0xfe, 0xd8, 0xff, 0x00, 0xec, 0xf5, 0xe8, 0x35, 0xf8, 0x97, 0x17, 0x7f, 0xc8, 0xe6, 0xb7,
    0xfd, 0xbb, 0xff, 0x00, 0xa4, 0xc4, 0xfa, 0x1c, 0x0f, 0xfb, 0xbc, 0x7e, 0x7f, 0x9b, 0x0a, 0x2b,
    0xe6, 0xce, 0xb0, 0xaf, 0x3e, 0xf8, 0x9f, 0xff, 0x00, 0x30, 0xaf, 0xfb, 0x6d, 0xff, 0x00, 0xb2,
    0x57, 0xd2, 0x70, 0x8f, 0xfc, 0x8e, 0x68, 0xff, 0x00, 0xdb, 0xdf, 0xfa, 0x4c, 0x8e, 0x4c, 0x77,
    0xfb, 0xbc, 0xbe, 0x5f, 0x9a, 0x3c, 0xfa, 0x8a, 0xfd, 0xb4, 0xf9, 0xe0, 0xa2, 0x80, 0x3d, 0x07,
    0xe1, 0x87, 0xfc, 0xc5, 0x7f, 0xed, 0x8f, 0xfe, 0xcf, 0x5e, 0x83, 0x5f, 0x89, 0x71, 0x77, 0xfc,
    0x8e, 0x6b, 0x7f, 0xdb, 0xbf, 0xfa, 0x4c, 0x4f, 0xa1, 0xc0, 0xff, 0x00, 0xbb, 0xc7, 0xe7, 0xf9,
    0xb0, 0xa2, 0xbe, 0x6c, 0xeb, 0x0a, 0xf3, 0xef, 0x89, 0xff, 0x00, 0xf3, 0x0a, 0xff, 0x00, 0xb6,
    0xdf, 0xfb, 0x25, 0x7d, 0x27, 0x08, 0xff, 0x00, 0xc8, 0xe6, 0x8f, 0xfd, 0xbd, 0xff, 0x00, 0xa4,
    0xc8, 0xe4, 0xc7, 0x7f, 0xbb, 0xcb, 0xe5, 0xf9, 0xa3, 0xcf, 0xa8, 0xaf, 0xdb, 0x4f, 0x9e, 0x0a,
    0x28, 0x03, 0xd0, 0x7e, 0x18, 0x7f, 0xcc, 0x57, 0xfe, 0xd8, 0xff, 0x00, 0xec, 0xf5, 0xe8, 0x35,
    0xf8, 0x97, 0x17, 0x7f, 0xc8, 0xe6, 0xb7, 0xfd, 0xbb, 0xff, 0x00, 0xa4, 0xc4, 0xfa, 0x1c, 0x0f,
    0xfb, 0xbc, 0x7e, 0x7f, 0x9b, 0x0a, 0x2b, 0xe6, 0xce, 0xb0, 0xaf, 0x3e, 0xf8, 0x9f, 0xff, 0x00,
    0x30, 0xaf, 0xfb, 0x6d, 0xff, 0x00, 0xb2, 0x57, 0xd2, 0x70, 0x8f, 0xfc, 0x8e, 0x68, 0xff, 0x00,
    0xdb, 0xdf, 0xfa, 0x4c, 0x8e, 0x4c, 0x77, 0xfb, 0xbc, 0xbe, 0x5f, 0x9a, 0x3c, 0xfa, 0x8a, 0xfd,
    0xb4, 0xf9, 0xe0, 0xa2, 0x80, 0x3d, 0x07, 0xe1, 0x87, 0xfc, 0xc5, 0x7f, 0xed, 0x8f, 0xfe, 0xcf,
    0x5e, 0x83, 0x5f, 0x89, 0x71, 0x77, 0xfc, 0x8e, 0x6b, 0x7f, 0xdb, 0xbf, 0xfa, 0x4c, 0x4f, 0xa1,
    0xc0, 0xff, 0x00, 0xbb, 0xc7, 0xe7, 0xf9, 0xb0, 0xa2, 0xbe, 0x6c, 0xeb, 0x0a, 0xf3, 0xef, 0x89,
    0xff, 0x00, 0xf3, 0x0a, 0xff, 0x00, 0xb6, 0xdf, 0xfb, 0x25, 0x7d, 0x27, 0x08, 0xff, 0x00, 0xc8,
    0xe6, 0x8f, 0xfd, 0xbd, 0xff, 0x00, 0xa4, 0xc8, 0xe4, 0xc7, 0x7f, 0xbb, 0xcb, 0xe5, 0xf9, 0xa3,
    0xcf, 0xa8, 0xaf, 0xdb, 0x4f, 0x9e, 0x0a, 0x28, 0x03, 0xd0, 0x7e, 0x18, 0x7f, 0xcc, 0x57, 0xfe,
    0xd8, 0xff, 0x00, 0xec, 0xf5, 0xe8, 0x35, 0xf8, 0x97, 0x17, 0x7f, 0xc8, 0xe6, 0xb7, 0xfd, 0xbb,
    0xff, 0x00, 0xa4, 0xc4, 0xfa, 0x1c, 0x0f, 0xfb, 0xbc, 0x7e, 0x7f, 0x9b, 0x0a, 0x2b, 0xe6, 0xce,
    0xb0, 0xaf, 0x3e, 0xf8, 0x9f, 0xff, 0x00, 0x30, 0xaf, 0xfb, 0x6d, 0xff, 0x00, 0xb2, 0x57, 0xd2,
    0x70, 0x8f, 0xfc, 0x8e, 0x68, 0xff, 0x00, 0xdb, 0xdf, 0xfa, 0x4c, 0x8e, 0x4c, 0x77, 0xfb, 0xbc,
    0xbe, 0x5f, 0x9a, 0x3c, 0xfa, 0x8a, 0xfd, 0xb4, 0xf9, 0xe0, 0xa2, 0x80, 0x3d, 0x07, 0xe1, 0x87,
    0xfc, 0xc5, 0x7f, 0xed, 0x8f, 0xfe, 0xcf, 0x5e, 0x83, 0x5f, 0x89, 0x71, 0x77, 0xfc, 0x8e, 0x6b,
    0x7f, 0xdb, 0xbf, 0xfa, 0x4c, 0x4f, 0xa1, 0xc0, 0xff, 0x00, 0xbb, 0xc7, 0xe7, 0xf9, 0xb0, 0xa2,
    0xbe, 0x6c, 0xeb, 0x0a, 0xf3, 0xef, 0x89, 0xff, 0x00, 0xf3, 0x0a, 0xff, 0x00, 0xb6, 0xdf, 0xfb,
    0x25, 0x7d, 0x27, 0x08, 0xff, 0x00, 0xc8, 0xe6, 0x8f, 0xfd, 0xbd, 0xff, 0x00, 0xa4, 0xc8, 0xe4,
    0xc7, 0x7f, 0xbb, 0xcb, 0xe5, 0xf9, 0xa3, 0xcf, 0xa8, 0xaf, 0xdb, 0x4f, 0x9e, 0x0a, 0x28, 0x03,
    0xd0, 0x7e, 0x18, 0x7f, 0xcc, 0x57, 0xfe, 0xd8, 0xff, 0x00, 0xec, 0xf5, 0xe8, 0x35, 0xf8, 0x97,
    0x17, 0x7f, 0xc8, 0xe6, 0xb7, 0xfd, 0xbb, 0xff, 0x00, 0xa4, 0xc4, 0xfa, 0x1c, 0x0f, 0xfb, 0xbc,
    0x7e, 0x7f, 0x9b, 0x0a, 0x2b, 0xe6, 0xce, 0xb0, 0xaf, 0x3e, 0xf8, 0x9f, 0xff, 0x00, 0x30, 0xaf,
    0xfb, 0x6d, 0xff, 0x00, 0xb2, 0x57, 0xd2, 0x70, 0x8f, 0xfc, 0x8e, 0x68, 0xff, 0x00, 0xdb, 0xdf,
    0xfa, 0x4c, 0x8e, 0x4c, 0x77, 0xfb, 0xbc, 0xbe, 0x5f, 0x9a, 0x3c, 0xfa, 0x8a, 0xfd, 0xb4, 0xf9,
    0xe0, 0xa2, 0x80, 0x3d, 0x07, 0xe1, 0x87, 0xfc, 0xc5, 0x7f, 0xed, 0x8f, 0xfe, 0xcf, 0x5e, 0x83,
    0x5f, 0x89, 0x71, 0x77, 0xfc, 0x8e, 0x6b, 0x7f, 0xdb, 0xbf, 0xfa, 0x4c, 0x4f, 0xa1, 0xc0, 0xff,
    0x00, 0xbb, 0xc7, 0xe7, 0xf9, 0xb0, 0xa2, 0xbe, 0x6c, 0xeb, 0x0a, 0xf3, 0xef, 0x89, 0xff, 0x00,
    0xf3, 0x0a, 0xff, 0x00, 0xb6, 0xdf, 0xfb, 0x25, 0x7d, 0x27, 0x08, 0xff, 0x00, 0xc8, 0xe6, 0x8f,
    0xfd, 0xbd, 0xff, 0x00, 0xa4, 0xc8, 0xe4, 0xc7, 0x7f, 0xbb, 0xcb, 0xe5, 0xf9, 0xa3, 0xcf, 0xa8,
    0xaf, 0xdb, 0x4f, 0x9e, 0x3e, 0x82, 0xa2, 0xbf, 0x9b, 0x8f, 0xac, 0x3c, 0xfb, 0xe2, 0x7f, 0xfc,
    0xc2, 0xbf, 0xed, 0xb7, 0xfe, 0xc9, 0x5e, 0x7d, 0x5f, 0xb6, 0x70, 0x8f, 0xfc, 0x89, 0xa8, 0xff,
    0x00, 0xdb, 0xdf, 0xfa, 0x54, 0x8f, 0x9e, 0xc7, 0x7f, 0xbc, 0x4b, 0xe5, 0xf9, 0x20, 0xa2, 0xbe,
    0x94, 0xe4, 0x0a, 0xf4, 0x1f, 0x86, 0x1f, 0xf3, 0x15, 0xff, 0x00, 0xb6, 0x3f, 0xfb, 0x3d, 0x7c,
    0xd7, 0x17, 0x7f, 0xc8, 0x9a, 0xb7, 0xfd, 0xbb, 0xff, 0x00, 0xa5, 0x44, 0xeb, 0xc0, 0xff, 0x00,
    0xbc, 0x47, 0xe7, 0xf9, 0x33, 0xd0, 0x68, 0xaf, 0xc4, 0xcf, 0xa1, 0x0a, 0x28, 0x03, 0xcf, 0xbe,
    0x27, 0xff, 0x00, 0xcc, 0x2b, 0xfe, 0xdb, 0x7f, 0xec, 0x95, 0xe7, 0xd5, 0xfb, 0x67, 0x08, 0xff,
    0x00, 0xc8, 0x9a, 0x8f, 0xfd, 0xbd, 0xff, 0x00, 0xa5, 0x48, 0xf9, 0xec, 0x77, 0xfb, 0xc4, 0xbe,
    0x5f, 0x92, 0x0a, 0x2b, 0xe9, 0x4e, 0x40, 0xaf, 0x41, 0xf8, 0x61, 0xff, 0x00, 0x31, 0x5f, 0xfb,
    0x63, 0xff, 0x00, 0xb3, 0xd7, 0xcd, 0x71, 0x77, 0xfc, 0x89, 0xab, 0x7f, 0xdb, 0xbf, 0xfa, 0x54,
    0x4e, 0xbc, 0x0f, 0xfb, 0xc4, 0x7e, 0x7f, 0x93, 0x3d, 0x06, 0x8a, 0xfc, 0x4c, 0xfa, 0x10, 0xa2,
    0x80, 0x3c, 0xfb, 0xe2, 0x7f, 0xfc, 0xc2, 0xbf, 0xed, 0xb7, 0xfe, 0xc9, 0x5e, 0x7d, 0x5f, 0xb6,
    0x70, 0x8f, 0xfc, 0x89, 0xa8, 0xff, 0x00, 0xdb, 0xdf, 0xfa, 0x54, 0x8f, 0x9e, 0xc7, 0x7f, 0xbc,
    0x4b, 0xe5, 0xf9, 0x20, 0xa2, 0xbe, 0x94, 0xe4, 0x0a, 0xf4, 0x1f, 0x86, 0x1f, 0xf3, 0x15, 0xff,
    0x00, 0xb6, 0x3f, 0xfb, 0x3d, 0x7c, 0xd7, 0x17, 0x7f, 0xc8, 0x9a, 0xb7, 0xfd, 0xbb, 0xff, 0x00,
    0xa5, 0x44, 0xeb, 0xc0, 0xff, 0x00, 0xbc, 0x47, 0xe7, 0xf9, 0x33, 0xd0, 0x68, 0xaf, 0xc4, 0xcf,
    0xa1, 0x0a, 0x28, 0x03, 0xcf, 0xbe, 0x27, 0xff, 0x00, 0xcc, 0x2b, 0xfe, 0xdb, 0x7f, 0xec, 0x95,
    0xe7, 0xd5, 0xfb, 0x67, 0x08, 0xff, 0x00, 0xc8, 0x9a, 0x8f, 0xfd, 0xbd, 0xff, 0x00, 0xa5, 0x48,
    0xf9, 0xec, 0x77, 0xfb, 0xc4, 0xbe, 0x5f, 0x92, 0x0a, 0x2b, 0xe9, 0x4e, 0x40, 0xaf, 0x41, 0xf8,
    0x61, 0xff, 0x00, 0x31, 0x5f, 0xfb, 0x63, 0xff, 0x00, 0xb3, 0xd7, 0xcd, 0x71, 0x77, 0xfc, 0x89,
    0xab, 0x7f, 0xdb, 0xbf, 0xfa, 0x54, 0x4e, 0xbc, 0x0f, 0xfb, 0xc4, 0x7e, 0x7f, 0x93, 0x3d, 0x06,
    0x8a, 0xfc, 0x4c, 0xfa, 0x10, 0xa2, 0x80, 0x3c, 0xfb, 0xe2, 0x7f, 0xfc, 0xc2, 0xbf, 0xed, 0xb7,
    0xfe, 0xc9, 0x5e, 0x7d, 0x5f, 0xb6, 0x70, 0x8f, 0xfc, 0x89, 0xa8, 0xff, 0x00, 0xdb, 0xdf, 0xfa,
    0x54, 0x8f, 0x9e, 0xc7, 0x7f, 0xbc, 0x4b, 0xe5, 0xf9, 0x20, 0xa2, 0xbe, 0x94, 0xe4, 0x0a, 0xf4,
    0x1f, 0x86, 0x1f, 0xf3, 0x15, 0xff, 0x00, 0xb6, 0x3f, 0xfb, 0x3d, 0x7c, 0xd7, 0x17, 0x7f, 0xc8,
    0x9a, 0xb7, 0xfd, 0xbb, 0xff, 0x00, 0xa5, 0x44, 0xeb, 0xc0, 0xff, 0x00, 0xbc, 0x47, 0xe7, 0xf9,
    0x33, 0xd0, 0x68, 0xaf, 0xc4, 0xcf, 0xa1, 0x0a, 0x28, 0x03, 0xcf, 0xbe, 0x27, 0xff, 0x00, 0xcc,
    0x2b, 0xfe, 0xdb, 0x7f, 0xec, 0x95, 0xe7, 0xd5, 0xfb, 0x67, 0x08, 0xff, 0x00, 0xc8, 0x9a, 0x8f,
    0xfd, 0xbd, 0xff, 0x00, 0xa5, 0x48, 0xf9, 0xec, 0x77, 0xfb, 0xc4, 0xbe, 0x5f, 0x92, 0x0a, 0x2b,
    0xe9, 0x4e, 0x40, 0xaf, 0x41, 0xf8, 0x61, 0xff, 0x00, 0x31, 0x5f, 0xfb, 0x63, 0xff, 0x00, 0xb3,
    0xd7, 0xcd, 0x71, 0x77, 0xfc, 0x89, 0xab, 0x7f, 0xdb, 0xbf, 0xfa, 0x54, 0x4e, 0xbc, 0x0f, 0xfb,
    0xc4, 0x7e, 0x7f, 0x93, 0x3d, 0x06, 0x8a, 0xfc, 0x4c, 0xfa, 0x10, 0xa2, 0x80, 0x3c, 0xfb, 0xe2,
    0x7f, 0xfc, 0xc2, 0xbf, 0xed, 0xb7, 0xfe, 0xc9, 0x5e, 0x7d, 0x5f, 0xb6, 0x70, 0x8f, 0xfc, 0x89,
    0xa8, 0xff, 0x00, 0xdb, 0xdf, 0xfa, 0x54, 0x8f, 0x9e, 0xc7, 0x7f, 0xbc, 0x4b, 0xe5, 0xf9, 0x20,
    0xa2, 0xbe, 0x94, 0xe4, 0x0a, 0xf4, 0x1f, 0x86, 0x1f, 0xf3, 0x15, 0xff, 0x00, 0xb6, 0x3f, 0xfb,
    0x3d, 0x7c, 0xd7, 0x17, 0x7f, 0xc8, 0x9a, 0xb7, 0xfd, 0xbb, 0xff, 0x00, 0xa5, 0x44, 0xeb, 0xc0,
    0xff, 0x00, 0xbc, 0x47, 0xe7, 0xf9, 0x33, 0xd0, 0x68, 0xaf, 0xc4, 0xcf, 0xa1, 0x0a, 0x28, 0x03,
    0xcf, 0xbe, 0x27, 0xff, 0x00, 0xcc, 0x2b, 0xfe, 0xdb, 0x7f, 0xec, 0x95, 0xe7, 0xd5, 0xfb, 0x67,
    0x08, 0xff, 0x00, 0xc8, 0x9a, 0x8f, 0xfd, 0xbd, 0xff, 0x00, 0xa5, 0x48, 0xf9, 0xec, 0x77, 0xfb,
    0xc4, 0xbe, 0x5f, 0x92, 0x0a, 0x2b, 0xe9, 0x4e, 0x40, 0xaf, 0x41, 0xf8, 0x61, 0xff, 0x00, 0x31,
    0x5f, 0xfb, 0x63, 0xff, 0x00, 0xb3, 0xd7, 0xcd, 0x71, 0x77, 0xfc, 0x89, 0xab, 0x7f, 0xdb, 0xbf,
    0xfa, 0x54, 0x4e, 0xbc, 0x0f, 0xfb, 0xc4, 0x7e, 0x7f, 0x93, 0x3d, 0x06, 0x8a, 0xfc, 0x4c, 0xfa,
    0x10, 0xa2, 0x80, 0x3c, 0xfb, 0xe2, 0x7f, 0xfc, 0xc2, 0xbf, 0xed, 0xb7, 0xfe, 0xc9, 0x5e, 0x7d,
    0x5f, 0xb6, 0x70, 0x8f, 0xfc, 0x89, 0xa8, 0xff, 0x00, 0xdb, 0xdf, 0xfa, 0x54, 0x8f, 0x9e, 0xc7,
    0x7f, 0xbc, 0x4b, 0xe5, 0xf9, 0x20, 0xa2, 0xbe, 0x94, 0xe4, 0x0a, 0xf4, 0x1f, 0x86, 0x1f, 0xf3,
    0x15, 0xff, 0x00, 0xb6, 0x3f, 0xfb, 0x3d, 0x7c, 0xd7, 0x17, 0x7f, 0xc8, 0x9a, 0xb7, 0xfd, 0xbb,
    0xff, 0x00, 0xa5, 0x44, 0xeb, 0xc0, 0xff, 0x00, 0xbc, 0x47, 0xe7, 0xf9, 0x33, 0xd0, 0x68, 0xaf,
    0xc4, 0xcf, 0xa1, 0x0a, 0x28, 0x03, 0xcf, 0xbe, 0x27, 0xff, 0x00, 0xcc, 0x2b, 0xfe, 0xdb, 0x7f,
    0xec, 0x95, 0xe7, 0xd5, 0xfb, 0x67, 0x08, 0xff, 0x00, 0xc8, 0x9a, 0x8f, 0xfd, 0xbd, 0xff, 0x00,
    0xa5, 0x48, 0xf9, 0xec, 0x77, 0xfb, 0xc4, 0xbe, 0x5f, 0x92, 0x0a, 0x2b, 0xe9, 0x4e, 0x40, 0xaf,
    0x41, 0xf8, 0x61, 0xff, 0x00, 0x31, 0x5f, 0xfb, 0x63, 0xff, 0x00, 0xb3, 0xd7, 0xcd, 0x71, 0x77,
    0xfc, 0x89, 0xab, 0x7f, 0xdb, 0xbf, 0xfa, 0x54, 0x4e, 0xbc, 0x0f, 0xfb, 0xc4, 0x7e, 0x7f, 0x93,
    0x3d, 0x06, 0x8a, 0xfc, 0x4c, 0xfa, 0x10, 0xa2, 0x80, 0x3c, 0xfb, 0xe2, 0x7f, 0xfc, 0xc2, 0xbf,
    0xed, 0xb7, 0xfe, 0xc9, 0x5e, 0x7d, 0x5f, 0xb6, 0x70, 0x8f, 0xfc, 0x89, 0xa8, 0xff, 0x00, 0xdb,
    0xdf, 0xfa, 0x54, 0x8f, 0x9e, 0xc7, 0x7f, 0xbc, 0x4b, 0xe5, 0xf9, 0x20, 0xa2, 0xbe, 0x94, 0xe4,
    0x0a, 0xf4, 0x1f, 0x86, 0x1f, 0xf3, 0x15, 0xff, 0x00, 0xb6, 0x3f, 0xfb, 0x3d, 0x7c, 0xd7, 0x17,
    0x7f, 0xc8, 0x9a, 0xb7, 0xfd, 0xbb, 0xff, 0x00, 0xa5, 0x44, 0xeb, 0xc0, 0xff, 0x00, 0xbc, 0x47,
    0xe7, 0xf9, 0x33, 0xd0, 0x68, 0xaf, 0xc4, 0xcf, 0xa1, 0x0a, 0x28, 0x03, 0xcf, 0xbe, 0x27, 0xff,
    0x00, 0xcc, 0x2b, 0xfe, 0xdb, 0x7f, 0xec, 0x95, 0xe7, 0xd5, 0xfb, 0x67, 0x08, 0xff, 0x00, 0xc8,
    0x9a, 0x8f, 0xfd, 0xbd, 0xff, 0x00, 0xa5, 0x48, 0xf9, 0xec, 0x77, 0xfb, 0xc4, 0xbe, 0x5f, 0x92,
    0x0a, 0x2b, 0xe9, 0x4e, 0x40, 0xaf, 0x41, 0xf8, 0x61, 0xff, 0x00, 0x31, 0x5f, 0xfb, 0x63, 0xff,
    0x00, 0xb3, 0xd7, 0xcd, 0x71, 0x77, 0xfc, 0x89, 0xab, 0x7f, 0xdb, 0xbf, 0xfa, 0x54, 0x4e, 0xbc,
    0x0f, 0xfb, 0xc4, 0x7e, 0x7f, 0x93, 0x3d, 0x06, 0x8a, 0xfc, 0x4c, 0xfa, 0x10, 0xa2, 0x80, 0x3c,
    0xfb, 0xe2, 0x7f, 0xfc, 0xc2, 0xbf, 0xed, 0xb7, 0xfe, 0xc9, 0x5e, 0x7d, 0x5f, 0xb6, 0x70, 0x8f,
    0xfc, 0x89, 0xa8, 0xff, 0x00, 0xdb, 0xdf, 0xfa, 0x54, 0x8f, 0x9e, 0xc7, 0x7f, 0xbc, 0x4b, 0xe5,
    0xf9, 0x20, 0xa2, 0xbe, 0x94, 0xe4, 0x0a, 0xf4, 0x1f, 0x86, 0x1f, 0xf3, 0x15, 0xff, 0x00, 0xb6,
    0x3f, 0xfb, 0x3d, 0x7c, 0xd7, 0x17, 0x7f, 0xc8, 0x9a, 0xb7, 0xfd, 0xbb, 0xff, 0x00, 0xa5, 0x44,
    0xeb, 0xc0, 0xff, 0x00, 0xbc, 0x47, 0xe7, 0xf9, 0x33, 0xd0, 0x68, 0xaf, 0xc4, 0xcf, 0xa1, 0x0a,
    0x28, 0x03, 0xcf, 0xbe, 0x27, 0xff, 0x00, 0xcc, 0x2b, 0xfe, 0xdb, 0x7f, 0xec, 0x95, 0xe7, 0xd5,
    0xfb, 0x67, 0x08, 0xff, 0x00, 0xc8, 0x9a, 0x8f, 0xfd, 0xbd, 0xff, 0x00, 0xa5, 0x48, 0xf9, 0xec,
    0x77, 0xfb, 0xc4, 0xbe, 0x5f, 0x92, 0x0a, 0x2b, 0xe9, 0x4e, 0x40, 0xaf, 0x41, 0xf8, 0x61, 0xff,
    0x00, 0x31, 0x5f, 0xfb, 0x63, 0xff, 0x00, 0xb3, 0xd7, 0xcd, 0x71, 0x77, 0xfc, 0x89, 0xab, 0x7f,
    0xdb, 0xbf, 0xfa, 0x54, 0x4e, 0xbc, 0x0f, 0xfb, 0xc4, 0x7e, 0x7f, 0x93, 0x3d, 0x06, 0x8a, 0xfc,
    0x4c, 0xfa, 0x10, 0xa2, 0x80, 0x3c, 0xfb, 0xe2, 0x7f, 0xfc, 0xc2, 0xbf, 0xed, 0xb7, 0xfe, 0xc9,
    0x5e, 0x7d, 0x5f, 0xb6, 0x70, 0x8f, 0xfc, 0x89, 0xa8, 0xff, 0x00, 0xdb, 0xdf, 0xfa, 0x54, 0x8f,
    0x9e, 0xc7, 0x7f, 0xbc, 0x4b, 0xe5, 0xf9, 0x20, 0xa2, 0xbe, 0x94, 0xe4, 0x0a, 0xf4, 0x1f, 0x86,
    0x1f, 0xf3, 0x15, 0xff, 0x00, 0xb6, 0x3f, 0xfb, 0x3d, 0x7c, 0xd7, 0x17, 0x7f, 0xc8, 0x9a, 0xb7,
    0xfd, 0xbb, 0xff, 0x00, 0xa5, 0x44, 0xeb, 0xc0, 0xff, 0x00, 0xbc, 0x47, 0xe7, 0xf9, 0x33, 0xd0,
    0x68, 0xaf, 0xc4, 0xcf, 0xa1, 0x0a, 0x28, 0x03, 0xcf, 0xbe, 0x27, 0xff, 0x00, 0xcc, 0x2b, 0xfe,
    0xdb, 0x7f, 0xec, 0x95, 0xe7, 0xd5, 0xfb, 0x67, 0x08, 0xff, 0x00, 0xc8, 0x9a, 0x8f, 0xfd, 0xbd,
    0xff, 0x00, 0xa5, 0x48, 0xf9, 0xec, 0x77, 0xfb, 0xc4, 0xbe, 0x5f, 0x92, 0x0a, 0x2b, 0xe9, 0x4e,
    0x40, 0xaf, 0x41, 0xf8, 0x61, 0xff, 0x00, 0x31, 0x5f, 0xfb, 0x63, 0xff, 0x00, 0xb3, 0xd7, 0xcd,
    0x71, 0x77, 0xfc, 0x89, 0xab, 0x7f, 0xdb, 0xbf, 0xfa, 0x54, 0x4e, 0xbc, 0x0f, 0xfb, 0xc4, 0x7e,
    0x7f, 0x93, 0x3d, 0x06, 0x8a, 0xfc, 0x4c, 0xfa, 0x10, 0xa2, 0x80, 0x3c, 0xfb, 0xe2, 0x7f, 0xfc,
    0xc2, 0xbf, 0xed, 0xb7, 0xfe, 0xc9, 0x5e, 0x7d, 0x5f, 0xb6, 0x70, 0x8f, 0xfc, 0x89, 0xa8, 0xff,
    0x00, 0xdb, 0xdf, 0xfa, 0x54, 0x8f, 0x9e, 0xc7, 0x7f, 0xbc, 0x4b, 0xe5, 0xf9, 0x20, 0xa2, 0xbe,
    0x94, 0xe4, 0x0a, 0xf4, 0x1f, 0x86, 0x1f, 0xf3, 0x15, 0xff, 0x00, 0xb6, 0x3f, 0xfb, 0x3d, 0x7c,
    0xd7, 0x17, 0x7f, 0xc8, 0x9a, 0xb7, 0xfd, 0xbb, 0xff, 0x00, 0xa5, 0x44, 0xeb, 0xc0, 0xff, 0x00,
    0xbc, 0x47, 0xe7, 0xf9, 0x33, 0xd0, 0x68, 0xaf, 0xc4, 0xcf, 0xa1, 0x0a, 0x28, 0x03, 0xcf, 0xbe,
    0x27, 0xff, 0x00, 0xcc, 0x2b, 0xfe, 0xdb, 0x7f, 0xec, 0x95, 0xe7, 0xd5, 0xfb, 0x67, 0x08, 0xff,
    0x00, 0xc8, 0x9a, 0x8f, 0xfd, 0xbd, 0xff, 0x00, 0xa5, 0x48, 0xf9, 0xec, 0x77, 0xfb, 0xc4, 0xbe,
    0x5f, 0x92, 0x0a, 0x2b, 0xe9, 0x4e, 0x40, 0xaf, 0x41, 0xf8, 0x61, 0xff, 0x00, 0x31, 0x5f, 0xfb,
    0x63, 0xff, 0x00, 0xb3, 0xd7, 0xcd, 0x71, 0x77, 0xfc, 0x89, 0xab, 0x7f, 0xdb, 0xbf, 0xfa, 0x54,
    0x4e, 0xbc, 0x0f, 0xfb, 0xc4, 0x7e, 0x7f, 0x93, 0x3d, 0x06, 0x8a, 0xfc, 0x4c, 0xfa, 0x10, 0xa2,
    0x80, 0x3c, 0xfb, 0xe2, 0x7f, 0xfc, 0xc2, 0xbf, 0xed, 0xb7, 0xfe, 0xc9, 0x5e, 0x7d, 0x5f, 0xb6,
    0x70, 0x8f, 0xfc, 0x89, 0xa8, 0xff, 0x00, 0xdb, 0xdf, 0xfa, 0x54, 0x8f, 0x9e, 0xc7, 0x7f, 0xbc,
    0x4b, 0xe5, 0xf9, 0x20, 0xa2, 0xbe, 0x94, 0xe4, 0x0a, 0xf4, 0x1f, 0x86, 0x1f, 0xf3, 0x15, 0xff,
    0x00, 0xb6, 0x3f, 0xfb, 0x3d, 0x7c, 0xd7, 0x17, 0x7f, 0xc8, 0x9a, 0xb7, 0xfd, 0xbb, 0xff, 0x00,
    0xa5, 0x44, 0xeb, 0xc0, 0xff, 0x00, 0xbc, 0x47, 0xe7, 0xf9, 0x33, 0xd0, 0x68, 0xaf, 0xc4, 0xcf,
    0xa1, 0x0a, 0x28, 0x03, 0xcf, 0xbe, 0x27, 0xff, 0x00, 0xcc, 0x2b, 0xfe, 0xdb, 0x7f, 0xec, 0x95,
    0xe7, 0xd5, 0xfb, 0x67, 0x08, 0xff, 0x00, 0xc8, 0x9a, 0x8f, 0xfd, 0xbd, 0xff, 0x00, 0xa5, 0x48,
    0xf9, 0xec, 0x77, 0xfb, 0xc4, 0xbe, 0x5f, 0x92, 0x0a, 0x2b, 0xe9, 0x4e, 0x40, 0xaf, 0x41, 0xf8,
    0x61, 0xff, 0x00, 0x31, 0x5f, 0xfb, 0x63, 0xff, 0x00, 0xb3, 0xd7, 0xcd, 0x71, 0x77, 0xfc, 0x89,
    0xab, 0x7f, 0xdb, 0xbf, 0xfa, 0x54, 0x4e, 0xbc, 0x0f, 0xfb, 0xc4, 0x7e, 0x7f, 0x93, 0x3d, 0x06,
    0x8a, 0xfc, 0x4c, 0xfa, 0x13, 0xe7, 0xda, 0x2b, 0xfa, 0x44, 0xf9, 0x33, 0xd0, 0x7e, 0x18, 0x7f,
    0xcc, 0x57, 0xfe, 0xd8, 0xff, 0x00, 0xec, 0xf5, 0xe8, 0x35, 0xf8, 0x97, 0x17, 0x7f, 0xc8, 0xe6,
    0xb7, 0xfd, 0xbb, 0xff, 0x00, 0xa4, 0xc4, 0xfa, 0x1c, 0x0f, 0xfb, 0xbc, 0x7e, 0x7f, 0x9b, 0x0a,
    0x2b, 0xe6, 0xce, 0xb0, 0xaf, 0x3e, 0xf8, 0x9f, 0xff, 0x00, 0x30, 0xaf, 0xfb, 0x6d, 0xff, 0x00,
    0xb2, 0x57, 0xd2, 0x70, 0x8f, 0xfc, 0x8e, 0x68, 0xff, 0x00, 0xdb, 0xdf, 0xfa, 0x4c, 0x8e, 0x4c,
    0x77, 0xfb, 0xbc, 0xbe, 0x5f, 0x9a, 0x3c, 0xfa, 0x8a, 0xfd, 0xb4, 0xf9, 0xe0, 0xa2, 0x80, 0x3d,
    0x07, 0xe1, 0x87, 0xfc, 0xc5, 0x7f, 0xed, 0x8f, 0xfe, 0xcf, 0x5e, 0x83, 0x5f, 0x89, 0x71, 0x77,
    0xfc, 0x8e, 0x6b, 0x7f, 0xdb, 0xbf, 0xfa, 0x4c, 0x4f, 0xa1, 0xc0, 0xff, 0x00, 0xbb, 0xc7, 0xe7,
    0xf9, 0xb0, 0xa2, 0xbe, 0x6c, 0xeb, 0x0a, 0xf3, 0xef, 0x89, 0xff, 0x00, 0xf3, 0x0a, 0xff, 0x00,
    0xb6, 0xdf, 0xfb, 0x25, 0x7d, 0x27, 0x08, 0xff, 0x00, 0xc8, 0xe6, 0x8f, 0xfd, 0xbd, 0xff, 0x00,
    0xa4, 0xc8, 0xe4, 0xc7, 0x7f, 0xbb, 0xcb, 0xe5, 0xf9, 0xa3, 0xcf, 0xa8, 0xaf, 0xdb, 0x4f, 0x9e,
    0x0a, 0x28, 0x03, 0xd0, 0x7e, 0x18, 0x7f, 0xcc, 0x57, 0xfe, 0xd8, 0xff, 0x00, 0xec, 0xf5, 0xe8,
    0x35, 0xf8, 0x97, 0x17, 0x7f, 0xc8, 0xe6, 0xb7, 0xfd, 0xbb, 0xff, 0x00, 0xa4, 0xc4, 0xfa, 0x1c,
    0x0f, 0xfb, 0xbc, 0x7e, 0x7f, 0x9b, 0x0a, 0x2b, 0xe6, 0xce, 0xb0, 0xaf, 0x3e, 0xf8, 0x9f, 0xff,
    0x00, 0x30, 0xaf, 0xfb, 0x6d, 0xff, 0x00, 0xb2, 0x57, 0xd2, 0x70, 0x8f, 0xfc, 0x8e, 0x68, 0xff,
    0x00, 0xdb, 0xdf, 0xfa, 0x4c, 0x8e, 0x4c, 0x77, 0xfb, 0xbc, 0xbe, 0x5f, 0x9a, 0x3c, 0xfa, 0x8a,
    0xfd, 0xb4, 0xf9, 0xe0, 0xa2, 0x80, 0x3d, 0x07, 0xe1, 0x87, 0xfc, 0xc5, 0x7f, 0xed, 0x8f, 0xfe,
    0xcf, 0x5e, 0x83, 0x5f, 0x89, 0x71, 0x77, 0xfc, 0x8e, 0x6b, 0x7f, 0xdb, 0xbf, 0xfa, 0x4c, 0x4f,
    0xa1, 0xc0, 0xff, 0x00, 0xbb, 0xc7, 0xe7, 0xf9, 0xb0, 0xa2, 0xbe, 0x6c, 0xeb, 0x0a, 0xf3, 0xef,
    0x89, 0xff, 0x00, 0xf3, 0x0a, 0xff, 0x00, 0xb6, 0xdf, 0xfb, 0x25, 0x7d, 0x27, 0x08, 0xff, 0x00,
    0xc8, 0xe6, 0x8f, 0xfd, 0xbd, 0xff, 0x00, 0xa4, 0xc8, 0xe4, 0xc7, 0x7f, 0xbb, 0xcb, 0xe5, 0xf9,
    0xa3, 0xcf, 0xa8, 0xaf, 0xdb, 0x4f, 0x9e, 0x0a, 0x28, 0x03, 0xd0, 0x7e, 0x18, 0x7f, 0xcc, 0x57,
    0xfe, 0xd8, 0xff, 0x00, 0xec, 0xf5, 0xe8, 0x35, 0xf8, 0x97, 0x17, 0x7f, 0xc8, 0xe6, 0xb7, 0xfd,
    0xbb, 0xff, 0x00, 0xa4, 0xc4, 0xfa, 0x1c, 0x0f, 0xfb, 0xbc, 0x7e, 0x7f, 0x9b, 0x0a, 0x2b, 0xe6,
    0xce, 0xb0, 0xaf, 0x3e, 0xf8, 0x9f, 0xff, 0x00, 0x30, 0xaf, 0xfb, 0x6d, 0xff, 0x00, 0xb2, 0x57,
    0xd2, 0x70, 0x8f, 0xfc, 0x8e, 0x68, 0xff, 0x00, 0xdb, 0xdf, 0xfa, 0x4c, 0x8e, 0x4c, 0x77, 0xfb,
    0xbc, 0xbe, 0x5f, 0x9a, 0x3c, 0xfa, 0x8a, 0xfd, 0xb4, 0xf9, 0xe0, 0xa2, 0x80, 0x3d, 0x07, 0xe1,
    0x87, 0xfc, 0xc5, 0x7f, 0xed, 0x8f, 0xfe, 0xcf, 0x5e, 0x83, 0x5f, 0x89, 0x71, 0x77, 0xfc, 0x8e,
    0x6b, 0x7f, 0xdb, 0xbf, 0xfa, 0x4c, 0x4f, 0xa1, 0xc0, 0xff, 0x00, 0xbb, 0xc7, 0xe7, 0xf9, 0xb0,
    0xa2, 0xbe, 0x6c, 0xeb, 0x0a, 0xf3, 0xef, 0x89, 0xff, 0x00, 0xf3, 0x0a, 0xff, 0x00, 0xb6, 0xdf,
    0xfb, 0x25, 0x7d, 0x27, 0x08, 0xff, 0x00, 0xc8, 0xe6, 0x8f, 0xfd, 0xbd, 0xff, 0x00, 0xa4, 0xc8,
    0xe4, 0xc7, 0x7f, 0xbb, 0xcb, 0xe5, 0xf9, 0xa3, 0xcf, 0xa8, 0xaf, 0xdb, 0x4f, 0x9e, 0x0a, 0x28,
    0x03, 0xd0, 0x7e, 0x18, 0x7f, 0xcc, 0x57, 0xfe, 0xd8, 0xff, 0x00, 0xec, 0xf5, 0xe8, 0x35, 0xf8,
    0x97, 0x17, 0x7f, 0xc8, 0xe6, 0xb7, 0xfd, 0xbb, 0xff, 0x00, 0xa4, 0xc4, 0xfa, 0x1c, 0x0f, 0xfb,
    0xbc, 0x7e, 0x7f, 0x9b, 0x0a, 0x2b, 0xe6, 0xce, 0xb0, 0xaf, 0x3e, 0xf8, 0x9f, 0xff, 0x00, 0x30,
    0xaf, 0xfb, 0x6d, 0xff, 0x00, 0xb2, 0x57, 0xd2, 0x70, 0x8f, 0xfc, 0x8e, 0x68, 0xff, 0x00, 0xdb,
    0xdf, 0xfa, 0x4c, 0x8e, 0x4c, 0x77, 0xfb, 0xbc, 0xbe, 0x5f, 0x9a, 0x3c, 0xfa, 0x8a, 0xfd, 0xb4,
    0xf9, 0xe0, 0xa2, 0x80, 0x3d, 0x07, 0xe1, 0x87, 0xfc, 0xc5, 0x7f, 0xed, 0x8f, 0xfe, 0xcf, 0x5e,
    0x83, 0x5f, 0x89, 0x71, 0x77, 0xfc, 0x8e, 0x6b, 0x7f, 0xdb, 0xbf, 0xfa, 0x4c, 0x4f, 0xa1, 0xc0,
    0xff, 0x00, 0xbb, 0xc7, 0xe7, 0xf9, 0xb0, 0xa2, 0xbe, 0x6c, 0xeb, 0x0a, 0xf3, 0xef, 0x89, 0xff,
    0x00, 0xf3, 0x0a, 0xff, 0x00, 0xb6, 0xdf, 0xfb, 0x25, 0x7d, 0x27, 0x08, 0xff, 0x00, 0xc8, 0xe6,
    0x8f, 0xfd, 0xbd, 0xff, 0x00, 0xa4, 0xc8, 0xe4, 0xc7, 0x7f, 0xbb, 0xcb, 0xe5, 0xf9, 0xa3, 0xcf,
    0xa8, 0xaf, 0xdb, 0x4f, 0x9e, 0x0a, 0x28, 0x03, 0xd0, 0x7e, 0x18, 0x7f, 0xcc, 0x57, 0xfe, 0xd8,
    0xff, 0x00, 0xec, 0xf5, 0xe8, 0x35, 0xf8, 0x97, 0x17, 0x7f, 0xc8, 0xe6, 0xb7, 0xfd, 0xbb, 0xff,
    0x00, 0xa4, 0xc4, 0xfa, 0x1c, 0x0f, 0xfb, 0xbc, 0x7e, 0x7f, 0x9b, 0x0a, 0x2b, 0xe6, 0xce, 0xb0,
    0xaf, 0x3e, 0xf8, 0x9f, 0xff, 0x00, 0x30, 0xaf, 0xfb, 0x6d, 0xff, 0x00, 0xb2, 0x57, 0xd2, 0x70,
    0x8f, 0xfc, 0x8e, 0x68, 0xff, 0x00, 0xdb, 0xdf, 0xfa, 0x4c, 0x8e, 0x4c, 0x77, 0xfb, 0xbc, 0xbe,
    0x5f, 0x9a, 0x3c, 0xfa, 0x8a, 0xfd, 0xb4, 0xf9, 0xe0, 0xa2, 0x80, 0x3d, 0x07, 0xe1, 0x87, 0xfc,
    0xc5, 0x7f, 0xed, 0x8f, 0xfe, 0xcf, 0x5e, 0x83, 0x5f, 0x89, 0x71, 0x77, 0xfc, 0x8e, 0x6b, 0x7f,
    0xdb, 0xbf, 0xfa, 0x4c, 0x4f, 0xa1, 0xc0, 0xff, 0x00, 0xbb, 0xc7, 0xe7, 0xf9, 0xb0, 0xa2, 0xbe,
    0x6c, 0xeb, 0x0a, 0xf3, 0xef, 0x89, 0xff, 0x00, 0xf3, 0x0a, 0xff, 0x00, 0xb6, 0xdf, 0xfb, 0x25,
    0x7d, 0x27, 0x08, 0xff, 0x00, 0xc8, 0xe6, 0x8f, 0xfd, 0xbd, 0xff, 0x00, 0xa4, 0xc8, 0xe4, 0xc7,
    0x7f, 0xbb, 0xcb, 0xe5, 0xf9, 0xa3, 0xcf, 0xa8, 0xaf, 0xdb, 0x4f, 0x9e, 0x0a, 0x28, 0x03, 0xd0,
    0x7e, 0x18, 0x7f, 0xcc, 0x57, 0xfe, 0xd8, 0xff, 0x00, 0xec, 0xf5, 0xe8, 0x35, 0xf8, 0x97, 0x17,
    0x7f, 0xc8, 0xe6, 0xb7, 0xfd, 0xbb, 0xff, 0x00, 0xa4, 0xc4, 0xfa, 0x1c, 0x0f, 0xfb, 0xbc, 0x7e,
    0x7f, 0x9b, 0x0a, 0x2b, 0xe6, 0xce, 0xb0, 0xaf, 0x3e, 0xf8, 0x9f, 0xff, 0x00, 0x30, 0xaf, 0xfb,
    0x6d, 0xff, 0x00, 0xb2, 0x57, 0xd2, 0x70, 0x8f, 0xfc, 0x8e, 0x68, 0xff, 0x00, 0xdb, 0xdf, 0xfa,
    0x4c, 0x8e, 0x4c, 0x77, 0xfb, 0xbc, 0xbe, 0x5f, 0x9a, 0x3c, 0xfa, 0x8a, 0xfd, 0xb4, 0xf9, 0xe0,
    0xa2, 0x80, 0x3d, 0x07, 0xe1, 0x87, 0xfc, 0xc5, 0x7f, 0xed, 0x8f, 0xfe, 0xcf, 0x5e, 0x83, 0x5f,
    0x89, 0x71, 0x77, 0xfc, 0x8e, 0x6b, 0x7f, 0xdb, 0xbf, 0xfa, 0x4c, 0x4f, 0xa1, 0xc0, 0xff, 0x00,
    0xbb, 0xc7, 0xe7, 0xf9, 0xb0, 0xa2, 0xbe, 0x6c, 0xeb, 0x0a, 0xf3, 0xef, 0x89, 0xff, 0x00, 0xf3,
    0x0a, 0xff, 0x00, 0xb6, 0xdf, 0xfb, 0x25, 0x7d, 0x27, 0x08, 0xff, 0x00, 0xc8, 0xe6, 0x8f, 0xfd,
    0xbd, 0xff, 0x00, 0xa4, 0xc8, 0xe4, 0xc7, 0x7f, 0xbb, 0xcb, 0xe5, 0xf9, 0xa3, 0xcf, 0xa8, 0xaf,
    0xdb, 0x4f, 0x9e, 0x0a, 0x28, 0x03, 0xd0, 0x7e, 0x18, 0x7f, 0xcc, 0x57, 0xfe, 0xd8, 0xff, 0x00,
    0xec, 0xf5, 0xe8, 0x35, 0xf8, 0x97, 0x17, 0x7f, 0xc8, 0xe6, 0xb7, 0xfd, 0xbb, 0xff, 0x00, 0xa4,
    0xc4, 0xfa, 0x1c, 0x0f, 0xfb, 0xbc, 0x7e, 0x7f, 0x9b, 0x0a, 0x2b, 0xe6, 0xce, 0xb0, 0xaf, 0x3e,
    0xf8, 0x9f, 0xff, 0x00, 0x30, 0xaf, 0xfb, 0x6d, 0xff, 0x00, 0xb2, 0x57, 0xd2, 0x70, 0x8f, 0xfc,
    0x8e, 0x68, 0xff, 0x00, 0xdb, 0xdf, 0xfa, 0x4c, 0x8e, 0x4c, 0x77, 0xfb, 0xbc, 0xbe, 0x5f, 0x9a,
    0x3c, 0xfa, 0x8a, 0xfd, 0xb4, 0xf9, 0xe0, 0xa2, 0x80, 0x3d, 0x07, 0xe1, 0x87, 0xfc, 0xc5, 0x7f,
    0xed, 0x8f, 0xfe, 0xcf, 0x5e, 0x83, 0x5f, 0x89, 0x71, 0x77, 0xfc, 0x8e, 0x6b, 0x7f, 0xdb, 0xbf,
    0xfa, 0x4c, 0x4f, 0xa1, 0xc0, 0xff, 0x00, 0xbb, 0xc7, 0xe7, 0xf9, 0xb0, 0xa2, 0xbe, 0x6c, 0xeb,
    0x0a, 0xf3, 0xef, 0x89, 0xff, 0x00, 0xf3, 0x0a, 0xff, 0x00, 0xb6, 0xdf, 0xfb, 0x25, 0x7d, 0x27,
    0x08, 0xff, 0x00, 0xc8, 0xe6, 0x8f, 0xfd, 0xbd, 0xff, 0x00, 0xa4, 0xc8, 0xe4, 0xc7, 0x7f, 0xbb,
    0xcb, 0xe5, 0xf9, 0xa3, 0xcf, 0xa8, 0xaf, 0xdb, 0x4f, 0x9e, 0x0a, 0x28, 0x03, 0xd0, 0x7e, 0x18,
    0x7f, 0xcc, 0x57, 0xfe, 0xd8, 0xff, 0x00, 0xec, 0xf5, 0xe8, 0x35, 0xf8, 0x97, 0x17, 0x7f, 0xc8,
    0xe6, 0xb7, 0xfd, 0xbb, 0xff, 0x00, 0xa4, 0xc4, 0xfa, 0x1c, 0x0f, 0xfb, 0xbc, 0x7e, 0x7f, 0x9b,
    0x0a, 0x2b, 0xe6, 0xce, 0xb0, 0xaf, 0x3e, 0xf8, 0x9f, 0xff, 0x00, 0x30, 0xaf, 0xfb, 0x6d, 0xff,
    0x00, 0xb2, 0x57, 0xd2, 0x70, 0x8f, 0xfc, 0x8e, 0x68, 0xff, 0x00, 0xdb, 0xdf, 0xfa, 0x4c, 0x8e,
    0x4c, 0x77, 0xfb, 0xbc, 0xbe, 0x5f, 0x9a, 0x3c, 0xfa, 0x8a, 0xfd, 0xb4, 0xf9, 0xe0, 0xa2, 0x80,
    0x3d, 0x07, 0xe1, 0x87, 0xfc, 0xc5, 0x7f, 0xed, 0x8f, 0xfe, 0xcf, 0x5e, 0x83, 0x5f, 0x89, 0x71,
    0x77, 0xfc, 0x8e, 0x6b, 0x7f, 0xdb, 0xbf, 0xfa, 0x4c, 0x4f, 0xa1, 0xc0, 0xff, 0x00, 0xbb, 0xc7,
    0xe7, 0xf9, 0xb0, 0xa2, 0xbe, 0x6c, 0xeb, 0x0a, 0xf3, 0xef, 0x89, 0xff, 0x00, 0xf3, 0x0a, 0xff,
    0x00, 0xb6, 0xdf, 0xfb, 0x25, 0x7d, 0x27, 0x08, 0xff, 0x00, 0xc8, 0xe6, 0x8f, 0xfd, 0xbd, 0xff,
    0x00, 0xa4, 0xc8, 0xe4, 0xc7, 0x7f, 0xbb, 0xcb, 0xe5, 0xf9, 0xa3, 0xcf, 0xa8, 0xaf, 0xdb, 0x4f,
    0x9e, 0x0a, 0x28, 0x03, 0xd0, 0x7e, 0x18, 0x7f, 0xcc, 0x57, 0xfe, 0xd8, 0xff, 0x00, 0xec, 0xf5,
    0xe8, 0x35, 0xf8, 0x97, 0x17, 0x7f, 0xc8, 0xe6, 0xb7, 0xfd, 0xbb, 0xff, 0x00, 0xa4, 0xc4, 0xfa,
    0x1c, 0x0f, 0xfb, 0xbc, 0x7e, 0x7f, 0x9b, 0x0a, 0x2b, 0xe6, 0xce, 0xb0, 0xaf, 0x3e, 0xf8, 0x9f,
    0xff, 0x00, 0x30, 0xaf, 0xfb, 0x6d, 0xff, 0x00, 0xb2, 0x57, 0xd2, 0x70, 0x8f, 0xfc, 0x8e, 0x68,
    0xff, 0x00, 0xdb, 0xdf, 0xfa, 0x4c, 0x8e, 0x4c, 0x77, 0xfb, 0xbc, 0xbe, 0x5f, 0x9a, 0x3c, 0xfa,
    0x8a, 0xfd, 0xb4, 0xf9, 0xe0, 0xa2, 0x80, 0x3d, 0x07, 0xe1, 0x87, 0xfc, 0xc5, 0x7f, 0xed, 0x8f,
    0xfe, 0xcf, 0x5e, 0x83, 0x5f, 0x89, 0x71, 0x77, 0xfc, 0x8e, 0x6b, 0x7f, 0xdb, 0xbf, 0xfa, 0x4c,
    0x4f, 0xa1, 0xc0, 0xff, 0x00, 0xbb, 0xc7, 0xe7, 0xf9, 0xb0, 0xa2, 0xbe, 0x6c, 0xeb, 0x0a, 0xf3,
    0xef, 0x89, 0xff, 0x00, 0xf3, 0x0a, 0xff, 0x00, 0xb6, 0xdf, 0xfb, 0x25, 0x7d, 0x27, 0x08, 0xff,
    0x00, 0xc8, 0xe6, 0x8f, 0xfd, 0xbd, 0xff, 0x00, 0xa4, 0xc8, 0xe4, 0xc7, 0x7f, 0xbb, 0xcb, 0xe5,
    0xf9, 0xa3, 0xcf, 0xa8, 0xaf, 0xdb, 0x4f, 0x9e, 0x0a, 0x28, 0x03, 0xd0, 0x7e, 0x18, 0x7f, 0xcc,
    0x57, 0xfe, 0xd8, 0xff, 0x00, 0xec, 0xf5, 0xe8, 0x35, 0xf8, 0x97, 0x17, 0x7f, 0xc8, 0xe6, 0xb7,
    0xfd, 0xbb, 0xff, 0x00, 0xa4, 0xc4, 0xfa, 0x1c, 0x0f, 0xfb, 0xbc, 0x7e, 0x7f, 0x9b, 0x0a, 0x2b,
    0xe6, 0xce, 0xb0, 0xaf, 0x3e, 0xf8, 0x9f, 0xff, 0x00, 0x30, 0xaf, 0xfb, 0x6d, 0xff, 0x00, 0xb2,
    0x57, 0xd2, 0x70, 0x8f, 0xfc, 0x8e, 0x68, 0xff, 0x00, 0xdb, 0xdf, 0xfa, 0x4c, 0x8e, 0x4c, 0x77,
    0xfb, 0xbc, 0xbe, 0x5f, 0x9a, 0x3c, 0xfa, 0x8a, 0xfd, 0xb4, 0xf9, 0xe0, 0xa2, 0x80, 0x3d, 0x07,
    0xe1, 0x87, 0xfc, 0xc5, 0x7f, 0xed, 0x8f, 0xfe, 0xcf, 0x5e, 0x83, 0x5f, 0x89, 0x71, 0x77, 0xfc,
    0x8e, 0x6b, 0x7f, 0xdb, 0xbf, 0xfa, 0x4c, 0x4f, 0xa1, 0xc0, 0xff, 0x00, 0xbb, 0xc7, 0xe7, 0xf9,
    0xb0, 0xa2, 0xbe, 0x6c, 0xeb, 0x0a, 0xf3, 0xef, 0x89, 0xff, 0x00, 0xf3, 0x0a, 0xff, 0x00, 0xb6,
    0xdf, 0xfb, 0x25, 0x7d, 0x27, 0x08, 0xff, 0x00, 0xc8, 0xe6, 0x8f, 0xfd, 0xbd, 0xff, 0x00, 0xa4,
    0xc8, 0xe4, 0xc7, 0x7f, 0xbb, 0xcb, 0xe5, 0xf9, 0xa3, 0xcf, 0xa8, 0xaf, 0xdb, 0x4f, 0x9e, 0x3f,
    0xff, 0xd9,
};
static const unsigned char cb_frame_13[] = {
    0xff, 0xd8, 0xff, 0xe0, 0x00, 0x10, 0x4a, 0x46, 0x49, 0x46, 0x00, 0x01, 0x01, 0x00, 0x00, 0x01,
    0x00, 0x01, 0x00, 0x00, 0xff, 0xdb, 0x00, 0x43, 0x00, 0x08, 0x06, 0x06, 0x07, 0x06, 0x05, 0x08,
    0x07, 0x07, 0x07, 0x09, 0x09, 0x08, 0x0a, 0x0c, 0x14, 0x0d, 0x0c, 0x0b, 0x0b, 0x0c, 0x19, 0x12,
    0x13, 0x0f, 0x14, 0x1d, 0x1a, 0x1f, 0x1e, 0x1d, 0x1a, 0x1c, 0x1c, 0x20, 0x24, 0x2e, 0x27, 0x20,
    0x22, 0x2c, 0x23, 0x1c, 0x1c, 0x28, 0x37, 0x29, 0x2c, 0x30, 0x31, 0x34, 0x34, 0x34, 0x1f, 0x27,
    0x39, 0x3d, 0x38, 0x32, 0x3c, 0x2e, 0x33, 0x34, 0x32, 0xff, 0xdb, 0x00, 0x43, 0x01, 0x09, 0x09,
    0x09, 0x0c, 0x0b, 0x0c, 0x18, 0x0d, 0x0d, 0x18, 0x32, 0x21, 0x1c, 0x21, 0x32, 0x32, 0x32, 0x32,
    0x32, 0x32, 0x32, 0x32, 0x32, 0x32, 0x32, 0x32, 0x32, 0x32, 0x32, 0x32, 0x32, 0x32, 0x32, 0x32,
    0x32, 0x32, 0x32, 0x32, 0x32, 0x32, 0x32, 0x32, 0x32, 0x32, 0x32, 0x32, 0x32, 0x32, 0x32, 0x32,
    0x32, 0x32, 0x32, 0x32, 0x32, 0x32, 0x32, 0x32, 0x32, 0x32, 0x32, 0x32, 0x32, 0x32, 0xff, 0xc0,
    0x00, 0x11, 0x08, 0x00, 0xf0, 0x01, 0x40, 0x03, 0x01, 0x21, 0x00, 0x02, 0x11, 0x01, 0x03, 0x11,
    0x01, 0xff, 0xc4, 0x00, 0x1f, 0x00, 0x00, 0x01, 0x05, 0x01, 0x01, 0x01, 0x01, 0x01, 0x01, 0x00,
    0x00, 0x00, 0x00, 0x00, 0x00, 0x00, 0x00, 0x01, 0x02, 0x03, 0x04, 0x05, 0x06, 0x07, 0x08, 0x09,
    0x0a, 0x0b, 0xff, 0xc4, 0x00, 0xb5, 0x10, 0x00, 0x02, 0x01, 0x03, 0x03, 0x02, 0x04, 0x03, 0x05,
    0x05, 0x04, 0x04, 0x00, 0x00, 0x01, 0x7d, 0x01, 0x02, 0x03, 0x00, 0x04, 0x11, 0x05, 0x12, 0x21,
    0x31, 0x41, 0x06, 0x13, 0x51, 0x61, 0x07, 0x22, 0x71, 0x14, 0x32, 0x81, 0x91, 0xa1, 0x08, 0x23,
    0x42, 0xb1, 0xc1, 0x15, 0x52, 0xd1, 0xf0, 0x24, 0x33, 0x62, 0x72, 0x82, 0x09, 0x0a, 0x16, 0x17,
    0x18, 0x19, 0x1a, 0x25, 0x26, 0x27, 0x28, 0x29, 0x2a, 0x34, 0x35, 0x36, 0x37, 0x38, 0x39, 0x3a,
    0x43, 0x44, 0x45, 0x46, 0x47, 0x48, 0x49, 0x4a, 0x53, 0x54, 0x55, 0x56, 0x57, 0x58, 0x59, 0x5a,
    0x63, 0x64, 0x65, 0x66, 0x67, 0x68, 0x69, 0x6a, 0x73, 0x74, 0x75, 0x76, 0x77, 0x78, 0x79, 0x7a,
    0x83, 0x84, 0x85, 0x86, 0x87, 0x88, 0x89, 0x8a, 0x92, 0x93, 0x94, 0x95, 0x96, 0x97, 0x98, 0x99,
    0x9a, 0xa2, 0xa3, 0xa4, 0xa5, 0xa6, 0xa7, 0xa8, 0xa9, 0xaa, 0xb2, 0xb3, 0xb4, 0xb5, 0xb6, 0xb7,
    0xb8, 0xb9, 0xba, 0xc2, 0xc3, 0xc4, 0xc5, 0xc6, 0xc7, 0xc8, 0xc9, 0xca, 0xd2, 0xd3, 0xd4, 0xd5,
    0xd6, 0xd7, 0xd8, 0xd9, 0xda, 0xe1, 0xe2, 0xe3, 0xe4, 0xe5, 0xe6, 0xe7, 0xe8, 0xe9, 0xea, 0xf1,
    0xf2, 0xf3, 0xf4, 0xf5, 0xf6, 0xf7, 0xf8, 0xf9, 0xfa, 0xff, 0xc4, 0x00, 0x1f, 0x01, 0x00, 0x03,
    0x01, 0x01, 0x01, 0x01, 0x01, 0x01, 0x01, 0x01, 0x01, 0x00, 0x00, 0x00, 0x00, 0x00, 0x00, 0x01,
    0x02, 0x03, 0x04, 0x05, 0x06, 0x07, 0x08, 0x09, 0x0a, 0x0b, 0xff, 0xc4, 0x00, 0xb5, 0x11, 0x00,
    0x02, 0x01, 0x02, 0x04, 0x04, 0x03, 0x04, 0x07, 0x05, 0x04, 0x04, 0x00, 0x01, 0x02, 0x77, 0x00,
    0x01, 0x02, 0x03, 0x11, 0x04, 0x05, 0x21, 0x31, 0x06, 0x12, 0x41, 0x51, 0x07, 0x61, 0x71, 0x13,
    0x22, 0x32, 0x81, 0x08, 0x14, 0x42, 0x91, 0xa1, 0xb1, 0xc1, 0x09, 0x23, 0x33, 0x52, 0xf0, 0x15,
    0x62, 0x72, 0xd1, 0x0a, 0x16, 0x24, 0x34, 0xe1, 0x25, 0xf1, 0x17, 0x18, 0x19, 0x1a, 0x26, 0x27,
    0x28, 0x29, 0x2a, 0x35, 0x36, 0x37, 0x38, 0x39, 0x3a, 0x43, 0x44, 0x45, 0x46, 0x47, 0x48, 0x49,
    0x4a, 0x53, 0x54, 0x55, 0x56, 0x57, 0x58, 0x59, 0x5a, 0x63, 0x64, 0x65, 0x66, 0x67, 0x68, 0x69,
    0x6a, 0x73, 0x74, 0x75, 0x76, 0x77, 0x78, 0x79, 0x7a, 0x82, 0x83, 0x84, 0x85, 0x86, 0x87, 0x88,
    0x89, 0x8a, 0x92, 0x93, 0x94, 0x95, 0x96, 0x97, 0x98, 0x99, 0x9a, 0xa2, 0xa3, 0xa4, 0xa5, 0xa6,
    0xa7, 0xa8, 0xa9, 0xaa, 0xb2, 0xb3, 0xb4, 0xb5, 0xb6, 0xb7, 0xb8, 0xb9, 0xba, 0xc2, 0xc3, 0xc4,
    0xc5, 0xc6, 0xc7, 0xc8, 0xc9, 0xca, 0xd2, 0xd3, 0xd4, 0xd5, 0xd6, 0xd7, 0xd8, 0xd9, 0xda, 0xe2,
    0xe3, 0xe4, 0xe5, 0xe6, 0xe7, 0xe8, 0xe9, 0xea, 0xf2, 0xf3, 0xf4, 0xf5, 0xf6, 0xf7, 0xf8, 0xf9,
    0xfa, 0xff, 0xda, 0x00, 0x0c, 0x03, 0x01, 0x00, 0x02, 0x11, 0x03, 0x11, 0x00, 0x3f, 0x00, 0xf4,
    0x5a, 0xcf, 0xd7, 0xbf, 0xe4, 0x5d, 0xd4, 0xff, 0x00, 0xeb, 0xd2, 0x5f, 0xfd, 0x00, 0xd7, 0xe7,
    0x58, 0x2f, 0xf7, 0x9a, 0x7f, 0xe2, 0x5f, 0x99, 0xe9, 0xd4, 0xf8, 0x1f, 0xa1, 0xe1, 0xb4, 0x57,
    0xf4, 0x41, 0xf2, 0xa1, 0x45, 0x00, 0x68, 0x68, 0x3f, 0xf2, 0x31, 0x69, 0x9f, 0xf5, 0xf7, 0x17,
    0xfe, 0x86, 0x2b, 0xdc, 0xab, 0xf2, 0xde, 0x3f, 0xff, 0x00, 0x79, 0xa3, 0xfe, 0x17, 0xf9, 0x9e,
    0xce, 0x59, 0xf0, 0x4b, 0xd4, 0x28, 0xaf, 0x80, 0x3d, 0x30, 0xac, 0xfd, 0x7b, 0xfe, 0x45, 0xdd,
    0x4f, 0xfe, 0xbd, 0x25, 0xff, 0x00, 0xd0, 0x0d, 0x74, 0xe0, 0xbf, 0xde, 0x69, 0xff, 0x00, 0x89,
    0x7e, 0x64, 0xd4, 0xf8, 0x1f, 0xa1, 0xe1, 0xb4, 0x57, 0xf4, 0x41, 0xf2, 0xa1, 0x45, 0x00, 0x68,
    0x68, 0x3f, 0xf2, 0x31, 0x69, 0x9f, 0xf5, 0xf7, 0x17, 0xfe, 0x86, 0x2b, 0xdc, 0xab, 0xf2, 0xde,
    0x3f, 0xff, 0x00, 0x79, 0xa3, 0xfe, 0x17, 0xf9, 0x9e, 0xce, 0x59, 0xf0, 0x4b, 0xd4, 0x28, 0xaf,
    0x80, 0x3d, 0x30, 0xac, 0xfd, 0x7b, 0xfe, 0x45, 0xdd, 0x4f, 0xfe, 0xbd, 0x25, 0xff, 0x00, 0xd0,
    0x0d, 0x74, 0xe0, 0xbf, 0xde, 0x69, 0xff, 0x00, 0x89, 0x7e, 0x64, 0xd4, 0xf8, 0x1f, 0xa1, 0xe1,
    0xb4, 0x57, 0xf4, 0x41, 0xf2, 0xa1, 0x45, 0x00, 0x68, 0x68, 0x3f, 0xf2, 0x31, 0x69, 0x9f, 0xf5,
    0xf7, 0x17, 0xfe, 0x86, 0x2b, 0xdc, 0xab, 0xf2, 0xde, 0x3f, 0xff, 0x00, 0x79, 0xa3, 0xfe, 0x17,
    0xf9, 0x9e, 0xce, 0x59, 0xf0, 0x4b, 0xd4, 0x28, 0xaf, 0x80, 0x3d, 0x30, 0xac, 0xfd, 0x7b, 0xfe,
    0x45, 0xdd, 0x4f, 0xfe, 0xbd, 0x25, 0xff, 0x00, 0xd0, 0x0d, 0x74, 0xe0, 0xbf, 0xde, 0x69, 0xff,
    0x00, 0x89, 0x7e, 0x64, 0xd4, 0xf8, 0x1f, 0xa1, 0xe1, 0xb4, 0x57, 0xf4, 0x41, 0xf2, 0xa1, 0x45,
    0x00, 0x68, 0x68, 0x3f, 0xf2, 0x31, 0x69, 0x9f, 0xf5, 0xf7, 0x17, 0xfe, 0x86, 0x2b, 0xdc, 0xab,
    0xf2, 0xde, 0x3f, 0xff, 0x00, 0x79, 0xa3, 0xfe, 0x17, 0xf9, 0x9e, 0xce, 0x59, 0xf0, 0x4b, 0xd4,
    0x28, 0xaf, 0x80, 0x3d, 0x30, 0xac, 0xfd, 0x7b, 0xfe, 0x45, 0xdd, 0x4f, 0xfe, 0xbd, 0x25, 0xff,
    0x00, 0xd0, 0x0d, 0x74, 0xe0, 0xbf, 0xde, 0x69, 0xff, 0x00, 0x89, 0x7e, 0x64, 0xd4, 0xf8, 0x1f,
    0xa1, 0xe1, 0xb4, 0x57, 0xf4, 0x41, 0xf2, 0xa1, 0x45, 0x00, 0x68, 0x68, 0x3f, 0xf2, 0x31, 0x69,
    0x9f, 0xf5, 0xf7, 0x17, 0xfe, 0x86, 0x2b, 0xdc, 0xab, 0xf2, 0xde, 0x3f, 0xff, 0x00, 0x79, 0xa3,
    0xfe, 0x17, 0xf9, 0x9e, 0xce, 0x59, 0xf0, 0x4b, 0xd4, 0x28, 0xaf, 0x80, 0x3d, 0x30, 0xac, 0xfd,
    0x7b, 0xfe, 0x45, 0xdd, 0x4f, 0xfe, 0xbd, 0x25, 0xff, 0x00, 0xd0, 0x0d, 0x74, 0xe0, 0xbf, 0xde,
    0x69, 0xff, 0x00, 0x89, 0x7e, 0x64, 0xd4, 0xf8, 0x1f, 0xa1, 0xe1, 0xb4, 0x57, 0xf4, 0x41, 0xf2,
    0xa1, 0x45, 0x00, 0x68, 0x68, 0x3f, 0xf2, 0x31, 0x69, 0x9f, 0xf5, 0xf7, 0x17, 0xfe, 0x86, 0x2b,
    0xdc, 0xab, 0xf2, 0xde, 0x3f, 0xff, 0x00, 0x79, 0xa3, 0xfe, 0x17, 0xf9, 0x9e, 0xce, 0x59, 0xf0,
    0x4b, 0xd4, 0x28, 0xaf, 0x80, 0x3d, 0x30, 0xac, 0xfd, 0x7b, 0xfe, 0x45, 0xdd, 0x4f, 0xfe, 0xbd,
    0x25, 0xff, 0x00, 0xd0, 0x0d, 0x74, 0xe0, 0xbf, 0xde, 0x69, 0xff, 0x00, 0x89, 0x7e, 0x64, 0xd4,
    0xf8, 0x1f, 0xa1, 0xe1, 0xb4, 0x57, 0xf4, 0x41, 0xf2, 0xa1, 0x45, 0x00, 0x68, 0x68, 0x3f, 0xf2,
    0x31, 0x69, 0x9f, 0xf5, 0xf7, 0x17, 0xfe, 0x86, 0x2b, 0xdc, 0xab, 0xf2, 0xde, 0x3f, 0xff, 0x00,
    0x79, 0xa3, 0xfe, 0x17, 0xf9, 0x9e, 0xce, 0x59, 0xf0, 0x4b, 0xd4, 0x28, 0xaf, 0x80, 0x3d, 0x30,
    0xac, 0xfd, 0x7b, 0xfe, 0x45, 0xdd, 0x4f, 0xfe, 0xbd, 0x25, 0xff, 0x00, 0xd0, 0x0d, 0x74, 0xe0,
    0xbf, 0xde, 0x69, 0xff, 0x00, 0x89, 0x7e, 0x64, 0xd4, 0xf8, 0x1f, 0xa1, 0xe1, 0xb4, 0x57, 0xf4,
    0x41, 0xf2, 0xa1, 0x45, 0x00, 0x68, 0x68, 0x3f, 0xf2, 0x31, 0x69, 0x9f, 0xf5, 0xf7, 0x17, 0xfe,
    0x86, 0x2b, 0xdc, 0xab, 0xf2, 0xde, 0x3f, 0xff, 0x00, 0x79, 0xa3, 0xfe, 0x17, 0xf9, 0x9e, 0xce,
    0x59, 0xf0, 0x4b, 0xd4, 0x28, 0xaf, 0x80, 0x3d, 0x30, 0xac, 0xfd, 0x7b, 0xfe, 0x45, 0xdd, 0x4f,
    0xfe, 0xbd, 0x25, 0xff, 0x00, 0xd0, 0x0d, 0x74, 0xe0, 0xbf, 0xde, 0x69, 0xff, 0x00, 0x89, 0x7e,
    0x64, 0xd4, 0xf8, 0x1f, 0xa1, 0xe1, 0xb4, 0x57, 0xf4, 0x41, 0xf2, 0xa1, 0x45, 0x00, 0x68, 0x68,
    0x3f, 0xf2, 0x31, 0x69, 0x9f, 0xf5, 0xf7, 0x17, 0xfe, 0x86, 0x2b, 0xdc, 0xab, 0xf2, 0xde, 0x3f,
    0xff, 0x00, 0x79, 0xa3, 0xfe, 0x17, 0xf9, 0x9e, 0xce, 0x59, 0xf0, 0x4b, 0xd4, 0x28, 0xaf, 0x80,
    0x3d, 0x30, 0xac, 0xfd, 0x7b, 0xfe, 0x45, 0xdd, 0x4f, 0xfe, 0xbd, 0x25, 0xff, 0x00, 0xd0, 0x0d,
    0x74, 0xe0, 0xbf, 0xde, 0x69, 0xff, 0x00, 0x89, 0x7e, 0x64, 0xd4, 0xf8, 0x1f, 0xa1, 0xe1, 0xb4,
    0x57, 0xf4, 0x41, 0xf2, 0xa1, 0x45, 0x00, 0x68, 0x68, 0x3f, 0xf2, 0x31, 0x69, 0x9f, 0xf5, 0xf7,
    0x17, 0xfe, 0x86, 0x2b, 0xdc, 0xab, 0xf2, 0xde, 0x3f, 0xff, 0x00, 0x79, 0xa3, 0xfe, 0x17, 0xf9,
    0x9e, 0xce, 0x59, 0xf0, 0x4b, 0xd4, 0x28, 0xaf, 0x80, 0x3d, 0x30, 0xac, 0xfd, 0x7b, 0xfe, 0x45,
    0xdd, 0x4f, 0xfe, 0xbd, 0x25, 0xff, 0x00, 0xd0, 0x0d, 0x74, 0xe0, 0xbf, 0xde, 0x69, 0xff, 0x00,
    0x89, 0x7e, 0x64, 0xd4, 0xf8, 0x1f, 0xa1, 0xe1, 0xb4, 0x57, 0xf4, 0x41, 0xf2, 0xa1, 0x45, 0x00,
    0x68, 0x68, 0x3f, 0xf2, 0x31, 0x69, 0x9f, 0xf5, 0xf7, 0x17, 0xfe, 0x86, 0x2b, 0xdc, 0xab, 0xf2,
    0xde, 0x3f, 0xff, 0x00, 0x79, 0xa3, 0xfe, 0x17, 0xf9, 0x9e, 0xce, 0x59, 0xf0, 0x4b, 0xd4, 0x28,
    0xaf, 0x80, 0x3d, 0x30, 0xac, 0xfd, 0x7b, 0xfe, 0x45, 0xdd, 0x4f, 0xfe, 0xbd, 0x25, 0xff, 0x00,
    0xd0, 0x0d, 0x74, 0xe0, 0xbf, 0xde, 0x69, 0xff, 0x00, 0x89, 0x7e, 0x64, 0xd4, 0xf8, 0x1f, 0xa1,
    0xe1, 0xb4, 0x57, 0xf4, 0x41, 0xf2, 0xa1, 0x45, 0x00, 0x68, 0x68, 0x3f, 0xf2, 0x31, 0x69, 0x9f,
    0xf5, 0xf7, 0x17, 0xfe, 0x86, 0x2b, 0xdc, 0xab, 0xf2, 0xde, 0x3f, 0xff, 0x00, 0x79, 0xa3, 0xfe,
    0x17, 0xf9, 0x9e, 0xce, 0x59, 0xf0, 0x4b, 0xd4, 0x28, 0xaf, 0x80, 0x3d, 0x30, 0xac, 0xfd, 0x7b,
    0xfe, 0x45, 0xdd, 0x4f, 0xfe, 0xbd, 0x25, 0xff, 0x00, 0xd0, 0x0d, 0x74, 0xe0, 0xbf, 0xde, 0x69,
    0xff, 0x00, 0x89, 0x7e, 0x64, 0xd4, 0xf8, 0x1f, 0xa1, 0xe1, 0xb4, 0x57, 0xf4, 0x41, 0xf2, 0xa1,
    0x45, 0x00, 0x68, 0x68, 0x3f, 0xf2, 0x31, 0x69, 0x9f, 0xf5, 0xf7, 0x17, 0xfe, 0x86, 0x2b, 0xdc,
    0xab, 0xf2, 0xde, 0x3f, 0xff, 0x00, 0x79, 0xa3, 0xfe, 0x17, 0xf9, 0x9e, 0xce, 0x59, 0xf0, 0x4b,
    0xd4, 0x28, 0xaf, 0x80, 0x3d, 0x30, 0xac, 0xfd, 0x7b, 0xfe, 0x45, 0xdd, 0x4f, 0xfe, 0xbd, 0x25,
    0xff, 0x00, 0xd0, 0x0d, 0x74, 0xe0, 0xbf, 0xde, 0x69, 0xff, 0x00, 0x89, 0x7e, 0x64, 0xd4, 0xf8,
    0x1f, 0xa1, 0xe1, 0xb4, 0x57, 0xf4, 0x41, 0xf2, 0xa1, 0x45, 0x00, 0x68, 0x68, 0x3f, 0xf2, 0x31,
    0x69, 0x9f, 0xf5, 0xf7, 0x17, 0xfe, 0x86, 0x2b, 0xdc, 0xab, 0xf2, 0xde, 0x3f, 0xff, 0x00, 0x79,
    0xa3, 0xfe, 0x17, 0xf9, 0x9e, 0xce, 0x59, 0xf0, 0x4b, 0xd4, 0x28, 0xaf, 0x80, 0x3d, 0x30, 0xac,
    0xfd, 0x7b, 0xfe, 0x45, 0xdd, 0x4f, 0xfe, 0xbd, 0x25, 0xff, 0x00, 0xd0, 0x0d, 0x74, 0xe0, 0xbf,
    0xde, 0x69, 0xff, 0x00, 0x89, 0x7e, 0x64, 0xd4, 0xf8, 0x1f, 0xa1, 0xe1, 0xb4, 0x57, 0xf4, 0x41,
    0xf2, 0xa1, 0x45, 0x00, 0x68, 0x68, 0x3f, 0xf2, 0x31, 0x69, 0x9f, 0xf5, 0xf7, 0x17, 0xfe, 0x86,
    0x2b, 0xdc, 0xab, 0xf2, 0xde, 0x3f, 0xff, 0x00, 0x79, 0xa3, 0xfe, 0x17, 0xf9, 0x9e, 0xce, 0x59,
    0xf0, 0x4b, 0xd4, 0x28, 0xaf, 0x80, 0x3d, 0x30, 0xac, 0xfd, 0x7b, 0xfe, 0x45, 0xdd, 0x4f, 0xfe,
    0xbd, 0x25, 0xff, 0x00, 0xd0, 0x0d, 0x74, 0xe0, 0xbf, 0xde, 0x69, 0xff, 0x00, 0x89, 0x7e, 0x64,
    0xd4, 0xf8, 0x1f, 0xa1, 0xe1, 0xb4, 0x57, 0xf4, 0x41, 0xf2, 0xa1, 0x45, 0x00, 0x68, 0x68, 0x3f,
    0xf2, 0x31, 0x69, 0x9f, 0xf5, 0xf7, 0x17, 0xfe, 0x86, 0x2b, 0xdc, 0xab, 0xf2, 0xde, 0x3f, 0xff,
    0x00, 0x79, 0xa3, 0xfe, 0x17, 0xf9, 0x9e, 0xce, 0x59, 0xf0, 0x4b, 0xd4, 0x28, 0xaf, 0x80, 0x3d,
    0x30, 0xac, 0xfd, 0x7b, 0xfe, 0x45, 0xdd, 0x4f, 0xfe, 0xbd, 0x25, 0xff, 0x00, 0xd0, 0x0d, 0x74,
    0xe0, 0xbf, 0xde, 0x69, 0xff, 0x00, 0x89, 0x7e, 0x64, 0xd4, 0xf8, 0x1f, 0xa1, 0xe1, 0xb4, 0x57,
    0xf4, 0x41, 0xf2, 0xa1, 0x45, 0x00, 0x68, 0x68, 0x3f, 0xf2, 0x31, 0x69, 0x9f, 0xf5, 0xf7, 0x17,
    0xfe, 0x86, 0x2b, 0xdc, 0xab, 0xf2, 0xde, 0x3f, 0xff, 0x00, 0x79, 0xa3, 0xfe, 0x17, 0xf9, 0x9e,
    0xce, 0x59, 0xf0, 0x4b, 0xd4, 0x28, 0xaf, 0x80, 0x3d, 0x30, 0xac, 0xfd, 0x7b, 0xfe, 0x45, 0xdd,
    0x4f, 0xfe, 0xbd, 0x25, 0xff, 0x00, 0xd0, 0x0d, 0x74, 0xe0, 0xbf, 0xde, 0x69, 0xff, 0x00, 0x89,
    0x7e, 0x64, 0xd4, 0xf8, 0x1f, 0xa1, 0xe1, 0xb4, 0x57, 0xf4, 0x41, 0xf2, 0xa1, 0x45, 0x00, 0x68,
    0x68, 0x3f, 0xf2, 0x31, 0x69, 0x9f, 0xf5, 0xf7, 0x17, 0xfe, 0x86, 0x2b, 0xdc, 0xab, 0xf2, 0xde,
    0x3f, 0xff, 0x00, 0x79, 0xa3, 0xfe, 0x17, 0xf9, 0x9e, 0xce, 0x59, 0xf0, 0x4b, 0xd4, 0x28, 0xaf,
    0x80, 0x3d, 0x30, 0xac, 0xfd, 0x7b, 0xfe, 0x45, 0xdd, 0x4f, 0xfe, 0xbd, 0x25, 0xff, 0x00, 0xd0,
    0x0d, 0x74, 0xe0, 0xbf, 0xde, 0x69, 0xff, 0x00, 0x89, 0x7e, 0x64, 0xd4, 0xf8, 0x1f, 0xa1, 0xe1,
    0xb4, 0x57, 0xf4, 0x41, 0xf2, 0xa1, 0x45, 0x00, 0x68, 0x68, 0x3f, 0xf2, 0x31, 0x69, 0x9f, 0xf5,
    0xf7, 0x17, 0xfe, 0x86, 0x2b, 0xdc, 0xab, 0xf2, 0xde, 0x3f, 0xff, 0x00, 0x79, 0xa3, 0xfe, 0x17,
    0xf9, 0x9e, 0xce, 0x59, 0xf0, 0x4b, 0xd4, 0x28, 0xaf, 0x80, 0x3d, 0x30, 0xac, 0xfd, 0x7b, 0xfe,
    0x45, 0xdd, 0x4f, 0xfe, 0xbd, 0x25, 0xff, 0x00, 0xd0, 0x0d, 0x74, 0xe0, 0xbf, 0xde, 0x69, 0xff,
    0x00, 0x89, 0x7e, 0x64, 0xd4, 0xf8, 0x1f, 0xa1, 0xe1, 0xb4, 0x57, 0xf4, 0x41, 0xf2, 0xa1, 0x45,
    0x00, 0x68, 0x68, 0x3f, 0xf2, 0x31, 0x69, 0x9f, 0xf5, 0xf7, 0x17, 0xfe, 0x86, 0x2b, 0xdc, 0xab,
    0xf2, 0xde, 0x3f, 0xff, 0x00, 0x79, 0xa3, 0xfe, 0x17, 0xf9, 0x9e, 0xce, 0x59, 0xf0, 0x4b, 0xd4,
    0x28, 0xaf, 0x80, 0x3d, 0x33, 0xe7, 0xda, 0xd0, 0xd0, 0x7f, 0xe4, 0x62, 0xd3, 0x3f, 0xeb, 0xee,
    0x2f, 0xfd, 0x0c, 0x57, 0xf4, 0x46, 0x33, 0xfd, 0xda, 0xa7, 0xf8, 0x5f, 0xe4, 0x7c, 0xb5, 0x3f,
    0x8d, 0x7a, 0x9e, 0xe5, 0x45, 0x7f, 0x3b, 0x9f, 0x52, 0x14, 0x50, 0x06, 0x7e, 0xbd, 0xff, 0x00,
    0x22, 0xee, 0xa7, 0xff, 0x00, 0x5e, 0x92, 0xff, 0x00, 0xe8, 0x06, 0xbc, 0x36, 0xbf, 0x51, 0xe0,
    0x0f, 0xf7, 0x6a, 0xdf, 0xe2, 0x5f, 0x91, 0xe3, 0x66, 0x7f, 0x1c, 0x7d, 0x02, 0x8a, 0xfd, 0x00,
    0xf3, 0x02, 0xb4, 0x34, 0x1f, 0xf9, 0x18, 0xb4, 0xcf, 0xfa, 0xfb, 0x8b, 0xff, 0x00, 0x43, 0x15,
    0xcd, 0x8c, 0xff, 0x00, 0x76, 0xa9, 0xfe, 0x17, 0xf9, 0x17, 0x4f, 0xe3, 0x5e, 0xa7, 0xb9, 0x51,
    0x5f, 0xce, 0xe7, 0xd4, 0x85, 0x14, 0x01, 0x9f, 0xaf, 0x7f, 0xc8, 0xbb, 0xa9, 0xff, 0x00, 0xd7,
    0xa4, 0xbf, 0xfa, 0x01, 0xaf, 0x0d, 0xaf, 0xd4, 0x78, 0x03, 0xfd, 0xda, 0xb7, 0xf8, 0x97, 0xe4,
    0x78, 0xd9, 0x9f, 0xc7, 0x1f, 0x40, 0xa2, 0xbf, 0x40, 0x3c, 0xc0, 0xad, 0x0d, 0x07, 0xfe, 0x46,
    0x2d, 0x33, 0xfe, 0xbe, 0xe2, 0xff, 0x00, 0xd0, 0xc5, 0x73, 0x63, 0x3f, 0xdd, 0xaa, 0x7f, 0x85,
    0xfe, 0x45, 0xd3, 0xf8, 0xd7, 0xa9, 0xee, 0x54, 0x57, 0xf3, 0xb9, 0xf5, 0x21, 0x45, 0x00, 0x67,
    0xeb, 0xdf, 0xf2, 0x2e, 0xea, 0x7f, 0xf5, 0xe9, 0x2f, 0xfe, 0x80, 0x6b, 0xc3, 0x6b, 0xf5, 0x1e,
    0x00, 0xff, 0x00, 0x76, 0xad, 0xfe, 0x25, 0xf9, 0x1e, 0x36, 0x67, 0xf1, 0xc7, 0xd0, 0x28, 0xaf,
    0xd0, 0x0f, 0x30, 0x2b, 0x43, 0x41, 0xff, 0x00, 0x91, 0x8b, 0x4c, 0xff, 0x00, 0xaf, 0xb8, 0xbf,
    0xf4, 0x31, 0x5c, 0xd8, 0xcf, 0xf7, 0x6a, 0x9f, 0xe1, 0x7f, 0x91, 0x74, 0xfe, 0x35, 0xea, 0x7b,
    0x95, 0x15, 0xfc, 0xee, 0x7d, 0x48, 0x51, 0x40, 0x19, 0xfa, 0xf7, 0xfc, 0x8b, 0xba, 0x9f, 0xfd,
    0x7a, 0x4b, 0xff, 0x00, 0xa0, 0x1a, 0xf0, 0xda, 0xfd, 0x47, 0x80, 0x3f, 0xdd, 0xab, 0x7f, 0x89,
    0x7e, 0x47, 0x8d, 0x99, 0xfc, 0x71, 0xf4, 0x0a, 0x2b, 0xf4, 0x03, 0xcc, 0x0a, 0xd0, 0xd0, 0x7f,
    0xe4, 0x62, 0xd3, 0x3f, 0xeb, 0xee, 0x2f, 0xfd, 0x0c, 0x57, 0x36, 0x33, 0xfd, 0xda, 0xa7, 0xf8,
    0x5f, 0xe4, 0x5d, 0x3f, 0x8d, 0x7a, 0x9e, 0xe5, 0x45, 0x7f, 0x3b, 0x9f, 0x52, 0x14, 0x50, 0x06,
    0x7e, 0xbd, 0xff, 0x00, 0x22, 0xee, 0xa7, 0xff, 0x00, 0x5e, 0x92, 0xff, 0x00, 0xe8, 0x06, 0xbc,
    0x36, 0xbf, 0x51, 0xe0, 0x0f, 0xf7, 0x6a, 0xdf, 0xe2, 0x5f, 0x91, 0xe3, 0x66, 0x7f, 0x1c, 0x7d,
    0x02, 0x8a, 0xfd, 0x00, 0xf3, 0x02, 0xb4, 0x34, 0x1f, 0xf9, 0x18, 0xb4, 0xcf, 0xfa, 0xfb, 0x8b,
    0xff, 0x00, 0x43, 0x15, 0xcd, 0x8c, 0xff, 0x00, 0x76, 0xa9, 0xfe, 0x17, 0xf9, 0x17, 0x4f, 0xe3,
    0x5e, 0xa7, 0xb9, 0x51, 0x5f, 0xce, 0xe7, 0xd4, 0x85, 0x14, 0x01, 0x9f, 0xaf, 0x7f, 0xc8, 0xbb,
    0xa9, 0xff, 0x00, 0xd7, 0xa4, 0xbf, 0xfa, 0x01, 0xaf, 0x0d, 0xaf, 0xd4, 0x78, 0x03, 0xfd, 0xda,
    0xb7, 0xf8, 0x97, 0xe4, 0x78, 0xd9, 0x9f, 0xc7, 0x1f, 0x40, 0xa2, 0xbf, 0x40, 0x3c, 0xc0, 0xad,
    0x0d, 0x07, 0xfe, 0x46, 0x2d, 0x33, 0xfe, 0xbe, 0xe2, 0xff, 0x00, 0xd0, 0xc5, 0x73, 0x63, 0x3f,
    0xdd, 0xaa, 0x7f, 0x85, 0xfe, 0x45, 0xd3, 0xf8, 0xd7, 0xa9, 0xee, 0x54, 0x57, 0xf3, 0xb9, 0xf5,
    0x21, 0x45, 0x00, 0x67, 0xeb, 0xdf, 0xf2, 0x2e, 0xea, 0x7f, 0xf5, 0xe9, 0x2f, 0xfe, 0x80, 0x6b,
    0xc3, 0x6b, 0xf5, 0x1e, 0x00, 0xff, 0x00, 0x76, 0xad, 0xfe, 0x25, 0xf9, 0x1e, 0x36, 0x67, 0xf1,
    0xc7, 0xd0, 0x28, 0xaf, 0xd0, 0x0f, 0x30, 0x2b, 0x43, 0x41, 0xff, 0x00, 0x91, 0x8b, 0x4c, 0xff,
    0x00, 0xaf, 0xb8, 0xbf, 0xf4, 0x31, 0x5c, 0xd8, 0xcf, 0xf7, 0x6a, 0x9f, 0xe1, 0x7f, 0x91, 0x74,
    0xfe, 0x35, 0xea, 0x7b, 0x95, 0x15, 0xfc, 0xee, 0x7d, 0x48, 0x51, 0x40, 0x19, 0xfa, 0xf7, 0xfc,
    0x8b, 0xba, 0x9f, 0xfd, 0x7a, 0x4b, 0xff, 0x00, 0xa0, 0x1a, 0xf0, 0xda, 0xfd, 0x47, 0x80, 0x3f,
    0xdd, 0xab, 0x7f, 0x89, 0x7e, 0x47, 0x8d, 0x99, 0xfc, 0x71, 0xf4, 0x0a, 0x2b, 0xf4, 0x03, 0xcc,
    0x0a, 0xd0, 0xd0, 0x7f, 0xe4, 0x62, 0xd3, 0x3f, 0xeb, 0xee, 0x2f, 0xfd, 0x0c, 0x57, 0x36, 0x33,
    0xfd, 0xda, 0xa7, 0xf8, 0x5f, 0xe4, 0x5d, 0x3f, 0x8d, 0x7a, 0x9e, 0xe5, 0x45, 0x7f, 0x3b, 0x9f,
    0x52, 0x14, 0x50, 0x06, 0x7e, 0xbd, 0xff, 0x00, 0x22, 0xee, 0xa7, 0xff, 0x00, 0x5e, 0x92, 0xff,
    0x00, 0xe8, 0x06, 0xbc, 0x36, 0xbf, 0x51, 0xe0, 0x0f, 0xf7, 0x6a, 0xdf, 0xe2, 0x5f, 0x91, 0xe3,
    0x66, 0x7f, 0x1c, 0x7d, 0x02, 0x8a, 0xfd, 0x00, 0xf3, 0x02, 0xb4, 0x34, 0x1f, 0xf9, 0x18, 0xb4,
    0xcf, 0xfa, 0xfb, 0x8b, 0xff, 0x00, 0x43, 0x15, 0xcd, 0x8c, 0xff, 0x00, 0x76, 0xa9, 0xfe, 0x17,
    0xf9, 0x17, 0x4f, 0xe3, 0x5e, 0xa7, 0xb9, 0x51, 0x5f, 0xce, 0xe7, 0xd4, 0x85, 0x14, 0x01, 0x9f,
    0xaf, 0x7f, 0xc8, 0xbb, 0xa9, 0xff, 0x00, 0xd7, 0xa4, 0xbf, 0xfa, 0x01, 0xaf, 0x0d, 0xaf, 0xd4,
    0x78, 0x03, 0xfd, 0xda, 0xb7, 0xf8, 0x97, 0xe4, 0x78, 0xd9, 0x9f, 0xc7, 0x1f, 0x40, 0xa2, 0xbf,
    0x40, 0x3c, 0xc0, 0xad, 0x0d, 0x07, 0xfe, 0x46, 0x2d, 0x33, 0xfe, 0xbe, 0xe2, 0xff, 0x00, 0xd0,
    0xc5, 0x73, 0x63, 0x3f, 0xdd, 0xaa, 0x7f, 0x85, 0xfe, 0x45, 0xd3, 0xf8, 0xd7, 0xa9, 0xee, 0x54,
    0x57, 0xf3, 0xb9, 0xf5, 0x21, 0x45, 0x00, 0x67, 0xeb, 0xdf, 0xf2, 0x2e, 0xea, 0x7f, 0xf5, 0xe9,
    0x2f, 0xfe, 0x80, 0x6b, 0xc3, 0x6b, 0xf5, 0x1e, 0x00, 0xff, 0x00, 0x76, 0xad, 0xfe, 0x25, 0xf9,
    0x1e, 0x36, 0x67, 0xf1, 0xc7, 0xd0, 0x28, 0xaf, 0xd0, 0x0f, 0x30, 0x2b, 0x43, 0x41, 0xff, 0x00,
    0x91, 0x8b, 0x4c, 0xff, 0x00, 0xaf, 0xb8, 0xbf, 0xf4, 0x31, 0x5c, 0xd8, 0xcf, 0xf7, 0x6a, 0x9f,
    0xe1, 0x7f, 0x91, 0x74, 0xfe, 0x35, 0xea, 0x7b, 0x95, 0x15, 0xfc, 0xee, 0x7d, 0x48, 0x51, 0x40,
    0x19, 0xfa, 0xf7, 0xfc, 0x8b, 0xba, 0x9f, 0xfd, 0x7a, 0x4b, 0xff, 0x00, 0xa0, 0x1a, 0xf0, 0xda,
    0xfd, 0x47, 0x80, 0x3f, 0xdd, 0xab, 0x7f, 0x89, 0x7e, 0x47, 0x8d, 0x99, 0xfc, 0x71, 0xf4, 0x0a,
    0x2b, 0xf4, 0x03, 0xcc, 0x0a, 0xd0, 0xd0, 0x7f, 0xe4, 0x62, 0xd3, 0x3f, 0xeb, 0xee, 0x2f, 0xfd,
    0x0c, 0x57, 0x36, 0x33, 0xfd, 0xda, 0xa7, 0xf8, 0x5f, 0xe4, 0x5d, 0x3f, 0x8d, 0x7a, 0x9e, 0xe5,
    0x45, 0x7f, 0x3b, 0x9f, 0x52, 0x14, 0x50, 0x06, 0x7e, 0xbd, 0xff, 0x00, 0x22, 0xee, 0xa7, 0xff,
    0x00, 0x5e, 0x92, 0xff, 0x00, 0xe8, 0x06, 0xbc, 0x36, 0xbf, 0x51, 0xe0, 0x0f, 0xf7, 0x6a, 0xdf,
    0xe2, 0x5f, 0x91, 0xe3, 0x66, 0x7f, 0x1c, 0x7d, 0x02, 0x8a, 0xfd, 0x00, 0xf3, 0x02, 0xb4, 0x34,
    0x1f, 0xf9, 0x18, 0xb4, 0xcf, 0xfa, 0xfb, 0x8b, 0xff, 0x00, 0x43, 0x15, 0xcd, 0x8c, 0xff, 0x00,
    0x76, 0xa9, 0xfe, 0x17, 0xf9, 0x17, 0x4f, 0xe3, 0x5e, 0xa7, 0xb9, 0x51, 0x5f, 0xce, 0xe7, 0xd4,
    0x85, 0x14, 0x01, 0x9f, 0xaf, 0x7f, 0xc8, 0xbb, 0xa9, 0xff, 0x00, 0xd7, 0xa4, 0xbf, 0xfa, 0x01,
    0xaf, 0x0d, 0xaf, 0xd4, 0x78, 0x03, 0xfd, 0xda, 0xb7, 0xf8, 0x97, 0xe4, 0x78, 0xd9, 0x9f, 0xc7,
    0x1f, 0x40, 0xa2, 0xbf, 0x40, 0x3c, 0xc0, 0xad, 0x0d, 0x07, 0xfe, 0x46, 0x2d, 0x33, 0xfe, 0xbe,
    0xe2, 0xff, 0x00, 0xd0, 0xc5, 0x73, 0x63, 0x3f, 0xdd, 0xaa, 0x7f, 0x85, 0xfe, 0x45, 0xd3, 0xf8,
    0xd7, 0xa9, 0xee, 0x54, 0x57, 0xf3, 0xb9, 0xf5, 0x21, 0x45, 0x00, 0x67, 0xeb, 0xdf, 0xf2, 0x2e,
    0xea, 0x7f, 0xf5, 0xe9, 0x2f, 0xfe, 0x80, 0x6b, 0xc3, 0x6b, 0xf5, 0x1e, 0x00, 0xff, 0x00, 0x76,
    0xad, 0xfe, 0x25, 0xf9, 0x1e, 0x36, 0x67, 0xf1, 0xc7, 0xd0, 0x28, 0xaf, 0xd0, 0x0f, 0x30, 0x2b,
    0x43, 0x41, 0xff, 0x00, 0x91, 0x8b, 0x4c, 0xff, 0x00, 0xaf, 0xb8, 0xbf, 0xf4, 0x31, 0x5c, 0xd8,
    0xcf, 0xf7, 0x6a, 0x9f, 0xe1, 0x7f, 0x91, 0x74, 0xfe, 0x35, 0xea, 0x7b, 0x95, 0x15, 0xfc, 0xee,
    0x7d, 0x48, 0x51, 0x40, 0x19, 0xfa, 0xf7, 0xfc, 0x8b, 0xba, 0x9f, 0xfd, 0x7a, 0x4b, 0xff, 0x00,
    0xa0, 0x1a, 0xf0, 0xda, 0xfd, 0x47, 0x80, 0x3f, 0xdd, 0xab, 0x7f, 0x89, 0x7e, 0x47, 0x8d, 0x99,
    0xfc, 0x71, 0xf4, 0x0a, 0x2b, 0xf4, 0x03, 0xcc, 0x0a, 0xd0, 0xd0, 0x7f, 0xe4, 0x62, 0xd3, 0x3f,
    0xeb, 0xee, 0x2f, 0xfd, 0x0c, 0x57, 0x36, 0x33, 0xfd, 0xda, 0xa7, 0xf8, 0x5f, 0xe4, 0x5d, 0x3f,
    0x8d, 0x7a, 0x9e, 0xe5, 0x45, 0x7f, 0x3b, 0x9f, 0x52, 0x14, 0x50, 0x06, 0x7e, 0xbd, 0xff, 0x00,
    0x22, 0xee, 0xa7, 0xff, 0x00, 0x5e, 0x92, 0xff, 0x00, 0xe8, 0x06, 0xbc, 0x36, 0xbf, 0x51, 0xe0,
    0x0f, 0xf7, 0x6a, 0xdf, 0xe2, 0x5f, 0x91, 0xe3, 0x66, 0x7f, 0x1c, 0x7d, 0x02, 0x8a, 0xfd, 0x00,
    0xf3, 0x02, 0xb4, 0x34, 0x1f, 0xf9, 0x18, 0xb4, 0xcf, 0xfa, 0xfb, 0x8b, 0xff, 0x00, 0x43, 0x15,
    0xcd, 0x8c, 0xff, 0x00, 0x76, 0xa9, 0xfe, 0x17, 0xf9, 0x17, 0x4f, 0xe3, 0x5e, 0xa7, 0xb9, 0x51,
    0x5f, 0xce, 0xe7, 0xd4, 0x85, 0x14, 0x01, 0x9f, 0xaf, 0x7f, 0xc8, 0xbb, 0xa9, 0xff, 0x00, 0xd7,
    0xa4, 0xbf, 0xfa, 0x01, 0xaf, 0x0d, 0xaf, 0xd4, 0x78, 0x03, 0xfd, 0xda, 0xb7, 0xf8, 0x97, 0xe4,
    0x78, 0xd9, 0x9f, 0xc7, 0x1f, 0x40, 0xa2, 0xbf, 0x40, 0x3c, 0xc0, 0xad, 0x0d, 0x07, 0xfe, 0x46,
    0x2d, 0x33, 0xfe, 0xbe, 0xe2, 0xff, 0x00, 0xd0, 0xc5, 0x73, 0x63, 0x3f, 0xdd, 0xaa, 0x7f, 0x85,
    0xfe, 0x45, 0xd3, 0xf8, 0xd7, 0xa9, 0xee, 0x54, 0x57, 0xf3, 0xb9, 0xf5, 0x21, 0x45, 0x00, 0x67,
    0xeb, 0xdf, 0xf2, 0x2e, 0xea, 0x7f, 0xf5, 0xe9, 0x2f, 0xfe, 0x80, 0x6b, 0xc3, 0x6b, 0xf5, 0x1e,
    0x00, 0xff, 0x00, 0x76, 0xad, 0xfe, 0x25, 0xf9, 0x1e, 0x36, 0x67, 0xf1, 0xc7, 0xd0, 0x28, 0xaf,
    0xd0, 0x0f, 0x30, 0x2b, 0x43, 0x41, 0xff, 0x00, 0x91, 0x8b, 0x4c, 0xff, 0x00, 0xaf, 0xb8, 0xbf,
    0xf4, 0x31, 0x5c, 0xd8, 0xcf, 0xf7, 0x6a, 0x9f, 0xe1, 0x7f, 0x91, 0x74, 0xfe, 0x35, 0xea, 0x7b,
    0x95, 0x15, 0xfc, 0xee, 0x7d, 0x48, 0x51, 0x40, 0x19, 0xfa, 0xf7, 0xfc, 0x8b, 0xba, 0x9f, 0xfd,
    0x7a, 0x4b, 0xff, 0x00, 0xa0, 0x1a, 0xf0, 0xda, 0xfd, 0x47, 0x80, 0x3f, 0xdd, 0xab, 0x7f, 0x89,
    0x7e, 0x47, 0x8d, 0x99, 0xfc, 0x71, 0xf4, 0x0a, 0x2b, 0xf4, 0x03, 0xcc, 0x3e, 0x82, 0xac, 0xfd,
    0x7b, 0xfe, 0x45, 0xdd, 0x4f, 0xfe, 0xbd, 0x25, 0xff, 0x00, 0xd0, 0x0d, 0x7f, 0x3b, 0xe0, 0xbf,
    0xde, 0x69, 0xff, 0x00, 0x89, 0x7e, 0x67, 0xd5, 0x54, 0xf8, 0x1f, 0xa1, 0xe1, 0xb4, 0x57, 0xf4,
    0x41, 0xf2, 0xa1, 0x45, 0x00, 0x68, 0x68, 0x3f, 0xf2, 0x31, 0x69, 0x9f, 0xf5, 0xf7, 0x17, 0xfe,
    0x86, 0x2b, 0xdc, 0xab, 0xf2, 0xde, 0x3f, 0xff, 0x00, 0x79, 0xa3, 0xfe, 0x17, 0xf9, 0x9e, 0xce,
    0x59, 0xf0, 0x4b, 0xd4, 0x28, 0xaf, 0x80, 0x3d, 0x30, 0xac, 0xfd, 0x7b, 0xfe, 0x45, 0xdd, 0x4f,
    0xfe, 0xbd, 0x25, 0xff, 0x00, 0xd0, 0x0d, 0x74, 0xe0, 0xbf, 0xde, 0x69, 0xff, 0x00, 0x89, 0x7e,
    0x64, 0xd4, 0xf8, 0x1f, 0xa1, 0xe1, 0xb4, 0x57, 0xf4, 0x41, 0xf2, 0xa1, 0x45, 0x00, 0x68, 0x68,
    0x3f, 0xf2, 0x31, 0x69, 0x9f, 0xf5, 0xf7, 0x17, 0xfe, 0x86, 0x2b, 0xdc, 0xab, 0xf2, 0xde, 0x3f,
    0xff, 0x00, 0x79, 0xa3, 0xfe, 0x17, 0xf9, 0x9e, 0xce, 0x59, 0xf0, 0x4b, 0xd4, 0x28, 0xaf, 0x80,
    0x3d, 0x30, 0xac, 0xfd, 0x7b, 0xfe, 0x45, 0xdd, 0x4f, 0xfe, 0xbd, 0x25, 0xff, 0x00, 0xd0, 0x0d,
    0x74, 0xe0, 0xbf, 0xde, 0x69, 0xff, 0x00, 0x89, 0x7e, 0x64, 0xd4, 0xf8, 0x1f, 0xa1, 0xe1, 0xb4,
    0x57, 0xf4, 0x41, 0xf2, 0xa1, 0x45, 0x00, 0x68, 0x68, 0x3f, 0xf2, 0x31, 0x69, 0x9f, 0xf5, 0xf7,
    0x17, 0xfe, 0x86, 0x2b, 0xdc, 0xab, 0xf2, 0xde, 0x3f, 0xff, 0x00, 0x79, 0xa3, 0xfe, 0x17, 0xf9,
    0x9e, 0xce, 0x59, 0xf0, 0x4b, 0xd4, 0x28, 0xaf, 0x80, 0x3d, 0x30, 0xac, 0xfd, 0x7b, 0xfe, 0x45,
    0xdd, 0x4f, 0xfe, 0xbd, 0x25, 0xff, 0x00, 0xd0, 0x0d, 0x74, 0xe0, 0xbf, 0xde, 0x69, 0xff, 0x00,
    0x89, 0x7e, 0x64, 0xd4, 0xf8, 0x1f, 0xa1, 0xe1, 0xb4, 0x57, 0xf4, 0x41, 0xf2, 0xa1, 0x45, 0x00,
    0x68, 0x68, 0x3f, 0xf2, 0x31, 0x69, 0x9f, 0xf5, 0xf7, 0x17, 0xfe, 0x86, 0x2b, 0xdc, 0xab, 0xf2,
    0xde, 0x3f, 0xff, 0x00, 0x79, 0xa3, 0xfe, 0x17, 0xf9, 0x9e, 0xce, 0x59, 0xf0, 0x4b, 0xd4, 0x28,
    0xaf, 0x80, 0x3d, 0x30, 0xac, 0xfd, 0x7b, 0xfe, 0x45, 0xdd, 0x4f, 0xfe, 0xbd, 0x25, 0xff, 0x00,
    0xd0, 0x0d, 0x74, 0xe0, 0xbf, 0xde, 0x69, 0xff, 0x00, 0x89, 0x7e, 0x64, 0xd4, 0xf8, 0x1f, 0xa1,
    0xe1, 0xb4, 0x57, 0xf4, 0x41, 0xf2, 0xa1, 0x45, 0x00, 0x68, 0x68, 0x3f, 0xf2, 0x31, 0x69, 0x9f,
    0xf5, 0xf7, 0x17, 0xfe, 0x86, 0x2b, 0xdc, 0xab, 0xf2, 0xde, 0x3f, 0xff, 0x00, 0x79, 0xa3, 0xfe,
    0x17, 0xf9, 0x9e, 0xce, 0x59, 0xf0, 0x4b, 0xd4, 0x28, 0xaf, 0x80, 0x3d, 0x30, 0xac, 0xfd, 0x7b,
    0xfe, 0x45, 0xdd, 0x4f, 0xfe, 0xbd, 0x25, 0xff, 0x00, 0xd0, 0x0d, 0x74, 0xe0, 0xbf, 0xde, 0x69,
    0xff, 0x00, 0x89, 0x7e, 0x64, 0xd4, 0xf8, 0x1f, 0xa1, 0xe1, 0xb4, 0x57, 0xf4, 0x41, 0xf2, 0xa1,
    0x45, 0x00, 0x68, 0x68, 0x3f, 0xf2, 0x31, 0x69, 0x9f, 0xf5, 0xf7, 0x17, 0xfe, 0x86, 0x2b, 0xdc,
    0xab, 0xf2, 0xde, 0x3f, 0xff, 0x00, 0x79, 0xa3, 0xfe, 0x17, 0xf9, 0x9e, 0xce, 0x59, 0xf0, 0x4b,
    0xd4, 0x28, 0xaf, 0x80, 0x3d, 0x30, 0xac, 0xfd, 0x7b, 0xfe, 0x45, 0xdd, 0x4f, 0xfe, 0xbd, 0x25,
    0xff, 0x00, 0xd0, 0x0d, 0x74, 0xe0, 0xbf, 0xde, 0x69, 0xff, 0x00, 0x89, 0x7e, 0x64, 0xd4, 0xf8,
    0x1f, 0xa1, 0xe1, 0xb4, 0x57, 0xf4, 0x41, 0xf2, 0xa1, 0x45, 0x00, 0x68, 0x68, 0x3f, 0xf2, 0x31,
    0x69, 0x9f, 0xf5, 0xf7, 0x17, 0xfe, 0x86, 0x2b, 0xdc, 0xab, 0xf2, 0xde, 0x3f, 0xff, 0x00, 0x79,
    0xa3, 0xfe, 0x17, 0xf9, 0x9e, 0xce, 0x59, 0xf0, 0x4b, 0xd4, 0x28, 0xaf, 0x80, 0x3d, 0x30, 0xac,
    0xfd, 0x7b, 0xfe, 0x45, 0xdd, 0x4f, 0xfe, 0xbd, 0x25, 0xff, 0x00, 0xd0, 0x0d, 0x74, 0xe0, 0xbf,
    0xde, 0x69, 0xff, 0x00, 0x89, 0x7e, 0x64, 0xd4, 0xf8, 0x1f, 0xa1, 0xe1, 0xb4, 0x57, 0xf4, 0x41,
    0xf2, 0xa1, 0x45, 0x00, 0x68, 0x68, 0x3f, 0xf2, 0x31, 0x69, 0x9f, 0xf5, 0xf7, 0x17, 0xfe, 0x86,
    0x2b, 0xdc, 0xab, 0xf2, 0xde, 0x3f, 0xff, 0x00, 0x79, 0xa3, 0xfe, 0x17, 0xf9, 0x9e, 0xce, 0x59,
    0xf0, 0x4b, 0xd4, 0x28, 0xaf, 0x80, 0x3d, 0x30, 0xac, 0xfd, 0x7b, 0xfe, 0x45, 0xdd, 0x4f, 0xfe,
    0xbd, 0x25, 0xff, 0x00, 0xd0, 0x0d, 0x74, 0xe0, 0xbf, 0xde, 0x69, 0xff, 0x00, 0x89, 0x7e, 0x64,
    0xd4, 0xf8, 0x1f, 0xa1, 0xe1, 0xb4, 0x57, 0xf4, 0x41, 0xf2, 0xa1, 0x45, 0x00, 0x68, 0x68, 0x3f,
    0xf2, 0x31, 0x69, 0x9f, 0xf5, 0xf7, 0x17, 0xfe, 0x86, 0x2b, 0xdc, 0xab, 0xf2, 0xde, 0x3f, 0xff,
    0x00, 0x79, 0xa3, 0xfe, 0x17, 0xf9, 0x9e, 0xce, 0x59, 0xf0, 0x4b, 0xd4, 0x28, 0xaf, 0x80, 0x3d,
    0x30, 0xac, 0xfd, 0x7b, 0xfe, 0x45, 0xdd, 0x4f, 0xfe, 0xbd, 0x25, 0xff, 0x00, 0xd0, 0x0d, 0x74,
    0xe0, 0xbf, 0xde, 0x69, 0xff, 0x00, 0x89, 0x7e, 0x64, 0xd4, 0xf8, 0x1f, 0xa1, 0xe1, 0xb4, 0x57,
    0xf4, 0x41, 0xf2, 0xa1, 0x45, 0x00, 0x68, 0x68, 0x3f, 0xf2, 0x31, 0x69, 0x9f, 0xf5, 0xf7, 0x17,
    0xfe, 0x86, 0x2b, 0xdc, 0xab, 0xf2, 0xde, 0x3f, 0xff, 0x00, 0x79, 0xa3, 0xfe, 0x17, 0xf9, 0x9e,
    0xce, 0x59, 0xf0, 0x4b, 0xd4, 0x28, 0xaf, 0x80, 0x3d, 0x30, 0xac, 0xfd, 0x7b, 0xfe, 0x45, 0xdd,
    0x4f, 0xfe, 0xbd, 0x25, 0xff, 0x00, 0xd0, 0x0d, 0x74, 0xe0, 0xbf, 0xde, 0x69, 0xff, 0x00, 0x89,
    0x7e, 0x64, 0xd4, 0xf8, 0x1f, 0xa1, 0xe1, 0xb4, 0x57, 0xf4, 0x41, 0xf2, 0xa1, 0x45, 0x00, 0x68,
    0x68, 0x3f, 0xf2, 0x31, 0x69, 0x9f, 0xf5, 0xf7, 0x17, 0xfe, 0x86, 0x2b, 0xdc, 0xab, 0xf2, 0xde,
    0x3f, 0xff, 0x00, 0x79, 0xa3, 0xfe, 0x17, 0xf9, 0x9e, 0xce, 0x59, 0xf0, 0x4b, 0xd4, 0x28, 0xaf,
    0x80, 0x3d, 0x30, 0xac, 0xfd, 0x7b, 0xfe, 0x45, 0xdd, 0x4f, 0xfe, 0xbd, 0x25, 0xff, 0x00, 0xd0,
    0x0d, 0x74, 0xe0, 0xbf, 0xde, 0x69, 0xff, 0x00, 0x89, 0x7e, 0x64, 0xd4, 0xf8, 0x1f, 0xa1, 0xe1,
    0xb4, 0x57, 0xf4, 0x41, 0xf2, 0xa1, 0x45, 0x00, 0x68, 0x68, 0x3f, 0xf2, 0x31, 0x69, 0x9f, 0xf5,
    0xf7, 0x17, 0xfe, 0x86, 0x2b, 0xdc, 0xab, 0xf2, 0xde, 0x3f, 0xff, 0x00, 0x79, 0xa3, 0xfe, 0x17,
    0xf9, 0x9e, 0xce, 0x59, 0xf0, 0x4b, 0xd4, 0x28, 0xaf, 0x80, 0x3d, 0x30, 0xac, 0xfd, 0x7b, 0xfe,
    0x45, 0xdd, 0x4f, 0xfe, 0xbd, 0x25, 0xff, 0x00, 0xd0, 0x0d, 0x74, 0xe0, 0xbf, 0xde, 0x69, 0xff,
    0x00, 0x89, 0x7e, 0x64, 0xd4, 0xf8, 0x1f, 0xa1, 0xe1, 0xb4, 0x57, 0xf4, 0x41, 0xf2, 0xa1, 0x45,
    0x00, 0x68, 0x68, 0x3f, 0xf2, 0x31, 0x69, 0x9f, 0xf5, 0xf7, 0x17, 0xfe, 0x86, 0x2b, 0xdc, 0xab,
    0xf2, 0xde, 0x3f, 0xff, 0x00, 0x79, 0xa3, 0xfe, 0x17, 0xf9, 0x9e, 0xce, 0x59, 0xf0, 0x4b, 0xd4,
    0x28, 0xaf, 0x80, 0x3d, 0x30, 0xac, 0xfd, 0x7b, 0xfe, 0x45, 0xdd, 0x4f, 0xfe, 0xbd, 0x25, 0xff,
    0x00, 0xd0, 0x0d, 0x74, 0xe0, 0xbf, 0xde, 0x69, 0xff, 0x00, 0x89, 0x7e, 0x64, 0xd4, 0xf8, 0x1f,
    0xa1, 0xe1, 0xb4, 0x57, 0xf4, 0x41, 0xf2, 0xa1, 0x45, 0x00, 0x68, 0x68, 0x3f, 0xf2, 0x31, 0x69,
    0x9f, 0xf5, 0xf7, 0x17, 0xfe, 0x86, 0x2b, 0xdc, 0xab, 0xf2, 0xde, 0x3f, 0xff, 0x00, 0x79, 0xa3,
    0xfe, 0x17, 0xf9, 0x9e, 0xce, 0x59, 0xf0, 0x4b, 0xd4, 0x28, 0xaf, 0x80, 0x3d, 0x30, 0xac, 0xfd,
    0x7b, 0xfe, 0x45, 0xdd, 0x4f, 0xfe, 0xbd, 0x25, 0xff, 0x00, 0xd0, 0x0d, 0x74, 0xe0, 0xbf, 0xde,
    0x69, 0xff, 0x00, 0x89, 0x7e, 0x64, 0xd4, 0xf8, 0x1f, 0xa1, 0xe1, 0xb4, 0x57, 0xf4, 0x41, 0xf2,
    0xa1, 0x45, 0x00, 0x68, 0x68, 0x3f, 0xf2, 0x31, 0x69, 0x9f, 0xf5, 0xf7, 0x17, 0xfe, 0x86, 0x2b,
    0xdc, 0xab, 0xf2, 0xde, 0x3f, 0xff, 0x00, 0x79, 0xa3, 0xfe, 0x17, 0xf9, 0x9e, 0xce, 0x59, 0xf0,
    0x4b, 0xd4, 0x28, 0xaf, 0x80, 0x3d, 0x30, 0xac, 0xfd, 0x7b, 0xfe, 0x45, 0xdd, 0x4f, 0xfe, 0xbd,
    0x25, 0xff, 0x00, 0xd0, 0x0d, 0x74, 0xe0, 0xbf, 0xde, 0x69, 0xff, 0x00, 0x89, 0x7e, 0x64, 0xd4,
    0xf8, 0x1f, 0xa1, 0xe1, 0xb4, 0x57, 0xf4, 0x41, 0xf2, 0xa1, 0x45, 0x00, 0x68, 0x68, 0x3f, 0xf2,
    0x31, 0x69, 0x9f, 0xf5, 0xf7, 0x17, 0xfe, 0x86, 0x2b, 0xdc, 0xab, 0xf2, 0xde, 0x3f, 0xff, 0x00,
    0x79, 0xa3, 0xfe, 0x17, 0xf9, 0x9e, 0xce, 0x59, 0xf0, 0x4b, 0xd4, 0x28, 0xaf, 0x80, 0x3d, 0x30,
    0xac, 0xfd, 0x7b, 0xfe, 0x45, 0xdd, 0x4f, 0xfe, 0xbd, 0x25, 0xff, 0x00, 0xd0, 0x0d, 0x74, 0xe0,
    0xbf, 0xde, 0x69, 0xff, 0x00, 0x89, 0x7e, 0x64, 0xd4, 0xf8, 0x1f, 0xa1, 0xe1, 0xb4, 0x57, 0xf4,
    0x41, 0xf2, 0xa1, 0x45, 0x00, 0x68, 0x68, 0x3f, 0xf2, 0x31, 0x69, 0x9f, 0xf5, 0xf7, 0x17, 0xfe,
    0x86, 0x2b, 0xdc, 0xab, 0xf2, 0xde, 0x3f, 0xff, 0x00, 0x79, 0xa3, 0xfe, 0x17, 0xf9, 0x9e, 0xce,
    0x59, 0xf0, 0x4b, 0xd4, 0x28, 0xaf, 0x80, 0x3d, 0x30, 0xac, 0xfd, 0x7b, 0xfe, 0x45, 0xdd, 0x4f,
    0xfe, 0xbd, 0x25, 0xff, 0x00, 0xd0, 0x0d, 0x74, 0xe0, 0xbf, 0xde, 0x69, 0xff, 0x00, 0x89, 0x7e,
    0x64, 0xd4, 0xf8, 0x1f, 0xa1, 0xe1, 0xb4, 0x57, 0xf4, 0x41, 0xf2, 0xa1, 0x45, 0x00, 0x68, 0x68,
    0x3f, 0xf2, 0x31, 0x69, 0x9f, 0xf5, 0xf7, 0x17, 0xfe, 0x86, 0x2b, 0xdc, 0xab, 0xf2, 0xde, 0x3f,
    0xff, 0x00, 0x79, 0xa3, 0xfe, 0x17, 0xf9, 0x9e, 0xce, 0x59, 0xf0, 0x4b, 0xd4, 0x28, 0xaf, 0x80,
    0x3d, 0x30, 0xac, 0xfd, 0x7b, 0xfe, 0x45, 0xdd, 0x4f, 0xfe, 0xbd, 0x25, 0xff, 0x00, 0xd0, 0x0d,
    0x74, 0xe0, 0xbf, 0xde, 0x69, 0xff, 0x00, 0x89, 0x7e, 0x64, 0xd4, 0xf8, 0x1f, 0xa1, 0xe1, 0xb4,
    0x57, 0xf4, 0x41, 0xf2, 0xa1, 0x45, 0x00, 0x68, 0x68, 0x3f, 0xf2, 0x31, 0x69, 0x9f, 0xf5, 0xf7,
    0x17, 0xfe, 0x86, 0x2b, 0xdc, 0xab, 0xf2, 0xde, 0x3f, 0xff, 0x00, 0x79, 0xa3, 0xfe, 0x17, 0xf9,
    0x9e, 0xce, 0x59, 0xf0, 0x4b, 0xd4, 0x28, 0xaf, 0x80, 0x3d, 0x30, 0xac, 0xfd, 0x7b, 0xfe, 0x45,
    0xdd, 0x4f, 0xfe, 0xbd, 0x25, 0xff, 0x00, 0xd0, 0x0d, 0x74, 0xe0, 0xbf, 0xde, 0x69, 0xff, 0x00,
    0x89, 0x7e, 0x64, 0xd4, 0xf8, 0x1f, 0xa1, 0xe1, 0xb4, 0x57, 0xf4, 0x41, 0xf2, 0xa1, 0x45, 0x00,
    0x68, 0x68, 0x3f, 0xf2, 0x31, 0x69, 0x9f, 0xf5, 0xf7, 0x17, 0xfe, 0x86, 0x2b, 0xdc, 0xab, 0xf2,
    0xde, 0x3f, 0xff, 0x00, 0x79, 0xa3, 0xfe, 0x17, 0xf9, 0x9e, 0xce, 0x59, 0xf0, 0x4b, 0xd4, 0x28,
    0xaf, 0x80, 0x3d, 0x33, 0xe7, 0xda, 0xd0, 0xd0, 0x7f, 0xe4, 0x62, 0xd3, 0x3f, 0xeb, 0xee, 0x2f,
    0xfd, 0x0c, 0x57, 0xf4, 0x46, 0x33, 0xfd, 0xda, 0xa7, 0xf8, 0x5f, 0xe4, 0x7c, 0xb5, 0x3f, 0x8d,
    0x7a, 0x9e, 0xe5, 0x45, 0x7f, 0x3b, 0x9f, 0x52, 0x14, 0x50, 0x06, 0x7e, 0xbd, 0xff, 0x00, 0x22,
    0xee, 0xa7, 0xff, 0x00, 0x5e, 0x92, 0xff, 0x00, 0xe8, 0x06, 0xbc, 0x36, 0xbf, 0x51, 0xe0, 0x0f,
    0xf7, 0x6a, 0xdf, 0xe2, 0x5f, 0x91, 0xe3, 0x66, 0x7f, 0x1c, 0x7d, 0x02, 0x8a, 0xfd, 0x00, 0xf3,
    0x02, 0xb4, 0x34, 0x1f, 0xf9, 0x18, 0xb4, 0xcf, 0xfa, 0xfb, 0x8b, 0xff, 0x00, 0x43, 0x15, 0xcd,
    0x8c, 0xff, 0x00, 0x76, 0xa9, 0xfe, 0x17, 0xf9, 0x17, 0x4f, 0xe3, 0x5e, 0xa7, 0xb9, 0x51, 0x5f,
    0xce, 0xe7, 0xd4, 0x85, 0x14, 0x01, 0x9f, 0xaf, 0x7f, 0xc8, 0xbb, 0xa9, 0xff, 0x00, 0xd7, 0xa4,
    0xbf, 0xfa, 0x01, 0xaf, 0x0d, 0xaf, 0xd4, 0x78, 0x03, 0xfd, 0xda, 0xb7, 0xf8, 0x97, 0xe4, 0x78,
    0xd9, 0x9f, 0xc7, 0x1f, 0x40, 0xa2, 0xbf, 0x40, 0x3c, 0xc0, 0xad, 0x0d, 0x07, 0xfe, 0x46, 0x2d,
    0x33, 0xfe, 0xbe, 0xe2, 0xff, 0x00, 0xd0, 0xc5, 0x73, 0x63, 0x3f, 0xdd, 0xaa, 0x7f, 0x85, 0xfe,
    0x45, 0xd3, 0xf8, 0xd7, 0xa9, 0xee, 0x54, 0x57, 0xf3, 0xb9, 0xf5, 0x21, 0x45, 0x00, 0x67, 0xeb,
    0xdf, 0xf2, 0x2e, 0xea, 0x7f, 0xf5, 0xe9, 0x2f, 0xfe, 0x80, 0x6b, 0xc3, 0x6b, 0xf5, 0x1e, 0x00,
    0xff, 0x00, 0x76, 0xad, 0xfe, 0x25, 0xf9, 0x1e, 0x36, 0x67, 0xf1, 0xc7, 0xd0, 0x28, 0xaf, 0xd0,
    0x0f, 0x30, 0x2b, 0x43, 0x41, 0xff, 0x00, 0x91, 0x8b, 0x4c, 0xff, 0x00, 0xaf, 0xb8, 0xbf, 0xf4,
    0x31, 0x5c, 0xd8, 0xcf, 0xf7, 0x6a, 0x9f, 0xe1, 0x7f, 0x91, 0x74, 0xfe, 0x35, 0xea, 0x7b, 0x95,
    0x15, 0xfc, 0xee, 0x7d, 0x48, 0x51, 0x40, 0x19, 0xfa, 0xf7, 0xfc, 0x8b, 0xba, 0x9f, 0xfd, 0x7a,
    0x4b, 0xff, 0x00, 0xa0, 0x1a, 0xf0, 0xda, 0xfd, 0x47, 0x80, 0x3f, 0xdd, 0xab, 0x7f, 0x89, 0x7e,
    0x47, 0x8d, 0x99, 0xfc, 0x71, 0xf4, 0x0a, 0x2b, 0xf4, 0x03, 0xcc, 0x0a, 0xd0, 0xd0, 0x7f, 0xe4,
    0x62, 0xd3, 0x3f, 0xeb, 0xee, 0x2f, 0xfd, 0x0c, 0x57, 0x36, 0x33, 0xfd, 0xda, 0xa7, 0xf8, 0x5f,
    0xe4, 0x5d, 0x3f, 0x8d, 0x7a, 0x9e, 0xe5, 0x45, 0x7f, 0x3b, 0x9f, 0x52, 0x14, 0x50, 0x06, 0x7e,
    0xbd, 0xff, 0x00, 0x22, 0xee, 0xa7, 0xff, 0x00, 0x5e, 0x92, 0xff, 0x00, 0xe8, 0x06, 0xbc, 0x36,
    0xbf, 0x51, 0xe0, 0x0f, 0xf7, 0x6a, 0xdf, 0xe2, 0x5f, 0x91, 0xe3, 0x66, 0x7f, 0x1c, 0x7d, 0x02,
    0x8a, 0xfd, 0x00, 0xf3, 0x02, 0xb4, 0x34, 0x1f, 0xf9, 0x18, 0xb4, 0xcf, 0xfa, 0xfb, 0x8b, 0xff,
    0x00, 0x43, 0x15, 0xcd, 0x8c, 0xff, 0x00, 0x76, 0xa9, 0xfe, 0x17, 0xf9, 0x17, 0x4f, 0xe3, 0x5e,
    0xa7, 0xb9, 0x51, 0x5f, 0xce, 0xe7, 0xd4, 0x85, 0x14, 0x01, 0x9f, 0xaf, 0x7f, 0xc8, 0xbb, 0xa9,
    0xff, 0x00, 0xd7, 0xa4, 0xbf, 0xfa, 0x01, 0xaf, 0x0d, 0xaf, 0xd4, 0x78, 0x03, 0xfd, 0xda, 0xb7,
    0xf8, 0x97, 0xe4, 0x78, 0xd9, 0x9f, 0xc7, 0x1f, 0x40, 0xa2, 0xbf, 0x40, 0x3c, 0xc0, 0xad, 0x0d,
    0x07, 0xfe, 0x46, 0x2d, 0x33, 0xfe, 0xbe, 0xe2, 0xff, 0x00, 0xd0, 0xc5, 0x73, 0x63, 0x3f, 0xdd,
    0xaa, 0x7f, 0x85, 0xfe, 0x45, 0xd3, 0xf8, 0xd7, 0xa9, 0xee, 0x54, 0x57, 0xf3, 0xb9, 0xf5, 0x21,
    0x45, 0x00, 0x67, 0xeb, 0xdf, 0xf2, 0x2e, 0xea, 0x7f, 0xf5, 0xe9, 0x2f, 0xfe, 0x80, 0x6b, 0xc3,
    0x6b, 0xf5, 0x1e, 0x00, 0xff, 0x00, 0x76, 0xad, 0xfe, 0x25, 0xf9, 0x1e, 0x36, 0x67, 0xf1, 0xc7,
    0xd0, 0x28, 0xaf, 0xd0, 0x0f, 0x30, 0x2b, 0x43, 0x41, 0xff, 0x00, 0x91, 0x8b, 0x4c, 0xff, 0x00,
    0xaf, 0xb8, 0xbf, 0xf4, 0x31, 0x5c, 0xd8, 0xcf, 0xf7, 0x6a, 0x9f, 0xe1, 0x7f, 0x91, 0x74, 0xfe,
    0x35, 0xea, 0x7b, 0x95, 0x15, 0xfc, 0xee, 0x7d, 0x48, 0x51, 0x40, 0x19, 0xfa, 0xf7, 0xfc, 0x8b,
    0xba, 0x9f, 0xfd, 0x7a, 0x4b, 0xff, 0x00, 0xa0, 0x1a, 0xf0, 0xda, 0xfd, 0x47, 0x80, 0x3f, 0xdd,
    0xab, 0x7f, 0x89, 0x7e, 0x47, 0x8d, 0x99, 0xfc, 0x71, 0xf4, 0x0a, 0x2b, 0xf4, 0x03, 0xcc, 0x0a,
    0xd0, 0xd0, 0x7f, 0xe4, 0x62, 0xd3, 0x3f, 0xeb, 0xee, 0x2f, 0xfd, 0x0c, 0x57, 0x36, 0x33, 0xfd,
    0xda, 0xa7, 0xf8, 0x5f, 0xe4, 0x5d, 0x3f, 0x8d, 0x7a, 0x9e, 0xe5, 0x45, 0x7f, 0x3b, 0x9f, 0x52,
    0x14, 0x50, 0x06, 0x7e, 0xbd, 0xff, 0x00, 0x22, 0xee, 0xa7, 0xff, 0x00, 0x5e, 0x92, 0xff, 0x00,
    0xe8, 0x06, 0xbc, 0x36, 0xbf, 0x51, 0xe0, 0x0f, 0xf7, 0x6a, 0xdf, 0xe2, 0x5f, 0x91, 0xe3, 0x66,
    0x7f, 0x1c, 0x7d, 0x02, 0x8a, 0xfd, 0x00, 0xf3, 0x02, 0xb4, 0x34, 0x1f, 0xf9, 0x18, 0xb4, 0xcf,
    0xfa, 0xfb, 0x8b, 0xff, 0x00, 0x43, 0x15, 0xcd, 0x8c, 0xff, 0x00, 0x76, 0xa9, 0xfe, 0x17, 0xf9,
    0x17, 0x4f, 0xe3, 0x5e, 0xa7, 0xb9, 0x51, 0x5f, 0xce, 0xe7, 0xd4, 0x85, 0x14, 0x01, 0x9f, 0xaf,
    0x7f, 0xc8, 0xbb, 0xa9, 0xff, 0x00, 0xd7, 0xa4, 0xbf, 0xfa, 0x01, 0xaf, 0x0d, 0xaf, 0xd4, 0x78,
    0x03, 0xfd, 0xda, 0xb7, 0xf8, 0x97, 0xe4, 0x78, 0xd9, 0x9f, 0xc7, 0x1f, 0x40, 0xa2, 0xbf, 0x40,
    0x3c, 0xc0, 0xad, 0x0d, 0x07, 0xfe, 0x46, 0x2d, 0x33, 0xfe, 0xbe, 0xe2, 0xff, 0x00, 0xd0, 0xc5,
    0x73, 0x63, 0x3f, 0xdd, 0xaa, 0x7f, 0x85, 0xfe, 0x45, 0xd3, 0xf8, 0xd7, 0xa9, 0xee, 0x54, 0x57,
    0xf3, 0xb9, 0xf5, 0x21, 0x45, 0x00, 0x67, 0xeb, 0xdf, 0xf2, 0x2e, 0xea, 0x7f, 0xf5, 0xe9, 0x2f,
    0xfe, 0x80, 0x6b, 0xc3, 0x6b, 0xf5, 0x1e, 0x00, 0xff, 0x00, 0x76, 0xad, 0xfe, 0x25, 0xf9, 0x1e,
    0x36, 0x67, 0xf1, 0xc7, 0xd0, 0x28, 0xaf, 0xd0, 0x0f, 0x30, 0x2b, 0x43, 0x41, 0xff, 0x00, 0x91,
    0x8b, 0x4c, 0xff, 0x00, 0xaf, 0xb8, 0xbf, 0xf4, 0x31, 0x5c, 0xd8, 0xcf, 0xf7, 0x6a, 0x9f, 0xe1,
    0x7f, 0x91, 0x74, 0xfe, 0x35, 0xea, 0x7b, 0x95, 0x15, 0xfc, 0xee, 0x7d, 0x48, 0x51, 0x40, 0x19,
    0xfa, 0xf7, 0xfc, 0x8b, 0xba, 0x9f, 0xfd, 0x7a, 0x4b, 0xff, 0x00, 0xa0, 0x1a, 0xf0, 0xda, 0xfd,
    0x47, 0x80, 0x3f, 0xdd, 0xab, 0x7f, 0x89, 0x7e, 0x47, 0x8d, 0x99, 0xfc, 0x71, 0xf4, 0x0a, 0x2b,
    0xf4, 0x03, 0xcc, 0x0a, 0xd0, 0xd0, 0x7f, 0xe4, 0x62, 0xd3, 0x3f, 0xeb, 0xee, 0x2f, 0xfd, 0x0c,
    0x57, 0x36, 0x33, 0xfd, 0xda, 0xa7, 0xf8, 0x5f, 0xe4, 0x5d, 0x3f, 0x8d, 0x7a, 0x9e, 0xe5, 0x45,
    0x7f, 0x3b, 0x9f, 0x52, 0x14, 0x50, 0x06, 0x7e, 0xbd, 0xff, 0x00, 0x22, 0xee, 0xa7, 0xff, 0x00,
    0x5e, 0x92, 0xff, 0x00, 0xe8, 0x06, 0xbc, 0x36, 0xbf, 0x51, 0xe0, 0x0f, 0xf7, 0x6a, 0xdf, 0xe2,
    0x5f, 0x91, 0xe3, 0x66, 0x7f, 0x1c, 0x7d, 0x02, 0x8a, 0xfd, 0x00, 0xf3, 0x02, 0xb4, 0x34, 0x1f,
    0xf9, 0x18, 0xb4, 0xcf, 0xfa, 0xfb, 0x8b, 0xff, 0x00, 0x43, 0x15, 0xcd, 0x8c, 0xff, 0x00, 0x76,
    0xa9, 0xfe, 0x17, 0xf9, 0x17, 0x4f, 0xe3, 0x5e, 0xa7, 0xb9, 0x51, 0x5f, 0xce, 0xe7, 0xd4, 0x85,
    0x14, 0x01, 0x9f, 0xaf, 0x7f, 0xc8, 0xbb, 0xa9, 0xff, 0x00, 0xd7, 0xa4, 0xbf, 0xfa, 0x01, 0xaf,
    0x0d, 0xaf, 0xd4, 0x78, 0x03, 0xfd, 0xda, 0xb7, 0xf8, 0x97, 0xe4, 0x78, 0xd9, 0x9f, 0xc7, 0x1f,
    0x40, 0xa2, 0xbf, 0x40, 0x3c, 0xc0, 0xad, 0x0d, 0x07, 0xfe, 0x46, 0x2d, 0x33, 0xfe, 0xbe, 0xe2,
    0xff, 0x00, 0xd0, 0xc5, 0x73, 0x63, 0x3f, 0xdd, 0xaa, 0x7f, 0x85, 0xfe, 0x45, 0xd3, 0xf8, 0xd7,
    0xa9, 0xee, 0x54, 0x57, 0xf3, 0xb9, 0xf5, 0x21, 0x45, 0x00, 0x67, 0xeb, 0xdf, 0xf2, 0x2e, 0xea,
    0x7f, 0xf5, 0xe9, 0x2f, 0xfe, 0x80, 0x6b, 0xc3, 0x6b, 0xf5, 0x1e, 0x00, 0xff, 0x00, 0x76, 0xad,
    0xfe, 0x25, 0xf9, 0x1e, 0x36, 0x67, 0xf1, 0xc7, 0xd0, 0x28, 0xaf, 0xd0, 0x0f, 0x30, 0x2b, 0x43,
    0x41, 0xff, 0x00, 0x91, 0x8b, 0x4c, 0xff, 0x00, 0xaf, 0xb8, 0xbf, 0xf4, 0x31, 0x5c, 0xd8, 0xcf,
    0xf7, 0x6a, 0x9f, 0xe1, 0x7f, 0x91, 0x74, 0xfe, 0x35, 0xea, 0x7b, 0x95, 0x15, 0xfc, 0xee, 0x7d,
    0x48, 0x51, 0x40, 0x19, 0xfa, 0xf7, 0xfc, 0x8b, 0xba, 0x9f, 0xfd, 0x7a, 0x4b, 0xff, 0x00, 0xa0,
    0x1a, 0xf0, 0xda, 0xfd, 0x47, 0x80, 0x3f, 0xdd, 0xab, 0x7f, 0x89, 0x7e, 0x47, 0x8d, 0x99, 0xfc,
    0x71, 0xf4, 0x0a, 0x2b, 0xf4, 0x03, 0xcc, 0x0a, 0xd0, 0xd0, 0x7f, 0xe4, 0x62, 0xd3, 0x3f, 0xeb,
    0xee, 0x2f, 0xfd, 0x0c, 0x57, 0x36, 0x33, 0xfd, 0xda, 0xa7, 0xf8, 0x5f, 0xe4, 0x5d, 0x3f, 0x8d,
    0x7a, 0x9e, 0xe5, 0x45, 0x7f, 0x3b, 0x9f, 0x52, 0x14, 0x50, 0x06, 0x7e, 0xbd, 0xff, 0x00, 0x22,
    0xee, 0xa7, 0xff, 0x00, 0x5e, 0x92, 0xff, 0x00, 0xe8, 0x06, 0xbc, 0x36, 0xbf, 0x51, 0xe0, 0x0f,
    0xf7, 0x6a, 0xdf, 0xe2, 0x5f, 0x91, 0xe3, 0x66, 0x7f, 0x1c, 0x7d, 0x02, 0x8a, 0xfd, 0x00, 0xf3,
    0x02, 0xb4, 0x34, 0x1f, 0xf9, 0x18, 0xb4, 0xcf, 0xfa, 0xfb, 0x8b, 0xff, 0x00, 0x43, 0x15, 0xcd,
    0x8c, 0xff, 0x00, 0x76, 0xa9, 0xfe, 0x17, 0xf9, 0x17, 0x4f, 0xe3, 0x5e, 0xa7, 0xb9, 0x51, 0x5f,
    0xce, 0xe7, 0xd4, 0x85, 0x14, 0x01, 0x9f, 0xaf, 0x7f, 0xc8, 0xbb, 0xa9, 0xff, 0x00, 0xd7, 0xa4,
    0xbf, 0xfa, 0x01, 0xaf, 0x0d, 0xaf, 0xd4, 0x78, 0x03, 0xfd, 0xda, 0xb7, 0xf8, 0x97, 0xe4, 0x78,
    0xd9, 0x9f, 0xc7, 0x1f, 0x40, 0xa2, 0xbf, 0x40, 0x3c, 0xc0, 0xad, 0x0d, 0x07, 0xfe, 0x46, 0x2d,
    0x33, 0xfe, 0xbe, 0xe2, 0xff, 0x00, 0xd0, 0xc5, 0x73, 0x63, 0x3f, 0xdd, 0xaa, 0x7f, 0x85, 0xfe,
    0x45, 0xd3, 0xf8, 0xd7, 0xa9, 0xee, 0x54, 0x57, 0xf3, 0xb9, 0xf5, 0x21, 0x45, 0x00, 0x67, 0xeb,
    0xdf, 0xf2, 0x2e, 0xea, 0x7f, 0xf5, 0xe9, 0x2f, 0xfe, 0x80, 0x6b, 0xc3, 0x6b, 0xf5, 0x1e, 0x00,
    0xff, 0x00, 0x76, 0xad, 0xfe, 0x25, 0xf9, 0x1e, 0x36, 0x67, 0xf1, 0xc7, 0xd0, 0x28, 0xaf, 0xd0,
    0x0f, 0x30, 0x2b, 0x43, 0x41, 0xff, 0x00, 0x91, 0x8b, 0x4c, 0xff, 0x00, 0xaf, 0xb8, 0xbf, 0xf4,
    0x31, 0x5c, 0xd8, 0xcf, 0xf7, 0x6a, 0x9f, 0xe1, 0x7f, 0x91, 0x74, 0xfe, 0x35, 0xea, 0x7b, 0x95,
    0x15, 0xfc, 0xee, 0x7d, 0x48, 0x51, 0x40, 0x19, 0xfa, 0xf7, 0xfc, 0x8b, 0xba, 0x9f, 0xfd, 0x7a,
    0x4b, 0xff, 0x00, 0xa0, 0x1a, 0xf0, 0xda, 0xfd, 0x47, 0x80, 0x3f, 0xdd, 0xab, 0x7f, 0x89, 0x7e,
    0x47, 0x8d, 0x99, 0xfc, 0x71, 0xf4, 0x0a, 0x2b, 0xf4, 0x03, 0xcc, 0x3e, 0x82, 0xac, 0xfd, 0x7b,
    0xfe, 0x45, 0xdd, 0x4f, 0xfe, 0xbd, 0x25, 0xff, 0x00, 0xd0, 0x0d, 0x7f, 0x3b, 0xe0, 0xbf, 0xde,
    0x69, 0xff, 0x00, 0x89, 0x7e, 0x67, 0xd5, 0x54, 0xf8, 0x1f, 0xa1, 0xe1, 0xb4, 0x57, 0xf4, 0x41,
    0xf2, 0xa1, 0x45, 0x00, 0x68, 0x68, 0x3f, 0xf2, 0x31, 0x69, 0x9f, 0xf5, 0xf7, 0x17, 0xfe, 0x86,
    0x2b, 0xdc, 0xab, 0xf2, 0xde, 0x3f, 0xff, 0x00, 0x79, 0xa3, 0xfe, 0x17, 0xf9, 0x9e, 0xce, 0x59,
    0xf0, 0x4b, 0xd4, 0x28, 0xaf, 0x80, 0x3d, 0x30, 0xac, 0xfd, 0x7b, 0xfe, 0x45, 0xdd, 0x4f, 0xfe,
    0xbd, 0x25, 0xff, 0x00, 0xd0, 0x0d, 0x74, 0xe0, 0xbf, 0xde, 0x69, 0xff, 0x00, 0x89, 0x7e, 0x64,
    0xd4, 0xf8, 0x1f, 0xa1, 0xe1, 0xb4, 0x57, 0xf4, 0x41, 0xf2, 0xa1, 0x45, 0x00, 0x68, 0x68, 0x3f,
    0xf2, 0x31, 0x69, 0x9f, 0xf5, 0xf7, 0x17, 0xfe, 0x86, 0x2b, 0xdc, 0xab, 0xf2, 0xde, 0x3f, 0xff,
    0x00, 0x79, 0xa3, 0xfe, 0x17, 0xf9, 0x9e, 0xce, 0x59, 0xf0, 0x4b, 0xd4, 0x28, 0xaf, 0x80, 0x3d,
    0x30, 0xac, 0xfd, 0x7b, 0xfe, 0x45, 0xdd, 0x4f, 0xfe, 0xbd, 0x25, 0xff, 0x00, 0xd0, 0x0d, 0x74,
    0xe0, 0xbf, 0xde, 0x69, 0xff, 0x00, 0x89, 0x7e, 0x64, 0xd4, 0xf8, 0x1f, 0xa1, 0xe1, 0xb4, 0x57,
    0xf4, 0x41, 0xf2, 0xa1, 0x45, 0x00, 0x68, 0x68, 0x3f, 0xf2, 0x31, 0x69, 0x9f, 0xf5, 0xf7, 0x17,
    0xfe, 0x86, 0x2b, 0xdc, 0xab, 0xf2, 0xde, 0x3f, 0xff, 0x00, 0x79, 0xa3, 0xfe, 0x17, 0xf9, 0x9e,
    0xce, 0x59, 0xf0, 0x4b, 0xd4, 0x28, 0xaf, 0x80, 0x3d, 0x30, 0xac, 0xfd, 0x7b, 0xfe, 0x45, 0xdd,
    0x4f, 0xfe, 0xbd, 0x25, 0xff, 0x00, 0xd0, 0x0d, 0x74, 0xe0, 0xbf, 0xde, 0x69, 0xff, 0x00, 0x89,
    0x7e, 0x64, 0xd4, 0xf8, 0x1f, 0xa1, 0xe1, 0xb4, 0x57, 0xf4, 0x41, 0xf2, 0xa1, 0x45, 0x00, 0x68,
    0x68, 0x3f, 0xf2, 0x31, 0x69, 0x9f, 0xf5, 0xf7, 0x17, 0xfe, 0x86, 0x2b, 0xdc, 0xab, 0xf2, 0xde,
    0x3f, 0xff, 0x00, 0x79, 0xa3, 0xfe, 0x17, 0xf9, 0x9e, 0xce, 0x59, 0xf0, 0x4b, 0xd4, 0x28, 0xaf,
    0x80, 0x3d, 0x30, 0xac, 0xfd, 0x7b, 0xfe, 0x45, 0xdd, 0x4f, 0xfe, 0xbd, 0x25, 0xff, 0x00, 0xd0,
    0x0d, 0x74, 0xe0, 0xbf, 0xde, 0x69, 0xff, 0x00, 0x89, 0x7e, 0x64, 0xd4, 0xf8, 0x1f, 0xa1, 0xe1,
    0xb4, 0x57, 0xf4, 0x41, 0xf2, 0xa1, 0x45, 0x00, 0x68, 0x68, 0x3f, 0xf2, 0x31, 0x69, 0x9f, 0xf5,
    0xf7, 0x17, 0xfe, 0x86, 0x2b, 0xdc, 0xab, 0xf2, 0xde, 0x3f, 0xff, 0x00, 0x79, 0xa3, 0xfe, 0x17,
    0xf9, 0x9e, 0xce, 0x59, 0xf0, 0x4b, 0xd4, 0x28, 0xaf, 0x80, 0x3d, 0x30, 0xac, 0xfd, 0x7b, 0xfe,
    0x45, 0xdd, 0x4f, 0xfe, 0xbd, 0x25, 0xff, 0x00, 0xd0, 0x0d, 0x74, 0xe0, 0xbf, 0xde, 0x69, 0xff,
    0x00, 0x89, 0x7e, 0x64, 0xd4, 0xf8, 0x1f, 0xa1, 0xe1, 0xb4, 0x57, 0xf4, 0x41, 0xf2, 0xa1, 0x45,
    0x00, 0x68, 0x68, 0x3f, 0xf2, 0x31, 0x69, 0x9f, 0xf5, 0xf7, 0x17, 0xfe, 0x86, 0x2b, 0xdc, 0xab,
    0xf2, 0xde, 0x3f, 0xff, 0x00, 0x79, 0xa3, 0xfe, 0x17, 0xf9, 0x9e, 0xce, 0x59, 0xf0, 0x4b, 0xd4,
    0x28, 0xaf, 0x80, 0x3d, 0x30, 0xac, 0xfd, 0x7b, 0xfe, 0x45, 0xdd, 0x4f, 0xfe, 0xbd, 0x25, 0xff,
    0x00, 0xd0, 0x0d, 0x74, 0xe0, 0xbf, 0xde, 0x69, 0xff, 0x00, 0x89, 0x7e, 0x64, 0xd4, 0xf8, 0x1f,
    0xa1, 0xe1, 0xb4, 0x57, 0xf4, 0x41, 0xf2, 0xa1, 0x45, 0x00, 0x68, 0x68, 0x3f, 0xf2, 0x31, 0x69,
    0x9f, 0xf5, 0xf7, 0x17, 0xfe, 0x86, 0x2b, 0xdc, 0xab, 0xf2, 0xde, 0x3f, 0xff, 0x00, 0x79, 0xa3,
    0xfe, 0x17, 0xf9, 0x9e, 0xce, 0x59, 0xf0, 0x4b, 0xd4, 0x28, 0xaf, 0x80, 0x3d, 0x30, 0xac, 0xfd,
    0x7b, 0xfe, 0x45, 0xdd, 0x4f, 0xfe, 0xbd, 0x25, 0xff, 0x00, 0xd0, 0x0d, 0x74, 0xe0, 0xbf, 0xde,
    0x69, 0xff, 0x00, 0x89, 0x7e, 0x64, 0xd4, 0xf8, 0x1f, 0xa1, 0xe1, 0xb4, 0x57, 0xf4, 0x41, 0xf2,
    0xa1, 0x45, 0x00, 0x68, 0x68, 0x3f, 0xf2, 0x31, 0x69, 0x9f, 0xf5, 0xf7, 0x17, 0xfe, 0x86, 0x2b,
    0xdc, 0xab, 0xf2, 0xde, 0x3f, 0xff, 0x00, 0x79, 0xa3, 0xfe, 0x17, 0xf9, 0x9e, 0xce, 0x59, 0xf0,
    0x4b, 0xd4, 0x28, 0xaf, 0x80, 0x3d, 0x30, 0xac, 0xfd, 0x7b, 0xfe, 0x45, 0xdd, 0x4f, 0xfe, 0xbd,
    0x25, 0xff, 0x00, 0xd0, 0x0d, 0x74, 0xe0, 0xbf, 0xde, 0x69, 0xff, 0x00, 0x89, 0x7e, 0x64, 0xd4,
    0xf8, 0x1f, 0xa1, 0xe1, 0xb4, 0x57, 0xf4, 0x41, 0xf2, 0xa1, 0x45, 0x00, 0x68, 0x68, 0x3f, 0xf2,
    0x31, 0x69, 0x9f, 0xf5, 0xf7, 0x17, 0xfe, 0x86, 0x2b, 0xdc, 0xab, 0xf2, 0xde, 0x3f, 0xff, 0x00,
    0x79, 0xa3, 0xfe, 0x17, 0xf9, 0x9e, 0xce, 0x59, 0xf0, 0x4b, 0xd4, 0x28, 0xaf, 0x80, 0x3d, 0x30,
    0xac, 0xfd, 0x7b, 0xfe, 0x45, 0xdd, 0x4f, 0xfe, 0xbd, 0x25, 0xff, 0x00, 0xd0, 0x0d, 0x74, 0xe0,
    0xbf, 0xde, 0x69, 0xff, 0x00, 0x89, 0x7e, 0x64, 0xd4, 0xf8, 0x1f, 0xa1, 0xe1, 0xb4, 0x57, 0xf4,
    0x41, 0xf2, 0xa1, 0x45, 0x00, 0x68, 0x68, 0x3f, 0xf2, 0x31, 0x69, 0x9f, 0xf5, 0xf7, 0x17, 0xfe,
    0x86, 0x2b, 0xdc, 0xab, 0xf2, 0xde, 0x3f, 0xff, 0x00, 0x79, 0xa3, 0xfe, 0x17, 0xf9, 0x9e, 0xce,
    0x59, 0xf0, 0x4b, 0xd4, 0x28, 0xaf, 0x80, 0x3d, 0x30, 0xac, 0xfd, 0x7b, 0xfe, 0x45, 0xdd, 0x4f,
    0xfe, 0xbd, 0x25, 0xff, 0x00, 0xd0, 0x0d, 0x74, 0xe0, 0xbf, 0xde, 0x69, 0xff, 0x00, 0x89, 0x7e,
    0x64, 0xd4, 0xf8, 0x1f, 0xa1, 0xe1, 0xb4, 0x57, 0xf4, 0x41, 0xf2, 0xa1, 0x45, 0x00, 0x68, 0x68,
    0x3f, 0xf2, 0x31, 0x69, 0x9f, 0xf5, 0xf7, 0x17, 0xfe, 0x86, 0x2b, 0xdc, 0xab, 0xf2, 0xde, 0x3f,
    0xff, 0x00, 0x79, 0xa3, 0xfe, 0x17, 0xf9, 0x9e, 0xce, 0x59, 0xf0, 0x4b, 0xd4, 0x28, 0xaf, 0x80,
    0x3d, 0x30, 0xac, 0xfd, 0x7b, 0xfe, 0x45, 0xdd, 0x4f, 0xfe, 0xbd, 0x25, 0xff, 0x00, 0xd0, 0x0d,
    0x74, 0xe0, 0xbf, 0xde, 0x69, 0xff, 0x00, 0x89, 0x7e, 0x64, 0xd4, 0xf8, 0x1f, 0xa1, 0xe1, 0xb4,
    0x57, 0xf4, 0x41, 0xf2, 0xa1, 0x45, 0x00, 0x68, 0x68, 0x3f, 0xf2, 0x31, 0x69, 0x9f, 0xf5, 0xf7,
    0x17, 0xfe, 0x86, 0x2b, 0xdc, 0xab, 0xf2, 0xde, 0x3f, 0xff, 0x00, 0x79, 0xa3, 0xfe, 0x17, 0xf9,
    0x9e, 0xce, 0x59, 0xf0, 0x4b, 0xd4, 0x28, 0xaf, 0x80, 0x3d, 0x30, 0xac, 0xfd, 0x7b, 0xfe, 0x45,
    0xdd, 0x4f, 0xfe, 0xbd, 0x25, 0xff, 0x00, 0xd0, 0x0d, 0x74, 0xe0, 0xbf, 0xde, 0x69, 0xff, 0x00,
    0x89, 0x7e, 0x64, 0xd4, 0xf8, 0x1f, 0xa1, 0xe1, 0xb4, 0x57, 0xf4, 0x41, 0xf2, 0xa1, 0x45, 0x00,
    0x68, 0x68, 0x3f, 0xf2, 0x31, 0x69, 0x9f, 0xf5, 0xf7, 0x17, 0xfe, 0x86, 0x2b, 0xdc, 0xab, 0xf2,
    0xde, 0x3f, 0xff, 0x00, 0x79, 0xa3, 0xfe, 0x17, 0xf9, 0x9e, 0xce, 0x59, 0xf0, 0x4b, 0xd4, 0x28,
    0xaf, 0x80, 0x3d, 0x30, 0xac, 0xfd, 0x7b, 0xfe, 0x45, 0xdd, 0x4f, 0xfe, 0xbd, 0x25, 0xff, 0x00,
    0xd0, 0x0d, 0x74, 0xe0, 0xbf, 0xde, 0x69, 0xff, 0x00, 0x89, 0x7e, 0x64, 0xd4, 0xf8, 0x1f, 0xa1,
    0xe1, 0xb4, 0x57, 0xf4, 0x41, 0xf2, 0xa1, 0x45, 0x00, 0x68, 0x68, 0x3f, 0xf2, 0x31, 0x69, 0x9f,
    0xf5, 0xf7, 0x17, 0xfe, 0x86, 0x2b, 0xdc, 0xab, 0xf2, 0xde, 0x3f, 0xff, 0x00, 0x79, 0xa3, 0xfe,
    0x17, 0xf9, 0x9e, 0xce, 0x59, 0xf0, 0x4b, 0xd4, 0x28, 0xaf, 0x80, 0x3d, 0x30, 0xac, 0xfd, 0x7b,
    0xfe, 0x45, 0xdd, 0x4f, 0xfe, 0xbd, 0x25, 0xff, 0x00, 0xd0, 0x0d, 0x74, 0xe0, 0xbf, 0xde, 0x69,
    0xff, 0x00, 0x89, 0x7e, 0x64, 0xd4, 0xf8, 0x1f, 0xa1, 0xe1, 0xb4, 0x57, 0xf4, 0x41, 0xf2, 0xa1,
    0x45, 0x00, 0x68, 0x68, 0x3f, 0xf2, 0x31, 0x69, 0x9f, 0xf5, 0xf7, 0x17, 0xfe, 0x86, 0x2b, 0xdc,
    0xab, 0xf2, 0xde, 0x3f, 0xff, 0x00, 0x79, 0xa3, 0xfe, 0x17, 0xf9, 0x9e, 0xce, 0x59, 0xf0, 0x4b,
    0xd4, 0x28, 0xaf, 0x80, 0x3d, 0x30, 0xac, 0xfd, 0x7b, 0xfe, 0x45, 0xdd, 0x4f, 0xfe, 0xbd, 0x25,
    0xff, 0x00, 0xd0, 0x0d, 0x74, 0xe0, 0xbf, 0xde, 0x69, 0xff, 0x00, 0x89, 0x7e, 0x64, 0xd4, 0xf8,
    0x1f, 0xa1, 0xe1, 0xb4, 0x57, 0xf4, 0x41, 0xf2, 0xa1, 0x45, 0x00, 0x68, 0x68, 0x3f, 0xf2, 0x31,
    0x69, 0x9f, 0xf5, 0xf7, 0x17, 0xfe, 0x86, 0x2b, 0xdc, 0xab, 0xf2, 0xde, 0x3f, 0xff, 0x00, 0x79,
    0xa3, 0xfe, 0x17, 0xf9, 0x9e, 0xce, 0x59, 0xf0, 0x4b, 0xd4, 0x28, 0xaf, 0x80, 0x3d, 0x30, 0xac,
    0xfd, 0x7b, 0xfe, 0x45, 0xdd, 0x4f, 0xfe, 0xbd, 0x25, 0xff, 0x00, 0xd0, 0x0d, 0x74, 0xe0, 0xbf,
    0xde, 0x69, 0xff, 0x00, 0x89, 0x7e, 0x64, 0xd4, 0xf8, 0x1f, 0xa1, 0xe1, 0xb4, 0x57, 0xf4, 0x41,
    0xf2, 0xa1, 0x45, 0x00, 0x68, 0x68, 0x3f, 0xf2, 0x31, 0x69, 0x9f, 0xf5, 0xf7, 0x17, 0xfe, 0x86,
    0x2b, 0xdc, 0xab, 0xf2, 0xde, 0x3f, 0xff, 0x00, 0x79, 0xa3, 0xfe, 0x17, 0xf9, 0x9e, 0xce, 0x59,
    0xf0, 0x4b, 0xd4, 0x28, 0xaf, 0x80, 0x3d, 0x30, 0xac, 0xfd, 0x7b, 0xfe, 0x45, 0xdd, 0x4f, 0xfe,
    0xbd, 0x25, 0xff, 0x00, 0xd0, 0x0d, 0x74, 0xe0, 0xbf, 0xde, 0x69, 0xff, 0x00, 0x89, 0x7e, 0x64,
    0xd4, 0xf8, 0x1f, 0xa1, 0xe1, 0xb4, 0x57, 0xf4, 0x41, 0xf2, 0xa1, 0x45, 0x00, 0x68, 0x68, 0x3f,
    0xf2, 0x31, 0x69, 0x9f, 0xf5, 0xf7, 0x17, 0xfe, 0x86, 0x2b, 0xdc, 0xab, 0xf2, 0xde, 0x3f, 0xff,
    0x00, 0x79, 0xa3, 0xfe, 0x17, 0xf9, 0x9e, 0xce, 0x59, 0xf0, 0x4b, 0xd4, 0x28, 0xaf, 0x80, 0x3d,
    0x30, 0xac, 0xfd, 0x7b, 0xfe, 0x45, 0xdd, 0x4f, 0xfe, 0xbd, 0x25, 0xff, 0x00, 0xd0, 0x0d, 0x74,
    0xe0, 0xbf, 0xde, 0x69, 0xff, 0x00, 0x89, 0x7e, 0x64, 0xd4, 0xf8, 0x1f, 0xa1, 0xe1, 0xb4, 0x57,
    0xf4, 0x41, 0xf2, 0xa1, 0x45, 0x00, 0x68, 0x68, 0x3f, 0xf2, 0x31, 0x69, 0x9f, 0xf5, 0xf7, 0x17,
    0xfe, 0x86, 0x2b, 0xdc, 0xab, 0xf2, 0xde, 0x3f, 0xff, 0x00, 0x79, 0xa3, 0xfe, 0x17, 0xf9, 0x9e,
    0xce, 0x59, 0xf0, 0x4b, 0xd4, 0x28, 0xaf, 0x80, 0x3d, 0x30, 0xac, 0xfd, 0x7b, 0xfe, 0x45, 0xdd,
    0x4f, 0xfe, 0xbd, 0x25, 0xff, 0x00, 0xd0, 0x0d, 0x74, 0xe0, 0xbf, 0xde, 0x69, 0xff, 0x00, 0x89,
    0x7e, 0x64, 0xd4, 0xf8, 0x1f, 0xa1, 0xe1, 0xb4, 0x57, 0xf4, 0x41, 0xf2, 0xa1, 0x45, 0x00, 0x68,
    0x68, 0x3f, 0xf2, 0x31, 0x69, 0x9f, 0xf5, 0xf7, 0x17, 0xfe, 0x86, 0x2b, 0xdc, 0xab, 0xf2, 0xde,
    0x3f, 0xff, 0x00, 0x79, 0xa3, 0xfe, 0x17, 0xf9, 0x9e, 0xce, 0x59, 0xf0, 0x4b, 0xd4, 0x28, 0xaf,
    0x80, 0x3d, 0x33, 0xe7, 0xda, 0xd0, 0xd0, 0x7f, 0xe4, 0x62, 0xd3, 0x3f, 0xeb, 0xee, 0x2f, 0xfd,
    0x0c, 0x57, 0xf4, 0x46, 0x33, 0xfd, 0xda, 0xa7, 0xf8, 0x5f, 0xe4, 0x7c, 0xb5, 0x3f, 0x8d, 0x7a,
    0x9e, 0xe5, 0x45, 0x7f, 0x3b, 0x9f, 0x52, 0x14, 0x50, 0x06, 0x7e, 0xbd, 0xff, 0x00, 0x22, 0xee,
    0xa7, 0xff, 0x00, 0x5e, 0x92, 0xff, 0x00, 0xe8, 0x06, 0xbc, 0x36, 0xbf, 0x51, 0xe0, 0x0f, 0xf7,
    0x6a, 0xdf, 0xe2, 0x5f, 0x91, 0xe3, 0x66, 0x7f, 0x1c, 0x7d, 0x02, 0x8a, 0xfd, 0x00, 0xf3, 0x02,
    0xb4, 0x34, 0x1f, 0xf9, 0x18, 0xb4, 0xcf, 0xfa, 0xfb, 0x8b, 0xff, 0x00, 0x43, 0x15, 0xcd, 0x8c,
    0xff, 0x00, 0x76, 0xa9, 0xfe, 0x17, 0xf9, 0x17, 0x4f, 0xe3, 0x5e, 0xa7, 0xb9, 0x51, 0x5f, 0xce,
    0xe7, 0xd4, 0x85, 0x14, 0x01, 0x9f, 0xaf, 0x7f, 0xc8, 0xbb, 0xa9, 0xff, 0x00, 0xd7, 0xa4, 0xbf,
    0xfa, 0x01, 0xaf, 0x0d, 0xaf, 0xd4, 0x78, 0x03, 0xfd, 0xda, 0xb7, 0xf8, 0x97, 0xe4, 0x78, 0xd9,
    0x9f, 0xc7, 0x1f, 0x40, 0xa2, 0xbf, 0x40, 0x3c, 0xc0, 0xad, 0x0d, 0x07, 0xfe, 0x46, 0x2d, 0x33,
    0xfe, 0xbe, 0xe2, 0xff, 0x00, 0xd0, 0xc5, 0x73, 0x63, 0x3f, 0xdd, 0xaa, 0x7f, 0x85, 0xfe, 0x45,
    0xd3, 0xf8, 0xd7, 0xa9, 0xee, 0x54, 0x57, 0xf3, 0xb9, 0xf5, 0x21, 0x45, 0x00, 0x67, 0xeb, 0xdf,
    0xf2, 0x2e, 0xea, 0x7f, 0xf5, 0xe9, 0x2f, 0xfe, 0x80, 0x6b, 0xc3, 0x6b, 0xf5, 0x1e, 0x00, 0xff,
    0x00, 0x76, 0xad, 0xfe, 0x25, 0xf9, 0x1e, 0x36, 0x67, 0xf1, 0xc7, 0xd0, 0x28, 0xaf, 0xd0, 0x0f,
    0x30, 0x2b, 0x43, 0x41, 0xff, 0x00, 0x91, 0x8b, 0x4c, 0xff, 0x00, 0xaf, 0xb8, 0xbf, 0xf4, 0x31,
    0x5c, 0xd8, 0xcf, 0xf7, 0x6a, 0x9f, 0xe1, 0x7f, 0x91, 0x74, 0xfe, 0x35, 0xea, 0x7b, 0x95, 0x15,
    0xfc, 0xee, 0x7d, 0x48, 0x51, 0x40, 0x19, 0xfa, 0xf7, 0xfc, 0x8b, 0xba, 0x9f, 0xfd, 0x7a, 0x4b,
    0xff, 0x00, 0xa0, 0x1a, 0xf0, 0xda, 0xfd, 0x47, 0x80, 0x3f, 0xdd, 0xab, 0x7f, 0x89, 0x7e, 0x47,
    0x8d, 0x99, 0xfc, 0x71, 0xf4, 0x0a, 0x2b, 0xf4, 0x03, 0xcc, 0x0a, 0xd0, 0xd0, 0x7f, 0xe4, 0x62,
    0xd3, 0x3f, 0xeb, 0xee, 0x2f, 0xfd, 0x0c, 0x57, 0x36, 0x33, 0xfd, 0xda, 0xa7, 0xf8, 0x5f, 0xe4,
    0x5d, 0x3f, 0x8d, 0x7a, 0x9e, 0xe5, 0x45, 0x7f, 0x3b, 0x9f, 0x52, 0x14, 0x50, 0x06, 0x7e, 0xbd,
    0xff, 0x00, 0x22, 0xee, 0xa7, 0xff, 0x00, 0x5e, 0x92, 0xff, 0x00, 0xe8, 0x06, 0xbc, 0x36, 0xbf,
    0x51, 0xe0, 0x0f, 0xf7, 0x6a, 0xdf, 0xe2, 0x5f, 0x91, 0xe3, 0x66, 0x7f, 0x1c, 0x7d, 0x02, 0x8a,
    0xfd, 0x00, 0xf3, 0x02, 0xb4, 0x34, 0x1f, 0xf9, 0x18, 0xb4, 0xcf, 0xfa, 0xfb, 0x8b, 0xff, 0x00,
    0x43, 0x15, 0xcd, 0x8c, 0xff, 0x00, 0x76, 0xa9, 0xfe, 0x17, 0xf9, 0x17, 0x4f, 0xe3, 0x5e, 0xa7,
    0xb9, 0x51, 0x5f, 0xce, 0xe7, 0xd4, 0x85, 0x14, 0x01, 0x9f, 0xaf, 0x7f, 0xc8, 0xbb, 0xa9, 0xff,
    0x00, 0xd7, 0xa4, 0xbf, 0xfa, 0x01, 0xaf, 0x0d, 0xaf, 0xd4, 0x78, 0x03, 0xfd, 0xda, 0xb7, 0xf8,
    0x97, 0xe4, 0x78, 0xd9, 0x9f, 0xc7, 0x1f, 0x40, 0xa2, 0xbf, 0x40, 0x3c, 0xc0, 0xad, 0x0d, 0x07,
    0xfe, 0x46, 0x2d, 0x33, 0xfe, 0xbe, 0xe2, 0xff, 0x00, 0xd0, 0xc5, 0x73, 0x63, 0x3f, 0xdd, 0xaa,
    0x7f, 0x85, 0xfe, 0x45, 0xd3, 0xf8, 0xd7, 0xa9, 0xee, 0x54, 0x57, 0xf3, 0xb9, 0xf5, 0x21, 0x45,
    0x00, 0x67, 0xeb, 0xdf, 0xf2, 0x2e, 0xea, 0x7f, 0xf5, 0xe9, 0x2f, 0xfe, 0x80, 0x6b, 0xc3, 0x6b,
    0xf5, 0x1e, 0x00, 0xff, 0x00, 0x76, 0xad, 0xfe, 0x25, 0xf9, 0x1e, 0x36, 0x67, 0xf1, 0xc7, 0xd0,
    0x28, 0xaf, 0xd0, 0x0f, 0x30, 0x2b, 0x43, 0x41, 0xff, 0x00, 0x91, 0x8b, 0x4c, 0xff, 0x00, 0xaf,
    0xb8, 0xbf, 0xf4, 0x31, 0x5c, 0xd8, 0xcf, 0xf7, 0x6a, 0x9f, 0xe1, 0x7f, 0x91, 0x74, 0xfe, 0x35,
    0xea, 0x7b, 0x95, 0x15, 0xfc, 0xee, 0x7d, 0x48, 0x51, 0x40, 0x19, 0xfa, 0xf7, 0xfc, 0x8b, 0xba,
    0x9f, 0xfd, 0x7a, 0x4b, 0xff, 0x00, 0xa0, 0x1a, 0xf0, 0xda, 0xfd, 0x47, 0x80, 0x3f, 0xdd, 0xab,
    0x7f, 0x89, 0x7e, 0x47, 0x8d, 0x99, 0xfc, 0x71, 0xf4, 0x0a, 0x2b, 0xf4, 0x03, 0xcc, 0x0a, 0xd0,
    0xd0, 0x7f, 0xe4, 0x62, 0xd3, 0x3f, 0xeb, 0xee, 0x2f, 0xfd, 0x0c, 0x57, 0x36, 0x33, 0xfd, 0xda,
    0xa7, 0xf8, 0x5f, 0xe4, 0x5d, 0x3f, 0x8d, 0x7a, 0x9e, 0xe5, 0x45, 0x7f, 0x3b, 0x9f, 0x52, 0x14,
    0x50, 0x06, 0x7e, 0xbd, 0xff, 0x00, 0x22, 0xee, 0xa7, 0xff, 0x00, 0x5e, 0x92, 0xff, 0x00, 0xe8,
    0x06, 0xbc, 0x36, 0xbf, 0x51, 0xe0, 0x0f, 0xf7, 0x6a, 0xdf, 0xe2, 0x5f, 0x91, 0xe3, 0x66, 0x7f,
    0x1c, 0x7d, 0x02, 0x8a, 0xfd, 0x00, 0xf3, 0x02, 0xb4, 0x34, 0x1f, 0xf9, 0x18, 0xb4, 0xcf, 0xfa,
    0xfb, 0x8b, 0xff, 0x00, 0x43, 0x15, 0xcd, 0x8c, 0xff, 0x00, 0x76, 0xa9, 0xfe, 0x17, 0xf9, 0x17,
    0x4f, 0xe3, 0x5e, 0xa7, 0xb9, 0x51, 0x5f, 0xce, 0xe7, 0xd4, 0x85, 0x14, 0x01, 0x9f, 0xaf, 0x7f,
    0xc8, 0xbb, 0xa9, 0xff, 0x00, 0xd7, 0xa4, 0xbf, 0xfa, 0x01, 0xaf, 0x0d, 0xaf, 0xd4, 0x78, 0x03,
    0xfd, 0xda, 0xb7, 0xf8, 0x97, 0xe4, 0x78, 0xd9, 0x9f, 0xc7, 0x1f, 0x40, 0xa2, 0xbf, 0x40, 0x3c,
    0xc0, 0xad, 0x0d, 0x07, 0xfe, 0x46, 0x2d, 0x33, 0xfe, 0xbe, 0xe2, 0xff, 0x00, 0xd0, 0xc5, 0x73,
    0x63, 0x3f, 0xdd, 0xaa, 0x7f, 0x85, 0xfe, 0x45, 0xd3, 0xf8, 0xd7, 0xa9, 0xee, 0x54, 0x57, 0xf3,
    0xb9, 0xf5, 0x21, 0x45, 0x00, 0x67, 0xeb, 0xdf, 0xf2, 0x2e, 0xea, 0x7f, 0xf5, 0xe9, 0x2f, 0xfe,
    0x80, 0x6b, 0xc3, 0x6b, 0xf5, 0x1e, 0x00, 0xff, 0x00, 0x76, 0xad, 0xfe, 0x25, 0xf9, 0x1e, 0x36,
    0x67, 0xf1, 0xc7, 0xd0, 0x28, 0xaf, 0xd0, 0x0f, 0x30, 0x2b, 0x43, 0x41, 0xff, 0x00, 0x91, 0x8b,
    0x4c, 0xff, 0x00, 0xaf, 0xb8, 0xbf, 0xf4, 0x31, 0x5c, 0xd8, 0xcf, 0xf7, 0x6a, 0x9f, 0xe1, 0x7f,
    0x91, 0x74, 0xfe, 0x35, 0xea, 0x7b, 0x95, 0x15, 0xfc, 0xee, 0x7d, 0x48, 0x51, 0x40, 0x19, 0xfa,
    0xf7, 0xfc, 0x8b, 0xba, 0x9f, 0xfd, 0x7a, 0x4b, 0xff, 0x00, 0xa0, 0x1a, 0xf0, 0xda, 0xfd, 0x47,
    0x80, 0x3f, 0xdd, 0xab, 0x7f, 0x89, 0x7e, 0x47, 0x8d, 0x99, 0xfc, 0x71, 0xf4, 0x0a, 0x2b, 0xf4,
    0x03, 0xcc, 0x0a, 0xd0, 0xd0, 0x7f, 0xe4, 0x62, 0xd3, 0x3f, 0xeb, 0xee, 0x2f, 0xfd, 0x0c, 0x57,
    0x36, 0x33, 0xfd, 0xda, 0xa7, 0xf8, 0x5f, 0xe4, 0x5d, 0x3f, 0x8d, 0x7a, 0x9e, 0xe5, 0x45, 0x7f,
    0x3b, 0x9f, 0x52, 0x14, 0x50, 0x06, 0x7e, 0xbd, 0xff, 0x00, 0x22, 0xee, 0xa7, 0xff, 0x00, 0x5e,
    0x92, 0xff, 0x00, 0xe8, 0x06, 0xbc, 0x36, 0xbf, 0x51, 0xe0, 0x0f, 0xf7, 0x6a, 0xdf, 0xe2, 0x5f,
    0x91, 0xe3, 0x66, 0x7f, 0x1c, 0x7d, 0x02, 0x8a, 0xfd, 0x00, 0xf3, 0x02, 0xb4, 0x34, 0x1f, 0xf9,
    0x18, 0xb4, 0xcf, 0xfa, 0xfb, 0x8b, 0xff, 0x00, 0x43, 0x15, 0xcd, 0x8c, 0xff, 0x00, 0x76, 0xa9,
    0xfe, 0x17, 0xf9, 0x17, 0x4f, 0xe3, 0x5e, 0xa7, 0xb9, 0x51, 0x5f, 0xce, 0xe7, 0xd4, 0x85, 0x14,
    0x01, 0x9f, 0xaf, 0x7f, 0xc8, 0xbb, 0xa9, 0xff, 0x00, 0xd7, 0xa4, 0xbf, 0xfa, 0x01, 0xaf, 0x0d,
    0xaf, 0xd4, 0x78, 0x03, 0xfd, 0xda, 0xb7, 0xf8, 0x97, 0xe4, 0x78, 0xd9, 0x9f, 0xc7, 0x1f, 0x40,
    0xa2, 0xbf, 0x40, 0x3c, 0xc0, 0xad, 0x0d, 0x07, 0xfe, 0x46, 0x2d, 0x33, 0xfe, 0xbe, 0xe2, 0xff,
    0x00, 0xd0, 0xc5, 0x73, 0x63, 0x3f, 0xdd, 0xaa, 0x7f, 0x85, 0xfe, 0x45, 0xd3, 0xf8, 0xd7, 0xa9,
    0xee, 0x54, 0x57, 0xf3, 0xb9, 0xf5, 0x21, 0x45, 0x00, 0x67, 0xeb, 0xdf, 0xf2, 0x2e, 0xea, 0x7f,
    0xf5, 0xe9, 0x2f, 0xfe, 0x80, 0x6b, 0xc3, 0x6b, 0xf5, 0x1e, 0x00, 0xff, 0x00, 0x76, 0xad, 0xfe,
    0x25, 0xf9, 0x1e, 0x36, 0x67, 0xf1, 0xc7, 0xd0, 0x28, 0xaf, 0xd0, 0x0f, 0x30, 0x2b, 0x43, 0x41,
    0xff, 0x00, 0x91, 0x8b, 0x4c, 0xff, 0x00, 0xaf, 0xb8, 0xbf, 0xf4, 0x31, 0x5c, 0xd8, 0xcf, 0xf7,
    0x6a, 0x9f, 0xe1, 0x7f, 0x91, 0x74, 0xfe, 0x35, 0xea, 0x7b, 0x95, 0x15, 0xfc, 0xee, 0x7d, 0x48,
    0x51, 0x40, 0x19, 0xfa, 0xf7, 0xfc, 0x8b, 0xba, 0x9f, 0xfd, 0x7a, 0x4b, 0xff, 0x00, 0xa0, 0x1a,
    0xf0, 0xda, 0xfd, 0x47, 0x80, 0x3f, 0xdd, 0xab, 0x7f, 0x89, 0x7e, 0x47, 0x8d, 0x99, 0xfc, 0x71,
    0xf4, 0x0a, 0x2b, 0xf4, 0x03, 0xcc, 0x0a, 0xd0, 0xd0, 0x7f, 0xe4, 0x62, 0xd3, 0x3f, 0xeb, 0xee,
    0x2f, 0xfd, 0x0c, 0x57, 0x36, 0x33, 0xfd, 0xda, 0xa7, 0xf8, 0x5f, 0xe4, 0x5d, 0x3f, 0x8d, 0x7a,
    0x9e, 0xe5, 0x45, 0x7f, 0x3b, 0x9f, 0x52, 0x14, 0x50, 0x06, 0x7e, 0xbd, 0xff, 0x00, 0x22, 0xee,
    0xa7, 0xff, 0x00, 0x5e, 0x92, 0xff, 0x00, 0xe8, 0x06, 0xbc, 0x36, 0xbf, 0x51, 0xe0, 0x0f, 0xf7,
    0x6a, 0xdf, 0xe2, 0x5f, 0x91, 0xe3, 0x66, 0x7f, 0x1c, 0x7d, 0x02, 0x8a, 0xfd, 0x00, 0xf3, 0x02,
    0xb4, 0x34, 0x1f, 0xf9, 0x18, 0xb4, 0xcf, 0xfa, 0xfb, 0x8b, 0xff, 0x00, 0x43, 0x15, 0xcd, 0x8c,
    0xff, 0x00, 0x76, 0xa9, 0xfe, 0x17, 0xf9, 0x17, 0x4f, 0xe3, 0x5e, 0xa7, 0xb9, 0x51, 0x5f, 0xce,
    0xe7, 0xd4, 0x85, 0x14, 0x01, 0x9f, 0xaf, 0x7f, 0xc8, 0xbb, 0xa9, 0xff, 0x00, 0xd7, 0xa4, 0xbf,
    0xfa, 0x01, 0xaf, 0x0d, 0xaf, 0xd4, 0x78, 0x03, 0xfd, 0xda, 0xb7, 0xf8, 0x97, 0xe4, 0x78, 0xd9,
    0x9f, 0xc7, 0x1f, 0x40, 0xa2, 0xbf, 0x40, 0x3c, 0xc0, 0xad, 0x0d, 0x07, 0xfe, 0x46, 0x2d, 0x33,
    0xfe, 0xbe, 0xe2, 0xff, 0x00, 0xd0, 0xc5, 0x73, 0x63, 0x3f, 0xdd, 0xaa, 0x7f, 0x85, 0xfe, 0x45,
    0xd3, 0xf8, 0xd7, 0xa9, 0xee, 0x54, 0x57, 0xf3, 0xb9, 0xf5, 0x21, 0x45, 0x00, 0x67, 0xeb, 0xdf,
    0xf2, 0x2e, 0xea, 0x7f, 0xf5, 0xe9, 0x2f, 0xfe, 0x80, 0x6b, 0xc3, 0x6b, 0xf5, 0x1e, 0x00, 0xff,
    0x00, 0x76, 0xad, 0xfe, 0x25, 0xf9, 0x1e, 0x36, 0x67, 0xf1, 0xc7, 0xd0, 0x28, 0xaf, 0xd0, 0x0f,
    0x30, 0x2b, 0x43, 0x41, 0xff, 0x00, 0x91, 0x8b, 0x4c, 0xff, 0x00, 0xaf, 0xb8, 0xbf, 0xf4, 0x31,
    0x5c, 0xd8, 0xcf, 0xf7, 0x6a, 0x9f, 0xe1, 0x7f, 0x91, 0x74, 0xfe, 0x35, 0xea, 0x7b, 0x95, 0x15,
    0xfc, 0xee, 0x7d, 0x48, 0x51, 0x40, 0x19, 0xfa, 0xf7, 0xfc, 0x8b, 0xba, 0x9f, 0xfd, 0x7a, 0x4b,
    0xff, 0x00, 0xa0, 0x1a, 0xf0, 0xda, 0xfd, 0x47, 0x80, 0x3f, 0xdd, 0xab, 0x7f, 0x89, 0x7e, 0x47,
    0x8d, 0x99, 0xfc, 0x71, 0xf4, 0x0a, 0x2b, 0xf4, 0x03, 0xcc, 0x3f, 0xff, 0xd9,
};
static const unsigned char cb_frame_14[] = {
    0xff, 0xd8, 0xff, 0xe0, 0x00, 0x10, 0x4a, 0x46, 0x49, 0x46, 0x00, 0x01, 0x01, 0x00, 0x00, 0x01,
    0x00, 0x01, 0x00, 0x00, 0xff, 0xdb, 0x00, 0x43, 0x00, 0x08, 0x06, 0x06, 0x07, 0x06, 0x05, 0x08,
    0x07, 0x07, 0x07, 0x09, 0x09, 0x08, 0x0a, 0x0c, 0x14, 0x0d, 0x0c, 0x0b, 0x0b, 0x0c, 0x19, 0x12,
    0x13, 0x0f, 0x14, 0x1d, 0x1a, 0x1f, 0x1e, 0x1d, 0x1a, 0x1c, 0x1c, 0x20, 0x24, 0x2e, 0x27, 0x20,
    0x22, 0x2c, 0x23, 0x1c, 0x1c, 0x28, 0x37, 0x29, 0x2c, 0x30, 0x31, 0x34, 0x34, 0x34, 0x1f, 0x27,
    0x39, 0x3d, 0x38, 0x32, 0x3c, 0x2e, 0x33, 0x34, 0x32, 0xff, 0xdb, 0x00, 0x43, 0x01, 0x09, 0x09,
    0x09, 0x0c, 0x0b, 0x0c, 0x18, 0x0d, 0x0d, 0x18, 0x32, 0x21, 0x1c, 0x21, 0x32, 0x32, 0x32, 0x32,
    0x32, 0x32, 0x32, 0x32, 0x32, 0x32, 0x32, 0x32, 0x32, 0x32, 0x32, 0x32, 0x32, 0x32, 0x32, 0x32,
    0x32, 0x32, 0x32, 0x32, 0x32, 0x32, 0x32, 0x32, 0x32, 0x32, 0x32, 0x32, 0x32, 0x32, 0x32, 0x32,
    0x32, 0x32, 0x32, 0x32, 0x32, 0x32, 0x32, 0x32, 0x32, 0x32, 0x32, 0x32, 0x32, 0x32, 0xff, 0xc0,
    0x00, 0x11, 0x08, 0x00, 0xf0, 0x01, 0x40, 0x03, 0x01, 0x21, 0x00, 0x02, 0x11, 0x01, 0x03, 0x11,
    0x01, 0xff, 0xc4, 0x00, 0x1f, 0x00, 0x00, 0x01, 0x05, 0x01, 0x01, 0x01, 0x01, 0x01, 0x01, 0x00,
    0x00, 0x00, 0x00, 0x00, 0x00, 0x00, 0x00, 0x01, 0x02, 0x03, 0x04, 0x05, 0x06, 0x07, 0x08, 0x09,
    0x0a, 0x0b, 0xff, 0xc4, 0x00, 0xb5, 0x10, 0x00, 0x02, 0x01, 0x03, 0x03, 0x02, 0x04, 0x03, 0x05,
    0x05, 0x04, 0x04, 0x00, 0x00, 0x01, 0x7d, 0x01, 0x02, 0x03, 0x00, 0x04, 0x11, 0x05, 0x12, 0x21,
    0x31, 0x41, 0x06, 0x13, 0x51, 0x61, 0x07, 0x22, 0x71, 0x14, 0x32, 0x81, 0x91, 0xa1, 0x08, 0x23,
    0x42, 0xb1, 0xc1, 0x15, 0x52, 0xd1, 0xf0, 0x24, 0x33, 0x62, 0x72, 0x82, 0x09, 0x0a, 0x16, 0x17,
    0x18, 0x19, 0x1a, 0x25, 0x26, 0x27, 0x28, 0x29, 0x2a, 0x34, 0x35, 0x36, 0x37, 0x38, 0x39, 0x3a,
    0x43, 0x44, 0x45, 0x46, 0x47, 0x48, 0x49, 0x4a, 0x53, 0x54, 0x55, 0x56, 0x57, 0x58, 0x59, 0x5a,
    0x63, 0x64, 0x65, 0x66, 0x67, 0x68, 0x69, 0x6a, 0x73, 0x74, 0x75, 0x76, 0x77, 0x78, 0x79, 0x7a,
    0x83, 0x84, 0x85, 0x86, 0x87, 0x88, 0x89, 0x8a, 0x92, 0x93, 0x94, 0x95, 0x96, 0x97, 0x98, 0x99,
    0x9a, 0xa2, 0xa3, 0xa4, 0xa5, 0xa6, 0xa7, 0xa8, 0xa9, 0xaa, 0xb2, 0xb3, 0xb4, 0xb5, 0xb6, 0xb7,
    0xb8, 0xb9, 0xba, 0xc2, 0xc3, 0xc4, 0xc5, 0xc6, 0xc7, 0xc8, 0xc9, 0xca, 0xd2, 0xd3, 0xd4, 0xd5,
    0xd6, 0xd7, 0xd8, 0xd9, 0xda, 0xe1, 0xe2, 0xe3, 0xe4, 0xe5, 0xe6, 0xe7, 0xe8, 0xe9, 0xea, 0xf1,
    0xf2, 0xf3, 0xf4, 0xf5, 0xf6, 0xf7, 0xf8, 0xf9, 0xfa, 0xff, 0xc4, 0x00, 0x1f, 0x01, 0x00, 0x03,
    0x01, 0x01, 0x01, 0x01, 0x01, 0x01, 0x01, 0x01, 0x01, 0x00, 0x00, 0x00, 0x00, 0x00, 0x00, 0x01,
    0x02, 0x03, 0x04, 0x05, 0x06, 0x07, 0x08, 0x09, 0x0a, 0x0b, 0xff, 0xc4, 0x00, 0xb5, 0x11, 0x00,
    0x02, 0x01, 0x02, 0x04, 0x04, 0x03, 0x04, 0x07, 0x05, 0x04, 0x04, 0x00, 0x01, 0x02, 0x77, 0x00,
    0x01, 0x02, 0x03, 0x11, 0x04, 0x05, 0x21, 0x31, 0x06, 0x12, 0x41, 0x51, 0x07, 0x61, 0x71, 0x13,
    0x22, 0x32, 0x81, 0x08, 0x14, 0x42, 0x91, 0xa1, 0xb1, 0xc1, 0x09, 0x23, 0x33, 0x52, 0xf0, 0x15,
    0x62, 0x72, 0xd1, 0x0a, 0x16, 0x24, 0x34, 0xe1, 0x25, 0xf1, 0x17, 0x18, 0x19, 0x1a, 0x26, 0x27,
    0x28, 0x29, 0x2a, 0x35, 0x36, 0x37, 0x38, 0x39, 0x3a, 0x43, 0x44, 0x45, 0x46, 0x47, 0x48, 0x49,
    0x4a, 0x53, 0x54, 0x55, 0x56, 0x57, 0x58, 0x59, 0x5a, 0x63, 0x64, 0x65, 0x66, 0x67, 0x68, 0x69,
    0x6a, 0x73, 0x74, 0x75, 0x76, 0x77, 0x78, 0x79, 0x7a, 0x82, 0x83, 0x84, 0x85, 0x86, 0x87, 0x88,
    0x89, 0x8a, 0x92, 0x93, 0x94, 0x95, 0x96, 0x97, 0x98, 0x99, 0x9a, 0xa2, 0xa3, 0xa4, 0xa5, 0xa6,
    0xa7, 0xa8, 0xa9, 0xaa, 0xb2, 0xb3, 0xb4, 0xb5, 0xb6, 0xb7, 0xb8, 0xb9, 0xba, 0xc2, 0xc3, 0xc4,
    0xc5, 0xc6, 0xc7, 0xc8, 0xc9, 0xca, 0xd2, 0xd3, 0xd4, 0xd5, 0xd6, 0xd7, 0xd8, 0xd9, 0xda, 0xe2,
    0xe3, 0xe4, 0xe5, 0xe6, 0xe7, 0xe8, 0xe9, 0xea, 0xf2, 0xf3, 0xf4, 0xf5, 0xf6, 0xf7, 0xf8, 0xf9,
    0xfa, 0xff, 0xda, 0x00, 0x0c, 0x03, 0x01, 0x00, 0x02, 0x11, 0x03, 0x11, 0x00, 0x3f, 0x00, 0xf4,
    0x5a, 0xf1, 0xdf, 0x1c, 0x7f, 0xc8, 0xe1, 0x7f, 0xff, 0x00, 0x6c, 0xff, 0x00, 0xf4, 0x5a, 0xd7,
    0x8f, 0xc0, 0x5f, 0xf2, 0x32, 0x9f, 0xf8, 0x1f, 0xfe, 0x95, 0x13, 0x5c, 0xcf, 0xf8, 0x4b, 0xd7,
    0xf4, 0x67, 0x3f, 0x45, 0x7e, 0xb6, 0x78, 0x61, 0x45, 0x00, 0x7b, 0x17, 0x81, 0xff, 0x00, 0xe4,
    0x4f, 0xb0, 0xff, 0x00, 0xb6, 0x9f, 0xfa, 0x31, 0xab, 0xa0, 0xaf, 0xc0, 0x33, 0x9f, 0xf9, 0x19,
    0x62, 0x3f, 0xc7, 0x3f, 0xfd, 0x29, 0x9f, 0x4f, 0x87, 0xfe, 0x14, 0x7d, 0x17, 0xe4, 0x14, 0x57,
    0x9a, 0x6a, 0x15, 0xe3, 0xbe, 0x38, 0xff, 0x00, 0x91, 0xc2, 0xff, 0x00, 0xfe, 0xd9, 0xff, 0x00,
    0xe8, 0xb5, 0xaf, 0xb6, 0xe0, 0x2f, 0xf9, 0x19, 0x4f, 0xfc, 0x0f, 0xff, 0x00, 0x4a, 0x89, 0xe7,
    0xe6, 0x7f, 0xc2, 0x5e, 0xbf, 0xa3, 0x39, 0xfa, 0x2b, 0xf5, 0xb3, 0xc3, 0x0a, 0x28, 0x03, 0xd8,
    0xbc, 0x0f, 0xff, 0x00, 0x22, 0x7d, 0x87, 0xfd, 0xb4, 0xff, 0x00, 0xd1, 0x8d, 0x5d, 0x05, 0x7e,
    0x01, 0x9c, 0xff, 0x00, 0xc8, 0xcb, 0x11, 0xfe, 0x39, 0xff, 0x00, 0xe9, 0x4c, 0xfa, 0x7c, 0x3f,
    0xf0, 0xa3, 0xe8, 0xbf, 0x20, 0xa2, 0xbc, 0xd3, 0x50, 0xaf, 0x1d, 0xf1, 0xc7, 0xfc, 0x8e, 0x17,
    0xff, 0x00, 0xf6, 0xcf, 0xff, 0x00, 0x45, 0xad, 0x7d, 0xb7, 0x01, 0x7f, 0xc8, 0xca, 0x7f, 0xe0,
    0x7f, 0xfa, 0x54, 0x4f, 0x3f, 0x33, 0xfe, 0x12, 0xf5, 0xfd, 0x19, 0xcf, 0xd1, 0x5f, 0xad, 0x9e,
    0x18, 0x51, 0x40, 0x1e, 0xc5, 0xe0, 0x7f, 0xf9, 0x13, 0xec, 0x3f, 0xed, 0xa7, 0xfe, 0x8c, 0x6a,
    0xe8, 0x2b, 0xf0, 0x0c, 0xe7, 0xfe, 0x46, 0x58, 0x8f, 0xf1, 0xcf, 0xff, 0x00, 0x4a, 0x67, 0xd3,
    0xe1, 0xff, 0x00, 0x85, 0x1f, 0x45, 0xf9, 0x05, 0x15, 0xe6, 0x9a, 0x85, 0x78, 0xef, 0x8e, 0x3f,
    0xe4, 0x70, 0xbf, 0xff, 0x00, 0xb6, 0x7f, 0xfa, 0x2d, 0x6b, 0xed, 0xb8, 0x0b, 0xfe, 0x46, 0x53,
    0xff, 0x00, 0x03, 0xff, 0x00, 0xd2, 0xa2, 0x79, 0xf9, 0x9f, 0xf0, 0x97, 0xaf, 0xe8, 0xce, 0x7e,
    0x8a, 0xfd, 0x6c, 0xf0, 0xc2, 0x8a, 0x00, 0xf6, 0x2f, 0x03, 0xff, 0x00, 0xc8, 0x9f, 0x61, 0xff,
    0x00, 0x6d, 0x3f, 0xf4, 0x63, 0x57, 0x41, 0x5f, 0x80, 0x67, 0x3f, 0xf2, 0x32, 0xc4, 0x7f, 0x8e,
    0x7f, 0xfa, 0x53, 0x3e, 0x9f, 0x0f, 0xfc, 0x28, 0xfa, 0x2f, 0xc8, 0x28, 0xaf, 0x34, 0xd4, 0x2b,
    0xc7, 0x7c, 0x71, 0xff, 0x00, 0x23, 0x85, 0xff, 0x00, 0xfd, 0xb3, 0xff, 0x00, 0xd1, 0x6b, 0x5f,
    0x6d, 0xc0, 0x5f, 0xf2, 0x32, 0x9f, 0xf8, 0x1f, 0xfe, 0x95, 0x13, 0xcf, 0xcc, 0xff, 0x00, 0x84,
    0xbd, 0x7f, 0x46, 0x73, 0xf4, 0x57, 0xeb, 0x67, 0x86, 0x14, 0x50, 0x07, 0xb1, 0x78, 0x1f, 0xfe,
    0x44, 0xfb, 0x0f, 0xfb, 0x69, 0xff, 0x00, 0xa3, 0x1a, 0xba, 0x0a, 0xfc, 0x03, 0x39, 0xff, 0x00,
    0x91, 0x96, 0x23, 0xfc, 0x73, 0xff, 0x00, 0xd2, 0x99, 0xf4, 0xf8, 0x7f, 0xe1, 0x47, 0xd1, 0x7e,
    0x41, 0x45, 0x79, 0xa6, 0xa1, 0x5e, 0x3b, 0xe3, 0x8f, 0xf9, 0x1c, 0x2f, 0xff, 0x00, 0xed, 0x9f,
    0xfe, 0x8b, 0x5a, 0xfb, 0x6e, 0x02, 0xff, 0x00, 0x91, 0x94, 0xff, 0x00, 0xc0, 0xff, 0x00, 0xf4,
    0xa8, 0x9e, 0x7e, 0x67, 0xfc, 0x25, 0xeb, 0xfa, 0x33, 0x9f, 0xa2, 0xbf, 0x5b, 0x3c, 0x30, 0xa2,
    0x80, 0x3d, 0x8b, 0xc0, 0xff, 0x00, 0xf2, 0x27, 0xd8, 0x7f, 0xdb, 0x4f, 0xfd, 0x18, 0xd5, 0xd0,
    0x57, 0xe0, 0x19, 0xcf, 0xfc, 0x8c, 0xb1, 0x1f, 0xe3, 0x9f, 0xfe, 0x94, 0xcf, 0xa7, 0xc3, 0xff,
    0x00, 0x0a, 0x3e, 0x8b, 0xf2, 0x0a, 0x2b, 0xcd, 0x35, 0x0a, 0xf1, 0xdf, 0x1c, 0x7f, 0xc8, 0xe1,
    0x7f, 0xff, 0x00, 0x6c, 0xff, 0x00, 0xf4, 0x5a, 0xd7, 0xdb, 0x70, 0x17, 0xfc, 0x8c, 0xa7, 0xfe,
    0x07, 0xff, 0x00, 0xa5, 0x44, 0xf3, 0xf3, 0x3f, 0xe1, 0x2f, 0x5f, 0xd1, 0x9c, 0xfd, 0x15, 0xfa,
    0xd9, 0xe1, 0x85, 0x14, 0x01, 0xec, 0x5e, 0x07, 0xff, 0x00, 0x91, 0x3e, 0xc3, 0xfe, 0xda, 0x7f,
    0xe8, 0xc6, 0xae, 0x82, 0xbf, 0x00, 0xce, 0x7f, 0xe4, 0x65, 0x88, 0xff, 0x00, 0x1c, 0xff, 0x00,
    0xf4, 0xa6, 0x7d, 0x3e, 0x1f, 0xf8, 0x51, 0xf4, 0x5f, 0x90, 0x51, 0x5e, 0x69, 0xa8, 0x57, 0x8e,
    0xf8, 0xe3, 0xfe, 0x47, 0x0b, 0xff, 0x00, 0xfb, 0x67, 0xff, 0x00, 0xa2, 0xd6, 0xbe, 0xdb, 0x80,
    0xbf, 0xe4, 0x65, 0x3f, 0xf0, 0x3f, 0xfd, 0x2a, 0x27, 0x9f, 0x99, 0xff, 0x00, 0x09, 0x7a, 0xfe,
    0x8c, 0xe7, 0xe8, 0xaf, 0xd6, 0xcf, 0x0c, 0x28, 0xa0, 0x0f, 0x62, 0xf0, 0x3f, 0xfc, 0x89, 0xf6,
    0x1f, 0xf6, 0xd3, 0xff, 0x00, 0x46, 0x35, 0x74, 0x15, 0xf8, 0x06, 0x73, 0xff, 0x00, 0x23, 0x2c,
    0x47, 0xf8, 0xe7, 0xff, 0x00, 0xa5, 0x33, 0xe9, 0xf0, 0xff, 0x00, 0xc2, 0x8f, 0xa2, 0xfc, 0x82,
    0x8a, 0xf3, 0x4d, 0x42, 0xbc, 0x77, 0xc7, 0x1f, 0xf2, 0x38, 0x5f, 0xff, 0x00, 0xdb, 0x3f, 0xfd,
    0x16, 0xb5, 0xf6, 0xdc, 0x05, 0xff, 0x00, 0x23, 0x29, 0xff, 0x00, 0x81, 0xff, 0x00, 0xe9, 0x51,
    0x3c, 0xfc, 0xcf, 0xf8, 0x4b, 0xd7, 0xf4, 0x67, 0x3f, 0x45, 0x7e, 0xb6, 0x78, 0x61, 0x45, 0x00,
    0x7b, 0x17, 0x81, 0xff, 0x00, 0xe4, 0x4f, 0xb0, 0xff, 0x00, 0xb6, 0x9f, 0xfa, 0x31, 0xab, 0xa0,
    0xaf, 0xc0, 0x33, 0x9f, 0xf9, 0x19, 0x62, 0x3f, 0xc7, 0x3f, 0xfd, 0x29, 0x9f, 0x4f, 0x87, 0xfe,
    0x14, 0x7d, 0x17, 0xe4, 0x14, 0x57, 0x9a, 0x6a, 0x15, 0xe3, 0xbe, 0x38, 0xff, 0x00, 0x91, 0xc2,
    0xff, 0x00, 0xfe, 0xd9, 0xff, 0x00, 0xe8, 0xb5, 0xaf, 0xb6, 0xe0, 0x2f, 0xf9, 0x19, 0x4f, 0xfc,
    0x0f, 0xff, 0x00, 0x4a, 0x89, 0xe7, 0xe6, 0x7f, 0xc2, 0x5e, 0xbf, 0xa3, 0x39, 0xfa, 0x2b, 0xf5,
    0xb3, 0xc3, 0x0a, 0x28, 0x03, 0xd8, 0xbc, 0x0f, 0xff, 0x00, 0x22, 0x7d, 0x87, 0xfd, 0xb4, 0xff,
    0x00, 0xd1, 0x8d, 0x5d, 0x05, 0x7e, 0x01, 0x9c, 0xff, 0x00, 0xc8, 0xcb, 0x11, 0xfe, 0x39, 0xff,
    0x00, 0xe9, 0x4c, 0xfa, 0x7c, 0x3f, 0xf0, 0xa3, 0xe8, 0xbf, 0x20, 0xa2, 0xbc, 0xd3, 0x50, 0xaf,
    0x1d, 0xf1, 0xc7, 0xfc, 0x8e, 0x17, 0xff, 0x00, 0xf6, 0xcf, 0xff, 0x00, 0x45, 0xad, 0x7d, 0xb7,
    0x01, 0x7f, 0xc8, 0xca, 0x7f, 0xe0, 0x7f, 0xfa, 0x54, 0x4f, 0x3f, 0x33, 0xfe, 0x12, 0xf5, 0xfd,
    0x19, 0xcf, 0xd1, 0x5f, 0xad, 0x9e, 0x18, 0x51, 0x40, 0x1e, 0xc5, 0xe0, 0x7f, 0xf9, 0x13, 0xec,
    0x3f, 0xed, 0xa7, 0xfe, 0x8c, 0x6a, 0xe8, 0x2b, 0xf0, 0x0c, 0xe7, 0xfe, 0x46, 0x58, 0x8f, 0xf1,
    0xcf, 0xff, 0x00, 0x4a, 0x67, 0xd3, 0xe1, 0xff, 0x00, 0x85, 0x1f, 0x45, 0xf9, 0x05, 0x15, 0xe6,
    0x9a, 0x85, 0x78, 0xef, 0x8e, 0x3f, 0xe4, 0x70, 0xbf, 0xff, 0x00, 0xb6, 0x7f, 0xfa, 0x2d, 0x6b,
    0xed, 0xb8, 0x0b, 0xfe, 0x46, 0x53, 0xff, 0x00, 0x03, 0xff, 0x00, 0xd2, 0xa2, 0x79, 0xf9, 0x9f,
    0xf0, 0x97, 0xaf, 0xe8, 0xce, 0x7e, 0x8a, 0xfd, 0x6c, 0xf0, 0xc2, 0x8a, 0x00, 0xf6, 0x2f, 0x03,
    0xff, 0x00, 0xc8, 0x9f, 0x61, 0xff, 0x00, 0x6d, 0x3f, 0xf4, 0x63, 0x57, 0x41, 0x5f, 0x80, 0x67,
    0x3f, 0xf2, 0x32, 0xc4, 0x7f, 0x8e, 0x7f, 0xfa, 0x53, 0x3e, 0x9f, 0x0f, 0xfc, 0x28, 0xfa, 0x2f,
    0xc8, 0x28, 0xaf, 0x34, 0xd4, 0x2b, 0xc7, 0x7c, 0x71, 0xff, 0x00, 0x23, 0x85, 0xff, 0x00, 0xfd,
    0xb3, 0xff, 0x00, 0xd1, 0x6b, 0x5f, 0x6d, 0xc0, 0x5f, 0xf2, 0x32, 0x9f, 0xf8, 0x1f, 0xfe, 0x95,
    0x13, 0xcf, 0xcc, 0xff, 0x00, 0x84, 0xbd, 0x7f, 0x46, 0x73, 0xf4, 0x57, 0xeb, 0x67, 0x86, 0x14,
    0x50, 0x07, 0xb1, 0x78, 0x1f, 0xfe, 0x44, 0xfb, 0x0f, 0xfb, 0x69, 0xff, 0x00, 0xa3, 0x1a, 0xba,
    0x0a, 0xfc, 0x03, 0x39, 0xff, 0x00, 0x91, 0x96, 0x23, 0xfc, 0x73, 0xff, 0x00, 0xd2, 0x99, 0xf4,
    0xf8, 0x7f, 0xe1, 0x47, 0xd1, 0x7e, 0x41, 0x45, 0x79, 0xa6, 0xa1, 0x5e, 0x3b, 0xe3, 0x8f, 0xf9,
    0x1c, 0x2f, 0xff, 0x00, 0xed, 0x9f, 0xfe, 0x8b, 0x5a, 0xfb, 0x6e, 0x02, 0xff, 0x00, 0x91, 0x94,
    0xff, 0x00, 0xc0, 0xff, 0x00, 0xf4, 0xa8, 0x9e, 0x7e, 0x67, 0xfc, 0x25, 0xeb, 0xfa, 0x33, 0x9f,
    0xa2, 0xbf, 0x5b, 0x3c, 0x30, 0xa2, 0x80, 0x3d, 0x8b, 0xc0, 0xff, 0x00, 0xf2, 0x27, 0xd8, 0x7f,
    0xdb, 0x4f, 0xfd, 0x18, 0xd5, 0xd0, 0x57, 0xe0, 0x19, 0xcf, 0xfc, 0x8c, 0xb1, 0x1f, 0xe3, 0x9f,
    0xfe, 0x94, 0xcf, 0xa7, 0xc3, 0xff, 0x00, 0x0a, 0x3e, 0x8b, 0xf2, 0x0a, 0x2b, 0xcd, 0x35, 0x0a,
    0xf1, 0xdf, 0x1c, 0x7f, 0xc8, 0xe1, 0x7f, 0xff, 0x00, 0x6c, 0xff, 0x00, 0xf4, 0x5a, 0xd7, 0xdb,
    0x70, 0x17, 0xfc, 0x8c, 0xa7, 0xfe, 0x07, 0xff, 0x00, 0xa5, 0x44, 0xf3, 0xf3, 0x3f, 0xe1, 0x2f,
    0x5f, 0xd1, 0x9c, 0xfd, 0x15, 0xfa, 0xd9, 0xe1, 0x85, 0x14, 0x01, 0xec, 0x5e, 0x07, 0xff, 0x00,
    0x91, 0x3e, 0xc3, 0xfe, 0xda, 0x7f, 0xe8, 0xc6, 0xae, 0x82, 0xbf, 0x00, 0xce, 0x7f, 0xe4, 0x65,
    0x88, 0xff, 0x00, 0x1c, 0xff, 0x00, 0xf4, 0xa6, 0x7d, 0x3e, 0x1f, 0xf8, 0x51, 0xf4, 0x5f, 0x90,
    0x51, 0x5e, 0x69, 0xa8, 0x57, 0x8e, 0xf8, 0xe3, 0xfe, 0x47, 0x0b, 0xff, 0x00, 0xfb, 0x67, 0xff,
    0x00, 0xa2, 0xd6, 0xbe, 0xdb, 0x80, 0xbf, 0xe4, 0x65, 0x3f, 0xf0, 0x3f, 0xfd, 0x2a, 0x27, 0x9f,
    0x99, 0xff, 0x00, 0x09, 0x7a, 0xfe, 0x8c, 0xe7, 0xe8, 0xaf, 0xd6, 0xcf, 0x0c, 0x28, 0xa0, 0x0f,
    0x62, 0xf0, 0x3f, 0xfc, 0x89, 0xf6, 0x1f, 0xf6, 0xd3, 0xff, 0x00, 0x46, 0x35, 0x74, 0x15, 0xf8,
    0x06, 0x73, 0xff, 0x00, 0x23, 0x2c, 0x47, 0xf8, 0xe7, 0xff, 0x00, 0xa5, 0x33, 0xe9, 0xf0, 0xff,
    0x00, 0xc2, 0x8f, 0xa2, 0xfc, 0x82, 0x8a, 0xf3, 0x4d, 0x42, 0xbc, 0x77, 0xc7, 0x1f, 0xf2, 0x38,
    0x5f, 0xff, 0x00, 0xdb, 0x3f, 0xfd, 0x16, 0xb5, 0xf6, 0xdc, 0x05, 0xff, 0x00, 0x23, 0x29, 0xff,
    0x00, 0x81, 0xff, 0x00, 0xe9, 0x51, 0x3c, 0xfc, 0xcf, 0xf8, 0x4b, 0xd7, 0xf4, 0x67, 0x3f, 0x45,
    0x7e, 0xb6, 0x78, 0x61, 0x45, 0x00, 0x7b, 0x17, 0x81, 0xff, 0x00, 0xe4, 0x4f, 0xb0, 0xff, 0x00,
    0xb6, 0x9f, 0xfa, 0x31, 0xab, 0xa0, 0xaf, 0xc0, 0x33, 0x9f, 0xf9, 0x19, 0x62, 0x3f, 0xc7, 0x3f,
    0xfd, 0x29, 0x9f, 0x4f, 0x87, 0xfe, 0x14, 0x7d, 0x17, 0xe4, 0x14, 0x57, 0x9a, 0x6a, 0x15, 0xe3,
    0xbe, 0x38, 0xff, 0x00, 0x91, 0xc2, 0xff, 0x00, 0xfe, 0xd9, 0xff, 0x00, 0xe8, 0xb5, 0xaf, 0xb6,
    0xe0, 0x2f, 0xf9, 0x19, 0x4f, 0xfc, 0x0f, 0xff, 0x00, 0x4a, 0x89, 0xe7, 0xe6, 0x7f, 0xc2, 0x5e,
    0xbf, 0xa3, 0x39, 0xfa, 0x2b, 0xf5, 0xb3, 0xc3, 0x0a, 0x28, 0x03, 0xd8, 0xbc, 0x0f, 0xff, 0x00,
    0x22, 0x7d, 0x87, 0xfd, 0xb4, 0xff, 0x00, 0xd1, 0x8d, 0x5d, 0x05, 0x7e, 0x01, 0x9c, 0xff, 0x00,
    0xc8, 0xcb, 0x11, 0xfe, 0x39, 0xff, 0x00, 0xe9, 0x4c, 0xfa, 0x7c, 0x3f, 0xf0, 0xa3, 0xe8, 0xbf,
    0x20, 0xa2, 0xbc, 0xd3, 0x50, 0xaf, 0x1d, 0xf1, 0xc7, 0xfc, 0x8e, 0x17, 0xff, 0x00, 0xf6, 0xcf,
    0xff, 0x00, 0x45, 0xad, 0x7d, 0xb7, 0x01, 0x7f, 0xc8, 0xca, 0x7f, 0xe0, 0x7f, 0xfa, 0x54, 0x4f,
    0x3f, 0x33, 0xfe, 0x12, 0xf5, 0xfd, 0x19, 0xcf, 0xd1, 0x5f, 0xad, 0x9e, 0x18, 0x51, 0x40, 0x1e,
    0xc5, 0xe0, 0x7f, 0xf9, 0x13, 0xec, 0x3f, 0xed, 0xa7, 0xfe, 0x8c, 0x6a, 0xe8, 0x2b, 0xf0, 0x0c,
    0xe7, 0xfe, 0x46, 0x58, 0x8f, 0xf1, 0xcf, 0xff, 0x00, 0x4a, 0x67, 0xd3, 0xe1, 0xff, 0x00, 0x85,
    0x1f, 0x45, 0xf9, 0x05, 0x15, 0xe6, 0x9a, 0x85, 0x78, 0xef, 0x8e, 0x3f, 0xe4, 0x70, 0xbf, 0xff,
    0x00, 0xb6, 0x7f, 0xfa, 0x2d, 0x6b, 0xed, 0xb8, 0x0b, 0xfe, 0x46, 0x53, 0xff, 0x00, 0x03, 0xff,
    0x00, 0xd2, 0xa2, 0x79, 0xf9, 0x9f, 0xf0, 0x97, 0xaf, 0xe8, 0xce, 0x7e, 0x8a, 0xfd, 0x6c, 0xf0,
    0xc2, 0x8a, 0x00, 0xf6, 0x2f, 0x03, 0xff, 0x00, 0xc8, 0x9f, 0x61, 0xff, 0x00, 0x6d, 0x3f, 0xf4,
    0x63, 0x57, 0x41, 0x5f, 0x80, 0x67, 0x3f, 0xf2, 0x32, 0xc4, 0x7f, 0x8e, 0x7f, 0xfa, 0x53, 0x3e,
    0x9f, 0x0f, 0xfc, 0x28, 0xfa, 0x2f, 0xc8, 0x28, 0xaf, 0x34, 0xd4, 0xf9, 0xf6, 0xbd, 0x8b, 0xc0,
    0xff, 0x00, 0xf2, 0x27, 0xd8, 0x7f, 0xdb, 0x4f, 0xfd, 0x18, 0xd5, 0xfa, 0xd7, 0x1e, 0xff, 0x00,
    0xc8, 0xb6, 0x1f, 0xe3, 0x5f, 0xfa, 0x4c, 0x8f, 0x13, 0x2c, 0xfe, 0x2b, 0xf4, 0xfd, 0x51, 0xd0,
    0x51, 0x5f, 0x92, 0x9e, 0xd8, 0x51, 0x40, 0x1e, 0x3b, 0xe3, 0x8f, 0xf9, 0x1c, 0x2f, 0xff, 0x00,
    0xed, 0x9f, 0xfe, 0x8b, 0x5a, 0xe7, 0xeb, 0xf7, 0xfc, 0x9b, 0xfe, 0x45, 0xb8, 0x7f, 0xf0, 0x43,
    0xff, 0x00, 0x49, 0x47, 0xcc, 0x62, 0x3f, 0x8b, 0x2f, 0x57, 0xf9, 0x85, 0x15, 0xe9, 0x19, 0x05,
    0x7b, 0x17, 0x81, 0xff, 0x00, 0xe4, 0x4f, 0xb0, 0xff, 0x00, 0xb6, 0x9f, 0xfa, 0x31, 0xab, 0xe2,
    0x38, 0xf7, 0xfe, 0x45, 0xb0, 0xff, 0x00, 0x1a, 0xff, 0x00, 0xd2, 0x64, 0x7a, 0x39, 0x67, 0xf1,
    0x5f, 0xa7, 0xea, 0x8e, 0x82, 0x8a, 0xfc, 0x94, 0xf6, 0xc2, 0x8a, 0x00, 0xf1, 0xdf, 0x1c, 0x7f,
    0xc8, 0xe1, 0x7f, 0xff, 0x00, 0x6c, 0xff, 0x00, 0xf4, 0x5a, 0xd7, 0x3f, 0x5f, 0xbf, 0xe4, 0xdf,
    0xf2, 0x2d, 0xc3, 0xff, 0x00, 0x82, 0x1f, 0xfa, 0x4a, 0x3e, 0x63, 0x11, 0xfc, 0x59, 0x7a, 0xbf,
    0xcc, 0x28, 0xaf, 0x48, 0xc8, 0x2b, 0xd8, 0xbc, 0x0f, 0xff, 0x00, 0x22, 0x7d, 0x87, 0xfd, 0xb4,
    0xff, 0x00, 0xd1, 0x8d, 0x5f, 0x11, 0xc7, 0xbf, 0xf2, 0x2d, 0x87, 0xf8, 0xd7, 0xfe, 0x93, 0x23,
    0xd1, 0xcb, 0x3f, 0x8a, 0xfd, 0x3f, 0x54, 0x74, 0x14, 0x57, 0xe4, 0xa7, 0xb6, 0x14, 0x50, 0x07,
    0x8e, 0xf8, 0xe3, 0xfe, 0x47, 0x0b, 0xff, 0x00, 0xfb, 0x67, 0xff, 0x00, 0xa2, 0xd6, 0xb9, 0xfa,
    0xfd, 0xff, 0x00, 0x26, 0xff, 0x00, 0x91, 0x6e, 0x1f, 0xfc, 0x10, 0xff, 0x00, 0xd2, 0x51, 0xf3,
    0x18, 0x8f, 0xe2, 0xcb, 0xd5, 0xfe, 0x61, 0x45, 0x7a, 0x46, 0x41, 0x5e, 0xc5, 0xe0, 0x7f, 0xf9,
    0x13, 0xec, 0x3f, 0xed, 0xa7, 0xfe, 0x8c, 0x6a, 0xf8, 0x8e, 0x3d, 0xff, 0x00, 0x91, 0x6c, 0x3f,
    0xc6, 0xbf, 0xf4, 0x99, 0x1e, 0x8e, 0x59, 0xfc, 0x57, 0xe9, 0xfa, 0xa3, 0xa0, 0xa2, 0xbf, 0x25,
    0x3d, 0xb0, 0xa2, 0x80, 0x3c, 0x77, 0xc7, 0x1f, 0xf2, 0x38, 0x5f, 0xff, 0x00, 0xdb, 0x3f, 0xfd,
    0x16, 0xb5, 0xcf, 0xd7, 0xef, 0xf9, 0x37, 0xfc, 0x8b, 0x70, 0xff, 0x00, 0xe0, 0x87, 0xfe, 0x92,
    0x8f, 0x98, 0xc4, 0x7f, 0x16, 0x5e, 0xaf, 0xf3, 0x0a, 0x2b, 0xd2, 0x32, 0x0a, 0xf6, 0x2f, 0x03,
    0xff, 0x00, 0xc8, 0x9f, 0x61, 0xff, 0x00, 0x6d, 0x3f, 0xf4, 0x63, 0x57, 0xc4, 0x71, 0xef, 0xfc,
    0x8b, 0x61, 0xfe, 0x35, 0xff, 0x00, 0xa4, 0xc8, 0xf4, 0x72, 0xcf, 0xe2, 0xbf, 0x4f, 0xd5, 0x1d,
    0x05, 0x15, 0xf9, 0x29, 0xed, 0x85, 0x14, 0x01, 0xe3, 0xbe, 0x38, 0xff, 0x00, 0x91, 0xc2, 0xff,
    0x00, 0xfe, 0xd9, 0xff, 0x00, 0xe8, 0xb5, 0xae, 0x7e, 0xbf, 0x7f, 0xc9, 0xbf, 0xe4, 0x5b, 0x87,
    0xff, 0x00, 0x04, 0x3f, 0xf4, 0x94, 0x7c, 0xc6, 0x23, 0xf8, 0xb2, 0xf5, 0x7f, 0x98, 0x51, 0x5e,
    0x91, 0x90, 0x57, 0xb1, 0x78, 0x1f, 0xfe, 0x44, 0xfb, 0x0f, 0xfb, 0x69, 0xff, 0x00, 0xa3, 0x1a,
    0xbe, 0x23, 0x8f, 0x7f, 0xe4, 0x5b, 0x0f, 0xf1, 0xaf, 0xfd, 0x26, 0x47, 0xa3, 0x96, 0x7f, 0x15,
    0xfa, 0x7e, 0xa8, 0xe8, 0x28, 0xaf, 0xc9, 0x4f, 0x6c, 0x28, 0xa0, 0x0f, 0x1d, 0xf1, 0xc7, 0xfc,
    0x8e, 0x17, 0xff, 0x00, 0xf6, 0xcf, 0xff, 0x00, 0x45, 0xad, 0x73, 0xf5, 0xfb, 0xfe, 0x4d, 0xff,
    0x00, 0x22, 0xdc, 0x3f, 0xf8, 0x21, 0xff, 0x00, 0xa4, 0xa3, 0xe6, 0x31, 0x1f, 0xc5, 0x97, 0xab,
    0xfc, 0xc2, 0x8a, 0xf4, 0x8c, 0x82, 0xbd, 0x8b, 0xc0, 0xff, 0x00, 0xf2, 0x27, 0xd8, 0x7f, 0xdb,
    0x4f, 0xfd, 0x18, 0xd5, 0xf1, 0x1c, 0x7b, 0xff, 0x00, 0x22, 0xd8, 0x7f, 0x8d, 0x7f, 0xe9, 0x32,
    0x3d, 0x1c, 0xb3, 0xf8, 0xaf, 0xd3, 0xf5, 0x47, 0x41, 0x45, 0x7e, 0x4a, 0x7b, 0x61, 0x45, 0x00,
    0x78, 0xef, 0x8e, 0x3f, 0xe4, 0x70, 0xbf, 0xff, 0x00, 0xb6, 0x7f, 0xfa, 0x2d, 0x6b, 0x9f, 0xaf,
    0xdf, 0xf2, 0x6f, 0xf9, 0x16, 0xe1, 0xff, 0x00, 0xc1, 0x0f, 0xfd, 0x25, 0x1f, 0x31, 0x88, 0xfe,
    0x2c, 0xbd, 0x5f, 0xe6, 0x14, 0x57, 0xa4, 0x64, 0x15, 0xec, 0x5e, 0x07, 0xff, 0x00, 0x91, 0x3e,
    0xc3, 0xfe, 0xda, 0x7f, 0xe8, 0xc6, 0xaf, 0x88, 0xe3, 0xdf, 0xf9, 0x16, 0xc3, 0xfc, 0x6b, 0xff,
    0x00, 0x49, 0x91, 0xe8, 0xe5, 0x9f, 0xc5, 0x7e, 0x9f, 0xaa, 0x3a, 0x0a, 0x2b, 0xf2, 0x53, 0xdb,
    0x0a, 0x28, 0x03, 0xc7, 0x7c, 0x71, 0xff, 0x00, 0x23, 0x85, 0xff, 0x00, 0xfd, 0xb3, 0xff, 0x00,
    0xd1, 0x6b, 0x5c, 0xfd, 0x7e, 0xff, 0x00, 0x93, 0x7f, 0xc8, 0xb7, 0x0f, 0xfe, 0x08, 0x7f, 0xe9,
    0x28, 0xf9, 0x8c, 0x47, 0xf1, 0x65, 0xea, 0xff, 0x00, 0x30, 0xa2, 0xbd, 0x23, 0x20, 0xaf, 0x62,
    0xf0, 0x3f, 0xfc, 0x89, 0xf6, 0x1f, 0xf6, 0xd3, 0xff, 0x00, 0x46, 0x35, 0x7c, 0x47, 0x1e, 0xff,
    0x00, 0xc8, 0xb6, 0x1f, 0xe3, 0x5f, 0xfa, 0x4c, 0x8f, 0x47, 0x2c, 0xfe, 0x2b, 0xf4, 0xfd, 0x51,
    0xd0, 0x51, 0x5f, 0x92, 0x9e, 0xd8, 0x51, 0x40, 0x1e, 0x3b, 0xe3, 0x8f, 0xf9, 0x1c, 0x2f, 0xff,
    0x00, 0xed, 0x9f, 0xfe, 0x8b, 0x5a, 0xe7, 0xeb, 0xf7, 0xfc, 0x9b, 0xfe, 0x45, 0xb8, 0x7f, 0xf0,
    0x43, 0xff, 0x00, 0x49, 0x47, 0xcc, 0x62, 0x3f, 0x8b, 0x2f, 0x57, 0xf9, 0x85, 0x15, 0xe9, 0x19,
    0x05, 0x7b, 0x17, 0x81, 0xff, 0x00, 0xe4, 0x4f, 0xb0, 0xff, 0x00, 0xb6, 0x9f, 0xfa, 0x31, 0xab,
    0xe2, 0x38, 0xf7, 0xfe, 0x45, 0xb0, 0xff, 0x00, 0x1a, 0xff, 0x00, 0xd2, 0x64, 0x7a, 0x39, 0x67,
    0xf1, 0x5f, 0xa7, 0xea, 0x8e, 0x82, 0x8a, 0xfc, 0x94, 0xf6, 0xc2, 0x8a, 0x00, 0xf1, 0xdf, 0x1c,
    0x7f, 0xc8, 0xe1, 0x7f, 0xff, 0x00, 0x6c, 0xff, 0x00, 0xf4, 0x5a, 0xd7, 0x3f, 0x5f, 0xbf, 0xe4,
    0xdf, 0xf2, 0x2d, 0xc3, 0xff, 0x00, 0x82, 0x1f, 0xfa, 0x4a, 0x3e, 0x63, 0x11, 0xfc, 0x59, 0x7a,
    0xbf, 0xcc, 0x28, 0xaf, 0x48, 0xc8, 0x2b, 0xd8, 0xbc, 0x0f, 0xff, 0x00, 0x22, 0x7d, 0x87, 0xfd,
    0xb4, 0xff, 0x00, 0xd1, 0x8d, 0x5f, 0x11, 0xc7, 0xbf, 0xf2, 0x2d, 0x87, 0xf8, 0xd7, 0xfe, 0x93,
    0x23, 0xd1, 0xcb, 0x3f, 0x8a, 0xfd, 0x3f, 0x54, 0x74, 0x14, 0x57, 0xe4, 0xa7, 0xb6, 0x14, 0x50,
    0x07, 0x8e, 0xf8, 0xe3, 0xfe, 0x47, 0x0b, 0xff, 0x00, 0xfb, 0x67, 0xff, 0x00, 0xa2, 0xd6, 0xb9,
    0xfa, 0xfd, 0xff, 0x00, 0x26, 0xff, 0x00, 0x91, 0x6e, 0x1f, 0xfc, 0x10, 0xff, 0x00, 0xd2, 0x51,
    0xf3, 0x18, 0x8f, 0xe2, 0xcb, 0xd5, 0xfe, 0x61, 0x45, 0x7a, 0x46, 0x41, 0x5e, 0xc5, 0xe0, 0x7f,
    0xf9, 0x13, 0xec, 0x3f, 0xed, 0xa7, 0xfe, 0x8c, 0x6a, 0xf8, 0x8e, 0x3d, 0xff, 0x00, 0x91, 0x6c,
    0x3f, 0xc6, 0xbf, 0xf4, 0x99, 0x1e, 0x8e, 0x59, 0xfc, 0x57, 0xe9, 0xfa, 0xa3, 0xa0, 0xa2, 0xbf,
    0x25, 0x3d, 0xb0, 0xa2, 0x80, 0x3c, 0x77, 0xc7, 0x1f, 0xf2, 0x38, 0x5f, 0xff, 0x00, 0xdb, 0x3f,
    0xfd, 0x16, 0xb5, 0xcf, 0xd7, 0xef, 0xf9, 0x37, 0xfc, 0x8b, 0x70, 0xff, 0x00, 0xe0, 0x87, 0xfe,
    0x92, 0x8f, 0x98, 0xc4, 0x7f, 0x16, 0x5e, 0xaf, 0xf3, 0x0a, 0x2b, 0xd2, 0x32, 0x0a, 0xf6, 0x2f,
    0x03, 0xff, 0x00, 0xc8, 0x9f, 0x61, 0xff, 0x00, 0x6d, 0x3f, 0xf4, 0x63, 0x57, 0xc4, 0x71, 0xef,
    0xfc, 0x8b, 0x61, 0xfe, 0x35, 0xff, 0x00, 0xa4, 0xc8, 0xf4, 0x72, 0xcf, 0xe2, 0xbf, 0x4f, 0xd5,
    0x1d, 0x05, 0x15, 0xf9, 0x29, 0xed, 0x85, 0x14, 0x01, 0xe3, 0xbe, 0x38, 0xff, 0x00, 0x91, 0xc2,
    0xff, 0x00, 0xfe, 0xd9, 0xff, 0x00, 0xe8, 0xb5, 0xae, 0x7e, 0xbf, 0x7f, 0xc9, 0xbf, 0xe4, 0x5b,
    0x87, 0xff, 0x00, 0x04, 0x3f, 0xf4, 0x94, 0x7c, 0xc6, 0x23, 0xf8, 0xb2, 0xf5, 0x7f, 0x98, 0x51,
    0x5e, 0x91, 0x90, 0x57, 0xb1, 0x78, 0x1f, 0xfe, 0x44, 0xfb, 0x0f, 0xfb, 0x69, 0xff, 0x00, 0xa3,
    0x1a, 0xbe, 0x23, 0x8f, 0x7f, 0xe4, 0x5b, 0x0f, 0xf1, 0xaf, 0xfd, 0x26, 0x47, 0xa3, 0x96, 0x7f,
    0x15, 0xfa, 0x7e, 0xa8, 0xe8, 0x28, 0xaf, 0xc9, 0x4f, 0x6c, 0x28, 0xa0, 0x0f, 0x1d, 0xf1, 0xc7,
    0xfc, 0x8e, 0x17, 0xff, 0x00, 0xf6, 0xcf, 0xff, 0x00, 0x45, 0xad, 0x73, 0xf5, 0xfb, 0xfe, 0x4d,
    0xff, 0x00, 0x22, 0xdc, 0x3f, 0xf8, 0x21, 0xff, 0x00, 0xa4, 0xa3, 0xe6, 0x31, 0x1f, 0xc5, 0x97,
    0xab, 0xfc, 0xc2, 0x8a, 0xf4, 0x8c, 0x82, 0xbd, 0x8b, 0xc0, 0xff, 0x00, 0xf2, 0x27, 0xd8, 0x7f,
    0xdb, 0x4f, 0xfd, 0x18, 0xd5, 0xf1, 0x1c, 0x7b, 0xff, 0x00, 0x22, 0xd8, 0x7f, 0x8d, 0x7f, 0xe9,
    0x32, 0x3d, 0x1c, 0xb3, 0xf8, 0xaf, 0xd3, 0xf5, 0x47, 0x41, 0x45, 0x7e, 0x4a, 0x7b, 0x61, 0x45,
    0x00, 0x78, 0xef, 0x8e, 0x3f, 0xe4, 0x70, 0xbf, 0xff, 0x00, 0xb6, 0x7f, 0xfa, 0x2d, 0x6b, 0x9f,
    0xaf, 0xdf, 0xf2, 0x6f, 0xf9, 0x16, 0xe1, 0xff, 0x00, 0xc1, 0x0f, 0xfd, 0x25, 0x1f, 0x31, 0x88,
    0xfe, 0x2c, 0xbd, 0x5f, 0xe6, 0x14, 0x57, 0xa4, 0x64, 0x15, 0xec, 0x5e, 0x07, 0xff, 0x00, 0x91,
    0x3e, 0xc3, 0xfe, 0xda, 0x7f, 0xe8, 0xc6, 0xaf, 0x88, 0xe3, 0xdf, 0xf9, 0x16, 0xc3, 0xfc, 0x6b,
    0xff, 0x00, 0x49, 0x91, 0xe8, 0xe5, 0x9f, 0xc5, 0x7e, 0x9f, 0xaa, 0x3a, 0x0a, 0x2b, 0xf2, 0x53,
    0xdb, 0x0a, 0x28, 0x03, 0xc7, 0x7c, 0x71, 0xff, 0x00, 0x23, 0x85, 0xff, 0x00, 0xfd, 0xb3, 0xff,
    0x00, 0xd1, 0x6b, 0x5c, 0xfd, 0x7e, 0xff, 0x00, 0x93, 0x7f, 0xc8, 0xb7, 0x0f, 0xfe, 0x08, 0x7f,
    0xe9, 0x28, 0xf9, 0x8c, 0x47, 0xf1, 0x65, 0xea, 0xff, 0x00, 0x30, 0xa2, 0xbd, 0x23, 0x20, 0xaf,
    0x62, 0xf0, 0x3f, 0xfc, 0x89, 0xf6, 0x1f, 0xf6, 0xd3, 0xff, 0x00, 0x46, 0x35, 0x7c, 0x47, 0x1e,
    0xff, 0x00, 0xc8, 0xb6, 0x1f, 0xe3, 0x5f, 0xfa, 0x4c, 0x8f, 0x47, 0x2c, 0xfe, 0x2b, 0xf4, 0xfd,
    0x51, 0xd0, 0x51, 0x5f, 0x92, 0x9e, 0xd8, 0x51, 0x40, 0x1e, 0x3b, 0xe3, 0x8f, 0xf9, 0x1c, 0x2f,
    0xff, 0x00, 0xed, 0x9f, 0xfe, 0x8b, 0x5a, 0xe7, 0xeb, 0xf7, 0xfc, 0x9b, 0xfe, 0x45, 0xb8, 0x7f,
    0xf0, 0x43, 0xff, 0x00, 0x49, 0x47, 0xcc, 0x62, 0x3f, 0x8b, 0x2f, 0x57, 0xf9, 0x85, 0x15, 0xe9,
    0x19, 0x05, 0x7b, 0x17, 0x81, 0xff, 0x00, 0xe4, 0x4f, 0xb0, 0xff, 0x00, 0xb6, 0x9f, 0xfa, 0x31,
    0xab, 0xe2, 0x38, 0xf7, 0xfe, 0x45, 0xb0, 0xff, 0x00, 0x1a, 0xff, 0x00, 0xd2, 0x64, 0x7a, 0x39,
    0x67, 0xf1, 0x5f, 0xa7, 0xea, 0x8e, 0x82, 0x8a, 0xfc, 0x94, 0xf6, 0xc2, 0x8a, 0x00, 0xf1, 0xdf,
    0x1c, 0x7f, 0xc8, 0xe1, 0x7f, 0xff, 0x00, 0x6c, 0xff, 0x00, 0xf4, 0x5a, 0xd7, 0x3f, 0x5f, 0xbf,
    0xe4, 0xdf, 0xf2, 0x2d, 0xc3, 0xff, 0x00, 0x82, 0x1f, 0xfa, 0x4a, 0x3e, 0x63, 0x11, 0xfc, 0x59,
    0x7a, 0xbf, 0xcc, 0x28, 0xaf, 0x48, 0xc8, 0x2b, 0xd8, 0xbc, 0x0f, 0xff, 0x00, 0x22, 0x7d, 0x87,
    0xfd, 0xb4, 0xff, 0x00, 0xd1, 0x8d, 0x5f, 0x11, 0xc7, 0xbf, 0xf2, 0x2d, 0x87, 0xf8, 0xd7, 0xfe,
    0x93, 0x23, 0xd1, 0xcb, 0x3f, 0x8a, 0xfd, 0x3f, 0x54, 0x74, 0x14, 0x57, 0xe4, 0xa7, 0xb6, 0x14,
    0x50, 0x07, 0x8e, 0xf8, 0xe3, 0xfe, 0x47, 0x0b, 0xff, 0x00, 0xfb, 0x67, 0xff, 0x00, 0xa2, 0xd6,
    0xb9, 0xfa, 0xfd, 0xff, 0x00, 0x26, 0xff, 0x00, 0x91, 0x6e, 0x1f, 0xfc, 0x10, 0xff, 0x00, 0xd2,
    0x51, 0xf3, 0x18, 0x8f, 0xe2, 0xcb, 0xd5, 0xfe, 0x61, 0x45, 0x7a, 0x46, 0x41, 0x5e, 0xc5, 0xe0,
    0x7f, 0xf9, 0x13, 0xec, 0x3f, 0xed, 0xa7, 0xfe, 0x8c, 0x6a, 0xf8, 0x8e, 0x3d, 0xff, 0x00, 0x91,
    0x6c, 0x3f, 0xc6, 0xbf, 0xf4, 0x99, 0x1e, 0x8e, 0x59, 0xfc, 0x57, 0xe9, 0xfa, 0xa3, 0xa0, 0xa2,
    0xbf, 0x25, 0x3d, 0xb0, 0xa2, 0x80, 0x3c, 0x77, 0xc7, 0x1f, 0xf2, 0x38, 0x5f, 0xff, 0x00, 0xdb,
    0x3f, 0xfd, 0x16, 0xb5, 0xcf, 0xd7, 0xef, 0xf9, 0x37, 0xfc, 0x8b, 0x70, 0xff, 0x00, 0xe0, 0x87,
    0xfe, 0x92, 0x8f, 0x98, 0xc4, 0x7f, 0x16, 0x5e, 0xaf, 0xf3, 0x0a, 0x2b, 0xd2, 0x32, 0x3e, 0x82,
    0xaf, 0x1d, 0xf1, 0xc7, 0xfc, 0x8e, 0x17, 0xff, 0x00, 0xf6, 0xcf, 0xff, 0x00, 0x45, 0xad, 0x7e,
    0x49, 0xc0, 0x5f, 0xf2, 0x32, 0x9f, 0xf8, 0x1f, 0xfe, 0x95, 0x13, 0xdc, 0xcc, 0xff, 0x00, 0x84,
    0xbd, 0x7f, 0x46, 0x73, 0xf4, 0x57, 0xeb, 0x67, 0x86, 0x14, 0x50, 0x07, 0xb1, 0x78, 0x1f, 0xfe,
    0x44, 0xfb, 0x0f, 0xfb, 0x69, 0xff, 0x00, 0xa3, 0x1a, 0xba, 0x0a, 0xfc, 0x03, 0x39, 0xff, 0x00,
    0x91, 0x96, 0x23, 0xfc, 0x73, 0xff, 0x00, 0xd2, 0x99, 0xf4, 0xf8, 0x7f, 0xe1, 0x47, 0xd1, 0x7e,
    0x41, 0x45, 0x79, 0xa6, 0xa1, 0x5e, 0x3b, 0xe3, 0x8f, 0xf9, 0x1c, 0x2f, 0xff, 0x00, 0xed, 0x9f,
    0xfe, 0x8b, 0x5a, 0xfb, 0x6e, 0x02, 0xff, 0x00, 0x91, 0x94, 0xff, 0x00, 0xc0, 0xff, 0x00, 0xf4,
    0xa8, 0x9e, 0x7e, 0x67, 0xfc, 0x25, 0xeb, 0xfa, 0x33, 0x9f, 0xa2, 0xbf, 0x5b, 0x3c, 0x30, 0xa2,
    0x80, 0x3d, 0x8b, 0xc0, 0xff, 0x00, 0xf2, 0x27, 0xd8, 0x7f, 0xdb, 0x4f, 0xfd, 0x18, 0xd5, 0xd0,
    0x57, 0xe0, 0x19, 0xcf, 0xfc, 0x8c, 0xb1, 0x1f, 0xe3, 0x9f, 0xfe, 0x94, 0xcf, 0xa7, 0xc3, 0xff,
    0x00, 0x0a, 0x3e, 0x8b, 0xf2, 0x0a, 0x2b, 0xcd, 0x35, 0x0a, 0xf1, 0xdf, 0x1c, 0x7f, 0xc8, 0xe1,
    0x7f, 0xff, 0x00, 0x6c, 0xff, 0x00, 0xf4, 0x5a, 0xd7, 0xdb, 0x70, 0x17, 0xfc, 0x8c, 0xa7, 0xfe,
    0x07, 0xff, 0x00, 0xa5, 0x44, 0xf3, 0xf3, 0x3f, 0xe1, 0x2f, 0x5f, 0xd1, 0x9c, 0xfd, 0x15, 0xfa,
    0xd9, 0xe1, 0x85, 0x14, 0x01, 0xec, 0x5e, 0x07, 0xff, 0x00, 0x91, 0x3e, 0xc3, 0xfe, 0xda, 0x7f,
    0xe8, 0xc6, 0xae, 0x82, 0xbf, 0x00, 0xce, 0x7f, 0xe4, 0x65, 0x88, 0xff, 0x00, 0x1c, 0xff, 0x00,
    0xf4, 0xa6, 0x7d, 0x3e, 0x1f, 0xf8, 0x51, 0xf4, 0x5f, 0x90, 0x51, 0x5e, 0x69, 0xa8, 0x57, 0x8e,
    0xf8, 0xe3, 0xfe, 0x47, 0x0b, 0xff, 0x00, 0xfb, 0x67, 0xff, 0x00, 0xa2, 0xd6, 0xbe, 0xdb, 0x80,
    0xbf, 0xe4, 0x65, 0x3f, 0xf0, 0x3f, 0xfd, 0x2a, 0x27, 0x9f, 0x99, 0xff, 0x00, 0x09, 0x7a, 0xfe,
    0x8c, 0xe7, 0xe8, 0xaf, 0xd6, 0xcf, 0x0c, 0x28, 0xa0, 0x0f, 0x62, 0xf0, 0x3f, 0xfc, 0x89, 0xf6,
    0x1f, 0xf6, 0xd3, 0xff, 0x00, 0x46, 0x35, 0x74, 0x15, 0xf8, 0x06, 0x73, 0xff, 0x00, 0x23, 0x2c,
    0x47, 0xf8, 0xe7, 0xff, 0x00, 0xa5, 0x33, 0xe9, 0xf0, 0xff, 0x00, 0xc2, 0x8f, 0xa2, 0xfc, 0x82,
    0x8a, 0xf3, 0x4d, 0x42, 0xbc, 0x77, 0xc7, 0x1f, 0xf2, 0x38, 0x5f, 0xff, 0x00, 0xdb, 0x3f, 0xfd,
    0x16, 0xb5, 0xf6, 0xdc, 0x05, 0xff, 0x00, 0x23, 0x29, 0xff, 0x00, 0x81, 0xff, 0x00, 0xe9, 0x51,
    0x3c, 0xfc, 0xcf, 0xf8, 0x4b, 0xd7, 0xf4, 0x67, 0x3f, 0x45, 0x7e, 0xb6, 0x78, 0x61, 0x45, 0x00,
    0x7b, 0x17, 0x81, 0xff, 0x00, 0xe4, 0x4f, 0xb0, 0xff, 0x00, 0xb6, 0x9f, 0xfa, 0x31, 0xab, 0xa0,
    0xaf, 0xc0, 0x33, 0x9f, 0xf9, 0x19, 0x62, 0x3f, 0xc7, 0x3f, 0xfd, 0x29, 0x9f, 0x4f, 0x87, 0xfe,
    0x14, 0x7d, 0x17, 0xe4, 0x14, 0x57, 0x9a, 0x6a, 0x15, 0xe3, 0xbe, 0x38, 0xff, 0x00, 0x91, 0xc2,
    0xff, 0x00, 0xfe, 0xd9, 0xff, 0x00, 0xe8, 0xb5, 0xaf, 0xb6, 0xe0, 0x2f, 0xf9, 0x19, 0x4f, 0xfc,
    0x0f, 0xff, 0x00, 0x4a, 0x89, 0xe7, 0xe6, 0x7f, 0xc2, 0x5e, 0xbf, 0xa3, 0x39, 0xfa, 0x2b, 0xf5,
    0xb3, 0xc3, 0x0a, 0x28, 0x03, 0xd8, 0xbc, 0x0f, 0xff, 0x00, 0x22, 0x7d, 0x87, 0xfd, 0xb4, 0xff,
    0x00, 0xd1, 0x8d, 0x5d, 0x05, 0x7e, 0x01, 0x9c, 0xff, 0x00, 0xc8, 0xcb, 0x11, 0xfe, 0x39, 0xff,
    0x00, 0xe9, 0x4c, 0xfa, 0x7c, 0x3f, 0xf0, 0xa3, 0xe8, 0xbf, 0x20, 0xa2, 0xbc, 0xd3, 0x50, 0xaf,
    0x1d, 0xf1, 0xc7, 0xfc, 0x8e, 0x17, 0xff, 0x00, 0xf6, 0xcf, 0xff, 0x00, 0x45, 0xad, 0x7d, 0xb7,
    0x01, 0x7f, 0xc8, 0xca, 0x7f, 0xe0, 0x7f, 0xfa, 0x54, 0x4f, 0x3f, 0x33, 0xfe, 0x12, 0xf5, 0xfd,
    0x19, 0xcf, 0xd1, 0x5f, 0xad, 0x9e, 0x18, 0x51, 0x40, 0x1e, 0xc5, 0xe0, 0x7f, 0xf9, 0x13, 0xec,
    0x3f, 0xed, 0xa7, 0xfe, 0x8c, 0x6a, 0xe8, 0x2b, 0xf0, 0x0c, 0xe7, 0xfe, 0x46, 0x58, 0x8f, 0xf1,
    0xcf, 0xff, 0x00, 0x4a, 0x67, 0xd3, 0xe1, 0xff, 0x00, 0x85, 0x1f, 0x45, 0xf9, 0x05, 0x15, 0xe6,
    0x9a, 0x85, 0x78, 0xef, 0x8e, 0x3f, 0xe4, 0x70, 0xbf, 0xff, 0x00, 0xb6, 0x7f, 0xfa, 0x2d, 0x6b,
    0xed, 0xb8, 0x0b, 0xfe, 0x46, 0x53, 0xff, 0x00, 0x03, 0xff, 0x00, 0xd2, 0xa2, 0x79, 0xf9, 0x9f,
    0xf0, 0x97, 0xaf, 0xe8, 0xce, 0x7e, 0x8a, 0xfd, 0x6c, 0xf0, 0xc2, 0x8a, 0x00, 0xf6, 0x2f, 0x03,
    0xff, 0x00, 0xc8, 0x9f, 0x61, 0xff, 0x00, 0x6d, 0x3f, 0xf4, 0x63, 0x57, 0x41, 0x5f, 0x80, 0x67,
    0x3f, 0xf2, 0x32, 0xc4, 0x7f, 0x8e, 0x7f, 0xfa, 0x53, 0x3e, 0x9f, 0x0f, 0xfc, 0x28, 0xfa, 0x2f,
    0xc8, 0x28, 0xaf, 0x34, 0xd4, 0x2b, 0xc7, 0x7c, 0x71, 0xff, 0x00, 0x23, 0x85, 0xff, 0x00, 0xfd,
    0xb3, 0xff, 0x00, 0xd1, 0x6b, 0x5f, 0x6d, 0xc0, 0x5f, 0xf2, 0x32, 0x9f, 0xf8, 0x1f, 0xfe, 0x95,
    0x13, 0xcf, 0xcc, 0xff, 0x00, 0x84, 0xbd, 0x7f, 0x46, 0x73, 0xf4, 0x57, 0xeb, 0x67, 0x86, 0x14,
    0x50, 0x07, 0xb1, 0x78, 0x1f, 0xfe, 0x44, 0xfb, 0x0f, 0xfb, 0x69, 0xff, 0x00, 0xa3, 0x1a, 0xba,
    0x0a, 0xfc, 0x03, 0x39, 0xff, 0x00, 0x91, 0x96, 0x23, 0xfc, 0x73, 0xff, 0x00, 0xd2, 0x99, 0xf4,
    0xf8, 0x7f, 0xe1, 0x47, 0xd1, 0x7e, 0x41, 0x45, 0x79, 0xa6, 0xa1, 0x5e, 0x3b, 0xe3, 0x8f, 0xf9,
    0x1c, 0x2f, 0xff, 0x00, 0xed, 0x9f, 0xfe, 0x8b, 0x5a, 0xfb, 0x6e, 0x02, 0xff, 0x00, 0x91, 0x94,
    0xff, 0x00, 0xc0, 0xff, 0x00, 0xf4, 0xa8, 0x9e, 0x7e, 0x67, 0xfc, 0x25, 0xeb, 0xfa, 0x33, 0x9f,
    0xa2, 0xbf, 0x5b, 0x3c, 0x30, 0xa2, 0x80, 0x3d, 0x8b, 0xc0, 0xff, 0x00, 0xf2, 0x27, 0xd8, 0x7f,
    0xdb, 0x4f, 0xfd, 0x18, 0xd5, 0xd0, 0x57, 0xe0, 0x19, 0xcf, 0xfc, 0x8c, 0xb1, 0x1f, 0xe3, 0x9f,
    0xfe, 0x94, 0xcf, 0xa7, 0xc3, 0xff, 0x00, 0x0a, 0x3e, 0x8b, 0xf2, 0x0a, 0x2b, 0xcd, 0x35, 0x0a,
    0xf1, 0xdf, 0x1c, 0x7f, 0xc8, 0xe1, 0x7f, 0xff, 0x00, 0x6c, 0xff, 0x00, 0xf4, 0x5a, 0xd7, 0xdb,
    0x70, 0x17, 0xfc, 0x8c, 0xa7, 0xfe, 0x07, 0xff, 0x00, 0xa5, 0x44, 0xf3, 0xf3, 0x3f, 0xe1, 0x2f,
    0x5f, 0xd1, 0x9c, 0xfd, 0x15, 0xfa, 0xd9, 0xe1, 0x85, 0x14, 0x01, 0xec, 0x5e, 0x07, 0xff, 0x00,
    0x91, 0x3e, 0xc3, 0xfe, 0xda, 0x7f, 0xe8, 0xc6, 0xae, 0x82, 0xbf, 0x00, 0xce, 0x7f, 0xe4, 0x65,
    0x88, 0xff, 0x00, 0x1c, 0xff, 0x00, 0xf4, 0xa6, 0x7d, 0x3e, 0x1f, 0xf8, 0x51, 0xf4, 0x5f, 0x90,
    0x51, 0x5e, 0x69, 0xa8, 0x57, 0x8e, 0xf8, 0xe3, 0xfe, 0x47, 0x0b, 0xff, 0x00, 0xfb, 0x67, 0xff,
    0x00, 0xa2, 0xd6, 0xbe, 0xdb, 0x80, 0xbf, 0xe4, 0x65, 0x3f, 0xf0, 0x3f, 0xfd, 0x2a, 0x27, 0x9f,
    0x99, 0xff, 0x00, 0x09, 0x7a, 0xfe, 0x8c, 0xe7, 0xe8, 0xaf, 0xd6, 0xcf, 0x0c, 0x28, 0xa0, 0x0f,
    0x62, 0xf0, 0x3f, 0xfc, 0x89, 0xf6, 0x1f, 0xf6, 0xd3, 0xff, 0x00, 0x46, 0x35, 0x74, 0x15, 0xf8,
    0x06, 0x73, 0xff, 0x00, 0x23, 0x2c, 0x47, 0xf8, 0xe7, 0xff, 0x00, 0xa5, 0x33, 0xe9, 0xf0, 0xff,
    0x00, 0xc2, 0x8f, 0xa2, 0xfc, 0x82, 0x8a, 0xf3, 0x4d, 0x42, 0xbc, 0x77, 0xc7, 0x1f, 0xf2, 0x38,
    0x5f, 0xff, 0x00, 0xdb, 0x3f, 0xfd, 0x16, 0xb5, 0xf6, 0xdc, 0x05, 0xff, 0x00, 0x23, 0x29, 0xff,
    0x00, 0x81, 0xff, 0x00, 0xe9, 0x51, 0x3c, 0xfc, 0xcf, 0xf8, 0x4b, 0xd7, 0xf4, 0x67, 0x3f, 0x45,
    0x7e, 0xb6, 0x78, 0x61, 0x45, 0x00, 0x7b, 0x17, 0x81, 0xff, 0x00, 0xe4, 0x4f, 0xb0, 0xff, 0x00,
    0xb6, 0x9f, 0xfa, 0x31, 0xab, 0xa0, 0xaf, 0xc0, 0x33, 0x9f, 0xf9, 0x19, 0x62, 0x3f, 0xc7, 0x3f,
    0xfd, 0x29, 0x9f, 0x4f, 0x87, 0xfe, 0x14, 0x7d, 0x17, 0xe4, 0x14, 0x57, 0x9a, 0x6a, 0x15, 0xe3,
    0xbe, 0x38, 0xff, 0x00, 0x91, 0xc2, 0xff, 0x00, 0xfe, 0xd9, 0xff, 0x00, 0xe8, 0xb5, 0xaf, 0xb6,
    0xe0, 0x2f, 0xf9, 0x19, 0x4f, 0xfc, 0x0f, 0xff, 0x00, 0x4a, 0x89, 0xe7, 0xe6, 0x7f, 0xc2, 0x5e,
    0xbf, 0xa3, 0x39, 0xfa, 0x2b, 0xf5, 0xb3, 0xc3, 0x0a, 0x28, 0x03, 0xd8, 0xbc, 0x0f, 0xff, 0x00,
    0x22, 0x7d, 0x87, 0xfd, 0xb4, 0xff, 0x00, 0xd1, 0x8d, 0x5d, 0x05, 0x7e, 0x01, 0x9c, 0xff, 0x00,
    0xc8, 0xcb, 0x11, 0xfe, 0x39, 0xff, 0x00, 0xe9, 0x4c, 0xfa, 0x7c, 0x3f, 0xf0, 0xa3, 0xe8, 0xbf,
    0x20, 0xa2, 0xbc, 0xd3, 0x50, 0xaf, 0x1d, 0xf1, 0xc7, 0xfc, 0x8e, 0x17, 0xff, 0x00, 0xf6, 0xcf,
    0xff, 0x00, 0x45, 0xad, 0x7d, 0xb7, 0x01, 0x7f, 0xc8, 0xca, 0x7f, 0xe0, 0x7f, 0xfa, 0x54, 0x4f,
    0x3f, 0x33, 0xfe, 0x12, 0xf5, 0xfd, 0x19, 0xcf, 0xd1, 0x5f, 0xad, 0x9e, 0x18, 0x51, 0x40, 0x1e,
    0xc5, 0xe0, 0x7f, 0xf9, 0x13, 0xec, 0x3f, 0xed, 0xa7, 0xfe, 0x8c, 0x6a, 0xe8, 0x2b, 0xf0, 0x0c,
    0xe7, 0xfe, 0x46, 0x58, 0x8f, 0xf1, 0xcf, 0xff, 0x00, 0x4a, 0x67, 0xd3, 0xe1, 0xff, 0x00, 0x85,
    0x1f, 0x45, 0xf9, 0x05, 0x15, 0xe6, 0x9a, 0x85, 0x78, 0xef, 0x8e, 0x3f, 0xe4, 0x70, 0xbf, 0xff,
    0x00, 0xb6, 0x7f, 0xfa, 0x2d, 0x6b, 0xed, 0xb8, 0x0b, 0xfe, 0x46, 0x53, 0xff, 0x00, 0x03, 0xff,
    0x00, 0xd2, 0xa2, 0x79, 0xf9, 0x9f, 0xf0, 0x97, 0xaf, 0xe8, 0xce, 0x7e, 0x8a, 0xfd, 0x6c, 0xf0,
    0xc2, 0x8a, 0x00, 0xf6, 0x2f, 0x03, 0xff, 0x00, 0xc8, 0x9f, 0x61, 0xff, 0x00, 0x6d, 0x3f, 0xf4,
    0x63, 0x57, 0x41, 0x5f, 0x80, 0x67, 0x3f, 0xf2, 0x32, 0xc4, 0x7f, 0x8e, 0x7f, 0xfa, 0x53, 0x3e,
    0x9f, 0x0f, 0xfc, 0x28, 0xfa, 0x2f, 0xc8, 0x28, 0xaf, 0x34, 0xd4, 0x2b, 0xc7, 0x7c, 0x71, 0xff,
    0x00, 0x23, 0x85, 0xff, 0x00, 0xfd, 0xb3, 0xff, 0x00, 0xd1, 0x6b, 0x5f, 0x6d, 0xc0, 0x5f, 0xf2,
    0x32, 0x9f, 0xf8, 0x1f, 0xfe, 0x95, 0x13, 0xcf, 0xcc, 0xff, 0x00, 0x84, 0xbd, 0x7f, 0x46, 0x73,
    0xf4, 0x57, 0xeb, 0x67, 0x86, 0x14, 0x50, 0x07, 0xb1, 0x78, 0x1f, 0xfe, 0x44, 0xfb, 0x0f, 0xfb,
    0x69, 0xff, 0x00, 0xa3, 0x1a, 0xba, 0x0a, 0xfc, 0x03, 0x39, 0xff, 0x00, 0x91, 0x96, 0x23, 0xfc,
    0x73, 0xff, 0x00, 0xd2, 0x99, 0xf4, 0xf8, 0x7f, 0xe1, 0x47, 0xd1, 0x7e, 0x41, 0x45, 0x79, 0xa6,
    0xa1, 0x5e, 0x3b, 0xe3, 0x8f, 0xf9, 0x1c, 0x2f, 0xff, 0x00, 0xed, 0x9f, 0xfe, 0x8b, 0x5a, 0xfb,
    0x6e, 0x02, 0xff, 0x00, 0x91, 0x94, 0xff, 0x00, 0xc0, 0xff, 0x00, 0xf4, 0xa8, 0x9e, 0x7e, 0x67,
    0xfc, 0x25, 0xeb, 0xfa, 0x33, 0x9f, 0xa2, 0xbf, 0x5b, 0x3c, 0x30, 0xa2, 0x80, 0x3d, 0x8b, 0xc0,
    0xff, 0x00, 0xf2, 0x27, 0xd8, 0x7f, 0xdb, 0x4f, 0xfd, 0x18, 0xd5, 0xd0, 0x57, 0xe0, 0x19, 0xcf,
    0xfc, 0x8c, 0xb1, 0x1f, 0xe3, 0x9f, 0xfe, 0x94, 0xcf, 0xa7, 0xc3, 0xff, 0x00, 0x0a, 0x3e, 0x8b,
    0xf2, 0x0a, 0x2b, 0xcd, 0x35, 0x0a, 0xf1, 0xdf, 0x1c, 0x7f, 0xc8, 0xe1, 0x7f, 0xff, 0x00, 0x6c,
    0xff, 0x00, 0xf4, 0x5a, 0xd7, 0xdb, 0x70, 0x17, 0xfc, 0x8c, 0xa7, 0xfe, 0x07, 0xff, 0x00, 0xa5,
    0x44, 0xf3, 0xf3, 0x3f, 0xe1, 0x2f, 0x5f, 0xd1, 0x9c, 0xfd, 0x15, 0xfa, 0xd9, 0xe1, 0x85, 0x14,
    0x01, 0xec, 0x5e, 0x07, 0xff, 0x00, 0x91, 0x3e, 0xc3, 0xfe, 0xda, 0x7f, 0xe8, 0xc6, 0xae, 0x82,
    0xbf, 0x00, 0xce, 0x7f, 0xe4, 0x65, 0x88, 0xff, 0x00, 0x1c, 0xff, 0x00, 0xf4, 0xa6, 0x7d, 0x3e,
    0x1f, 0xf8, 0x51, 0xf4, 0x5f, 0x90, 0x51, 0x5e, 0x69, 0xa8, 0x57, 0x8e, 0xf8, 0xe3, 0xfe, 0x47,
    0x0b, 0xff, 0x00, 0xfb, 0x67, 0xff, 0x00, 0xa2, 0xd6, 0xbe, 0xdb, 0x80, 0xbf, 0xe4, 0x65, 0x3f,
    0xf0, 0x3f, 0xfd, 0x2a, 0x27, 0x9f, 0x99, 0xff, 0x00, 0x09, 0x7a, 0xfe, 0x8c, 0xe7, 0xe8, 0xaf,
    0xd6, 0xcf, 0x0c, 0x28, 0xa0, 0x0f, 0x62, 0xf0, 0x3f, 0xfc, 0x89, 0xf6, 0x1f, 0xf6, 0xd3, 0xff,
    0x00, 0x46, 0x35, 0x74, 0x15, 0xf8, 0x06, 0x73, 0xff, 0x00, 0x23, 0x2c, 0x47, 0xf8, 0xe7, 0xff,
    0x00, 0xa5, 0x33, 0xe9, 0xf0, 0xff, 0x00, 0xc2, 0x8f, 0xa2, 0xfc, 0x82, 0x8a, 0xf3, 0x4d, 0x4f,
    0x9f, 0x6b, 0xd8, 0xbc, 0x0f, 0xff, 0x00, 0x22, 0x7d, 0x87, 0xfd, 0xb4, 0xff, 0x00, 0xd1, 0x8d,
    0x5f, 0xad, 0x71, 0xef, 0xfc, 0x8b, 0x61, 0xfe, 0x35, 0xff, 0x00, 0xa4, 0xc8, 0xf1, 0x32, 0xcf,
    0xe2, 0xbf, 0x4f, 0xd5, 0x1d, 0x05, 0x15, 0xf9, 0x29, 0xed, 0x85, 0x14, 0x01, 0xe3, 0xbe, 0x38,
    0xff, 0x00, 0x91, 0xc2, 0xff, 0x00, 0xfe, 0xd9, 0xff, 0x00, 0xe8, 0xb5, 0xae, 0x7e, 0xbf, 0x7f,
    0xc9, 0xbf, 0xe4, 0x5b, 0x87, 0xff, 0x00, 0x04, 0x3f, 0xf4, 0x94, 0x7c, 0xc6, 0x23, 0xf8, 0xb2,
    0xf5, 0x7f, 0x98, 0x51, 0x5e, 0x91, 0x90, 0x57, 0xb1, 0x78, 0x1f, 0xfe, 0x44, 0xfb, 0x0f, 0xfb,
    0x69, 0xff, 0x00, 0xa3, 0x1a, 0xbe, 0x23, 0x8f, 0x7f, 0xe4, 0x5b, 0x0f, 0xf1, 0xaf, 0xfd, 0x26,
    0x47, 0xa3, 0x96, 0x7f, 0x15, 0xfa, 0x7e, 0xa8, 0xe8, 0x28, 0xaf, 0xc9, 0x4f, 0x6c, 0x28, 0xa0,
    0x0f, 0x1d, 0xf1, 0xc7, 0xfc, 0x8e, 0x17, 0xff, 0x00, 0xf6, 0xcf, 0xff, 0x00, 0x45, 0xad, 0x73,
    0xf5, 0xfb, 0xfe, 0x4d, 0xff, 0x00, 0x22, 0xdc, 0x3f, 0xf8, 0x21, 0xff, 0x00, 0xa4, 0xa3, 0xe6,
    0x31, 0x1f, 0xc5, 0x97, 0xab, 0xfc, 0xc2, 0x8a, 0xf4, 0x8c, 0x82, 0xbd, 0x8b, 0xc0, 0xff, 0x00,
    0xf2, 0x27, 0xd8, 0x7f, 0xdb, 0x4f, 0xfd, 0x18, 0xd5, 0xf1, 0x1c, 0x7b, 0xff, 0x00, 0x22, 0xd8,
    0x7f, 0x8d, 0x7f, 0xe9, 0x32, 0x3d, 0x1c, 0xb3, 0xf8, 0xaf, 0xd3, 0xf5, 0x47, 0x41, 0x45, 0x7e,
    0x4a, 0x7b, 0x61, 0x45, 0x00, 0x78, 0xef, 0x8e, 0x3f, 0xe4, 0x70, 0xbf, 0xff, 0x00, 0xb6, 0x7f,
    0xfa, 0x2d, 0x6b, 0x9f, 0xaf, 0xdf, 0xf2, 0x6f, 0xf9, 0x16, 0xe1, 0xff, 0x00, 0xc1, 0x0f, 0xfd,
    0x25, 0x1f, 0x31, 0x88, 0xfe, 0x2c, 0xbd, 0x5f, 0xe6, 0x14, 0x57, 0xa4, 0x64, 0x15, 0xec, 0x5e,
    0x07, 0xff, 0x00, 0x91, 0x3e, 0xc3, 0xfe, 0xda, 0x7f, 0xe8, 0xc6, 0xaf, 0x88, 0xe3, 0xdf, 0xf9,
    0x16, 0xc3, 0xfc, 0x6b, 0xff, 0x00, 0x49, 0x91, 0xe8, 0xe5, 0x9f, 0xc5, 0x7e, 0x9f, 0xaa, 0x3a,
    0x0a, 0x2b, 0xf2, 0x53, 0xdb, 0x0a, 0x28, 0x03, 0xc7, 0x7c, 0x71, 0xff, 0x00, 0x23, 0x85, 0xff,
    0x00, 0xfd, 0xb3, 0xff, 0x00, 0xd1, 0x6b, 0x5c, 0xfd, 0x7e, 0xff, 0x00, 0x93, 0x7f, 0xc8, 0xb7,
    0x0f, 0xfe, 0x08, 0x7f, 0xe9, 0x28, 0xf9, 0x8c, 0x47, 0xf1, 0x65, 0xea, 0xff, 0x00, 0x30, 0xa2,
    0xbd, 0x23, 0x20, 0xaf, 0x62, 0xf0, 0x3f, 0xfc, 0x89, 0xf6, 0x1f, 0xf6, 0xd3, 0xff, 0x00, 0x46,
    0x35, 0x7c, 0x47, 0x1e, 0xff, 0x00, 0xc8, 0xb6, 0x1f, 0xe3, 0x5f, 0xfa, 0x4c, 0x8f, 0x47, 0x2c,
    0xfe, 0x2b, 0xf4, 0xfd, 0x51, 0xd0, 0x51, 0x5f, 0x92, 0x9e, 0xd8, 0x51, 0x40, 0x1e, 0x3b, 0xe3,
    0x8f, 0xf9, 0x1c, 0x2f, 0xff, 0x00, 0xed, 0x9f, 0xfe, 0x8b, 0x5a, 0xe7, 0xeb, 0xf7, 0xfc, 0x9b,
    0xfe, 0x45, 0xb8, 0x7f, 0xf0, 0x43, 0xff, 0x00, 0x49, 0x47, 0xcc, 0x62, 0x3f, 0x8b, 0x2f, 0x57,
    0xf9, 0x85, 0x15, 0xe9, 0x19, 0x05, 0x7b, 0x17, 0x81, 0xff, 0x00, 0xe4, 0x4f, 0xb0, 0xff, 0x00,
    0xb6, 0x9f, 0xfa, 0x31, 0xab, 0xe2, 0x38, 0xf7, 0xfe, 0x45, 0xb0, 0xff, 0x00, 0x1a, 0xff, 0x00,
    0xd2, 0x64, 0x7a, 0x39, 0x67, 0xf1, 0x5f, 0xa7, 0xea, 0x8e, 0x82, 0x8a, 0xfc, 0x94, 0xf6, 0xc2,
    0x8a, 0x00, 0xf1, 0xdf, 0x1c, 0x7f, 0xc8, 0xe1, 0x7f, 0xff, 0x00, 0x6c, 0xff, 0x00, 0xf4, 0x5a,
    0xd7, 0x3f, 0x5f, 0xbf, 0xe4, 0xdf, 0xf2, 0x2d, 0xc3, 0xff, 0x00, 0x82, 0x1f, 0xfa, 0x4a, 0x3e,
    0x63, 0x11, 0xfc, 0x59, 0x7a, 0xbf, 0xcc, 0x28, 0xaf, 0x48, 0xc8, 0x2b, 0xd8, 0xbc, 0x0f, 0xff,
    0x00, 0x22, 0x7d, 0x87, 0xfd, 0xb4, 0xff, 0x00, 0xd1, 0x8d, 0x5f, 0x11, 0xc7, 0xbf, 0xf2, 0x2d,
    0x87, 0xf8, 0xd7, 0xfe, 0x93, 0x23, 0xd1, 0xcb, 0x3f, 0x8a, 0xfd, 0x3f, 0x54, 0x74, 0x14, 0x57,
    0xe4, 0xa7, 0xb6, 0x14, 0x50, 0x07, 0x8e, 0xf8, 0xe3, 0xfe, 0x47, 0x0b, 0xff, 0x00, 0xfb, 0x67,
    0xff, 0x00, 0xa2, 0xd6, 0xb9, 0xfa, 0xfd, 0xff, 0x00, 0x26, 0xff, 0x00, 0x91, 0x6e, 0x1f, 0xfc,
    0x10, 0xff, 0x00, 0xd2, 0x51, 0xf3, 0x18, 0x8f, 0xe2, 0xcb, 0xd5, 0xfe, 0x61, 0x45, 0x7a, 0x46,
    0x41, 0x5e, 0xc5, 0xe0, 0x7f, 0xf9, 0x13, 0xec, 0x3f, 0xed, 0xa7, 0xfe, 0x8c, 0x6a, 0xf8, 0x8e,
    0x3d, 0xff, 0x00, 0x91, 0x6c, 0x3f, 0xc6, 0xbf, 0xf4, 0x99, 0x1e, 0x8e, 0x59, 0xfc, 0x57, 0xe9,
    0xfa, 0xa3, 0xa0, 0xa2, 0xbf, 0x25, 0x3d, 0xb0, 0xa2, 0x80, 0x3c, 0x77, 0xc7, 0x1f, 0xf2, 0x38,
    0x5f, 0xff, 0x00, 0xdb, 0x3f, 0xfd, 0x16, 0xb5, 0xcf, 0xd7, 0xef, 0xf9, 0x37, 0xfc, 0x8b, 0x70,
    0xff, 0x00, 0xe0, 0x87, 0xfe, 0x92, 0x8f, 0x98, 0xc4, 0x7f, 0x16, 0x5e, 0xaf, 0xf3, 0x0a, 0x2b,
    0xd2, 0x32, 0x0a, 0xf6, 0x2f, 0x03, 0xff, 0x00, 0xc8, 0x9f, 0x61, 0xff, 0x00, 0x6d, 0x3f, 0xf4,
    0x63, 0x57, 0xc4, 0x71, 0xef, 0xfc, 0x8b, 0x61, 0xfe, 0x35, 0xff, 0x00, 0xa4, 0xc8, 0xf4, 0x72,
    0xcf, 0xe2, 0xbf, 0x4f, 0xd5, 0x1d, 0x05, 0x15, 0xf9, 0x29, 0xed, 0x85, 0x14, 0x01, 0xe3, 0xbe,
    0x38, 0xff, 0x00, 0x91, 0xc2, 0xff, 0x00, 0xfe, 0xd9, 0xff, 0x00, 0xe8, 0xb5, 0xae, 0x7e, 0xbf,
    0x7f, 0xc9, 0xbf, 0xe4, 0x5b, 0x87, 0xff, 0x00, 0x04, 0x3f, 0xf4, 0x94, 0x7c, 0xc6, 0x23, 0xf8,
    0xb2, 0xf5, 0x7f, 0x98, 0x51, 0x5e, 0x91, 0x90, 0x57, 0xb1, 0x78, 0x1f, 0xfe, 0x44, 0xfb, 0x0f,
    0xfb, 0x69, 0xff, 0x00, 0xa3, 0x1a, 0xbe, 0x23, 0x8f, 0x7f, 0xe4, 0x5b, 0x0f, 0xf1, 0xaf, 0xfd,
    0x26, 0x47, 0xa3, 0x96, 0x7f, 0x15, 0xfa, 0x7e, 0xa8, 0xe8, 0x28, 0xaf, 0xc9, 0x4f, 0x6c, 0x28,
    0xa0, 0x0f, 0x1d, 0xf1, 0xc7, 0xfc, 0x8e, 0x17, 0xff, 0x00, 0xf6, 0xcf, 0xff, 0x00, 0x45, 0xad,
    0x73, 0xf5, 0xfb, 0xfe, 0x4d, 0xff, 0x00, 0x22, 0xdc, 0x3f, 0xf8, 0x21, 0xff, 0x00, 0xa4, 0xa3,
    0xe6, 0x31, 0x1f, 0xc5, 0x97, 0xab, 0xfc, 0xc2, 0x8a, 0xf4, 0x8c, 0x82, 0xbd, 0x8b, 0xc0, 0xff,
    0x00, 0xf2, 0x27, 0xd8, 0x7f, 0xdb, 0x4f, 0xfd, 0x18, 0xd5, 0xf1, 0x1c, 0x7b, 0xff, 0x00, 0x22,
    0xd8, 0x7f, 0x8d, 0x7f, 0xe9, 0x32, 0x3d, 0x1c, 0xb3, 0xf8, 0xaf, 0xd3, 0xf5, 0x47, 0x41, 0x45,
    0x7e, 0x4a, 0x7b, 0x61, 0x45, 0x00, 0x78, 0xef, 0x8e, 0x3f, 0xe4, 0x70, 0xbf, 0xff, 0x00, 0xb6,
    0x7f, 0xfa, 0x2d, 0x6b, 0x9f, 0xaf, 0xdf, 0xf2, 0x6f, 0xf9, 0x16, 0xe1, 0xff, 0x00, 0xc1, 0x0f,
    0xfd, 0x25, 0x1f, 0x31, 0x88, 0xfe, 0x2c, 0xbd, 0x5f, 0xe6, 0x14, 0x57, 0xa4, 0x64, 0x15, 0xec,
    0x5e, 0x07, 0xff, 0x00, 0x91, 0x3e, 0xc3, 0xfe, 0xda, 0x7f, 0xe8, 0xc6, 0xaf, 0x88, 0xe3, 0xdf,
    0xf9, 0x16, 0xc3, 0xfc, 0x6b, 0xff, 0x00, 0x49, 0x91, 0xe8, 0xe5, 0x9f, 0xc5, 0x7e, 0x9f, 0xaa,
    0x3a, 0x0a, 0x2b, 0xf2, 0x53, 0xdb, 0x0a, 0x28, 0x03, 0xc7, 0x7c, 0x71, 0xff, 0x00, 0x23, 0x85,
    0xff, 0x00, 0xfd, 0xb3, 0xff, 0x00, 0xd1, 0x6b, 0x5c, 0xfd, 0x7e, 0xff, 0x00, 0x93, 0x7f, 0xc8,
    0xb7, 0x0f, 0xfe, 0x08, 0x7f, 0xe9, 0x28, 0xf9, 0x8c, 0x47, 0xf1, 0x65, 0xea, 0xff, 0x00, 0x30,
    0xa2, 0xbd, 0x23, 0x20, 0xaf, 0x62, 0xf0, 0x3f, 0xfc, 0x89, 0xf6, 0x1f, 0xf6, 0xd3, 0xff, 0x00,
    0x46, 0x35, 0x7c, 0x47, 0x1e, 0xff, 0x00, 0xc8, 0xb6, 0x1f, 0xe3, 0x5f, 0xfa, 0x4c, 0x8f, 0x47,
    0x2c, 0xfe, 0x2b, 0xf4, 0xfd, 0x51, 0xd0, 0x51, 0x5f, 0x92, 0x9e, 0xd8, 0x51, 0x40, 0x1e, 0x3b,
    0xe3, 0x8f, 0xf9, 0x1c, 0x2f, 0xff, 0x00, 0xed, 0x9f, 0xfe, 0x8b, 0x5a, 0xe7, 0xeb, 0xf7, 0xfc,
    0x9b, 0xfe, 0x45, 0xb8, 0x7f, 0xf0, 0x43, 0xff, 0x00, 0x49, 0x47, 0xcc, 0x62, 0x3f, 0x8b, 0x2f,
    0x57, 0xf9, 0x85, 0x15, 0xe9, 0x19, 0x05, 0x7b, 0x17, 0x81, 0xff, 0x00, 0xe4, 0x4f, 0xb0, 0xff,
    0x00, 0xb6, 0x9f, 0xfa, 0x31, 0xab, 0xe2, 0x38, 0xf7, 0xfe, 0x45, 0xb0, 0xff, 0x00, 0x1a, 0xff,
    0x00, 0xd2, 0x64, 0x7a, 0x39, 0x67, 0xf1, 0x5f, 0xa7, 0xea, 0x8e, 0x82, 0x8a, 0xfc, 0x94, 0xf6,
    0xc2, 0x8a, 0x00, 0xf1, 0xdf, 0x1c, 0x7f, 0xc8, 0xe1, 0x7f, 0xff, 0x00, 0x6c, 0xff, 0x00, 0xf4,
    0x5a, 0xd7, 0x3f, 0x5f, 0xbf, 0xe4, 0xdf, 0xf2, 0x2d, 0xc3, 0xff, 0x00, 0x82, 0x1f, 0xfa, 0x4a,
    0x3e, 0x63, 0x11, 0xfc, 0x59, 0x7a, 0xbf, 0xcc, 0x28, 0xaf, 0x48, 0xc8, 0x2b, 0xd8, 0xbc, 0x0f,
    0xff, 0x00, 0x22, 0x7d, 0x87, 0xfd, 0xb4, 0xff, 0x00, 0xd1, 0x8d, 0x5f, 0x11, 0xc7, 0xbf, 0xf2,
    0x2d, 0x87, 0xf8, 0xd7, 0xfe, 0x93, 0x23, 0xd1, 0xcb, 0x3f, 0x8a, 0xfd, 0x3f, 0x54, 0x74, 0x14,
    0x57, 0xe4, 0xa7, 0xb6, 0x14, 0x50, 0x07, 0x8e, 0xf8, 0xe3, 0xfe, 0x47, 0x0b, 0xff, 0x00, 0xfb,
    0x67, 0xff, 0x00, 0xa2, 0xd6, 0xb9, 0xfa, 0xfd, 0xff, 0x00, 0x26, 0xff, 0x00, 0x91, 0x6e, 0x1f,
    0xfc, 0x10, 0xff, 0x00, 0xd2, 0x51, 0xf3, 0x18, 0x8f, 0xe2, 0xcb, 0xd5, 0xfe, 0x61, 0x45, 0x7a,
    0x46, 0x41, 0x5e, 0xc5, 0xe0, 0x7f, 0xf9, 0x13, 0xec, 0x3f, 0xed, 0xa7, 0xfe, 0x8c, 0x6a, 0xf8,
    0x8e, 0x3d, 0xff, 0x00, 0x91, 0x6c, 0x3f, 0xc6, 0xbf, 0xf4, 0x99, 0x1e, 0x8e, 0x59, 0xfc, 0x57,
    0xe9, 0xfa, 0xa3, 0xa0, 0xa2, 0xbf, 0x25, 0x3d, 0xb0, 0xa2, 0x80, 0x3c, 0x77, 0xc7, 0x1f, 0xf2,
    0x38, 0x5f, 0xff, 0x00, 0xdb, 0x3f, 0xfd, 0x16, 0xb5, 0xcf, 0xd7, 0xef, 0xf9, 0x37, 0xfc, 0x8b,
    0x70, 0xff, 0x00, 0xe0, 0x87, 0xfe, 0x92, 0x8f, 0x98, 0xc4, 0x7f, 0x16, 0x5e, 0xaf, 0xf3, 0x0a,
    0x2b, 0xd2, 0x32, 0x0a, 0xf6, 0x2f, 0x03, 0xff, 0x00, 0xc8, 0x9f, 0x61, 0xff, 0x00, 0x6d, 0x3f,
    0xf4, 0x63, 0x57, 0xc4, 0x71, 0xef, 0xfc, 0x8b, 0x61, 0xfe, 0x35, 0xff, 0x00, 0xa4, 0xc8, 0xf4,
    0x72, 0xcf, 0xe2, 0xbf, 0x4f, 0xd5, 0x1d, 0x05, 0x15, 0xf9, 0x29, 0xed, 0x85, 0x14, 0x01, 0xe3,
    0xbe, 0x38, 0xff, 0x00, 0x91, 0xc2, 0xff, 0x00, 0xfe, 0xd9, 0xff, 0x00, 0xe8, 0xb5, 0xae, 0x7e,
    0xbf, 0x7f, 0xc9, 0xbf, 0xe4, 0x5b, 0x87, 0xff, 0x00, 0x04, 0x3f, 0xf4, 0x94, 0x7c, 0xc6, 0x23,
    0xf8, 0xb2, 0xf5, 0x7f, 0x98, 0x51, 0x5e, 0x91, 0x90, 0x57, 0xb1, 0x78, 0x1f, 0xfe, 0x44, 0xfb,
    0x0f, 0xfb, 0x69, 0xff, 0x00, 0xa3, 0x1a, 0xbe, 0x23, 0x8f, 0x7f, 0xe4, 0x5b, 0x0f, 0xf1, 0xaf,
    0xfd, 0x26, 0x47, 0xa3, 0x96, 0x7f, 0x15, 0xfa, 0x7e, 0xa8, 0xe8, 0x28, 0xaf, 0xc9, 0x4f, 0x6c,
    0x28, 0xa0, 0x0f, 0x1d, 0xf1, 0xc7, 0xfc, 0x8e, 0x17, 0xff, 0x00, 0xf6, 0xcf, 0xff, 0x00, 0x45,
    0xad, 0x73, 0xf5, 0xfb, 0xfe, 0x4d, 0xff, 0x00, 0x22, 0xdc, 0x3f, 0xf8, 0x21, 0xff, 0x00, 0xa4,
    0xa3, 0xe6, 0x31, 0x1f, 0xc5, 0x97, 0xab, 0xfc, 0xc2, 0x8a, 0xf4, 0x8c, 0x82, 0xbd, 0x8b, 0xc0,
    0xff, 0x00, 0xf2, 0x27, 0xd8, 0x7f, 0xdb, 0x4f, 0xfd, 0x18, 0xd5, 0xf1, 0x1c, 0x7b, 0xff, 0x00,
    0x22, 0xd8, 0x7f, 0x8d, 0x7f, 0xe9, 0x32, 0x3d, 0x1c, 0xb3, 0xf8, 0xaf, 0xd3, 0xf5, 0x47, 0x41,
    0x45, 0x7e, 0x4a, 0x7b, 0x61, 0x45, 0x00, 0x78, 0xef, 0x8e, 0x3f, 0xe4, 0x70, 0xbf, 0xff, 0x00,
    0xb6, 0x7f, 0xfa, 0x2d, 0x6b, 0x9f, 0xaf, 0xdf, 0xf2, 0x6f, 0xf9, 0x16, 0xe1, 0xff, 0x00, 0xc1,
    0x0f, 0xfd, 0x25, 0x1f, 0x31, 0x88, 0xfe, 0x2c, 0xbd, 0x5f, 0xe6, 0x14, 0x57, 0xa4, 0x64, 0x15,
    0xec, 0x5e, 0x07, 0xff, 0x00, 0x91, 0x3e, 0xc3, 0xfe, 0xda, 0x7f, 0xe8, 0xc6, 0xaf, 0x88, 0xe3,
    0xdf, 0xf9, 0x16, 0xc3, 0xfc, 0x6b, 0xff, 0x00, 0x49, 0x91, 0xe8, 0xe5, 0x9f, 0xc5, 0x7e, 0x9f,
    0xaa, 0x3a, 0x0a, 0x2b, 0xf2, 0x53, 0xdb, 0x0a, 0x28, 0x03, 0xc7, 0x7c, 0x71, 0xff, 0x00, 0x23,
    0x85, 0xff, 0x00, 0xfd, 0xb3, 0xff, 0x00, 0xd1, 0x6b, 0x5c, 0xfd, 0x7e, 0xff, 0x00, 0x93, 0x7f,
    0xc8, 0xb7, 0x0f, 0xfe, 0x08, 0x7f, 0xe9, 0x28, 0xf9, 0x8c, 0x47, 0xf1, 0x65, 0xea, 0xff, 0x00,
    0x30, 0xa2, 0xbd, 0x23, 0x23, 0xe8, 0x2a, 0xf1, 0xdf, 0x1c, 0x7f, 0xc8, 0xe1, 0x7f, 0xff, 0x00,
    0x6c, 0xff, 0x00, 0xf4, 0x5a, 0xd7, 0xe4, 0x9c, 0x05, 0xff, 0x00, 0x23, 0x29, 0xff, 0x00, 0x81,
    0xff, 0x00, 0xe9, 0x51, 0x3d, 0xcc, 0xcf, 0xf8, 0x4b, 0xd7, 0xf4, 0x67, 0x3f, 0x45, 0x7e, 0xb6,
    0x78, 0x61, 0x45, 0x00, 0x7b, 0x17, 0x81, 0xff, 0x00, 0xe4, 0x4f, 0xb0, 0xff, 0x00, 0xb6, 0x9f,
    0xfa, 0x31, 0xab, 0xa0, 0xaf, 0xc0, 0x33, 0x9f, 0xf9, 0x19, 0x62, 0x3f, 0xc7, 0x3f, 0xfd, 0x29,
    0x9f, 0x4f, 0x87, 0xfe, 0x14, 0x7d, 0x17, 0xe4, 0x14, 0x57, 0x9a, 0x6a, 0x15, 0xe3, 0xbe, 0x38,
    0xff, 0x00, 0x91, 0xc2, 0xff, 0x00, 0xfe, 0xd9, 0xff, 0x00, 0xe8, 0xb5, 0xaf, 0xb6, 0xe0, 0x2f,
    0xf9, 0x19, 0x4f, 0xfc, 0x0f, 0xff, 0x00, 0x4a, 0x89, 0xe7, 0xe6, 0x7f, 0xc2, 0x5e, 0xbf, 0xa3,
    0x39, 0xfa, 0x2b, 0xf5, 0xb3, 0xc3, 0x0a, 0x28, 0x03, 0xd8, 0xbc, 0x0f, 0xff, 0x00, 0x22, 0x7d,
    0x87, 0xfd, 0xb4, 0xff, 0x00, 0xd1, 0x8d, 0x5d, 0x05, 0x7e, 0x01, 0x9c, 0xff, 0x00, 0xc8, 0xcb,
    0x11, 0xfe, 0x39, 0xff, 0x00, 0xe9, 0x4c, 0xfa, 0x7c, 0x3f, 0xf0, 0xa3, 0xe8, 0xbf, 0x20, 0xa2,
    0xbc, 0xd3, 0x50, 0xaf, 0x1d, 0xf1, 0xc7, 0xfc, 0x8e, 0x17, 0xff, 0x00, 0xf6, 0xcf, 0xff, 0x00,
    0x45, 0xad, 0x7d, 0xb7, 0x01, 0x7f, 0xc8, 0xca, 0x7f, 0xe0, 0x7f, 0xfa, 0x54, 0x4f, 0x3f, 0x33,
    0xfe, 0x12, 0xf5, 0xfd, 0x19, 0xcf, 0xd1, 0x5f, 0xad, 0x9e, 0x18, 0x51, 0x40, 0x1e, 0xc5, 0xe0,
    0x7f, 0xf9, 0x13, 0xec, 0x3f, 0xed, 0xa7, 0xfe, 0x8c, 0x6a, 0xe8, 0x2b, 0xf0, 0x0c, 0xe7, 0xfe,
    0x46, 0x58, 0x8f, 0xf1, 0xcf, 0xff, 0x00, 0x4a, 0x67, 0xd3, 0xe1, 0xff, 0x00, 0x85, 0x1f, 0x45,
    0xf9, 0x05, 0x15, 0xe6, 0x9a, 0x85, 0x78, 0xef, 0x8e, 0x3f, 0xe4, 0x70, 0xbf, 0xff, 0x00, 0xb6,
    0x7f, 0xfa, 0x2d, 0x6b, 0xed, 0xb8, 0x0b, 0xfe, 0x46, 0x53, 0xff, 0x00, 0x03, 0xff, 0x00, 0xd2,
    0xa2, 0x79, 0xf9, 0x9f, 0xf0, 0x97, 0xaf, 0xe8, 0xce, 0x7e, 0x8a, 0xfd, 0x6c, 0xf0, 0xc2, 0x8a,
    0x00, 0xf6, 0x2f, 0x03, 0xff, 0x00, 0xc8, 0x9f, 0x61, 0xff, 0x00, 0x6d, 0x3f, 0xf4, 0x63, 0x57,
    0x41, 0x5f, 0x80, 0x67, 0x3f, 0xf2, 0x32, 0xc4, 0x7f, 0x8e, 0x7f, 0xfa, 0x53, 0x3e, 0x9f, 0x0f,
    0xfc, 0x28, 0xfa, 0x2f, 0xc8, 0x28, 0xaf, 0x34, 0xd4, 0x2b, 0xc7, 0x7c, 0x71, 0xff, 0x00, 0x23,
    0x85, 0xff, 0x00, 0xfd, 0xb3, 0xff, 0x00, 0xd1, 0x6b, 0x5f, 0x6d, 0xc0, 0x5f, 0xf2, 0x32, 0x9f,
    0xf8, 0x1f, 0xfe, 0x95, 0x13, 0xcf, 0xcc, 0xff, 0x00, 0x84, 0xbd, 0x7f, 0x46, 0x73, 0xf4, 0x57,
    0xeb, 0x67, 0x86, 0x14, 0x50, 0x07, 0xb1, 0x78, 0x1f, 0xfe, 0x44, 0xfb, 0x0f, 0xfb, 0x69, 0xff,
    0x00, 0xa3, 0x1a, 0xba, 0x0a, 0xfc, 0x03, 0x39, 0xff, 0x00, 0x91, 0x96, 0x23, 0xfc, 0x73, 0xff,
    0x00, 0xd2, 0x99, 0xf4, 0xf8, 0x7f, 0xe1, 0x47, 0xd1, 0x7e, 0x41, 0x45, 0x79, 0xa6, 0xa1, 0x5e,
    0x3b, 0xe3, 0x8f, 0xf9, 0x1c, 0x2f, 0xff, 0x00, 0xed, 0x9f, 0xfe, 0x8b, 0x5a, 0xfb, 0x6e, 0x02,
    0xff, 0x00, 0x91, 0x94, 0xff, 0x00, 0xc0, 0xff, 0x00, 0xf4, 0xa8, 0x9e, 0x7e, 0x67, 0xfc, 0x25,
    0xeb, 0xfa, 0x33, 0x9f, 0xa2, 0xbf, 0x5b, 0x3c, 0x30, 0xa2, 0x80, 0x3d, 0x8b, 0xc0, 0xff, 0x00,
    0xf2, 0x27, 0xd8, 0x7f, 0xdb, 0x4f, 0xfd, 0x18, 0xd5, 0xd0, 0x57, 0xe0, 0x19, 0xcf, 0xfc, 0x8c,
    0xb1, 0x1f, 0xe3, 0x9f, 0xfe, 0x94, 0xcf, 0xa7, 0xc3, 0xff, 0x00, 0x0a, 0x3e, 0x8b, 0xf2, 0x0a,
    0x2b, 0xcd, 0x35, 0x0a, 0xf1, 0xdf, 0x1c, 0x7f, 0xc8, 0xe1, 0x7f, 0xff, 0x00, 0x6c, 0xff, 0x00,
    0xf4, 0x5a, 0xd7, 0xdb, 0x70, 0x17, 0xfc, 0x8c, 0xa7, 0xfe, 0x07, 0xff, 0x00, 0xa5, 0x44, 0xf3,
    0xf3, 0x3f, 0xe1, 0x2f, 0x5f, 0xd1, 0x9c, 0xfd, 0x15, 0xfa, 0xd9, 0xe1, 0x85, 0x14, 0x01, 0xec,
    0x5e, 0x07, 0xff, 0x00, 0x91, 0x3e, 0xc3, 0xfe, 0xda, 0x7f, 0xe8, 0xc6, 0xae, 0x82, 0xbf, 0x00,
    0xce, 0x7f, 0xe4, 0x65, 0x88, 0xff, 0x00, 0x1c, 0xff, 0x00, 0xf4, 0xa6, 0x7d, 0x3e, 0x1f, 0xf8,
    0x51, 0xf4, 0x5f, 0x90, 0x51, 0x5e, 0x69, 0xa8, 0x57, 0x8e, 0xf8, 0xe3, 0xfe, 0x47, 0x0b, 0xff,
    0x00, 0xfb, 0x67, 0xff, 0x00, 0xa2, 0xd6, 0xbe, 0xdb, 0x80, 0xbf, 0xe4, 0x65, 0x3f, 0xf0, 0x3f,
    0xfd, 0x2a, 0x27, 0x9f, 0x99, 0xff, 0x00, 0x09, 0x7a, 0xfe, 0x8c, 0xe7, 0xe8, 0xaf, 0xd6, 0xcf,
    0x0c, 0x28, 0xa0, 0x0f, 0x62, 0xf0, 0x3f, 0xfc, 0x89, 0xf6, 0x1f, 0xf6, 0xd3, 0xff, 0x00, 0x46,
    0x35, 0x74, 0x15, 0xf8, 0x06, 0x73, 0xff, 0x00, 0x23, 0x2c, 0x47, 0xf8, 0xe7, 0xff, 0x00, 0xa5,
    0x33, 0xe9, 0xf0, 0xff, 0x00, 0xc2, 0x8f, 0xa2, 0xfc, 0x82, 0x8a, 0xf3, 0x4d, 0x42, 0xbc, 0x77,
    0xc7, 0x1f, 0xf2, 0x38, 0x5f, 0xff, 0x00, 0xdb, 0x3f, 0xfd, 0x16, 0xb5, 0xf6, 0xdc, 0x05, 0xff,
    0x00, 0x23, 0x29, 0xff, 0x00, 0x81, 0xff, 0x00, 0xe9, 0x51, 0x3c, 0xfc, 0xcf, 0xf8, 0x4b, 0xd7,
    0xf4, 0x67, 0x3f, 0x45, 0x7e, 0xb6, 0x78, 0x61, 0x45, 0x00, 0x7b, 0x17, 0x81, 0xff, 0x00, 0xe4,
    0x4f, 0xb0, 0xff, 0x00, 0xb6, 0x9f, 0xfa, 0x31, 0xab, 0xa0, 0xaf, 0xc0, 0x33, 0x9f, 0xf9, 0x19,
    0x62, 0x3f, 0xc7, 0x3f, 0xfd, 0x29, 0x9f, 0x4f, 0x87, 0xfe, 0x14, 0x7d, 0x17, 0xe4, 0x14, 0x57,
    0x9a, 0x6a, 0x15, 0xe3, 0xbe, 0x38, 0xff, 0x00, 0x91, 0xc2, 0xff, 0x00, 0xfe, 0xd9, 0xff, 0x00,
    0xe8, 0xb5, 0xaf, 0xb6, 0xe0, 0x2f, 0xf9, 0x19, 0x4f, 0xfc, 0x0f, 0xff, 0x00, 0x4a, 0x89, 0xe7,
    0xe6, 0x7f, 0xc2, 0x5e, 0xbf, 0xa3, 0x39, 0xfa, 0x2b, 0xf5, 0xb3, 0xc3, 0x0a, 0x28, 0x03, 0xd8,
    0xbc, 0x0f, 0xff, 0x00, 0x22, 0x7d, 0x87, 0xfd, 0xb4, 0xff, 0x00, 0xd1, 0x8d, 0x5d, 0x05, 0x7e,
    0x01, 0x9c, 0xff, 0x00, 0xc8, 0xcb, 0x11, 0xfe, 0x39, 0xff, 0x00, 0xe9, 0x4c, 0xfa, 0x7c, 0x3f,
    0xf0, 0xa3, 0xe8, 0xbf, 0x20, 0xa2, 0xbc, 0xd3, 0x50, 0xaf, 0x1d, 0xf1, 0xc7, 0xfc, 0x8e, 0x17,
    0xff, 0x00, 0xf6, 0xcf, 0xff, 0x00, 0x45, 0xad, 0x7d, 0xb7, 0x01, 0x7f, 0xc8, 0xca, 0x7f, 0xe0,
    0x7f, 0xfa, 0x54, 0x4f, 0x3f, 0x33, 0xfe, 0x12, 0xf5, 0xfd, 0x19, 0xcf, 0xd1, 0x5f, 0xad, 0x9e,
    0x18, 0x51, 0x40, 0x1e, 0xc5, 0xe0, 0x7f, 0xf9, 0x13, 0xec, 0x3f, 0xed, 0xa7, 0xfe, 0x8c, 0x6a,
    0xe8, 0x2b, 0xf0, 0x0c, 0xe7, 0xfe, 0x46, 0x58, 0x8f, 0xf1, 0xcf, 0xff, 0x00, 0x4a, 0x67, 0xd3,
    0xe1, 0xff, 0x00, 0x85, 0x1f, 0x45, 0xf9, 0x05, 0x15, 0xe6, 0x9a, 0x85, 0x78, 0xef, 0x8e, 0x3f,
    0xe4, 0x70, 0xbf, 0xff, 0x00, 0xb6, 0x7f, 0xfa, 0x2d, 0x6b, 0xed, 0xb8, 0x0b, 0xfe, 0x46, 0x53,
    0xff, 0x00, 0x03, 0xff, 0x00, 0xd2, 0xa2, 0x79, 0xf9, 0x9f, 0xf0, 0x97, 0xaf, 0xe8, 0xce, 0x7e,
    0x8a, 0xfd, 0x6c, 0xf0, 0xc2, 0x8a, 0x00, 0xf6, 0x2f, 0x03, 0xff, 0x00, 0xc8, 0x9f, 0x61, 0xff,
    0x00, 0x6d, 0x3f, 0xf4, 0x63, 0x57, 0x41, 0x5f, 0x80, 0x67, 0x3f, 0xf2, 0x32, 0xc4, 0x7f, 0x8e,
    0x7f, 0xfa, 0x53, 0x3e, 0x9f, 0x0f, 0xfc, 0x28, 0xfa, 0x2f, 0xc8, 0x28, 0xaf, 0x34, 0xd4, 0x2b,
    0xc7, 0x7c, 0x71, 0xff, 0x00, 0x23, 0x85, 0xff, 0x00, 0xfd, 0xb3, 0xff, 0x00, 0xd1, 0x6b, 0x5f,
    0x6d, 0xc0, 0x5f, 0xf2, 0x32, 0x9f, 0xf8, 0x1f, 0xfe, 0x95, 0x13, 0xcf, 0xcc, 0xff, 0x00, 0x84,
    0xbd, 0x7f, 0x46, 0x73, 0xf4, 0x57, 0xeb, 0x67, 0x86, 0x14, 0x50, 0x07, 0xb1, 0x78, 0x1f, 0xfe,
    0x44, 0xfb, 0x0f, 0xfb, 0x69, 0xff, 0x00, 0xa3, 0x1a, 0xba, 0x0a, 0xfc, 0x03, 0x39, 0xff, 0x00,
    0x91, 0x96, 0x23, 0xfc, 0x73, 0xff, 0x00, 0xd2, 0x99, 0xf4, 0xf8, 0x7f, 0xe1, 0x47, 0xd1, 0x7e,
    0x41, 0x45, 0x79, 0xa6, 0xa1, 0x5e, 0x3b, 0xe3, 0x8f, 0xf9, 0x1c, 0x2f, 0xff, 0x00, 0xed, 0x9f,
    0xfe, 0x8b, 0x5a, 0xfb, 0x6e, 0x02, 0xff, 0x00, 0x91, 0x94, 0xff, 0x00, 0xc0, 0xff, 0x00, 0xf4,
    0xa8, 0x9e, 0x7e, 0x67, 0xfc, 0x25, 0xeb, 0xfa, 0x33, 0x9f, 0xa2, 0xbf, 0x5b, 0x3c, 0x30, 0xa2,
    0x80, 0x3d, 0x8b, 0xc0, 0xff, 0x00, 0xf2, 0x27, 0xd8, 0x7f, 0xdb, 0x4f, 0xfd, 0x18, 0xd5, 0xd0,
    0x57, 0xe0, 0x19, 0xcf, 0xfc, 0x8c, 0xb1, 0x1f, 0xe3, 0x9f, 0xfe, 0x94, 0xcf, 0xa7, 0xc3, 0xff,
    0x00, 0x0a, 0x3e, 0x8b, 0xf2, 0x0a, 0x2b, 0xcd, 0x35, 0x0a, 0xf1, 0xdf, 0x1c, 0x7f, 0xc8, 0xe1,
    0x7f, 0xff, 0x00, 0x6c, 0xff, 0x00, 0xf4, 0x5a, 0xd7, 0xdb, 0x70, 0x17, 0xfc, 0x8c, 0xa7, 0xfe,
    0x07, 0xff, 0x00, 0xa5, 0x44, 0xf3, 0xf3, 0x3f, 0xe1, 0x2f, 0x5f, 0xd1, 0x9c, 0xfd, 0x15, 0xfa,
    0xd9, 0xe1, 0x85, 0x14, 0x01, 0xec, 0x5e, 0x07, 0xff, 0x00, 0x91, 0x3e, 0xc3, 0xfe, 0xda, 0x7f,
    0xe8, 0xc6, 0xae, 0x82, 0xbf, 0x00, 0xce, 0x7f, 0xe4, 0x65, 0x88, 0xff, 0x00, 0x1c, 0xff, 0x00,
    0xf4, 0xa6, 0x7d, 0x3e, 0x1f, 0xf8, 0x51, 0xf4, 0x5f, 0x90, 0x51, 0x5e, 0x69, 0xa8, 0x57, 0x8e,
    0xf8, 0xe3, 0xfe, 0x47, 0x0b, 0xff, 0x00, 0xfb, 0x67, 0xff, 0x00, 0xa2, 0xd6, 0xbe, 0xdb, 0x80,
    0xbf, 0xe4, 0x65, 0x3f, 0xf0, 0x3f, 0xfd, 0x2a, 0x27, 0x9f, 0x99, 0xff, 0x00, 0x09, 0x7a, 0xfe,
    0x8c, 0xe7, 0xe8, 0xaf, 0xd6, 0xcf, 0x0c, 0x28, 0xa0, 0x0f, 0x62, 0xf0, 0x3f, 0xfc, 0x89, 0xf6,
    0x1f, 0xf6, 0xd3, 0xff, 0x00, 0x46, 0x35, 0x74, 0x15, 0xf8, 0x06, 0x73, 0xff, 0x00, 0x23, 0x2c,
    0x47, 0xf8, 0xe7, 0xff, 0x00, 0xa5, 0x33, 0xe9, 0xf0, 0xff, 0x00, 0xc2, 0x8f, 0xa2, 0xfc, 0x82,
    0x8a, 0xf3, 0x4d, 0x42, 0xbc, 0x77, 0xc7, 0x1f, 0xf2, 0x38, 0x5f, 0xff, 0x00, 0xdb, 0x3f, 0xfd,
    0x16, 0xb5, 0xf6, 0xdc, 0x05, 0xff, 0x00, 0x23, 0x29, 0xff, 0x00, 0x81, 0xff, 0x00, 0xe9, 0x51,
    0x3c, 0xfc, 0xcf, 0xf8, 0x4b, 0xd7, 0xf4, 0x67, 0x3f, 0x45, 0x7e, 0xb6, 0x78, 0x61, 0x45, 0x00,
    0x7b, 0x17, 0x81, 0xff, 0x00, 0xe4, 0x4f, 0xb0, 0xff, 0x00, 0xb6, 0x9f, 0xfa, 0x31, 0xab, 0xa0,
    0xaf, 0xc0, 0x33, 0x9f, 0xf9, 0x19, 0x62, 0x3f, 0xc7, 0x3f, 0xfd, 0x29, 0x9f, 0x4f, 0x87, 0xfe,
    0x14, 0x7d, 0x17, 0xe4, 0x14, 0x57, 0x9a, 0x6a, 0x15, 0xe3, 0xbe, 0x38, 0xff, 0x00, 0x91, 0xc2,
    0xff, 0x00, 0xfe, 0xd9, 0xff, 0x00, 0xe8, 0xb5, 0xaf, 0xb6, 0xe0, 0x2f, 0xf9, 0x19, 0x4f, 0xfc,
    0x0f, 0xff, 0x00, 0x4a, 0x89, 0xe7, 0xe6, 0x7f, 0xc2, 0x5e, 0xbf, 0xa3, 0x39, 0xfa, 0x2b, 0xf5,
    0xb3, 0xc3, 0x0a, 0x28, 0x03, 0xd8, 0xbc, 0x0f, 0xff, 0x00, 0x22, 0x7d, 0x87, 0xfd, 0xb4, 0xff,
    0x00, 0xd1, 0x8d, 0x5d, 0x05, 0x7e, 0x01, 0x9c, 0xff, 0x00, 0xc8, 0xcb, 0x11, 0xfe, 0x39, 0xff,
    0x00, 0xe9, 0x4c, 0xfa, 0x7c, 0x3f, 0xf0, 0xa3, 0xe8, 0xbf, 0x20, 0xa2, 0xbc, 0xd3, 0x50, 0xaf,
    0x1d, 0xf1, 0xc7, 0xfc, 0x8e, 0x17, 0xff, 0x00, 0xf6, 0xcf, 0xff, 0x00, 0x45, 0xad, 0x7d, 0xb7,
    0x01, 0x7f, 0xc8, 0xca, 0x7f, 0xe0, 0x7f, 0xfa, 0x54, 0x4f, 0x3f, 0x33, 0xfe, 0x12, 0xf5, 0xfd,
    0x19, 0xcf, 0xd1, 0x5f, 0xad, 0x9e, 0x18, 0x51, 0x40, 0x1e, 0xc5, 0xe0, 0x7f, 0xf9, 0x13, 0xec,
    0x3f, 0xed, 0xa7, 0xfe, 0x8c, 0x6a, 0xe8, 0x2b, 0xf0, 0x0c, 0xe7, 0xfe, 0x46, 0x58, 0x8f, 0xf1,
    0xcf, 0xff, 0x00, 0x4a, 0x67, 0xd3, 0xe1, 0xff, 0x00, 0x85, 0x1f, 0x45, 0xf9, 0x05, 0x15, 0xe6,
    0x9a, 0x85, 0x78, 0xef, 0x8e, 0x3f, 0xe4, 0x70, 0xbf, 0xff, 0x00, 0xb6, 0x7f, 0xfa, 0x2d, 0x6b,
    0xed, 0xb8, 0x0b, 0xfe, 0x46, 0x53, 0xff, 0x00, 0x03, 0xff, 0x00, 0xd2, 0xa2, 0x79, 0xf9, 0x9f,
    0xf0, 0x97, 0xaf, 0xe8, 0xce, 0x7e, 0x8a, 0xfd, 0x6c, 0xf0, 0xc2, 0x8a, 0x00, 0xf6, 0x2f, 0x03,
    0xff, 0x00, 0xc8, 0x9f, 0x61, 0xff, 0x00, 0x6d, 0x3f, 0xf4, 0x63, 0x57, 0x41, 0x5f, 0x80, 0x67,
    0x3f, 0xf2, 0x32, 0xc4, 0x7f, 0x8e, 0x7f, 0xfa, 0x53, 0x3e, 0x9f, 0x0f, 0xfc, 0x28, 0xfa, 0x2f,
    0xc8, 0x28, 0xaf, 0x34, 0xd4, 0xf9, 0xf6, 0xbd, 0x8b, 0xc0, 0xff, 0x00, 0xf2, 0x27, 0xd8, 0x7f,
    0xdb, 0x4f, 0xfd, 0x18, 0xd5, 0xfa, 0xd7, 0x1e, 0xff, 0x00, 0xc8, 0xb6, 0x1f, 0xe3, 0x5f, 0xfa,
    0x4c, 0x8f, 0x13, 0x2c, 0xfe, 0x2b, 0xf4, 0xfd, 0x51, 0xd0, 0x51, 0x5f, 0x92, 0x9e, 0xd8, 0x51,
    0x40, 0x1e, 0x3b, 0xe3, 0x8f, 0xf9, 0x1c, 0x2f, 0xff, 0x00, 0xed, 0x9f, 0xfe, 0x8b, 0x5a, 0xe7,
    0xeb, 0xf7, 0xfc, 0x9b, 0xfe, 0x45, 0xb8, 0x7f, 0xf0, 0x43, 0xff, 0x00, 0x49, 0x47, 0xcc, 0x62,
    0x3f, 0x8b, 0x2f, 0x57, 0xf9, 0x85, 0x15, 0xe9, 0x19, 0x05, 0x7b, 0x17, 0x81, 0xff, 0x00, 0xe4,
    0x4f, 0xb0, 0xff, 0x00, 0xb6, 0x9f, 0xfa, 0x31, 0xab, 0xe2, 0x38, 0xf7, 0xfe, 0x45, 0xb0, 0xff,
    0x00, 0x1a, 0xff, 0x00, 0xd2, 0x64, 0x7a, 0x39, 0x67, 0xf1, 0x5f, 0xa7, 0xea, 0x8e, 0x82, 0x8a,
    0xfc, 0x94, 0xf6, 0xc2, 0x8a, 0x00, 0xf1, 0xdf, 0x1c, 0x7f, 0xc8, 0xe1, 0x7f, 0xff, 0x00, 0x6c,
    0xff, 0x00, 0xf4, 0x5a, 0xd7, 0x3f, 0x5f, 0xbf, 0xe4, 0xdf, 0xf2, 0x2d, 0xc3, 0xff, 0x00, 0x82,
    0x1f, 0xfa, 0x4a, 0x3e, 0x63, 0x11, 0xfc, 0x59, 0x7a, 0xbf, 0xcc, 0x28, 0xaf, 0x48, 0xc8, 0x2b,
    0xd8, 0xbc, 0x0f, 0xff, 0x00, 0x22, 0x7d, 0x87, 0xfd, 0xb4, 0xff, 0x00, 0xd1, 0x8d, 0x5f, 0x11,
    0xc7, 0xbf, 0xf2, 0x2d, 0x87, 0xf8, 0xd7, 0xfe, 0x93, 0x23, 0xd1, 0xcb, 0x3f, 0x8a, 0xfd, 0x3f,
    0x54, 0x74, 0x14, 0x57, 0xe4, 0xa7, 0xb6, 0x14, 0x50, 0x07, 0x8e, 0xf8, 0xe3, 0xfe, 0x47, 0x0b,
    0xff, 0x00, 0xfb, 0x67, 0xff, 0x00, 0xa2, 0xd6, 0xb9, 0xfa, 0xfd, 0xff, 0x00, 0x26, 0xff, 0x00,
    0x91, 0x6e, 0x1f, 0xfc, 0x10, 0xff, 0x00, 0xd2, 0x51, 0xf3, 0x18, 0x8f, 0xe2, 0xcb, 0xd5, 0xfe,
    0x61, 0x45, 0x7a, 0x46, 0x41, 0x5e, 0xc5, 0xe0, 0x7f, 0xf9, 0x13, 0xec, 0x3f, 0xed, 0xa7, 0xfe,
    0x8c, 0x6a, 0xf8, 0x8e, 0x3d, 0xff, 0x00, 0x91, 0x6c, 0x3f, 0xc6, 0xbf, 0xf4, 0x99, 0x1e, 0x8e,
    0x59, 0xfc, 0x57, 0xe9, 0xfa, 0xa3, 0xa0, 0xa2, 0xbf, 0x25, 0x3d, 0xb0, 0xa2, 0x80, 0x3c, 0x77,
    0xc7, 0x1f, 0xf2, 0x38, 0x5f, 0xff, 0x00, 0xdb, 0x3f, 0xfd, 0x16, 0xb5, 0xcf, 0xd7, 0xef, 0xf9,
    0x37, 0xfc, 0x8b, 0x70, 0xff, 0x00, 0xe0, 0x87, 0xfe, 0x92, 0x8f, 0x98, 0xc4, 0x7f, 0x16, 0x5e,
    0xaf, 0xf3, 0x0a, 0x2b, 0xd2, 0x32, 0x0a, 0xf6, 0x2f, 0x03, 0xff, 0x00, 0xc8, 0x9f, 0x61, 0xff,
    0x00, 0x6d, 0x3f, 0xf4, 0x63, 0x57, 0xc4, 0x71, 0xef, 0xfc, 0x8b, 0x61, 0xfe, 0x35, 0xff, 0x00,
    0xa4, 0xc8, 0xf4, 0x72, 0xcf, 0xe2, 0xbf, 0x4f, 0xd5, 0x1d, 0x05, 0x15, 0xf9, 0x29, 0xed, 0x85,
    0x14, 0x01, 0xe3, 0xbe, 0x38, 0xff, 0x00, 0x91, 0xc2, 0xff, 0x00, 0xfe, 0xd9, 0xff, 0x00, 0xe8,
    0xb5, 0xae, 0x7e, 0xbf, 0x7f, 0xc9, 0xbf, 0xe4, 0x5b, 0x87, 0xff, 0x00, 0x04, 0x3f, 0xf4, 0x94,
    0x7c, 0xc6, 0x23, 0xf8, 0xb2, 0xf5, 0x7f, 0x98, 0x51, 0x5e, 0x91, 0x90, 0x57, 0xb1, 0x78, 0x1f,
    0xfe, 0x44, 0xfb, 0x0f, 0xfb, 0x69, 0xff, 0x00, 0xa3, 0x1a, 0xbe, 0x23, 0x8f, 0x7f, 0xe4, 0x5b,
    0x0f, 0xf1, 0xaf, 0xfd, 0x26, 0x47, 0xa3, 0x96, 0x7f, 0x15, 0xfa, 0x7e, 0xa8, 0xe8, 0x28, 0xaf,
    0xc9, 0x4f, 0x6c, 0x28, 0xa0, 0x0f, 0x1d, 0xf1, 0xc7, 0xfc, 0x8e, 0x17, 0xff, 0x00, 0xf6, 0xcf,
    0xff, 0x00, 0x45, 0xad, 0x73, 0xf5, 0xfb, 0xfe, 0x4d, 0xff, 0x00, 0x22, 0xdc, 0x3f, 0xf8, 0x21,
    0xff, 0x00, 0xa4, 0xa3, 0xe6, 0x31, 0x1f, 0xc5, 0x97, 0xab, 0xfc, 0xc2, 0x8a, 0xf4, 0x8c, 0x82,
    0xbd, 0x8b, 0xc0, 0xff, 0x00, 0xf2, 0x27, 0xd8, 0x7f, 0xdb, 0x4f, 0xfd, 0x18, 0xd5, 0xf1, 0x1c,
    0x7b, 0xff, 0x00, 0x22, 0xd8, 0x7f, 0x8d, 0x7f, 0xe9, 0x32, 0x3d, 0x1c, 0xb3, 0xf8, 0xaf, 0xd3,
    0xf5, 0x47, 0x41, 0x45, 0x7e, 0x4a, 0x7b, 0x61, 0x45, 0x00, 0x78, 0xef, 0x8e, 0x3f, 0xe4, 0x70,
    0xbf, 0xff, 0x00, 0xb6, 0x7f, 0xfa, 0x2d, 0x6b, 0x9f, 0xaf, 0xdf, 0xf2, 0x6f, 0xf9, 0x16, 0xe1,
    0xff, 0x00, 0xc1, 0x0f, 0xfd, 0x25, 0x1f, 0x31, 0x88, 0xfe, 0x2c, 0xbd, 0x5f, 0xe6, 0x14, 0x57,
    0xa4, 0x64, 0x15, 0xec, 0x5e, 0x07, 0xff, 0x00, 0x91, 0x3e, 0xc3, 0xfe, 0xda, 0x7f, 0xe8, 0xc6,
    0xaf, 0x88, 0xe3, 0xdf, 0xf9, 0x16, 0xc3, 0xfc, 0x6b, 0xff, 0x00, 0x49, 0x91, 0xe8, 0xe5, 0x9f,
    0xc5, 0x7e, 0x9f, 0xaa, 0x3a, 0x0a, 0x2b, 0xf2, 0x53, 0xdb, 0x0a, 0x28, 0x03, 0xc7, 0x7c, 0x71,
    0xff, 0x00, 0x23, 0x85, 0xff, 0x00, 0xfd, 0xb3, 0xff, 0x00, 0xd1, 0x6b, 0x5c, 0xfd, 0x7e, 0xff,
    0x00, 0x93, 0x7f, 0xc8, 0xb7, 0x0f, 0xfe, 0x08, 0x7f, 0xe9, 0x28, 0xf9, 0x8c, 0x47, 0xf1, 0x65,
    0xea, 0xff, 0x00, 0x30, 0xa2, 0xbd, 0x23, 0x20, 0xaf, 0x62, 0xf0, 0x3f, 0xfc, 0x89, 0xf6, 0x1f,
    0xf6, 0xd3, 0xff, 0x00, 0x46, 0x35, 0x7c, 0x47, 0x1e, 0xff, 0x00, 0xc8, 0xb6, 0x1f, 0xe3, 0x5f,
    0xfa, 0x4c, 0x8f, 0x47, 0x2c, 0xfe, 0x2b, 0xf4, 0xfd, 0x51, 0xd0, 0x51, 0x5f, 0x92, 0x9e, 0xd8,
    0x51, 0x40, 0x1e, 0x3b, 0xe3, 0x8f, 0xf9, 0x1c, 0x2f, 0xff, 0x00, 0xed, 0x9f, 0xfe, 0x8b, 0x5a,
    0xe7, 0xeb, 0xf7, 0xfc, 0x9b, 0xfe, 0x45, 0xb8, 0x7f, 0xf0, 0x43, 0xff, 0x00, 0x49, 0x47, 0xcc,
    0x62, 0x3f, 0x8b, 0x2f, 0x57, 0xf9, 0x85, 0x15, 0xe9, 0x19, 0x05, 0x7b, 0x17, 0x81, 0xff, 0x00,
    0xe4, 0x4f, 0xb0, 0xff, 0x00, 0xb6, 0x9f, 0xfa, 0x31, 0xab, 0xe2, 0x38, 0xf7, 0xfe, 0x45, 0xb0,
    0xff, 0x00, 0x1a, 0xff, 0x00, 0xd2, 0x64, 0x7a, 0x39, 0x67, 0xf1, 0x5f, 0xa7, 0xea, 0x8e, 0x82,
    0x8a, 0xfc, 0x94, 0xf6, 0xc2, 0x8a, 0x00, 0xf1, 0xdf, 0x1c, 0x7f, 0xc8, 0xe1, 0x7f, 0xff, 0x00,
    0x6c, 0xff, 0x00, 0xf4, 0x5a, 0xd7, 0x3f, 0x5f, 0xbf, 0xe4, 0xdf, 0xf2, 0x2d, 0xc3, 0xff, 0x00,
    0x82, 0x1f, 0xfa, 0x4a, 0x3e, 0x63, 0x11, 0xfc, 0x59, 0x7a, 0xbf, 0xcc, 0x28, 0xaf, 0x48, 0xc8,
    0x2b, 0xd8, 0xbc, 0x0f, 0xff, 0x00, 0x22, 0x7d, 0x87, 0xfd, 0xb4, 0xff, 0x00, 0xd1, 0x8d, 0x5f,
    0x11, 0xc7, 0xbf, 0xf2, 0x2d, 0x87, 0xf8, 0xd7, 0xfe, 0x93, 0x23, 0xd1, 0xcb, 0x3f, 0x8a, 0xfd,
    0x3f, 0x54, 0x74, 0x14, 0x57, 0xe4, 0xa7, 0xb6, 0x14, 0x50, 0x07, 0x8e, 0xf8, 0xe3, 0xfe, 0x47,
    0x0b, 0xff, 0x00, 0xfb, 0x67, 0xff, 0x00, 0xa2, 0xd6, 0xb9, 0xfa, 0xfd, 0xff, 0x00, 0x26, 0xff,
    0x00, 0x91, 0x6e, 0x1f, 0xfc, 0x10, 0xff, 0x00, 0xd2, 0x51, 0xf3, 0x18, 0x8f, 0xe2, 0xcb, 0xd5,
    0xfe, 0x61, 0x45, 0x7a, 0x46, 0x41, 0x5e, 0xc5, 0xe0, 0x7f, 0xf9, 0x13, 0xec, 0x3f, 0xed, 0xa7,
    0xfe, 0x8c, 0x6a, 0xf8, 0x8e, 0x3d, 0xff, 0x00, 0x91, 0x6c, 0x3f, 0xc6, 0xbf, 0xf4, 0x99, 0x1e,
    0x8e, 0x59, 0xfc, 0x57, 0xe9, 0xfa, 0xa3, 0xa0, 0xa2, 0xbf, 0x25, 0x3d, 0xb0, 0xa2, 0x80, 0x3c,
    0x77, 0xc7, 0x1f, 0xf2, 0x38, 0x5f, 0xff, 0x00, 0xdb, 0x3f, 0xfd, 0x16, 0xb5, 0xcf, 0xd7, 0xef,
    0xf9, 0x37, 0xfc, 0x8b, 0x70, 0xff, 0x00, 0xe0, 0x87, 0xfe, 0x92, 0x8f, 0x98, 0xc4, 0x7f, 0x16,
    0x5e, 0xaf, 0xf3, 0x0a, 0x2b, 0xd2, 0x32, 0x0a, 0xf6, 0x2f, 0x03, 0xff, 0x00, 0xc8, 0x9f, 0x61,
    0xff, 0x00, 0x6d, 0x3f, 0xf4, 0x63, 0x57, 0xc4, 0x71, 0xef, 0xfc, 0x8b, 0x61, 0xfe, 0x35, 0xff,
    0x00, 0xa4, 0xc8, 0xf4, 0x72, 0xcf, 0xe2, 0xbf, 0x4f, 0xd5, 0x1d, 0x05, 0x15, 0xf9, 0x29, 0xed,
    0x85, 0x14, 0x01, 0xe3, 0xbe, 0x38, 0xff, 0x00, 0x91, 0xc2, 0xff, 0x00, 0xfe, 0xd9, 0xff, 0x00,
    0xe8, 0xb5, 0xae, 0x7e, 0xbf, 0x7f, 0xc9, 0xbf, 0xe4, 0x5b, 0x87, 0xff, 0x00, 0x04, 0x3f, 0xf4,
    0x94, 0x7c, 0xc6, 0x23, 0xf8, 0xb2, 0xf5, 0x7f, 0x98, 0x51, 0x5e, 0x91, 0x90, 0x57, 0xb1, 0x78,
    0x1f, 0xfe, 0x44, 0xfb, 0x0f, 0xfb, 0x69, 0xff, 0x00, 0xa3, 0x1a, 0xbe, 0x23, 0x8f, 0x7f, 0xe4,
    0x5b, 0x0f, 0xf1, 0xaf, 0xfd, 0x26, 0x47, 0xa3, 0x96, 0x7f, 0x15, 0xfa, 0x7e, 0xa8, 0xe8, 0x28,
    0xaf, 0xc9, 0x4f, 0x6c, 0x28, 0xa0, 0x0f, 0x1d, 0xf1, 0xc7, 0xfc, 0x8e, 0x17, 0xff, 0x00, 0xf6,
    0xcf, 0xff, 0x00, 0x45, 0xad, 0x73, 0xf5, 0xfb, 0xfe, 0x4d, 0xff, 0x00, 0x22, 0xdc, 0x3f, 0xf8,
    0x21, 0xff, 0x00, 0xa4, 0xa3, 0xe6, 0x31, 0x1f, 0xc5, 0x97, 0xab, 0xfc, 0xc2, 0x8a, 0xf4, 0x8c,
    0x82, 0xbd, 0x8b, 0xc0, 0xff, 0x00, 0xf2, 0x27, 0xd8, 0x7f, 0xdb, 0x4f, 0xfd, 0x18, 0xd5, 0xf1,
    0x1c, 0x7b, 0xff, 0x00, 0x22, 0xd8, 0x7f, 0x8d, 0x7f, 0xe9, 0x32, 0x3d, 0x1c, 0xb3, 0xf8, 0xaf,
    0xd3, 0xf5, 0x47, 0x41, 0x45, 0x7e, 0x4a, 0x7b, 0x61, 0x45, 0x00, 0x78, 0xef, 0x8e, 0x3f, 0xe4,
    0x70, 0xbf, 0xff, 0x00, 0xb6, 0x7f, 0xfa, 0x2d, 0x6b, 0x9f, 0xaf, 0xdf, 0xf2, 0x6f, 0xf9, 0x16,
    0xe1, 0xff, 0x00, 0xc1, 0x0f, 0xfd, 0x25, 0x1f, 0x31, 0x88, 0xfe, 0x2c, 0xbd, 0x5f, 0xe6, 0x14,
    0x57, 0xa4, 0x64, 0x15, 0xec, 0x5e, 0x07, 0xff, 0x00, 0x91, 0x3e, 0xc3, 0xfe, 0xda, 0x7f, 0xe8,
    0xc6, 0xaf, 0x88, 0xe3, 0xdf, 0xf9, 0x16, 0xc3, 0xfc, 0x6b, 0xff, 0x00, 0x49, 0x91, 0xe8, 0xe5,
    0x9f, 0xc5, 0x7e, 0x9f, 0xaa, 0x3a, 0x0a, 0x2b, 0xf2, 0x53, 0xdb, 0x0a, 0x28, 0x03, 0xc7, 0x7c,
    0x71, 0xff, 0x00, 0x23, 0x85, 0xff, 0x00, 0xfd, 0xb3, 0xff, 0x00, 0xd1, 0x6b, 0x5c, 0xfd, 0x7e,
    0xff, 0x00, 0x93, 0x7f, 0xc8, 0xb7, 0x0f, 0xfe, 0x08, 0x7f, 0xe9, 0x28, 0xf9, 0x8c, 0x47, 0xf1,
    0x65, 0xea, 0xff, 0x00, 0x30, 0xa2, 0xbd, 0x23, 0x20, 0xaf, 0x62, 0xf0, 0x3f, 0xfc, 0x89, 0xf6,
    0x1f, 0xf6, 0xd3, 0xff, 0x00, 0x46, 0x35, 0x7c, 0x47, 0x1e, 0xff, 0x00, 0xc8, 0xb6, 0x1f, 0xe3,
    0x5f, 0xfa, 0x4c, 0x8f, 0x47, 0x2c, 0xfe, 0x2b, 0xf4, 0xfd, 0x51, 0xd0, 0x51, 0x5f, 0x92, 0x9e,
    0xd8, 0x51, 0x40, 0x1e, 0x3b, 0xe3, 0x8f, 0xf9, 0x1c, 0x2f, 0xff, 0x00, 0xed, 0x9f, 0xfe, 0x8b,
    0x5a, 0xe7, 0xeb, 0xf7, 0xfc, 0x9b, 0xfe, 0x45, 0xb8, 0x7f, 0xf0, 0x43, 0xff, 0x00, 0x49, 0x47,
    0xcc, 0x62, 0x3f, 0x8b, 0x2f, 0x57, 0xf9, 0x85, 0x15, 0xe9, 0x19, 0x05, 0x7b, 0x17, 0x81, 0xff,
    0x00, 0xe4, 0x4f, 0xb0, 0xff, 0x00, 0xb6, 0x9f, 0xfa, 0x31, 0xab, 0xe2, 0x38, 0xf7, 0xfe, 0x45,
    0xb0, 0xff, 0x00, 0x1a, 0xff, 0x00, 0xd2, 0x64, 0x7a, 0x39, 0x67, 0xf1, 0x5f, 0xa7, 0xea, 0x8e,
    0x82, 0x8a, 0xfc, 0x94, 0xf6, 0xc2, 0x8a, 0x00, 0xf1, 0xdf, 0x1c, 0x7f, 0xc8, 0xe1, 0x7f, 0xff,
    0x00, 0x6c, 0xff, 0x00, 0xf4, 0x5a, 0xd7, 0x3f, 0x5f, 0xbf, 0xe4, 0xdf, 0xf2, 0x2d, 0xc3, 0xff,
    0x00, 0x82, 0x1f, 0xfa, 0x4a, 0x3e, 0x63, 0x11, 0xfc, 0x59, 0x7a, 0xbf, 0xcc, 0x28, 0xaf, 0x48,
    0xc8, 0x2b, 0xd8, 0xbc, 0x0f, 0xff, 0x00, 0x22, 0x7d, 0x87, 0xfd, 0xb4, 0xff, 0x00, 0xd1, 0x8d,
    0x5f, 0x11, 0xc7, 0xbf, 0xf2, 0x2d, 0x87, 0xf8, 0xd7, 0xfe, 0x93, 0x23, 0xd1, 0xcb, 0x3f, 0x8a,
    0xfd, 0x3f, 0x54, 0x74, 0x14, 0x57, 0xe4, 0xa7, 0xb6, 0x14, 0x50, 0x07, 0x8e, 0xf8, 0xe3, 0xfe,
    0x47, 0x0b, 0xff, 0x00, 0xfb, 0x67, 0xff, 0x00, 0xa2, 0xd6, 0xb9, 0xfa, 0xfd, 0xff, 0x00, 0x26,
    0xff, 0x00, 0x91, 0x6e, 0x1f, 0xfc, 0x10, 0xff, 0x00, 0xd2, 0x51, 0xf3, 0x18, 0x8f, 0xe2, 0xcb,
    0xd5, 0xfe, 0x61, 0x45, 0x7a, 0x46, 0x41, 0x5e, 0xc5, 0xe0, 0x7f, 0xf9, 0x13, 0xec, 0x3f, 0xed,
    0xa7, 0xfe, 0x8c, 0x6a, 0xf8, 0x8e, 0x3d, 0xff, 0x00, 0x91, 0x6c, 0x3f, 0xc6, 0xbf, 0xf4, 0x99,
    0x1e, 0x8e, 0x59, 0xfc, 0x57, 0xe9, 0xfa, 0xa3, 0xa0, 0xa2, 0xbf, 0x25, 0x3d, 0xb0, 0xa2, 0x80,
    0x3c, 0x77, 0xc7, 0x1f, 0xf2, 0x38, 0x5f, 0xff, 0x00, 0xdb, 0x3f, 0xfd, 0x16, 0xb5, 0xcf, 0xd7,
    0xef, 0xf9, 0x37, 0xfc, 0x8b, 0x70, 0xff, 0x00, 0xe0, 0x87, 0xfe, 0x92, 0x8f, 0x98, 0xc4, 0x7f,
    0x16, 0x5e, 0xaf, 0xf3, 0x0a, 0x2b, 0xd2, 0x32, 0x3f, 0xff, 0xd9,
};
static const unsigned char cb_frame_15[] = {
    0xff, 0xd8, 0xff, 0xe0, 0x00, 0x10, 0x4a, 0x46, 0x49, 0x46, 0x00, 0x01, 0x01, 0x00, 0x00, 0x01,
    0x00, 0x01, 0x00, 0x00, 0xff, 0xdb, 0x00, 0x43, 0x00, 0x08, 0x06, 0x06, 0x07, 0x06, 0x05, 0x08,
    0x07, 0x07, 0x07, 0x09, 0x09, 0x08, 0x0a, 0x0c, 0x14, 0x0d, 0x0c, 0x0b, 0x0b, 0x0c, 0x19, 0x12,
    0x13, 0x0f, 0x14, 0x1d, 0x1a, 0x1f, 0x1e, 0x1d, 0x1a, 0x1c, 0x1c, 0x20, 0x24, 0x2e, 0x27, 0x20,
    0x22, 0x2c, 0x23, 0x1c, 0x1c, 0x28, 0x37, 0x29, 0x2c, 0x30, 0x31, 0x34, 0x34, 0x34, 0x1f, 0x27,
    0x39, 0x3d, 0x38, 0x32, 0x3c, 0x2e, 0x33, 0x34, 0x32, 0xff, 0xdb, 0x00, 0x43, 0x01, 0x09, 0x09,
    0x09, 0x0c, 0x0b, 0x0c, 0x18, 0x0d, 0x0d, 0x18, 0x32, 0x21, 0x1c, 0x21, 0x32, 0x32, 0x32, 0x32,
    0x32, 0x32, 0x32, 0x32, 0x32, 0x32, 0x32, 0x32, 0x32, 0x32, 0x32, 0x32, 0x32, 0x32, 0x32, 0x32,
    0x32, 0x32, 0x32, 0x32, 0x32, 0x32, 0x32, 0x32, 0x32, 0x32, 0x32, 0x32, 0x32, 0x32, 0x32, 0x32,
    0x32, 0x32, 0x32, 0x32, 0x32, 0x32, 0x32, 0x32, 0x32, 0x32, 0x32, 0x32, 0x32, 0x32, 0xff, 0xc0,
    0x00, 0x11, 0x08, 0x00, 0xf0, 0x01, 0x40, 0x03, 0x01, 0x21, 0x00, 0x02, 0x11, 0x01, 0x03, 0x11,
    0x01, 0xff, 0xc4, 0x00, 0x1f, 0x00, 0x00, 0x01, 0x05, 0x01, 0x01, 0x01, 0x01, 0x01, 0x01, 0x00,
    0x00, 0x00, 0x00, 0x00, 0x00, 0x00, 0x00, 0x01, 0x02, 0x03, 0x04, 0x05, 0x06, 0x07, 0x08, 0x09,
    0x0a, 0x0b, 0xff, 0xc4, 0x00, 0xb5, 0x10, 0x00, 0x02, 0x01, 0x03, 0x03, 0x02, 0x04, 0x03, 0x05,
    0x05, 0x04, 0x04, 0x00, 0x00, 0x01, 0x7d, 0x01, 0x02, 0x03, 0x00, 0x04, 0x11, 0x05, 0x12, 0x21,
    0x31, 0x41, 0x06, 0x13, 0x51, 0x61, 0x07, 0x22, 0x71, 0x14, 0x32, 0x81, 0x91, 0xa1, 0x08, 0x23,
    0x42, 0xb1, 0xc1, 0x15, 0x52, 0xd1, 0xf0, 0x24, 0x33, 0x62, 0x72, 0x82, 0x09, 0x0a, 0x16, 0x17,
    0x18, 0x19, 0x1a, 0x25, 0x26, 0x27, 0x28, 0x29, 0x2a, 0x34, 0x35, 0x36, 0x37, 0x38, 0x39, 0x3a,
    0x43, 0x44, 0x45, 0x46, 0x47, 0x48, 0x49, 0x4a, 0x53, 0x54, 0x55, 0x56, 0x57, 0x58, 0x59, 0x5a,
    0x63, 0x64, 0x65, 0x66, 0x67, 0x68, 0x69, 0x6a, 0x73, 0x74, 0x75, 0x76, 0x77, 0x78, 0x79, 0x7a,
    0x83, 0x84, 0x85, 0x86, 0x87, 0x88, 0x89, 0x8a, 0x92, 0x93, 0x94, 0x95, 0x96, 0x97, 0x98, 0x99,
    0x9a, 0xa2, 0xa3, 0xa4, 0xa5, 0xa6, 0xa7, 0xa8, 0xa9, 0xaa, 0xb2, 0xb3, 0xb4, 0xb5, 0xb6, 0xb7,
    0xb8, 0xb9, 0xba, 0xc2, 0xc3, 0xc4, 0xc5, 0xc6, 0xc7, 0xc8, 0xc9, 0xca, 0xd2, 0xd3, 0xd4, 0xd5,
    0xd6, 0xd7, 0xd8, 0xd9, 0xda, 0xe1, 0xe2, 0xe3, 0xe4, 0xe5, 0xe6, 0xe7, 0xe8, 0xe9, 0xea, 0xf1,
    0xf2, 0xf3, 0xf4, 0xf5, 0xf6, 0xf7, 0xf8, 0xf9, 0xfa, 0xff, 0xc4, 0x00, 0x1f, 0x01, 0x00, 0x03,
    0x01, 0x01, 0x01, 0x01, 0x01, 0x01, 0x01, 0x01, 0x01, 0x00, 0x00, 0x00, 0x00, 0x00, 0x00, 0x01,
    0x02, 0x03, 0x04, 0x05, 0x06, 0x07, 0x08, 0x09, 0x0a, 0x0b, 0xff, 0xc4, 0x00, 0xb5, 0x11, 0x00,
    0x02, 0x01, 0x02, 0x04, 0x04, 0x03, 0x04, 0x07, 0x05, 0x04, 0x04, 0x00, 0x01, 0x02, 0x77, 0x00,
    0x01, 0x02, 0x03, 0x11, 0x04, 0x05, 0x21, 0x31, 0x06, 0x12, 0x41, 0x51, 0x07, 0x61, 0x71, 0x13,
    0x22, 0x32, 0x81, 0x08, 0x14, 0x42, 0x91, 0xa1, 0xb1, 0xc1, 0x09, 0x23, 0x33, 0x52, 0xf0, 0x15,
    0x62, 0x72, 0xd1, 0x0a, 0x16, 0x24, 0x34, 0xe1, 0x25, 0xf1, 0x17, 0x18, 0x19, 0x1a, 0x26, 0x27,
    0x28, 0x29, 0x2a, 0x35, 0x36, 0x37, 0x38, 0x39, 0x3a, 0x43, 0x44, 0x45, 0x46, 0x47, 0x48, 0x49,
    0x4a, 0x53, 0x54, 0x55, 0x56, 0x57, 0x58, 0x59, 0x5a, 0x63, 0x64, 0x65, 0x66, 0x67, 0x68, 0x69,
    0x6a, 0x73, 0x74, 0x75, 0x76, 0x77, 0x78, 0x79, 0x7a, 0x82, 0x83, 0x84, 0x85, 0x86, 0x87, 0x88,
    0x89, 0x8a, 0x92, 0x93, 0x94, 0x95, 0x96, 0x97, 0x98, 0x99, 0x9a, 0xa2, 0xa3, 0xa4, 0xa5, 0xa6,
    0xa7, 0xa8, 0xa9, 0xaa, 0xb2, 0xb3, 0xb4, 0xb5, 0xb6, 0xb7, 0xb8, 0xb9, 0xba, 0xc2, 0xc3, 0xc4,
    0xc5, 0xc6, 0xc7, 0xc8, 0xc9, 0xca, 0xd2, 0xd3, 0xd4, 0xd5, 0xd6, 0xd7, 0xd8, 0xd9, 0xda, 0xe2,
    0xe3, 0xe4, 0xe5, 0xe6, 0xe7, 0xe8, 0xe9, 0xea, 0xf2, 0xf3, 0xf4, 0xf5, 0xf6, 0xf7, 0xf8, 0xf9,
    0xfa, 0xff, 0xda, 0x00, 0x0c, 0x03, 0x01, 0x00, 0x02, 0x11, 0x03, 0x11, 0x00, 0x3f, 0x00, 0xd4,
    0xf8, 0x93, 0xff, 0x00, 0x22, 0xed, 0xbf, 0xfd, 0x7d, 0xaf, 0xfe, 0x80, 0xf5, 0xe5, 0xd5, 0xea,
    0xf0, 0x4f, 0xfc, 0x8a, 0x97, 0xf8, 0xa4, 0x73, 0x66, 0x1f, 0xc7, 0xf9, 0x05, 0x15, 0xf5, 0xc7,
    0x08, 0x57, 0x63, 0xf0, 0xdb, 0xfe, 0x46, 0x2b, 0x8f, 0xfa, 0xf4, 0x6f, 0xfd, 0x0d, 0x2b, 0xc3,
    0xe2, 0x4f, 0xf9, 0x15, 0x57, 0xff, 0x00, 0x09, 0xd1, 0x84, 0xfe, 0x3c, 0x7d, 0x4f, 0x51, 0xa2,
    0xbf, 0x0a, 0x3e, 0x90, 0x28, 0xa0, 0x0e, 0x3b, 0xe2, 0x4f, 0xfc, 0x8b, 0xb6, 0xff, 0x00, 0xf5,
    0xf6, 0xbf, 0xfa, 0x03, 0xd7, 0x97, 0x57, 0xec, 0x7c, 0x13, 0xff, 0x00, 0x22, 0xa5, 0xfe, 0x29,
    0x1e, 0x0e, 0x61, 0xfc, 0x7f, 0x90, 0x51, 0x5f, 0x5c, 0x70, 0x85, 0x76, 0x3f, 0x0d, 0xbf, 0xe4,
    0x62, 0xb8, 0xff, 0x00, 0xaf, 0x46, 0xff, 0x00, 0xd0, 0xd2, 0xbc, 0x3e, 0x24, 0xff, 0x00, 0x91,
    0x55, 0x7f, 0xf0, 0x9d, 0x18, 0x4f, 0xe3, 0xc7, 0xd4, 0xf5, 0x1a, 0x2b, 0xf0, 0xa3, 0xe9, 0x02,
    0x8a, 0x00, 0xe3, 0xbe, 0x24, 0xff, 0x00, 0xc8, 0xbb, 0x6f, 0xff, 0x00, 0x5f, 0x6b, 0xff, 0x00,
    0xa0, 0x3d, 0x79, 0x75, 0x7e, 0xc7, 0xc1, 0x3f, 0xf2, 0x2a, 0x5f, 0xe2, 0x91, 0xe0, 0xe6, 0x1f,
    0xc7, 0xf9, 0x05, 0x15, 0xf5, 0xc7, 0x08, 0x57, 0x63, 0xf0, 0xdb, 0xfe, 0x46, 0x2b, 0x8f, 0xfa,
    0xf4, 0x6f, 0xfd, 0x0d, 0x2b, 0xc3, 0xe2, 0x4f, 0xf9, 0x15, 0x57, 0xff, 0x00, 0x09, 0xd1, 0x84,
    0xfe, 0x3c, 0x7d, 0x4f, 0x51, 0xa2, 0xbf, 0x0a, 0x3e, 0x90, 0x28, 0xa0, 0x0e, 0x3b, 0xe2, 0x4f,
    0xfc, 0x8b, 0xb6, 0xff, 0x00, 0xf5, 0xf6, 0xbf, 0xfa, 0x03, 0xd7, 0x97, 0x57, 0xec, 0x7c, 0x13,
    0xff, 0x00, 0x22, 0xa5, 0xfe, 0x29, 0x1e, 0x0e, 0x61, 0xfc, 0x7f, 0x90, 0x51, 0x5f, 0x5c, 0x70,
    0x85, 0x76, 0x3f, 0x0d, 0xbf, 0xe4, 0x62, 0xb8, 0xff, 0x00, 0xaf, 0x46, 0xff, 0x00, 0xd0, 0xd2,
    0xbc, 0x3e, 0x24, 0xff, 0x00, 0x91, 0x55, 0x7f, 0xf0, 0x9d, 0x18, 0x4f, 0xe3, 0xc7, 0xd4, 0xf5,
    0x1a, 0x2b, 0xf0, 0xa3, 0xe9, 0x02, 0x8a, 0x00, 0xe3, 0xbe, 0x24, 0xff, 0x00, 0xc8, 0xbb, 0x6f,
    0xff, 0x00, 0x5f, 0x6b, 0xff, 0x00, 0xa0, 0x3d, 0x79, 0x75, 0x7e, 0xc7, 0xc1, 0x3f, 0xf2, 0x2a,
    0x5f, 0xe2, 0x91, 0xe0, 0xe6, 0x1f, 0xc7, 0xf9, 0x05, 0x15, 0xf5, 0xc7, 0x08, 0x57, 0x63, 0xf0,
    0xdb, 0xfe, 0x46, 0x2b, 0x8f, 0xfa, 0xf4, 0x6f, 0xfd, 0x0d, 0x2b, 0xc3, 0xe2, 0x4f, 0xf9, 0x15,
    0x57, 0xff, 0x00, 0x09, 0xd1, 0x84, 0xfe, 0x3c, 0x7d, 0x4f, 0x51, 0xa2, 0xbf, 0x0a, 0x3e, 0x90,
    0x28, 0xa0, 0x0e, 0x3b, 0xe2, 0x4f, 0xfc, 0x8b, 0xb6, 0xff, 0x00, 0xf5, 0xf6, 0xbf, 0xfa, 0x03,
    0xd7, 0x97, 0x57, 0xec, 0x7c, 0x13, 0xff, 0x00, 0x22, 0xa5, 0xfe, 0x29, 0x1e, 0x0e, 0x61, 0xfc,
    0x7f, 0x90, 0x51, 0x5f, 0x5c, 0x70, 0x85, 0x76, 0x3f, 0x0d, 0xbf, 0xe4, 0x62, 0xb8, 0xff, 0x00,
    0xaf, 0x46, 0xff, 0x00, 0xd0, 0xd2, 0xbc, 0x3e, 0x24, 0xff, 0x00, 0x91, 0x55, 0x7f, 0xf0, 0x9d,
    0x18, 0x4f, 0xe3, 0xc7, 0xd4, 0xf5, 0x1a, 0x2b, 0xf0, 0xa3, 0xe9, 0x02, 0x8a, 0x00, 0xe3, 0xbe,
    0x24, 0xff, 0x00, 0xc8, 0xbb, 0x6f, 0xff, 0x00, 0x5f, 0x6b, 0xff, 0x00, 0xa0, 0x3d, 0x79, 0x75,
    0x7e, 0xc7, 0xc1, 0x3f, 0xf2, 0x2a, 0x5f, 0xe2, 0x91, 0xe0, 0xe6, 0x1f, 0xc7, 0xf9, 0x05, 0x15,
    0xf5, 0xc7, 0x08, 0x57, 0x63, 0xf0, 0xdb, 0xfe, 0x46, 0x2b, 0x8f, 0xfa, 0xf4, 0x6f, 0xfd, 0x0d,
    0x2b, 0xc3, 0xe2, 0x4f, 0xf9, 0x15, 0x57, 0xff, 0x00, 0x09, 0xd1, 0x84, 0xfe, 0x3c, 0x7d, 0x4f,
    0x51, 0xa2, 0xbf, 0x0a, 0x3e, 0x90, 0x28, 0xa0, 0x0e, 0x3b, 0xe2, 0x4f, 0xfc, 0x8b, 0xb6, 0xff,
    0x00, 0xf5, 0xf6, 0xbf, 0xfa, 0x03, 0xd7, 0x97, 0x57, 0xec, 0x7c, 0x13, 0xff, 0x00, 0x22, 0xa5,
    0xfe, 0x29, 0x1e, 0x0e, 0x61, 0xfc, 0x7f, 0x90, 0x51, 0x5f, 0x5c, 0x70, 0x85, 0x76, 0x3f, 0x0d,
    0xbf, 0xe4, 0x62, 0xb8, 0xff, 0x00, 0xaf, 0x46, 0xff, 0x00, 0xd0, 0xd2, 0xbc, 0x3e, 0x24, 0xff,
    0x00, 0x91, 0x55, 0x7f, 0xf0, 0x9d, 0x18, 0x4f, 0xe3, 0xc7, 0xd4, 0xf5, 0x1a, 0x2b, 0xf0, 0xa3,
    0xe9, 0x02, 0x8a, 0x00, 0xe3, 0xbe, 0x24, 0xff, 0x00, 0xc8, 0xbb, 0x6f, 0xff, 0x00, 0x5f, 0x6b,
    0xff, 0x00, 0xa0, 0x3d, 0x79, 0x75, 0x7e, 0xc7, 0xc1, 0x3f, 0xf2, 0x2a, 0x5f, 0xe2, 0x91, 0xe0,
    0xe6, 0x1f, 0xc7, 0xf9, 0x05, 0x15, 0xf5, 0xc7, 0x08, 0x57, 0x63, 0xf0, 0xdb, 0xfe, 0x46, 0x2b,
    0x8f, 0xfa, 0xf4, 0x6f, 0xfd, 0x0d, 0x2b, 0xc3, 0xe2, 0x4f, 0xf9, 0x15, 0x57, 0xff, 0x00, 0x09,
    0xd1, 0x84, 0xfe, 0x3c, 0x7d, 0x4f, 0x51, 0xa2, 0xbf, 0x0a, 0x3e, 0x90, 0x28, 0xa0, 0x0e, 0x3b,
    0xe2, 0x4f, 0xfc, 0x8b, 0xb6, 0xff, 0x00, 0xf5, 0xf6, 0xbf, 0xfa, 0x03, 0xd7, 0x97, 0x57, 0xec,
    0x7c, 0x13, 0xff, 0x00, 0x22, 0xa5, 0xfe, 0x29, 0x1e, 0x0e, 0x61, 0xfc, 0x7f, 0x90, 0x51, 0x5f,
    0x5c, 0x70, 0x85, 0x76, 0x3f, 0x0d, 0xbf, 0xe4, 0x62, 0xb8, 0xff, 0x00, 0xaf, 0x46, 0xff, 0x00,
    0xd0, 0xd2, 0xbc, 0x3e, 0x24, 0xff, 0x00, 0x91, 0x55, 0x7f, 0xf0, 0x9d, 0x18, 0x4f, 0xe3, 0xc7,
    0xd4, 0xf5, 0x1a, 0x2b, 0xf0, 0xa3, 0xe9, 0x02, 0x8a, 0x00, 0xe3, 0xbe, 0x24, 0xff, 0x00, 0xc8,
    0xbb, 0x6f, 0xff, 0x00, 0x5f, 0x6b, 0xff, 0x00, 0xa0, 0x3d, 0x79, 0x75, 0x7e, 0xc7, 0xc1, 0x3f,
    0xf2, 0x2a, 0x5f, 0xe2, 0x91, 0xe0, 0xe6, 0x1f, 0xc7, 0xf9, 0x05, 0x15, 0xf5, 0xc7, 0x08, 0x57,
    0x63, 0xf0, 0xdb, 0xfe, 0x46, 0x2b, 0x8f, 0xfa, 0xf4, 0x6f, 0xfd, 0x0d, 0x2b, 0xc3, 0xe2, 0x4f,
    0xf9, 0x15, 0x57, 0xff, 0x00, 0x09, 0xd1, 0x84, 0xfe, 0x3c, 0x7d, 0x4f, 0x51, 0xa2, 0xbf, 0x0a,
    0x3e, 0x90, 0x28, 0xa0, 0x0e, 0x3b, 0xe2, 0x4f, 0xfc, 0x8b, 0xb6, 0xff, 0x00, 0xf5, 0xf6, 0xbf,
    0xfa, 0x03, 0xd7, 0x97, 0x57, 0xec, 0x7c, 0x13, 0xff, 0x00, 0x22, 0xa5, 0xfe, 0x29, 0x1e, 0x0e,
    0x61, 0xfc, 0x7f, 0x90, 0x51, 0x5f, 0x5c, 0x70, 0x85, 0x76, 0x3f, 0x0d, 0xbf, 0xe4, 0x62, 0xb8,
    0xff, 0x00, 0xaf, 0x46, 0xff, 0x00, 0xd0, 0xd2, 0xbc, 0x3e, 0x24, 0xff, 0x00, 0x91, 0x55, 0x7f,
    0xf0, 0x9d, 0x18, 0x4f, 0xe3, 0xc7, 0xd4, 0xf5, 0x1a, 0x2b, 0xf0, 0xa3, 0xe9, 0x02, 0x8a, 0x00,
    0xe3, 0xbe, 0x24, 0xff, 0x00, 0xc8, 0xbb, 0x6f, 0xff, 0x00, 0x5f, 0x6b, 0xff, 0x00, 0xa0, 0x3d,
    0x79, 0x75, 0x7e, 0xc7, 0xc1, 0x3f, 0xf2, 0x2a, 0x5f, 0xe2, 0x91, 0xe0, 0xe6, 0x1f, 0xc7, 0xf9,
    0x05, 0x15, 0xf5, 0xc7, 0x08, 0x57, 0x63, 0xf0, 0xdb, 0xfe, 0x46, 0x2b, 0x8f, 0xfa, 0xf4, 0x6f,
    0xfd, 0x0d, 0x2b, 0xc3, 0xe2, 0x4f, 0xf9, 0x15, 0x57, 0xff, 0x00, 0x09, 0xd1, 0x84, 0xfe, 0x3c,
    0x7d, 0x4f, 0x51, 0xa2, 0xbf, 0x0a, 0x3e, 0x90, 0x28, 0xa0, 0x0e, 0x3b, 0xe2, 0x4f, 0xfc, 0x8b,
    0xb6, 0xff, 0x00, 0xf5, 0xf6, 0xbf, 0xfa, 0x03, 0xd7, 0x97, 0x57, 0xec, 0x7c, 0x13, 0xff, 0x00,
    0x22, 0xa5, 0xfe, 0x29, 0x1e, 0x0e, 0x61, 0xfc, 0x7f, 0x90, 0x51, 0x5f, 0x5c, 0x70, 0x85, 0x76,
    0x3f, 0x0d, 0xbf, 0xe4, 0x62, 0xb8, 0xff, 0x00, 0xaf, 0x46, 0xff, 0x00, 0xd0, 0xd2, 0xbc, 0x3e,
    0x24, 0xff, 0x00, 0x91, 0x55, 0x7f, 0xf0, 0x9d, 0x18, 0x4f, 0xe3, 0xc7, 0xd4, 0xf5, 0x1a, 0x2b,
    0xf0, 0xa3, 0xe9, 0x02, 0x8a, 0x00, 0xe3, 0xbe, 0x24, 0xff, 0x00, 0xc8, 0xbb, 0x6f, 0xff, 0x00,
    0x5f, 0x6b, 0xff, 0x00, 0xa0, 0x3d, 0x79, 0x75, 0x7e, 0xc7, 0xc1, 0x3f, 0xf2, 0x2a, 0x5f, 0xe2,
    0x91, 0xe0, 0xe6, 0x1f, 0xc7, 0xf9, 0x05, 0x15, 0xf5, 0xc7, 0x08, 0x57, 0x63, 0xf0, 0xdb, 0xfe,
    0x46, 0x2b, 0x8f, 0xfa, 0xf4, 0x6f, 0xfd, 0x0d, 0x2b, 0xc3, 0xe2, 0x4f, 0xf9, 0x15, 0x57, 0xff,
    0x00, 0x09, 0xd1, 0x84, 0xfe, 0x3c, 0x7d, 0x4f, 0x51, 0xa2, 0xbf, 0x0a, 0x3e, 0x90, 0x28, 0xa0,
    0x0e, 0x3b, 0xe2, 0x4f, 0xfc, 0x8b, 0xb6, 0xff, 0x00, 0xf5, 0xf6, 0xbf, 0xfa, 0x03, 0xd7, 0x97,
    0x57, 0xec, 0x7c, 0x13, 0xff, 0x00, 0x22, 0xa5, 0xfe, 0x29, 0x1e, 0x0e, 0x61, 0xfc, 0x7f, 0x90,
    0x51, 0x5f, 0x5c, 0x70, 0x85, 0x76, 0x3f, 0x0d, 0xbf, 0xe4, 0x62, 0xb8, 0xff, 0x00, 0xaf, 0x46,
    0xff, 0x00, 0xd0, 0xd2, 0xbc, 0x3e, 0x24, 0xff, 0x00, 0x91, 0x55, 0x7f, 0xf0, 0x9d, 0x18, 0x4f,
    0xe3, 0xc7, 0xd4, 0xf5, 0x1a, 0x2b, 0xf0, 0xa3, 0xe9, 0x02, 0x8a, 0x00, 0xe3, 0xbe, 0x24, 0xff,
    0x00, 0xc8, 0xbb, 0x6f, 0xff, 0x00, 0x5f, 0x6b, 0xff, 0x00, 0xa0, 0x3d, 0x79, 0x75, 0x7e, 0xc7,
    0xc1, 0x3f, 0xf2, 0x2a, 0x5f, 0xe2, 0x91, 0xe0, 0xe6, 0x1f, 0xc7, 0xf9, 0x05, 0x15, 0xf5, 0xc7,
    0x08, 0x57, 0x63, 0xf0, 0xdb, 0xfe, 0x46, 0x2b, 0x8f, 0xfa, 0xf4, 0x6f, 0xfd, 0x0d, 0x2b, 0xc3,
    0xe2, 0x4f, 0xf9, 0x15, 0x57, 0xff, 0x00, 0x09, 0xd1, 0x84, 0xfe, 0x3c, 0x7d, 0x4f, 0x51, 0xa2,
    0xbf, 0x0a, 0x3e, 0x90, 0x28, 0xa0, 0x0e, 0x3b, 0xe2, 0x4f, 0xfc, 0x8b, 0xb6, 0xff, 0x00, 0xf5,
    0xf6, 0xbf, 0xfa, 0x03, 0xd7, 0x97, 0x57, 0xec, 0x7c, 0x13, 0xff, 0x00, 0x22, 0xa5, 0xfe, 0x29,
    0x1e, 0x0e, 0x61, 0xfc, 0x7f, 0x90, 0x51, 0x5f, 0x5c, 0x70, 0x85, 0x76, 0x3f, 0x0d, 0xbf, 0xe4,
    0x62, 0xb8, 0xff, 0x00, 0xaf, 0x46, 0xff, 0x00, 0xd0, 0xd2, 0xbc, 0x3e, 0x24, 0xff, 0x00, 0x91,
    0x55, 0x7f, 0xf0, 0x9d, 0x18, 0x4f, 0xe3, 0xc7, 0xd4, 0xf5, 0x1a, 0x2b, 0xf0, 0xa3, 0xe9, 0x02,
    0x8a, 0x00, 0xe3, 0xbe, 0x24, 0xff, 0x00, 0xc8, 0xbb, 0x6f, 0xff, 0x00, 0x5f, 0x6b, 0xff, 0x00,
    0xa0, 0x3d, 0x79, 0x75, 0x7e, 0xc7, 0xc1, 0x3f, 0xf2, 0x2a, 0x5f, 0xe2, 0x91, 0xe0, 0xe6, 0x1f,
    0xc7, 0xf9, 0x05, 0x15, 0xf5, 0xc7, 0x08, 0x57, 0x63, 0xf0, 0xdb, 0xfe, 0x46, 0x2b, 0x8f, 0xfa,
    0xf4, 0x6f, 0xfd, 0x0d, 0x2b, 0xc3, 0xe2, 0x4f, 0xf9, 0x15, 0x57, 0xff, 0x00, 0x09, 0xd1, 0x84,
    0xfe, 0x3c, 0x7d, 0x4f, 0x51, 0xa2, 0xbf, 0x0a, 0x3e, 0x90, 0x28, 0xa0, 0x0e, 0x3b, 0xe2, 0x4f,
    0xfc, 0x8b, 0xb6, 0xff, 0x00, 0xf5, 0xf6, 0xbf, 0xfa, 0x03, 0xd7, 0x97, 0x57, 0xec, 0x7c, 0x13,
    0xff, 0x00, 0x22, 0xa5, 0xfe, 0x29, 0x1e, 0x0e, 0x61, 0xfc, 0x7f, 0x90, 0x51, 0x5f, 0x5c, 0x70,
    0x85, 0x76, 0x3f, 0x0d, 0xbf, 0xe4, 0x62, 0xb8, 0xff, 0x00, 0xaf, 0x46, 0xff, 0x00, 0xd0, 0xd2,
    0xbc, 0x3e, 0x24, 0xff, 0x00, 0x91, 0x55, 0x7f, 0xf0, 0x9d, 0x18, 0x4f, 0xe3, 0xc7, 0xd4, 0xf5,
    0x1a, 0x2b, 0xf0, 0xa3, 0xe9, 0x02, 0x8a, 0x00, 0xf2, 0xef, 0x86, 0xdf, 0xf2, 0x31, 0x5c, 0x7f,
    0xd7, 0xa3, 0x7f, 0xe8, 0x69, 0x5e, 0xa3, 0x5f, 0x5b, 0xc6, 0xdf, 0xf2, 0x35, 0x7f, 0xe1, 0x89,
    0xc3, 0x97, 0xff, 0x00, 0x03, 0xe6, 0x14, 0x57, 0xc9, 0x1d, 0xc1, 0x5c, 0x77, 0xc4, 0x9f, 0xf9,
    0x17, 0x6d, 0xff, 0x00, 0xeb, 0xed, 0x7f, 0xf4, 0x07, 0xaf, 0x6f, 0x86, 0xff, 0x00, 0xe4, 0x6b,
    0x43, 0xfc, 0x47, 0x3e, 0x2f, 0xf8, 0x12, 0xf4, 0x3c, 0xba, 0x8a, 0xfd, 0xd8, 0xf9, 0xb0, 0xa2,
    0x80, 0x3b, 0x1f, 0x86, 0xdf, 0xf2, 0x31, 0x5c, 0x7f, 0xd7, 0xa3, 0x7f, 0xe8, 0x69, 0x5e, 0xa3,
    0x5f, 0x8d, 0xf1, 0xb7, 0xfc, 0x8d, 0x5f, 0xf8, 0x62, 0x7b, 0xd9, 0x7f, 0xf0, 0x3e, 0x61, 0x45,
    0x7c, 0x91, 0xdc, 0x15, 0xc7, 0x7c, 0x49, 0xff, 0x00, 0x91, 0x76, 0xdf, 0xfe, 0xbe, 0xd7, 0xff,
    0x00, 0x40, 0x7a, 0xf6, 0xf8, 0x6f, 0xfe, 0x46, 0xb4, 0x3f, 0xc4, 0x73, 0xe2, 0xff, 0x00, 0x81,
    0x2f, 0x43, 0xcb, 0xa8, 0xaf, 0xdd, 0x8f, 0x9b, 0x0a, 0x28, 0x03, 0xb1, 0xf8, 0x6d, 0xff, 0x00,
    0x23, 0x15, 0xc7, 0xfd, 0x7a, 0x37, 0xfe, 0x86, 0x95, 0xea, 0x35, 0xf8, 0xdf, 0x1b, 0x7f, 0xc8,
    0xd5, 0xff, 0x00, 0x86, 0x27, 0xbd, 0x97, 0xff, 0x00, 0x03, 0xe6, 0x14, 0x57, 0xc9, 0x1d, 0xc1,
    0x5c, 0x77, 0xc4, 0x9f, 0xf9, 0x17, 0x6d, 0xff, 0x00, 0xeb, 0xed, 0x7f, 0xf4, 0x07, 0xaf, 0x6f,
    0x86, 0xff, 0x00, 0xe4, 0x6b, 0x43, 0xfc, 0x47, 0x3e, 0x2f, 0xf8, 0x12, 0xf4, 0x3c, 0xba, 0x8a,
    0xfd, 0xd8, 0xf9, 0xb0, 0xa2, 0x80, 0x3b, 0x1f, 0x86, 0xdf, 0xf2, 0x31, 0x5c, 0x7f, 0xd7, 0xa3,
    0x7f, 0xe8, 0x69, 0x5e, 0xa3, 0x5f, 0x8d, 0xf1, 0xb7, 0xfc, 0x8d, 0x5f, 0xf8, 0x62, 0x7b, 0xd9,
    0x7f, 0xf0, 0x3e, 0x61, 0x45, 0x7c, 0x91, 0xdc, 0x15, 0xc7, 0x7c, 0x49, 0xff, 0x00, 0x91, 0x76,
    0xdf, 0xfe, 0xbe, 0xd7, 0xff, 0x00, 0x40, 0x7a, 0xf6, 0xf8, 0x6f, 0xfe, 0x46, 0xb4, 0x3f, 0xc4,
    0x73, 0xe2, 0xff, 0x00, 0x81, 0x2f, 0x43, 0xcb, 0xa8, 0xaf, 0xdd, 0x8f, 0x9b, 0x0a, 0x28, 0x03,
    0xb1, 0xf8, 0x6d, 0xff, 0x00, 0x23, 0x15, 0xc7, 0xfd, 0x7a, 0x37, 0xfe, 0x86, 0x95, 0xea, 0x35,
    0xf8, 0xdf, 0x1b, 0x7f, 0xc8, 0xd5, 0xff, 0x00, 0x86, 0x27, 0xbd, 0x97, 0xff, 0x00, 0x03, 0xe6,
    0x14, 0x57, 0xc9, 0x1d, 0xc1, 0x5c, 0x77, 0xc4, 0x9f, 0xf9, 0x17, 0x6d, 0xff, 0x00, 0xeb, 0xed,
    0x7f, 0xf4, 0x07, 0xaf, 0x6f, 0x86, 0xff, 0x00, 0xe4, 0x6b, 0x43, 0xfc, 0x47, 0x3e, 0x2f, 0xf8,
    0x12, 0xf4, 0x3c, 0xba, 0x8a, 0xfd, 0xd8, 0xf9, 0xb0, 0xa2, 0x80, 0x3b, 0x1f, 0x86, 0xdf, 0xf2,
    0x31, 0x5c, 0x7f, 0xd7, 0xa3, 0x7f, 0xe8, 0x69, 0x5e, 0xa3, 0x5f, 0x8d, 0xf1, 0xb7, 0xfc, 0x8d,
    0x5f, 0xf8, 0x62, 0x7b, 0xd9, 0x7f, 0xf0, 0x3e, 0x61, 0x45, 0x7c, 0x91, 0xdc, 0x15, 0xc7, 0x7c,
    0x49, 0xff, 0x00, 0x91, 0x76, 0xdf, 0xfe, 0xbe, 0xd7, 0xff, 0x00, 0x40, 0x7a, 0xf6, 0xf8, 0x6f,
    0xfe, 0x46, 0xb4, 0x3f, 0xc4, 0x73, 0xe2, 0xff, 0x00, 0x81, 0x2f, 0x43, 0xcb, 0xa8, 0xaf, 0xdd,
    0x8f, 0x9b, 0x0a, 0x28, 0x03, 0xb1, 0xf8, 0x6d, 0xff, 0x00, 0x23, 0x15, 0xc7, 0xfd, 0x7a, 0x37,
    0xfe, 0x86, 0x95, 0xea, 0x35, 0xf8, 0xdf, 0x1b, 0x7f, 0xc8, 0xd5, 0xff, 0x00, 0x86, 0x27, 0xbd,
    0x97, 0xff, 0x00, 0x03, 0xe6, 0x14, 0x57, 0xc9, 0x1d, 0xc1, 0x5c, 0x77, 0xc4, 0x9f, 0xf9, 0x17,
    0x6d, 0xff, 0x00, 0xeb, 0xed, 0x7f, 0xf4, 0x07, 0xaf, 0x6f, 0x86, 0xff, 0x00, 0xe4, 0x6b, 0x43,
    0xfc, 0x47, 0x3e, 0x2f, 0xf8, 0x12, 0xf4, 0x3c, 0xba, 0x8a, 0xfd, 0xd8, 0xf9, 0xb0, 0xa2, 0x80,
    0x3b, 0x1f, 0x86, 0xdf, 0xf2, 0x31, 0x5c, 0x7f, 0xd7, 0xa3, 0x7f, 0xe8, 0x69, 0x5e, 0xa3, 0x5f,
    0x8d, 0xf1, 0xb7, 0xfc, 0x8d, 0x5f, 0xf8, 0x62, 0x7b, 0xd9, 0x7f, 0xf0, 0x3e, 0x61, 0x45, 0x7c,
    0x91, 0xdc, 0x15, 0xc7, 0x7c, 0x49, 0xff, 0x00, 0x91, 0x76, 0xdf, 0xfe, 0xbe, 0xd7, 0xff, 0x00,
    0x40, 0x7a, 0xf6, 0xf8, 0x6f, 0xfe, 0x46, 0xb4, 0x3f, 0xc4, 0x73, 0xe2, 0xff, 0x00, 0x81, 0x2f,
    0x43, 0xcb, 0xa8, 0xaf, 0xdd, 0x8f, 0x9b, 0x0a, 0x28, 0x03, 0xb1, 0xf8, 0x6d, 0xff, 0x00, 0x23,
    0x15, 0xc7, 0xfd, 0x7a, 0x37, 0xfe, 0x86, 0x95, 0xea, 0x35, 0xf8, 0xdf, 0x1b, 0x7f, 0xc8, 0xd5,
    0xff, 0x00, 0x86, 0x27, 0xbd, 0x97, 0xff, 0x00, 0x03, 0xe6, 0x14, 0x57, 0xc9, 0x1d, 0xc1, 0x5c,
    0x77, 0xc4, 0x9f, 0xf9, 0x17, 0x6d, 0xff, 0x00, 0xeb, 0xed, 0x7f, 0xf4, 0x07, 0xaf, 0x6f, 0x86,
    0xff, 0x00, 0xe4, 0x6b, 0x43, 0xfc, 0x47, 0x3e, 0x2f, 0xf8, 0x12, 0xf4, 0x3c, 0xba, 0x8a, 0xfd,
    0xd8, 0xf9, 0xb0, 0xa2, 0x80, 0x3b, 0x1f, 0x86, 0xdf, 0xf2, 0x31, 0x5c, 0x7f, 0xd7, 0xa3, 0x7f,
    0xe8, 0x69, 0x5e, 0xa3, 0x5f, 0x8d, 0xf1, 0xb7, 0xfc, 0x8d, 0x5f, 0xf8, 0x62, 0x7b, 0xd9, 0x7f,
    0xf0, 0x3e, 0x61, 0x45, 0x7c, 0x91, 0xdc, 0x15, 0xc7, 0x7c, 0x49, 0xff, 0x00, 0x91, 0x76, 0xdf,
    0xfe, 0xbe, 0xd7, 0xff, 0x00, 0x40, 0x7a, 0xf6, 0xf8, 0x6f, 0xfe, 0x46, 0xb4, 0x3f, 0xc4, 0x73,
    0xe2, 0xff, 0x00, 0x81, 0x2f, 0x43, 0xcb, 0xa8, 0xaf, 0xdd, 0x8f, 0x9b, 0x0a, 0x28, 0x03, 0xb1,
    0xf8, 0x6d, 0xff, 0x00, 0x23, 0x15, 0xc7, 0xfd, 0x7a, 0x37, 0xfe, 0x86, 0x95, 0xea, 0x35, 0xf8,
    0xdf, 0x1b, 0x7f, 0xc8, 0xd5, 0xff, 0x00, 0x86, 0x27, 0xbd, 0x97, 0xff, 0x00, 0x03, 0xe6, 0x14,
    0x57, 0xc9, 0x1d, 0xc1, 0x5c, 0x77, 0xc4, 0x9f, 0xf9, 0x17, 0x6d, 0xff, 0x00, 0xeb, 0xed, 0x7f,
    0xf4, 0x07, 0xaf, 0x6f, 0x86, 0xff, 0x00, 0xe4, 0x6b, 0x43, 0xfc, 0x47, 0x3e, 0x2f, 0xf8, 0x12,
    0xf4, 0x3c, 0xba, 0x8a, 0xfd, 0xd8, 0xf9, 0xb0, 0xa2, 0x80, 0x3b, 0x1f, 0x86, 0xdf, 0xf2, 0x31,
    0x5c, 0x7f, 0xd7, 0xa3, 0x7f, 0xe8, 0x69, 0x5e, 0xa3, 0x5f, 0x8d, 0xf1, 0xb7, 0xfc, 0x8d, 0x5f,
    0xf8, 0x62, 0x7b, 0xd9, 0x7f, 0xf0, 0x3e, 0x61, 0x45, 0x7c, 0x91, 0xdc, 0x15, 0xc7, 0x7c, 0x49,
    0xff, 0x00, 0x91, 0x76, 0xdf, 0xfe, 0xbe, 0xd7, 0xff, 0x00, 0x40, 0x7a, 0xf6, 0xf8, 0x6f, 0xfe,
    0x46, 0xb4, 0x3f, 0xc4, 0x73, 0xe2, 0xff, 0x00, 0x81, 0x2f, 0x43, 0xcb, 0xa8, 0xaf, 0xdd, 0x8f,
    0x9b, 0x0a, 0x28, 0x03, 0xb1, 0xf8, 0x6d, 0xff, 0x00, 0x23, 0x15, 0xc7, 0xfd, 0x7a, 0x37, 0xfe,
    0x86, 0x95, 0xea, 0x35, 0xf8, 0xdf, 0x1b, 0x7f, 0xc8, 0xd5, 0xff, 0x00, 0x86, 0x27, 0xbd, 0x97,
    0xff, 0x00, 0x03, 0xe6, 0x14, 0x57, 0xc9, 0x1d, 0xc1, 0x5c, 0x77, 0xc4, 0x9f, 0xf9, 0x17, 0x6d,
    0xff, 0x00, 0xeb, 0xed, 0x7f, 0xf4, 0x07, 0xaf, 0x6f, 0x86, 0xff, 0x00, 0xe4, 0x6b, 0x43, 0xfc,
    0x47, 0x3e, 0x2f, 0xf8, 0x12, 0xf4, 0x3c, 0xba, 0x8a, 0xfd, 0xd8, 0xf9, 0xb0, 0xa2, 0x80, 0x3b,
    0x1f, 0x86, 0xdf, 0xf2, 0x31, 0x5c, 0x7f, 0xd7, 0xa3, 0x7f, 0xe8, 0x69, 0x5e, 0xa3, 0x5f, 0x8d,
    0xf1, 0xb7, 0xfc, 0x8d, 0x5f, 0xf8, 0x62, 0x7b, 0xd9, 0x7f, 0xf0, 0x3e, 0x61, 0x45, 0x7c, 0x91,
    0xdc, 0x15, 0xc7, 0x7c, 0x49, 0xff, 0x00, 0x91, 0x76, 0xdf, 0xfe, 0xbe, 0xd7, 0xff, 0x00, 0x40,
    0x7a, 0xf6, 0xf8, 0x6f, 0xfe, 0x46, 0xb4, 0x3f, 0xc4, 0x73, 0xe2, 0xff, 0x00, 0x81, 0x2f, 0x43,
    0xcb, 0xa8, 0xaf, 0xdd, 0x8f, 0x9b, 0x0a, 0x28, 0x03, 0xb1, 0xf8, 0x6d, 0xff, 0x00, 0x23, 0x15,
    0xc7, 0xfd, 0x7a, 0x37, 0xfe, 0x86, 0x95, 0xea, 0x35, 0xf8, 0xdf, 0x1b, 0x7f, 0xc8, 0xd5, 0xff,
    0x00, 0x86, 0x27, 0xbd, 0x97, 0xff, 0x00, 0x03, 0xe6, 0x14, 0x57, 0xc9, 0x1d, 0xc1, 0x5c, 0x77,
    0xc4, 0x9f, 0xf9, 0x17, 0x6d, 0xff, 0x00, 0xeb, 0xed, 0x7f, 0xf4, 0x07, 0xaf, 0x6f, 0x86, 0xff,
    0x00, 0xe4, 0x6b, 0x43, 0xfc, 0x47, 0x3e, 0x2f, 0xf8, 0x12, 0xf4, 0x3c, 0xba, 0x8a, 0xfd, 0xd8,
    0xf9, 0xb0, 0xa2, 0x80, 0x3b, 0x1f, 0x86, 0xdf, 0xf2, 0x31, 0x5c, 0x7f, 0xd7, 0xa3, 0x7f, 0xe8,
    0x69, 0x5e, 0xa3, 0x5f, 0x8d, 0xf1, 0xb7, 0xfc, 0x8d, 0x5f, 0xf8, 0x62, 0x7b, 0xd9, 0x7f, 0xf0,
    0x3e, 0x61, 0x45, 0x7c, 0x91, 0xdc, 0x15, 0xc7, 0x7c, 0x49, 0xff, 0x00, 0x91, 0x76, 0xdf, 0xfe,
    0xbe, 0xd7, 0xff, 0x00, 0x40, 0x7a, 0xf6, 0xf8, 0x6f, 0xfe, 0x46, 0xb4, 0x3f, 0xc4, 0x73, 0xe2,
    0xff, 0x00, 0x81, 0x2f, 0x43, 0xcb, 0xa8, 0xaf, 0xdd, 0x8f, 0x9b, 0x0a, 0x28, 0x03, 0xb1, 0xf8,
    0x6d, 0xff, 0x00, 0x23, 0x15, 0xc7, 0xfd, 0x7a, 0x37, 0xfe, 0x86, 0x95, 0xea, 0x35, 0xf8, 0xdf,
    0x1b, 0x7f, 0xc8, 0xd5, 0xff, 0x00, 0x86, 0x27, 0xbd, 0x97, 0xff, 0x00, 0x03, 0xe6, 0x14, 0x57,
    0xc9, 0x1d, 0xc1, 0x5c, 0x77, 0xc4, 0x9f, 0xf9, 0x17, 0x6d, 0xff, 0x00, 0xeb, 0xed, 0x7f, 0xf4,
    0x07, 0xaf, 0x6f, 0x86, 0xff, 0x00, 0xe4, 0x6b, 0x43, 0xfc, 0x47, 0x3e, 0x2f, 0xf8, 0x12, 0xf4,
    0x3c, 0xba, 0x8a, 0xfd, 0xd8, 0xf9, 0xb0, 0xa2, 0x80, 0x3b, 0x1f, 0x86, 0xdf, 0xf2, 0x31, 0x5c,
    0x7f, 0xd7, 0xa3, 0x7f, 0xe8, 0x69, 0x5e, 0xa3, 0x5f, 0x8d, 0xf1, 0xb7, 0xfc, 0x8d, 0x5f, 0xf8,
    0x62, 0x7b, 0xd9, 0x7f, 0xf0, 0x3e, 0x61, 0x45, 0x7c, 0x91, 0xdc, 0x15, 0xc7, 0x7c, 0x49, 0xff,
    0x00, 0x91, 0x76, 0xdf, 0xfe, 0xbe, 0xd7, 0xff, 0x00, 0x40, 0x7a, 0xf6, 0xf8, 0x6f, 0xfe, 0x46,
    0xb4, 0x3f, 0xc4, 0x73, 0xe2, 0xff, 0x00, 0x81, 0x2f, 0x43, 0xcb, 0xa8, 0xaf, 0xdd, 0x8f, 0x9b,
    0x0a, 0x28, 0x03, 0xb1, 0xf8, 0x6d, 0xff, 0x00, 0x23, 0x15, 0xc7, 0xfd, 0x7a, 0x37, 0xfe, 0x86,
    0x95, 0xea, 0x35, 0xf8, 0xdf, 0x1b, 0x7f, 0xc8, 0xd5, 0xff, 0x00, 0x86, 0x27, 0xbd, 0x97, 0xff,
    0x00, 0x03, 0xe6, 0x14, 0x57, 0xc9, 0x1d, 0xc1, 0x5c, 0x77, 0xc4, 0x9f, 0xf9, 0x17, 0x6d, 0xff,
    0x00, 0xeb, 0xed, 0x7f, 0xf4, 0x07, 0xaf, 0x6f, 0x86, 0xff, 0x00, 0xe4, 0x6b, 0x43, 0xfc, 0x47,
    0x3e, 0x2f, 0xf8, 0x12, 0xf4, 0x3c, 0xba, 0x8a, 0xfd, 0xd8, 0xf9, 0xb0, 0xa2, 0x80, 0x3b, 0x1f,
    0x86, 0xdf, 0xf2, 0x31, 0x5c, 0x7f, 0xd7, 0xa3, 0x7f, 0xe8, 0x69, 0x5e, 0xa3, 0x5f, 0x8d, 0xf1,
    0xb7, 0xfc, 0x8d, 0x5f, 0xf8, 0x62, 0x7b, 0xd9, 0x7f, 0xf0, 0x3e, 0x61, 0x45, 0x7c, 0x91, 0xdc,
    0x15, 0xc7, 0x7c, 0x49, 0xff, 0x00, 0x91, 0x76, 0xdf, 0xfe, 0xbe, 0xd7, 0xff, 0x00, 0x40, 0x7a,
    0xf6, 0xf8, 0x6f, 0xfe, 0x46, 0xb4, 0x3f, 0xc4, 0x73, 0xe2, 0xff, 0x00, 0x81, 0x2f, 0x43, 0xcb,
    0xa8, 0xaf, 0xdd, 0x8f, 0x9b, 0x0a, 0x28, 0x03, 0xd4, 0x7e, 0x24, 0xff, 0x00, 0xc8, 0xbb, 0x6f,
    0xff, 0x00, 0x5f, 0x6b, 0xff, 0x00, 0xa0, 0x3d, 0x79, 0x75, 0x7c, 0x8f, 0x04, 0xff, 0x00, 0xc8,
    0xa9, 0x7f, 0x8a, 0x47, 0x76, 0x61, 0xfc, 0x7f, 0x90, 0x51, 0x5f, 0x5c, 0x70, 0x85, 0x76, 0x3f,
    0x0d, 0xbf, 0xe4, 0x62, 0xb8, 0xff, 0x00, 0xaf, 0x46, 0xff, 0x00, 0xd0, 0xd2, 0xbc, 0x3e, 0x24,
    0xff, 0x00, 0x91, 0x55, 0x7f, 0xf0, 0x9d, 0x18, 0x4f, 0xe3, 0xc7, 0xd4, 0xf5, 0x1a, 0x2b, 0xf0,
    0xa3, 0xe9, 0x02, 0x8a, 0x00, 0xe3, 0xbe, 0x24, 0xff, 0x00, 0xc8, 0xbb, 0x6f, 0xff, 0x00, 0x5f,
    0x6b, 0xff, 0x00, 0xa0, 0x3d, 0x79, 0x75, 0x7e, 0xc7, 0xc1, 0x3f, 0xf2, 0x2a, 0x5f, 0xe2, 0x91,
    0xe0, 0xe6, 0x1f, 0xc7, 0xf9, 0x05, 0x15, 0xf5, 0xc7, 0x08, 0x57, 0x63, 0xf0, 0xdb, 0xfe, 0x46,
    0x2b, 0x8f, 0xfa, 0xf4, 0x6f, 0xfd, 0x0d, 0x2b, 0xc3, 0xe2, 0x4f, 0xf9, 0x15, 0x57, 0xff, 0x00,
    0x09, 0xd1, 0x84, 0xfe, 0x3c, 0x7d, 0x4f, 0x51, 0xa2, 0xbf, 0x0a, 0x3e, 0x90, 0x28, 0xa0, 0x0e,
    0x3b, 0xe2, 0x4f, 0xfc, 0x8b, 0xb6, 0xff, 0x00, 0xf5, 0xf6, 0xbf, 0xfa, 0x03, 0xd7, 0x97, 0x57,
    0xec, 0x7c, 0x13, 0xff, 0x00, 0x22, 0xa5, 0xfe, 0x29, 0x1e, 0x0e, 0x61, 0xfc, 0x7f, 0x90, 0x51,
    0x5f, 0x5c, 0x70, 0x85, 0x76, 0x3f, 0x0d, 0xbf, 0xe4, 0x62, 0xb8, 0xff, 0x00, 0xaf, 0x46, 0xff,
    0x00, 0xd0, 0xd2, 0xbc, 0x3e, 0x24, 0xff, 0x00, 0x91, 0x55, 0x7f, 0xf0, 0x9d, 0x18, 0x4f, 0xe3,
    0xc7, 0xd4, 0xf5, 0x1a, 0x2b, 0xf0, 0xa3, 0xe9, 0x02, 0x8a, 0x00, 0xe3, 0xbe, 0x24, 0xff, 0x00,
    0xc8, 0xbb, 0x6f, 0xff, 0x00, 0x5f, 0x6b, 0xff, 0x00, 0xa0, 0x3d, 0x79, 0x75, 0x7e, 0xc7, 0xc1,
    0x3f, 0xf2, 0x2a, 0x5f, 0xe2, 0x91, 0xe0, 0xe6, 0x1f, 0xc7, 0xf9, 0x05, 0x15, 0xf5, 0xc7, 0x08,
    0x57, 0x63, 0xf0, 0xdb, 0xfe, 0x46, 0x2b, 0x8f, 0xfa, 0xf4, 0x6f, 0xfd, 0x0d, 0x2b, 0xc3, 0xe2,
    0x4f, 0xf9, 0x15, 0x57, 0xff, 0x00, 0x09, 0xd1, 0x84, 0xfe, 0x3c, 0x7d, 0x4f, 0x51, 0xa2, 0xbf,
    0x0a, 0x3e, 0x90, 0x28, 0xa0, 0x0e, 0x3b, 0xe2, 0x4f, 0xfc, 0x8b, 0xb6, 0xff, 0x00, 0xf5, 0xf6,
    0xbf, 0xfa, 0x03, 0xd7, 0x97, 0x57, 0xec, 0x7c, 0x13, 0xff, 0x00, 0x22, 0xa5, 0xfe, 0x29, 0x1e,
    0x0e, 0x61, 0xfc, 0x7f, 0x90, 0x51, 0x5f, 0x5c, 0x70, 0x85, 0x76, 0x3f, 0x0d, 0xbf, 0xe4, 0x62,
    0xb8, 0xff, 0x00, 0xaf, 0x46, 0xff, 0x00, 0xd0, 0xd2, 0xbc, 0x3e, 0x24, 0xff, 0x00, 0x91, 0x55,
    0x7f, 0xf0, 0x9d, 0x18, 0x4f, 0xe3, 0xc7, 0xd4, 0xf5, 0x1a, 0x2b, 0xf0, 0xa3, 0xe9, 0x02, 0x8a,
    0x00, 0xe3, 0xbe, 0x24, 0xff, 0x00, 0xc8, 0xbb, 0x6f, 0xff, 0x00, 0x5f, 0x6b, 0xff, 0x00, 0xa0,
    0x3d, 0x79, 0x75, 0x7e, 0xc7, 0xc1, 0x3f, 0xf2, 0x2a, 0x5f, 0xe2, 0x91, 0xe0, 0xe6, 0x1f, 0xc7,
    0xf9, 0x05, 0x15, 0xf5, 0xc7, 0x08, 0x57, 0x63, 0xf0, 0xdb, 0xfe, 0x46, 0x2b, 0x8f, 0xfa, 0xf4,
    0x6f, 0xfd, 0x0d, 0x2b, 0xc3, 0xe2, 0x4f, 0xf9, 0x15, 0x57, 0xff, 0x00, 0x09, 0xd1, 0x84, 0xfe,
    0x3c, 0x7d, 0x4f, 0x51, 0xa2, 0xbf, 0x0a, 0x3e, 0x90, 0x28, 0xa0, 0x0e, 0x3b, 0xe2, 0x4f, 0xfc,
    0x8b, 0xb6, 0xff, 0x00, 0xf5, 0xf6, 0xbf, 0xfa, 0x03, 0xd7, 0x97, 0x57, 0xec, 0x7c, 0x13, 0xff,
    0x00, 0x22, 0xa5, 0xfe, 0x29, 0x1e, 0x0e, 0x61, 0xfc, 0x7f, 0x90, 0x51, 0x5f, 0x5c, 0x70, 0x85,
    0x76, 0x3f, 0x0d, 0xbf, 0xe4, 0x62, 0xb8, 0xff, 0x00, 0xaf, 0x46, 0xff, 0x00, 0xd0, 0xd2, 0xbc,
    0x3e, 0x24, 0xff, 0x00, 0x91, 0x55, 0x7f, 0xf0, 0x9d, 0x18, 0x4f, 0xe3, 0xc7, 0xd4, 0xf5, 0x1a,
    0x2b, 0xf0, 0xa3, 0xe9, 0x02, 0x8a, 0x00, 0xe3, 0xbe, 0x24, 0xff, 0x00, 0xc8, 0xbb, 0x6f, 0xff,
    0x00, 0x5f, 0x6b, 0xff, 0x00, 0xa0, 0x3d, 0x79, 0x75, 0x7e, 0xc7, 0xc1, 0x3f, 0xf2, 0x2a, 0x5f,
    0xe2, 0x91, 0xe0, 0xe6, 0x1f, 0xc7, 0xf9, 0x05, 0x15, 0xf5, 0xc7, 0x08, 0x57, 0x63, 0xf0, 0xdb,
    0xfe, 0x46, 0x2b, 0x8f, 0xfa, 0xf4, 0x6f, 0xfd, 0x0d, 0x2b, 0xc3, 0xe2, 0x4f, 0xf9, 0x15, 0x57,
    0xff, 0x00, 0x09, 0xd1, 0x84, 0xfe, 0x3c, 0x7d, 0x4f, 0x51, 0xa2, 0xbf, 0x0a, 0x3e, 0x90, 0x28,
    0xa0, 0x0e, 0x3b, 0xe2, 0x4f, 0xfc, 0x8b, 0xb6, 0xff, 0x00, 0xf5, 0xf6, 0xbf, 0xfa, 0x03, 0xd7,
    0x97, 0x57, 0xec, 0x7c, 0x13, 0xff, 0x00, 0x22, 0xa5, 0xfe, 0x29, 0x1e, 0x0e, 0x61, 0xfc, 0x7f,
    0x90, 0x51, 0x5f, 0x5c, 0x70, 0x85, 0x76, 0x3f, 0x0d, 0xbf, 0xe4, 0x62, 0xb8, 0xff, 0x00, 0xaf,
    0x46, 0xff, 0x00, 0xd0, 0xd2, 0xbc, 0x3e, 0x24, 0xff, 0x00, 0x91, 0x55, 0x7f, 0xf0, 0x9d, 0x18,
    0x4f, 0xe3, 0xc7, 0xd4, 0xf5, 0x1a, 0x2b, 0xf0, 0xa3, 0xe9, 0x02, 0x8a, 0x00, 0xe3, 0xbe, 0x24,
    0xff, 0x00, 0xc8, 0xbb, 0x6f, 0xff, 0x00, 0x5f, 0x6b, 0xff, 0x00, 0xa0, 0x3d, 0x79, 0x75, 0x7e,
    0xc7, 0xc1, 0x3f, 0xf2, 0x2a, 0x5f, 0xe2, 0x91, 0xe0, 0xe6, 0x1f, 0xc7, 0xf9, 0x05, 0x15, 0xf5,
    0xc7, 0x08, 0x57, 0x63, 0xf0, 0xdb, 0xfe, 0x46, 0x2b, 0x8f, 0xfa, 0xf4, 0x6f, 0xfd, 0x0d, 0x2b,
    0xc3, 0xe2, 0x4f, 0xf9, 0x15, 0x57, 0xff, 0x00, 0x09, 0xd1, 0x84, 0xfe, 0x3c, 0x7d, 0x4f, 0x51,
    0xa2, 0xbf, 0x0a, 0x3e, 0x90, 0x28, 0xa0, 0x0e, 0x3b, 0xe2, 0x4f, 0xfc, 0x8b, 0xb6, 0xff, 0x00,
    0xf5, 0xf6, 0xbf, 0xfa, 0x03, 0xd7, 0x97, 0x57, 0xec, 0x7c, 0x13, 0xff, 0x00, 0x22, 0xa5, 0xfe,
    0x29, 0x1e, 0x0e, 0x61, 0xfc, 0x7f, 0x90, 0x51, 0x5f, 0x5c, 0x70, 0x85, 0x76, 0x3f, 0x0d, 0xbf,
    0xe4, 0x62, 0xb8, 0xff, 0x00, 0xaf, 0x46, 0xff, 0x00, 0xd0, 0xd2, 0xbc, 0x3e, 0x24, 0xff, 0x00,
    0x91, 0x55, 0x7f, 0xf0, 0x9d, 0x18, 0x4f, 0xe3, 0xc7, 0xd4, 0xf5, 0x1a, 0x2b, 0xf0, 0xa3, 0xe9,
    0x02, 0x8a, 0x00, 0xe3, 0xbe, 0x24, 0xff, 0x00, 0xc8, 0xbb, 0x6f, 0xff, 0x00, 0x5f, 0x6b, 0xff,
    0x00, 0xa0, 0x3d, 0x79, 0x75, 0x7e, 0xc7, 0xc1, 0x3f, 0xf2, 0x2a, 0x5f, 0xe2, 0x91, 0xe0, 0xe6,
    0x1f, 0xc7, 0xf9, 0x05, 0x15, 0xf5, 0xc7, 0x08, 0x57, 0x63, 0xf0, 0xdb, 0xfe, 0x46, 0x2b, 0x8f,
    0xfa, 0xf4, 0x6f, 0xfd, 0x0d, 0x2b, 0xc3, 0xe2, 0x4f, 0xf9, 0x15, 0x57, 0xff, 0x00, 0x09, 0xd1,
    0x84, 0xfe, 0x3c, 0x7d, 0x4f, 0x51, 0xa2, 0xbf, 0x0a, 0x3e, 0x90, 0x28, 0xa0, 0x0e, 0x3b, 0xe2,
    0x4f, 0xfc, 0x8b, 0xb6, 0xff, 0x00, 0xf5, 0xf6, 0xbf, 0xfa, 0x03, 0xd7, 0x97, 0x57, 0xec, 0x7c,
    0x13, 0xff, 0x00, 0x22, 0xa5, 0xfe, 0x29, 0x1e, 0x0e, 0x61, 0xfc, 0x7f, 0x90, 0x51, 0x5f, 0x5c,
    0x70, 0x85, 0x76, 0x3f, 0x0d, 0xbf, 0xe4, 0x62, 0xb8, 0xff, 0x00, 0xaf, 0x46, 0xff, 0x00, 0xd0,
    0xd2, 0xbc, 0x3e, 0x24, 0xff, 0x00, 0x91, 0x55, 0x7f, 0xf0, 0x9d, 0x18, 0x4f, 0xe3, 0xc7, 0xd4,
    0xf5, 0x1a, 0x2b, 0xf0, 0xa3, 0xe9, 0x02, 0x8a, 0x00, 0xe3, 0xbe, 0x24, 0xff, 0x00, 0xc8, 0xbb,
    0x6f, 0xff, 0x00, 0x5f, 0x6b, 0xff, 0x00, 0xa0, 0x3d, 0x79, 0x75, 0x7e, 0xc7, 0xc1, 0x3f, 0xf2,
    0x2a, 0x5f, 0xe2, 0x91, 0xe0, 0xe6, 0x1f, 0xc7, 0xf9, 0x05, 0x15, 0xf5, 0xc7, 0x08, 0x57, 0x63,
    0xf0, 0xdb, 0xfe, 0x46, 0x2b, 0x8f, 0xfa, 0xf4, 0x6f, 0xfd, 0x0d, 0x2b, 0xc3, 0xe2, 0x4f, 0xf9,
    0x15, 0x57, 0xff, 0x00, 0x09, 0xd1, 0x84, 0xfe, 0x3c, 0x7d, 0x4f, 0x51, 0xa2, 0xbf, 0x0a, 0x3e,
    0x90, 0x28, 0xa0, 0x0e, 0x3b, 0xe2, 0x4f, 0xfc, 0x8b, 0xb6, 0xff, 0x00, 0xf5, 0xf6, 0xbf, 0xfa,
    0x03, 0xd7, 0x97, 0x57, 0xec, 0x7c, 0x13, 0xff, 0x00, 0x22, 0xa5, 0xfe, 0x29, 0x1e, 0x0e, 0x61,
    0xfc, 0x7f, 0x90, 0x51, 0x5f, 0x5c, 0x70, 0x85, 0x76, 0x3f, 0x0d, 0xbf, 0xe4, 0x62, 0xb8, 0xff,
    0x00, 0xaf, 0x46, 0xff, 0x00, 0xd0, 0xd2, 0xbc, 0x3e, 0x24, 0xff, 0x00, 0x91, 0x55, 0x7f, 0xf0,
    0x9d, 0x18, 0x4f, 0xe3, 0xc7, 0xd4, 0xf5, 0x1a, 0x2b, 0xf0, 0xa3, 0xe9, 0x02, 0x8a, 0x00, 0xe3,
    0xbe, 0x24, 0xff, 0x00, 0xc8, 0xbb, 0x6f, 0xff, 0x00, 0x5f, 0x6b, 0xff, 0x00, 0xa0, 0x3d, 0x79,
    0x75, 0x7e, 0xc7, 0xc1, 0x3f, 0xf2, 0x2a, 0x5f, 0xe2, 0x91, 0xe0, 0xe6, 0x1f, 0xc7, 0xf9, 0x05,
    0x15, 0xf5, 0xc7, 0x08, 0x57, 0x63, 0xf0, 0xdb, 0xfe, 0x46, 0x2b, 0x8f, 0xfa, 0xf4, 0x6f, 0xfd,
    0x0d, 0x2b, 0xc3, 0xe2, 0x4f, 0xf9, 0x15, 0x57, 0xff, 0x00, 0x09, 0xd1, 0x84, 0xfe, 0x3c, 0x7d,
    0x4f, 0x51, 0xa2, 0xbf, 0x0a, 0x3e, 0x90, 0x28, 0xa0, 0x0e, 0x3b, 0xe2, 0x4f, 0xfc, 0x8b, 0xb6,
    0xff, 0x00, 0xf5, 0xf6, 0xbf, 0xfa, 0x03, 0xd7, 0x97, 0x57, 0xec, 0x7c, 0x13, 0xff, 0x00, 0x22,
    0xa5, 0xfe, 0x29, 0x1e, 0x0e, 0x61, 0xfc, 0x7f, 0x90, 0x51, 0x5f, 0x5c, 0x70, 0x85, 0x76, 0x3f,
    0x0d, 0xbf, 0xe4, 0x62, 0xb8, 0xff, 0x00, 0xaf, 0x46, 0xff, 0x00, 0xd0, 0xd2, 0xbc, 0x3e, 0x24,
    0xff, 0x00, 0x91, 0x55, 0x7f, 0xf0, 0x9d, 0x18, 0x4f, 0xe3, 0xc7, 0xd4, 0xf5, 0x1a, 0x2b, 0xf0,
    0xa3, 0xe9, 0x02, 0x8a, 0x00, 0xe3, 0xbe, 0x24, 0xff, 0x00, 0xc8, 0xbb, 0x6f, 0xff, 0x00, 0x5f,
    0x6b, 0xff, 0x00, 0xa0, 0x3d, 0x79, 0x75, 0x7e, 0xc7, 0xc1, 0x3f, 0xf2, 0x2a, 0x5f, 0xe2, 0x91,
    0xe0, 0xe6, 0x1f, 0xc7, 0xf9, 0x05, 0x15, 0xf5, 0xc7, 0x08, 0x57, 0x63, 0xf0, 0xdb, 0xfe, 0x46,
    0x2b, 0x8f, 0xfa, 0xf4, 0x6f, 0xfd, 0x0d, 0x2b, 0xc3, 0xe2, 0x4f, 0xf9, 0x15, 0x57, 0xff, 0x00,
    0x09, 0xd1, 0x84, 0xfe, 0x3c, 0x7d, 0x4f, 0x51, 0xa2, 0xbf, 0x0a, 0x3e, 0x90, 0x28, 0xa0, 0x0e,
    0x3b, 0xe2, 0x4f, 0xfc, 0x8b, 0xb6, 0xff, 0x00, 0xf5, 0xf6, 0xbf, 0xfa, 0x03, 0xd7, 0x97, 0x57,
    0xec, 0x7c, 0x13, 0xff, 0x00, 0x22, 0xa5, 0xfe, 0x29, 0x1e, 0x0e, 0x61, 0xfc, 0x7f, 0x90, 0x51,
    0x5f, 0x5c, 0x70, 0x85, 0x76, 0x3f, 0x0d, 0xbf, 0xe4, 0x62, 0xb8, 0xff, 0x00, 0xaf, 0x46, 0xff,
    0x00, 0xd0, 0xd2, 0xbc, 0x3e, 0x24, 0xff, 0x00, 0x91, 0x55, 0x7f, 0xf0, 0x9d, 0x18, 0x4f, 0xe3,
    0xc7, 0xd4, 0xf5, 0x1a, 0x2b, 0xf0, 0xa3, 0xe9, 0x02, 0x8a, 0x00, 0xe3, 0xbe, 0x24, 0xff, 0x00,
    0xc8, 0xbb, 0x6f, 0xff, 0x00, 0x5f, 0x6b, 0xff, 0x00, 0xa0, 0x3d, 0x79, 0x75, 0x7e, 0xc7, 0xc1,
    0x3f, 0xf2, 0x2a, 0x5f, 0xe2, 0x91, 0xe0, 0xe6, 0x1f, 0xc7, 0xf9, 0x05, 0x15, 0xf5, 0xc7, 0x08,
    0x57, 0x63, 0xf0, 0xdb, 0xfe, 0x46, 0x2b, 0x8f, 0xfa, 0xf4, 0x6f, 0xfd, 0x0d, 0x2b, 0xc3, 0xe2,
    0x4f, 0xf9, 0x15, 0x57, 0xff, 0x00, 0x09, 0xd1, 0x84, 0xfe, 0x3c, 0x7d, 0x4f, 0x51, 0xa2, 0xbf,
    0x0a, 0x3e, 0x90, 0x28, 0xa0, 0x0f, 0x2e, 0xf8, 0x6d, 0xff, 0x00, 0x23, 0x15, 0xc7, 0xfd, 0x7a,
    0x37, 0xfe, 0x86, 0x95, 0xea, 0x35, 0xf5, 0xbc, 0x6d, 0xff, 0x00, 0x23, 0x57, 0xfe, 0x18, 0x9c,
    0x39, 0x7f, 0xf0, 0x3e, 0x61, 0x45, 0x7c, 0x91, 0xdc, 0x15, 0xc7, 0x7c, 0x49, 0xff, 0x00, 0x91,
    0x76, 0xdf, 0xfe, 0xbe, 0xd7, 0xff, 0x00, 0x40, 0x7a, 0xf6, 0xf8, 0x6f, 0xfe, 0x46, 0xb4, 0x3f,
    0xc4, 0x73, 0xe2, 0xff, 0x00, 0x81, 0x2f, 0x43, 0xcb, 0xa8, 0xaf, 0xdd, 0x8f, 0x9b, 0x0a, 0x28,
    0x03, 0xb1, 0xf8, 0x6d, 0xff, 0x00, 0x23, 0x15, 0xc7, 0xfd, 0x7a, 0x37, 0xfe, 0x86, 0x95, 0xea,
    0x35, 0xf8, 0xdf, 0x1b, 0x7f, 0xc8, 0xd5, 0xff, 0x00, 0x86, 0x27, 0xbd, 0x97, 0xff, 0x00, 0x03,
    0xe6, 0x14, 0x57, 0xc9, 0x1d, 0xc1, 0x5c, 0x77, 0xc4, 0x9f, 0xf9, 0x17, 0x6d, 0xff, 0x00, 0xeb,
    0xed, 0x7f, 0xf4, 0x07, 0xaf, 0x6f, 0x86, 0xff, 0x00, 0xe4, 0x6b, 0x43, 0xfc, 0x47, 0x3e, 0x2f,
    0xf8, 0x12, 0xf4, 0x3c, 0xba, 0x8a, 0xfd, 0xd8, 0xf9, 0xb0, 0xa2, 0x80, 0x3b, 0x1f, 0x86, 0xdf,
    0xf2, 0x31, 0x5c, 0x7f, 0xd7, 0xa3, 0x7f, 0xe8, 0x69, 0x5e, 0xa3, 0x5f, 0x8d, 0xf1, 0xb7, 0xfc,
    0x8d, 0x5f, 0xf8, 0x62, 0x7b, 0xd9, 0x7f, 0xf0, 0x3e, 0x61, 0x45, 0x7c, 0x91, 0xdc, 0x15, 0xc7,
    0x7c, 0x49, 0xff, 0x00, 0x91, 0x76, 0xdf, 0xfe, 0xbe, 0xd7, 0xff, 0x00, 0x40, 0x7a, 0xf6, 0xf8,
    0x6f, 0xfe, 0x46, 0xb4, 0x3f, 0xc4, 0x73, 0xe2, 0xff, 0x00, 0x81, 0x2f, 0x43, 0xcb, 0xa8, 0xaf,
    0xdd, 0x8f, 0x9b, 0x0a, 0x28, 0x03, 0xb1, 0xf8, 0x6d, 0xff, 0x00, 0x23, 0x15, 0xc7, 0xfd, 0x7a,
    0x37, 0xfe, 0x86, 0x95, 0xea, 0x35, 0xf8, 0xdf, 0x1b, 0x7f, 0xc8, 0xd5, 0xff, 0x00, 0x86, 0x27,
    0xbd, 0x97, 0xff, 0x00, 0x03, 0xe6, 0x14, 0x57, 0xc9, 0x1d, 0xc1, 0x5c, 0x77, 0xc4, 0x9f, 0xf9,
    0x17, 0x6d, 0xff, 0x00, 0xeb, 0xed, 0x7f, 0xf4, 0x07, 0xaf, 0x6f, 0x86, 0xff, 0x00, 0xe4, 0x6b,
    0x43, 0xfc, 0x47, 0x3e, 0x2f, 0xf8, 0x12, 0xf4, 0x3c, 0xba, 0x8a, 0xfd, 0xd8, 0xf9, 0xb0, 0xa2,
    0x80, 0x3b, 0x1f, 0x86, 0xdf, 0xf2, 0x31, 0x5c, 0x7f, 0xd7, 0xa3, 0x7f, 0xe8, 0x69, 0x5e, 0xa3,
    0x5f, 0x8d, 0xf1, 0xb7, 0xfc, 0x8d, 0x5f, 0xf8, 0x62, 0x7b, 0xd9, 0x7f, 0xf0, 0x3e, 0x61, 0x45,
    0x7c, 0x91, 0xdc, 0x15, 0xc7, 0x7c, 0x49, 0xff, 0x00, 0x91, 0x76, 0xdf, 0xfe, 0xbe, 0xd7, 0xff,
    0x00, 0x40, 0x7a, 0xf6, 0xf8, 0x6f, 0xfe, 0x46, 0xb4, 0x3f, 0xc4, 0x73, 0xe2, 0xff, 0x00, 0x81,
    0x2f, 0x43, 0xcb, 0xa8, 0xaf, 0xdd, 0x8f, 0x9b, 0x0a, 0x28, 0x03, 0xb1, 0xf8, 0x6d, 0xff, 0x00,
    0x23, 0x15, 0xc7, 0xfd, 0x7a, 0x37, 0xfe, 0x86, 0x95, 0xea, 0x35, 0xf8, 0xdf, 0x1b, 0x7f, 0xc8,
    0xd5, 0xff, 0x00, 0x86, 0x27, 0xbd, 0x97, 0xff, 0x00, 0x03, 0xe6, 0x14, 0x57, 0xc9, 0x1d, 0xc1,
    0x5c, 0x77, 0xc4, 0x9f, 0xf9, 0x17, 0x6d, 0xff, 0x00, 0xeb, 0xed, 0x7f, 0xf4, 0x07, 0xaf, 0x6f,
    0x86, 0xff, 0x00, 0xe4, 0x6b, 0x43, 0xfc, 0x47, 0x3e, 0x2f, 0xf8, 0x12, 0xf4, 0x3c, 0xba, 0x8a,
    0xfd, 0xd8, 0xf9, 0xb0, 0xa2, 0x80, 0x3b, 0x1f, 0x86, 0xdf, 0xf2, 0x31, 0x5c, 0x7f, 0xd7, 0xa3,
    0x7f, 0xe8, 0x69, 0x5e, 0xa3, 0x5f, 0x8d, 0xf1, 0xb7, 0xfc, 0x8d, 0x5f, 0xf8, 0x62, 0x7b, 0xd9,
    0x7f, 0xf0, 0x3e, 0x61, 0x45, 0x7c, 0x91, 0xdc, 0x15, 0xc7, 0x7c, 0x49, 0xff, 0x00, 0x91, 0x76,
    0xdf, 0xfe, 0xbe, 0xd7, 0xff, 0x00, 0x40, 0x7a, 0xf6, 0xf8, 0x6f, 0xfe, 0x46, 0xb4, 0x3f, 0xc4,
    0x73, 0xe2, 0xff, 0x00, 0x81, 0x2f, 0x43, 0xcb, 0xa8, 0xaf, 0xdd, 0x8f, 0x9b, 0x0a, 0x28, 0x03,
    0xb1, 0xf8, 0x6d, 0xff, 0x00, 0x23, 0x15, 0xc7, 0xfd, 0x7a, 0x37, 0xfe, 0x86, 0x95, 0xea, 0x35,
    0xf8, 0xdf, 0x1b, 0x7f, 0xc8, 0xd5, 0xff, 0x00, 0x86, 0x27, 0xbd, 0x97, 0xff, 0x00, 0x03, 0xe6,
    0x14, 0x57, 0xc9, 0x1d, 0xc1, 0x5c, 0x77, 0xc4, 0x9f, 0xf9, 0x17, 0x6d, 0xff, 0x00, 0xeb, 0xed,
    0x7f, 0xf4, 0x07, 0xaf, 0x6f, 0x86, 0xff, 0x00, 0xe4, 0x6b, 0x43, 0xfc, 0x47, 0x3e, 0x2f, 0xf8,
    0x12, 0xf4, 0x3c, 0xba, 0x8a, 0xfd, 0xd8, 0xf9, 0xb0, 0xa2, 0x80, 0x3b, 0x1f, 0x86, 0xdf, 0xf2,
    0x31, 0x5c, 0x7f, 0xd7, 0xa3, 0x7f, 0xe8, 0x69, 0x5e, 0xa3, 0x5f, 0x8d, 0xf1, 0xb7, 0xfc, 0x8d,
    0x5f, 0xf8, 0x62, 0x7b, 0xd9, 0x7f, 0xf0, 0x3e, 0x61, 0x45, 0x7c, 0x91, 0xdc, 0x15, 0xc7, 0x7c,
    0x49, 0xff, 0x00, 0x91, 0x76, 0xdf, 0xfe, 0xbe, 0xd7, 0xff, 0x00, 0x40, 0x7a, 0xf6, 0xf8, 0x6f,
    0xfe, 0x46, 0xb4, 0x3f, 0xc4, 0x73, 0xe2, 0xff, 0x00, 0x81, 0x2f, 0x43, 0xcb, 0xa8, 0xaf, 0xdd,
    0x8f, 0x9b, 0x0a, 0x28, 0x03, 0xb1, 0xf8, 0x6d, 0xff, 0x00, 0x23, 0x15, 0xc7, 0xfd, 0x7a, 0x37,
    0xfe, 0x86, 0x95, 0xea, 0x35, 0xf8, 0xdf, 0x1b, 0x7f, 0xc8, 0xd5, 0xff, 0x00, 0x86, 0x27, 0xbd,
    0x97, 0xff, 0x00, 0x03, 0xe6, 0x14, 0x57, 0xc9, 0x1d, 0xc1, 0x5c, 0x77, 0xc4, 0x9f, 0xf9, 0x17,
    0x6d, 0xff, 0x00, 0xeb, 0xed, 0x7f, 0xf4, 0x07, 0xaf, 0x6f, 0x86, 0xff, 0x00, 0xe4, 0x6b, 0x43,
    0xfc, 0x47, 0x3e, 0x2f, 0xf8, 0x12, 0xf4, 0x3c, 0xba, 0x8a, 0xfd, 0xd8, 0xf9, 0xb0, 0xa2, 0x80,
    0x3b, 0x1f, 0x86, 0xdf, 0xf2, 0x31, 0x5c, 0x7f, 0xd7, 0xa3, 0x7f, 0xe8, 0x69, 0x5e, 0xa3, 0x5f,
    0x8d, 0xf1, 0xb7, 0xfc, 0x8d, 0x5f, 0xf8, 0x62, 0x7b, 0xd9, 0x7f, 0xf0, 0x3e, 0x61, 0x45, 0x7c,
    0x91, 0xdc, 0x15, 0xc7, 0x7c, 0x49, 0xff, 0x00, 0x91, 0x76, 0xdf, 0xfe, 0xbe, 0xd7, 0xff, 0x00,
    0x40, 0x7a, 0xf6, 0xf8, 0x6f, 0xfe, 0x46, 0xb4, 0x3f, 0xc4, 0x73, 0xe2, 0xff, 0x00, 0x81, 0x2f,
    0x43, 0xcb, 0xa8, 0xaf, 0xdd, 0x8f, 0x9b, 0x0a, 0x28, 0x03, 0xb1, 0xf8, 0x6d, 0xff, 0x00, 0x23,
    0x15, 0xc7, 0xfd, 0x7a, 0x37, 0xfe, 0x86, 0x95, 0xea, 0x35, 0xf8, 0xdf, 0x1b, 0x7f, 0xc8, 0xd5,
    0xff, 0x00, 0x86, 0x27, 0xbd, 0x97, 0xff, 0x00, 0x03, 0xe6, 0x14, 0x57, 0xc9, 0x1d, 0xc1, 0x5c,
    0x77, 0xc4, 0x9f, 0xf9, 0x17, 0x6d, 0xff, 0x00, 0xeb, 0xed, 0x7f, 0xf4, 0x07, 0xaf, 0x6f, 0x86,
    0xff, 0x00, 0xe4, 0x6b, 0x43, 0xfc, 0x47, 0x3e, 0x2f, 0xf8, 0x12, 0xf4, 0x3c, 0xba, 0x8a, 0xfd,
    0xd8, 0xf9, 0xb0, 0xa2, 0x80, 0x3b, 0x1f, 0x86, 0xdf, 0xf2, 0x31, 0x5c, 0x7f, 0xd7, 0xa3, 0x7f,
    0xe8, 0x69, 0x5e, 0xa3, 0x5f, 0x8d, 0xf1, 0xb7, 0xfc, 0x8d, 0x5f, 0xf8, 0x62, 0x7b, 0xd9, 0x7f,
    0xf0, 0x3e, 0x61, 0x45, 0x7c, 0x91, 0xdc, 0x15, 0xc7, 0x7c, 0x49, 0xff, 0x00, 0x91, 0x76, 0xdf,
    0xfe, 0xbe, 0xd7, 0xff, 0x00, 0x40, 0x7a, 0xf6, 0xf8, 0x6f, 0xfe, 0x46, 0xb4, 0x3f, 0xc4, 0x73,
    0xe2, 0xff, 0x00, 0x81, 0x2f, 0x43, 0xcb, 0xa8, 0xaf, 0xdd, 0x8f, 0x9b, 0x0a, 0x28, 0x03, 0xb1,
    0xf8, 0x6d, 0xff, 0x00, 0x23, 0x15, 0xc7, 0xfd, 0x7a, 0x37, 0xfe, 0x86, 0x95, 0xea, 0x35, 0xf8,
    0xdf, 0x1b, 0x7f, 0xc8, 0xd5, 0xff, 0x00, 0x86, 0x27, 0xbd, 0x97, 0xff, 0x00, 0x03, 0xe6, 0x14,
    0x57, 0xc9, 0x1d, 0xc1, 0x5c, 0x77, 0xc4, 0x9f, 0xf9, 0x17, 0x6d, 0xff, 0x00, 0xeb, 0xed, 0x7f,
    0xf4, 0x07, 0xaf, 0x6f, 0x86, 0xff, 0x00, 0xe4, 0x6b, 0x43, 0xfc, 0x47, 0x3e, 0x2f, 0xf8, 0x12,
    0xf4, 0x3c, 0xba, 0x8a, 0xfd, 0xd8, 0xf9, 0xb0, 0xa2, 0x80, 0x3b, 0x1f, 0x86, 0xdf, 0xf2, 0x31,
    0x5c, 0x7f, 0xd7, 0xa3, 0x7f, 0xe8, 0x69, 0x5e, 0xa3, 0x5f, 0x8d, 0xf1, 0xb7, 0xfc, 0x8d, 0x5f,
    0xf8, 0x62, 0x7b, 0xd9, 0x7f, 0xf0, 0x3e, 0x61, 0x45, 0x7c, 0x91, 0xdc, 0x15, 0xc7, 0x7c, 0x49,
    0xff, 0x00, 0x91, 0x76, 0xdf, 0xfe, 0xbe, 0xd7, 0xff, 0x00, 0x40, 0x7a, 0xf6, 0xf8, 0x6f, 0xfe,
    0x46, 0xb4, 0x3f, 0xc4, 0x73, 0xe2, 0xff, 0x00, 0x81, 0x2f, 0x43, 0xcb, 0xa8, 0xaf, 0xdd, 0x8f,
    0x9b, 0x0a, 0x28, 0x03, 0xb1, 0xf8, 0x6d, 0xff, 0x00, 0x23, 0x15, 0xc7, 0xfd, 0x7a, 0x37, 0xfe,
    0x86, 0x95, 0xea, 0x35, 0xf8, 0xdf, 0x1b, 0x7f, 0xc8, 0xd5, 0xff, 0x00, 0x86, 0x27, 0xbd, 0x97,
    0xff, 0x00, 0x03, 0xe6, 0x14, 0x57, 0xc9, 0x1d, 0xc1, 0x5c, 0x77, 0xc4, 0x9f, 0xf9, 0x17, 0x6d,
    0xff, 0x00, 0xeb, 0xed, 0x7f, 0xf4, 0x07, 0xaf, 0x6f, 0x86, 0xff, 0x00, 0xe4, 0x6b, 0x43, 0xfc,
    0x47, 0x3e, 0x2f, 0xf8, 0x12, 0xf4, 0x3c, 0xba, 0x8a, 0xfd, 0xd8, 0xf9, 0xb0, 0xa2, 0x80, 0x3b,
    0x1f, 0x86, 0xdf, 0xf2, 0x31, 0x5c, 0x7f, 0xd7, 0xa3, 0x7f, 0xe8, 0x69, 0x5e, 0xa3, 0x5f, 0x8d,
    0xf1, 0xb7, 0xfc, 0x8d, 0x5f, 0xf8, 0x62, 0x7b, 0xd9, 0x7f, 0xf0, 0x3e, 0x61, 0x45, 0x7c, 0x91,
    0xdc, 0x15, 0xc7, 0x7c, 0x49, 0xff, 0x00, 0x91, 0x76, 0xdf, 0xfe, 0xbe, 0xd7, 0xff, 0x00, 0x40,
    0x7a, 0xf6, 0xf8, 0x6f, 0xfe, 0x46, 0xb4, 0x3f, 0xc4, 0x73, 0xe2, 0xff, 0x00, 0x81, 0x2f, 0x43,
    0xcb, 0xa8, 0xaf, 0xdd, 0x8f, 0x9b, 0x0a, 0x28, 0x03, 0xb1, 0xf8, 0x6d, 0xff, 0x00, 0x23, 0x15,
    0xc7, 0xfd, 0x7a, 0x37, 0xfe, 0x86, 0x95, 0xea, 0x35, 0xf8, 0xdf, 0x1b, 0x7f, 0xc8, 0xd5, 0xff,
    0x00, 0x86, 0x27, 0xbd, 0x97, 0xff, 0x00, 0x03, 0xe6, 0x14, 0x57, 0xc9, 0x1d, 0xc1, 0x5c, 0x77,
    0xc4, 0x9f, 0xf9, 0x17, 0x6d, 0xff, 0x00, 0xeb, 0xed, 0x7f, 0xf4, 0x07, 0xaf, 0x6f, 0x86, 0xff,
    0x00, 0xe4, 0x6b, 0x43, 0xfc, 0x47, 0x3e, 0x2f, 0xf8, 0x12, 0xf4, 0x3c, 0xba, 0x8a, 0xfd, 0xd8,
    0xf9, 0xb0, 0xa2, 0x80, 0x3b, 0x1f, 0x86, 0xdf, 0xf2, 0x31, 0x5c, 0x7f, 0xd7, 0xa3, 0x7f, 0xe8,
    0x69, 0x5e, 0xa3, 0x5f, 0x8d, 0xf1, 0xb7, 0xfc, 0x8d, 0x5f, 0xf8, 0x62, 0x7b, 0xd9, 0x7f, 0xf0,
    0x3e, 0x61, 0x45, 0x7c, 0x91, 0xdc, 0x15, 0xc7, 0x7c, 0x49, 0xff, 0x00, 0x91, 0x76, 0xdf, 0xfe,
    0xbe, 0xd7, 0xff, 0x00, 0x40, 0x7a, 0xf6, 0xf8, 0x6f, 0xfe, 0x46, 0xb4, 0x3f, 0xc4, 0x73, 0xe2,
    0xff, 0x00, 0x81, 0x2f, 0x43, 0xcb, 0xa8, 0xaf, 0xdd, 0x8f, 0x9b, 0x0a, 0x28, 0x03, 0xb1, 0xf8,
    0x6d, 0xff, 0x00, 0x23, 0x15, 0xc7, 0xfd, 0x7a, 0x37, 0xfe, 0x86, 0x95, 0xea, 0x35, 0xf8, 0xdf,
    0x1b, 0x7f, 0xc8, 0xd5, 0xff, 0x00, 0x86, 0x27, 0xbd, 0x97, 0xff, 0x00, 0x03, 0xe6, 0x14, 0x57,
    0xc9, 0x1d, 0xc1, 0x5c, 0x77, 0xc4, 0x9f, 0xf9, 0x17, 0x6d, 0xff, 0x00, 0xeb, 0xed, 0x7f, 0xf4,
    0x07, 0xaf, 0x6f, 0x86, 0xff, 0x00, 0xe4, 0x6b, 0x43, 0xfc, 0x47, 0x3e, 0x2f, 0xf8, 0x12, 0xf4,
    0x3c, 0xba, 0x8a, 0xfd, 0xd8, 0xf9, 0xb0, 0xa2, 0x80, 0x3d, 0x47, 0xe2, 0x4f, 0xfc, 0x8b, 0xb6,
    0xff, 0x00, 0xf5, 0xf6, 0xbf, 0xfa, 0x03, 0xd7, 0x97, 0x57, 0xc8, 0xf0, 0x4f, 0xfc, 0x8a, 0x97,
    0xf8, 0xa4, 0x77, 0x66, 0x1f, 0xc7, 0xf9, 0x05, 0x15, 0xf5, 0xc7, 0x08, 0x57, 0x63, 0xf0, 0xdb,
    0xfe, 0x46, 0x2b, 0x8f, 0xfa, 0xf4, 0x6f, 0xfd, 0x0d, 0x2b, 0xc3, 0xe2, 0x4f, 0xf9, 0x15, 0x57,
    0xff, 0x00, 0x09, 0xd1, 0x84, 0xfe, 0x3c, 0x7d, 0x4f, 0x51, 0xa2, 0xbf, 0x0a, 0x3e, 0x90, 0x28,
    0xa0, 0x0e, 0x3b, 0xe2, 0x4f, 0xfc, 0x8b, 0xb6, 0xff, 0x00, 0xf5, 0xf6, 0xbf, 0xfa, 0x03, 0xd7,
    0x97, 0x57, 0xec, 0x7c, 0x13, 0xff, 0x00, 0x22, 0xa5, 0xfe, 0x29, 0x1e, 0x0e, 0x61, 0xfc, 0x7f,
    0x90, 0x51, 0x5f, 0x5c, 0x70, 0x85, 0x76, 0x3f, 0x0d, 0xbf, 0xe4, 0x62, 0xb8, 0xff, 0x00, 0xaf,
    0x46, 0xff, 0x00, 0xd0, 0xd2, 0xbc, 0x3e, 0x24, 0xff, 0x00, 0x91, 0x55, 0x7f, 0xf0, 0x9d, 0x18,
    0x4f, 0xe3, 0xc7, 0xd4, 0xf5, 0x1a, 0x2b, 0xf0, 0xa3, 0xe9, 0x02, 0x8a, 0x00, 0xe3, 0xbe, 0x24,
    0xff, 0x00, 0xc8, 0xbb, 0x6f, 0xff, 0x00, 0x5f, 0x6b, 0xff, 0x00, 0xa0, 0x3d, 0x79, 0x75, 0x7e,
    0xc7, 0xc1, 0x3f, 0xf2, 0x2a, 0x5f, 0xe2, 0x91, 0xe0, 0xe6, 0x1f, 0xc7, 0xf9, 0x05, 0x15, 0xf5,
    0xc7, 0x08, 0x57, 0x63, 0xf0, 0xdb, 0xfe, 0x46, 0x2b, 0x8f, 0xfa, 0xf4, 0x6f, 0xfd, 0x0d, 0x2b,
    0xc3, 0xe2, 0x4f, 0xf9, 0x15, 0x57, 0xff, 0x00, 0x09, 0xd1, 0x84, 0xfe, 0x3c, 0x7d, 0x4f, 0x51,
    0xa2, 0xbf, 0x0a, 0x3e, 0x90, 0x28, 0xa0, 0x0e, 0x3b, 0xe2, 0x4f, 0xfc, 0x8b, 0xb6, 0xff, 0x00,
    0xf5, 0xf6, 0xbf, 0xfa, 0x03, 0xd7, 0x97, 0x57, 0xec, 0x7c, 0x13, 0xff, 0x00, 0x22, 0xa5, 0xfe,
    0x29, 0x1e, 0x0e, 0x61, 0xfc, 0x7f, 0x90, 0x51, 0x5f, 0x5c, 0x70, 0x85, 0x76, 0x3f, 0x0d, 0xbf,
    0xe4, 0x62, 0xb8, 0xff, 0x00, 0xaf, 0x46, 0xff, 0x00, 0xd0, 0xd2, 0xbc, 0x3e, 0x24, 0xff, 0x00,
    0x91, 0x55, 0x7f, 0xf0, 0x9d, 0x18, 0x4f, 0xe3, 0xc7, 0xd4, 0xf5, 0x1a, 0x2b, 0xf0, 0xa3, 0xe9,
    0x02, 0x8a, 0x00, 0xe3, 0xbe, 0x24, 0xff, 0x00, 0xc8, 0xbb, 0x6f, 0xff, 0x00, 0x5f, 0x6b, 0xff,
    0x00, 0xa0, 0x3d, 0x79, 0x75, 0x7e, 0xc7, 0xc1, 0x3f, 0xf2, 0x2a, 0x5f, 0xe2, 0x91, 0xe0, 0xe6,
    0x1f, 0xc7, 0xf9, 0x05, 0x15, 0xf5, 0xc7, 0x08, 0x57, 0x63, 0xf0, 0xdb, 0xfe, 0x46, 0x2b, 0x8f,
    0xfa, 0xf4, 0x6f, 0xfd, 0x0d, 0x2b, 0xc3, 0xe2, 0x4f, 0xf9, 0x15, 0x57, 0xff, 0x00, 0x09, 0xd1,
    0x84, 0xfe, 0x3c, 0x7d, 0x4f, 0x51, 0xa2, 0xbf, 0x0a, 0x3e, 0x90, 0x28, 0xa0, 0x0e, 0x3b, 0xe2,
    0x4f, 0xfc, 0x8b, 0xb6, 0xff, 0x00, 0xf5, 0xf6, 0xbf, 0xfa, 0x03, 0xd7, 0x97, 0x57, 0xec, 0x7c,
    0x13, 0xff, 0x00, 0x22, 0xa5, 0xfe, 0x29, 0x1e, 0x0e, 0x61, 0xfc, 0x7f, 0x90, 0x51, 0x5f, 0x5c,
    0x70, 0x85, 0x76, 0x3f, 0x0d, 0xbf, 0xe4, 0x62, 0xb8, 0xff, 0x00, 0xaf, 0x46, 0xff, 0x00, 0xd0,
    0xd2, 0xbc, 0x3e, 0x24, 0xff, 0x00, 0x91, 0x55, 0x7f, 0xf0, 0x9d, 0x18, 0x4f, 0xe3, 0xc7, 0xd4,
    0xf5, 0x1a, 0x2b, 0xf0, 0xa3, 0xe9, 0x02, 0x8a, 0x00, 0xe3, 0xbe, 0x24, 0xff, 0x00, 0xc8, 0xbb,
    0x6f, 0xff, 0x00, 0x5f, 0x6b, 0xff, 0x00, 0xa0, 0x3d, 0x79, 0x75, 0x7e, 0xc7, 0xc1, 0x3f, 0xf2,
    0x2a, 0x5f, 0xe2, 0x91, 0xe0, 0xe6, 0x1f, 0xc7, 0xf9, 0x05, 0x15, 0xf5, 0xc7, 0x08, 0x57, 0x63,
    0xf0, 0xdb, 0xfe, 0x46, 0x2b, 0x8f, 0xfa, 0xf4, 0x6f, 0xfd, 0x0d, 0x2b, 0xc3, 0xe2, 0x4f, 0xf9,
    0x15, 0x57, 0xff, 0x00, 0x09, 0xd1, 0x84, 0xfe, 0x3c, 0x7d, 0x4f, 0x51, 0xa2, 0xbf, 0x0a, 0x3e,
    0x90, 0x28, 0xa0, 0x0e, 0x3b, 0xe2, 0x4f, 0xfc, 0x8b, 0xb6, 0xff, 0x00, 0xf5, 0xf6, 0xbf, 0xfa,
    0x03, 0xd7, 0x97, 0x57, 0xec, 0x7c, 0x13, 0xff, 0x00, 0x22, 0xa5, 0xfe, 0x29, 0x1e, 0x0e, 0x61,
    0xfc, 0x7f, 0x90, 0x51, 0x5f, 0x5c, 0x70, 0x85, 0x76, 0x3f, 0x0d, 0xbf, 0xe4, 0x62, 0xb8, 0xff,
    0x00, 0xaf, 0x46, 0xff, 0x00, 0xd0, 0xd2, 0xbc, 0x3e, 0x24, 0xff, 0x00, 0x91, 0x55, 0x7f, 0xf0,
    0x9d, 0x18, 0x4f, 0xe3, 0xc7, 0xd4, 0xf5, 0x1a, 0x2b, 0xf0, 0xa3, 0xe9, 0x02, 0x8a, 0x00, 0xe3,
    0xbe, 0x24, 0xff, 0x00, 0xc8, 0xbb, 0x6f, 0xff, 0x00, 0x5f, 0x6b, 0xff, 0x00, 0xa0, 0x3d, 0x79,
    0x75, 0x7e, 0xc7, 0xc1, 0x3f, 0xf2, 0x2a, 0x5f, 0xe2, 0x91, 0xe0, 0xe6, 0x1f, 0xc7, 0xf9, 0x05,
    0x15, 0xf5, 0xc7, 0x08, 0x57, 0x63, 0xf0, 0xdb, 0xfe, 0x46, 0x2b, 0x8f, 0xfa, 0xf4, 0x6f, 0xfd,
    0x0d, 0x2b, 0xc3, 0xe2, 0x4f, 0xf9, 0x15, 0x57, 0xff, 0x00, 0x09, 0xd1, 0x84, 0xfe, 0x3c, 0x7d,
    0x4f, 0x51, 0xa2, 0xbf, 0x0a, 0x3e, 0x90, 0x28, 0xa0, 0x0e, 0x3b, 0xe2, 0x4f, 0xfc, 0x8b, 0xb6,
    0xff, 0x00, 0xf5, 0xf6, 0xbf, 0xfa, 0x03, 0xd7, 0x97, 0x57, 0xec, 0x7c, 0x13, 0xff, 0x00, 0x22,
    0xa5, 0xfe, 0x29, 0x1e, 0x0e, 0x61, 0xfc, 0x7f, 0x90, 0x51, 0x5f, 0x5c, 0x70, 0x85, 0x76, 0x3f,
    0x0d, 0xbf, 0xe4, 0x62, 0xb8, 0xff, 0x00, 0xaf, 0x46, 0xff, 0x00, 0xd0, 0xd2, 0xbc, 0x3e, 0x24,
    0xff, 0x00, 0x91, 0x55, 0x7f, 0xf0, 0x9d, 0x18, 0x4f, 0xe3, 0xc7, 0xd4, 0xf5, 0x1a, 0x2b, 0xf0,
    0xa3, 0xe9, 0x02, 0x8a, 0x00, 0xe3, 0xbe, 0x24, 0xff, 0x00, 0xc8, 0xbb, 0x6f, 0xff, 0x00, 0x5f,
    0x6b, 0xff, 0x00, 0xa0, 0x3d, 0x79, 0x75, 0x7e, 0xc7, 0xc1, 0x3f, 0xf2, 0x2a, 0x5f, 0xe2, 0x91,
    0xe0, 0xe6, 0x1f, 0xc7, 0xf9, 0x05, 0x15, 0xf5, 0xc7, 0x08, 0x57, 0x63, 0xf0, 0xdb, 0xfe, 0x46,
    0x2b, 0x8f, 0xfa, 0xf4, 0x6f, 0xfd, 0x0d, 0x2b, 0xc3, 0xe2, 0x4f, 0xf9, 0x15, 0x57, 0xff, 0x00,
    0x09, 0xd1, 0x84, 0xfe, 0x3c, 0x7d, 0x4f, 0x51, 0xa2, 0xbf, 0x0a, 0x3e, 0x90, 0x28, 0xa0, 0x0e,
    0x3b, 0xe2, 0x4f, 0xfc, 0x8b, 0xb6, 0xff, 0x00, 0xf5, 0xf6, 0xbf, 0xfa, 0x03, 0xd7, 0x97, 0x57,
    0xec, 0x7c, 0x13, 0xff, 0x00, 0x22, 0xa5, 0xfe, 0x29, 0x1e, 0x0e, 0x61, 0xfc, 0x7f, 0x90, 0x51,
    0x5f, 0x5c, 0x70, 0x85, 0x76, 0x3f, 0x0d, 0xbf, 0xe4, 0x62, 0xb8, 0xff, 0x00, 0xaf, 0x46, 0xff,
    0x00, 0xd0, 0xd2, 0xbc, 0x3e, 0x24, 0xff, 0x00, 0x91, 0x55, 0x7f, 0xf0, 0x9d, 0x18, 0x4f, 0xe3,
    0xc7, 0xd4, 0xf5, 0x1a, 0x2b, 0xf0, 0xa3, 0xe9, 0x02, 0x8a, 0x00, 0xe3, 0xbe, 0x24, 0xff, 0x00,
    0xc8, 0xbb, 0x6f, 0xff, 0x00, 0x5f, 0x6b, 0xff, 0x00, 0xa0, 0x3d, 0x79, 0x75, 0x7e, 0xc7, 0xc1,
    0x3f, 0xf2, 0x2a, 0x5f, 0xe2, 0x91, 0xe0, 0xe6, 0x1f, 0xc7, 0xf9, 0x05, 0x15, 0xf5, 0xc7, 0x08,
    0x57, 0x63, 0xf0, 0xdb, 0xfe, 0x46, 0x2b, 0x8f, 0xfa, 0xf4, 0x6f, 0xfd, 0x0d, 0x2b, 0xc3, 0xe2,
    0x4f, 0xf9, 0x15, 0x57, 0xff, 0x00, 0x09, 0xd1, 0x84, 0xfe, 0x3c, 0x7d, 0x4f, 0x51, 0xa2, 0xbf,
    0x0a, 0x3e, 0x90, 0x28, 0xa0, 0x0e, 0x3b, 0xe2, 0x4f, 0xfc, 0x8b, 0xb6, 0xff, 0x00, 0xf5, 0xf6,
    0xbf, 0xfa, 0x03, 0xd7, 0x97, 0x57, 0xec, 0x7c, 0x13, 0xff, 0x00, 0x22, 0xa5, 0xfe, 0x29, 0x1e,
    0x0e, 0x61, 0xfc, 0x7f, 0x90, 0x51, 0x5f, 0x5c, 0x70, 0x85, 0x76, 0x3f, 0x0d, 0xbf, 0xe4, 0x62,
    0xb8, 0xff, 0x00, 0xaf, 0x46, 0xff, 0x00, 0xd0, 0xd2, 0xbc, 0x3e, 0x24, 0xff, 0x00, 0x91, 0x55,
    0x7f, 0xf0, 0x9d, 0x18, 0x4f, 0xe3, 0xc7, 0xd4, 0xf5, 0x1a, 0x2b, 0xf0, 0xa3, 0xe9, 0x02, 0x8a,
    0x00, 0xe3, 0xbe, 0x24, 0xff, 0x00, 0xc8, 0xbb, 0x6f, 0xff, 0x00, 0x5f, 0x6b, 0xff, 0x00, 0xa0,
    0x3d, 0x79, 0x75, 0x7e, 0xc7, 0xc1, 0x3f, 0xf2, 0x2a, 0x5f, 0xe2, 0x91, 0xe0, 0xe6, 0x1f, 0xc7,
    0xf9, 0x05, 0x15, 0xf5, 0xc7, 0x08, 0x57, 0x63, 0xf0, 0xdb, 0xfe, 0x46, 0x2b, 0x8f, 0xfa, 0xf4,
    0x6f, 0xfd, 0x0d, 0x2b, 0xc3, 0xe2, 0x4f, 0xf9, 0x15, 0x57, 0xff, 0x00, 0x09, 0xd1, 0x84, 0xfe,
    0x3c, 0x7d, 0x4f, 0x51, 0xa2, 0xbf, 0x0a, 0x3e, 0x90, 0x28, 0xa0, 0x0e, 0x3b, 0xe2, 0x4f, 0xfc,
    0x8b, 0xb6, 0xff, 0x00, 0xf5, 0xf6, 0xbf, 0xfa, 0x03, 0xd7, 0x97, 0x57, 0xec, 0x7c, 0x13, 0xff,
    0x00, 0x22, 0xa5, 0xfe, 0x29, 0x1e, 0x0e, 0x61, 0xfc, 0x7f, 0x90, 0x51, 0x5f, 0x5c, 0x70, 0x85,
    0x76, 0x3f, 0x0d, 0xbf, 0xe4, 0x62, 0xb8, 0xff, 0x00, 0xaf, 0x46, 0xff, 0x00, 0xd0, 0xd2, 0xbc,
    0x3e, 0x24, 0xff, 0x00, 0x91, 0x55, 0x7f, 0xf0, 0x9d, 0x18, 0x4f, 0xe3, 0xc7, 0xd4, 0xf5, 0x1a,
    0x2b, 0xf0, 0xa3, 0xe9, 0x02, 0x8a, 0x00, 0xe3, 0xbe, 0x24, 0xff, 0x00, 0xc8, 0xbb, 0x6f, 0xff,
    0x00, 0x5f, 0x6b, 0xff, 0x00, 0xa0, 0x3d, 0x79, 0x75, 0x7e, 0xc7, 0xc1, 0x3f, 0xf2, 0x2a, 0x5f,
    0xe2, 0x91, 0xe0, 0xe6, 0x1f, 0xc7, 0xf9, 0x05, 0x15, 0xf5, 0xc7, 0x08, 0x57, 0x63, 0xf0, 0xdb,
    0xfe, 0x46, 0x2b, 0x8f, 0xfa, 0xf4, 0x6f, 0xfd, 0x0d, 0x2b, 0xc3, 0xe2, 0x4f, 0xf9, 0x15, 0x57,
    0xff, 0x00, 0x09, 0xd1, 0x84, 0xfe, 0x3c, 0x7d, 0x4f, 0x51, 0xa2, 0xbf, 0x0a, 0x3e, 0x90, 0x28,
    0xa0, 0x0e, 0x3b, 0xe2, 0x4f, 0xfc, 0x8b, 0xb6, 0xff, 0x00, 0xf5, 0xf6, 0xbf, 0xfa, 0x03, 0xd7,
    0x97, 0x57, 0xec, 0x7c, 0x13, 0xff, 0x00, 0x22, 0xa5, 0xfe, 0x29, 0x1e, 0x0e, 0x61, 0xfc, 0x7f,
    0x90, 0x51, 0x5f, 0x5c, 0x70, 0x85, 0x76, 0x3f, 0x0d, 0xbf, 0xe4, 0x62, 0xb8, 0xff, 0x00, 0xaf,
    0x46, 0xff, 0x00, 0xd0, 0xd2, 0xbc, 0x3e, 0x24, 0xff, 0x00, 0x91, 0x55, 0x7f, 0xf0, 0x9d, 0x18,
    0x4f, 0xe3, 0xc7, 0xd4, 0xf5, 0x1a, 0x2b, 0xf0, 0xa3, 0xe9, 0x02, 0x8a, 0x00, 0xe3, 0xbe, 0x24,
    0xff, 0x00, 0xc8, 0xbb, 0x6f, 0xff, 0x00, 0x5f, 0x6b, 0xff, 0x00, 0xa0, 0x3d, 0x79, 0x75, 0x7e,
    0xc7, 0xc1, 0x3f, 0xf2, 0x2a, 0x5f, 0xe2, 0x91, 0xe0, 0xe6, 0x1f, 0xc7, 0xf9, 0x05, 0x15, 0xf5,
    0xc7, 0x08, 0x57, 0x63, 0xf0, 0xdb, 0xfe, 0x46, 0x2b, 0x8f, 0xfa, 0xf4, 0x6f, 0xfd, 0x0d, 0x2b,
    0xc3, 0xe2, 0x4f, 0xf9, 0x15, 0x57, 0xff, 0x00, 0x09, 0xd1, 0x84, 0xfe, 0x3c, 0x7d, 0x4f, 0x51,
    0xa2, 0xbf, 0x0a, 0x3e, 0x90, 0x28, 0xa0, 0x0e, 0x3b, 0xe2, 0x4f, 0xfc, 0x8b, 0xb6, 0xff, 0x00,
    0xf5, 0xf6, 0xbf, 0xfa, 0x03, 0xd7, 0x97, 0x57, 0xec, 0x7c, 0x13, 0xff, 0x00, 0x22, 0xa5, 0xfe,
    0x29, 0x1e, 0x0e, 0x61, 0xfc, 0x7f, 0x90, 0x51, 0x5f, 0x5c, 0x70, 0x85, 0x76, 0x3f, 0x0d, 0xbf,
    0xe4, 0x62, 0xb8, 0xff, 0x00, 0xaf, 0x46, 0xff, 0x00, 0xd0, 0xd2, 0xbc, 0x3e, 0x24, 0xff, 0x00,
    0x91, 0x55, 0x7f, 0xf0, 0x9d, 0x18, 0x4f, 0xe3, 0xc7, 0xd4, 0xf5, 0x1a, 0x2b, 0xf0, 0xa3, 0xe9,
    0x02, 0x8a, 0x00, 0xf2, 0xef, 0x86, 0xdf, 0xf2, 0x31, 0x5c, 0x7f, 0xd7, 0xa3, 0x7f, 0xe8, 0x69,
    0x5e, 0xa3, 0x5f, 0x5b, 0xc6, 0xdf, 0xf2, 0x35, 0x7f, 0xe1, 0x89, 0xc3, 0x97, 0xff, 0x00, 0x03,
    0xe6, 0x14, 0x57, 0xc9, 0x1d, 0xc1, 0x5c, 0x77, 0xc4, 0x9f, 0xf9, 0x17, 0x6d, 0xff, 0x00, 0xeb,
    0xed, 0x7f, 0xf4, 0x07, 0xaf, 0x6f, 0x86, 0xff, 0x00, 0xe4, 0x6b, 0x43, 0xfc, 0x47, 0x3e, 0x2f,
    0xf8, 0x12, 0xf4, 0x3c, 0xba, 0x8a, 0xfd, 0xd8, 0xf9, 0xb0, 0xa2, 0x80, 0x3b, 0x1f, 0x86, 0xdf,
    0xf2, 0x31, 0x5c, 0x7f, 0xd7, 0xa3, 0x7f, 0xe8, 0x69, 0x5e, 0xa3, 0x5f, 0x8d, 0xf1, 0xb7, 0xfc,
    0x8d, 0x5f, 0xf8, 0x62, 0x7b, 0xd9, 0x7f, 0xf0, 0x3e, 0x61, 0x45, 0x7c, 0x91, 0xdc, 0x15, 0xc7,
    0x7c, 0x49, 0xff, 0x00, 0x91, 0x76, 0xdf, 0xfe, 0xbe, 0xd7, 0xff, 0x00, 0x40, 0x7a, 0xf6, 0xf8,
    0x6f, 0xfe, 0x46, 0xb4, 0x3f, 0xc4, 0x73, 0xe2, 0xff, 0x00, 0x81, 0x2f, 0x43, 0xcb, 0xa8, 0xaf,
    0xdd, 0x8f, 0x9b, 0x0a, 0x28, 0x03, 0xb1, 0xf8, 0x6d, 0xff, 0x00, 0x23, 0x15, 0xc7, 0xfd, 0x7a,
    0x37, 0xfe, 0x86, 0x95, 0xea, 0x35, 0xf8, 0xdf, 0x1b, 0x7f, 0xc8, 0xd5, 0xff, 0x00, 0x86, 0x27,
    0xbd, 0x97, 0xff, 0x00, 0x03, 0xe6, 0x14, 0x57, 0xc9, 0x1d, 0xc1, 0x5c, 0x77, 0xc4, 0x9f, 0xf9,
    0x17, 0x6d, 0xff, 0x00, 0xeb, 0xed, 0x7f, 0xf4, 0x07, 0xaf, 0x6f, 0x86, 0xff, 0x00, 0xe4, 0x6b,
    0x43, 0xfc, 0x47, 0x3e, 0x2f, 0xf8, 0x12, 0xf4, 0x3c, 0xba, 0x8a, 0xfd, 0xd8, 0xf9, 0xb0, 0xa2,
    0x80, 0x3b, 0x1f, 0x86, 0xdf, 0xf2, 0x31, 0x5c, 0x7f, 0xd7, 0xa3, 0x7f, 0xe8, 0x69, 0x5e, 0xa3,
    0x5f, 0x8d, 0xf1, 0xb7, 0xfc, 0x8d, 0x5f, 0xf8, 0x62, 0x7b, 0xd9, 0x7f, 0xf0, 0x3e, 0x61, 0x45,
    0x7c, 0x91, 0xdc, 0x15, 0xc7, 0x7c, 0x49, 0xff, 0x00, 0x91, 0x76, 0xdf, 0xfe, 0xbe, 0xd7, 0xff,
    0x00, 0x40, 0x7a, 0xf6, 0xf8, 0x6f, 0xfe, 0x46, 0xb4, 0x3f, 0xc4, 0x73, 0xe2, 0xff, 0x00, 0x81,
    0x2f, 0x43, 0xcb, 0xa8, 0xaf, 0xdd, 0x8f, 0x9b, 0x0a, 0x28, 0x03, 0xb1, 0xf8, 0x6d, 0xff, 0x00,
    0x23, 0x15, 0xc7, 0xfd, 0x7a, 0x37, 0xfe, 0x86, 0x95, 0xea, 0x35, 0xf8, 0xdf, 0x1b, 0x7f, 0xc8,
    0xd5, 0xff, 0x00, 0x86, 0x27, 0xbd, 0x97, 0xff, 0x00, 0x03, 0xe6, 0x14, 0x57, 0xc9, 0x1d, 0xc1,
    0x5c, 0x77, 0xc4, 0x9f, 0xf9, 0x17, 0x6d, 0xff, 0x00, 0xeb, 0xed, 0x7f, 0xf4, 0x07, 0xaf, 0x6f,
    0x86, 0xff, 0x00, 0xe4, 0x6b, 0x43, 0xfc, 0x47, 0x3e, 0x2f, 0xf8, 0x12, 0xf4, 0x3c, 0xba, 0x8a,
    0xfd, 0xd8, 0xf9, 0xb0, 0xa2, 0x80, 0x3b, 0x1f, 0x86, 0xdf, 0xf2, 0x31, 0x5c, 0x7f, 0xd7, 0xa3,
    0x7f, 0xe8, 0x69, 0x5e, 0xa3, 0x5f, 0x8d, 0xf1, 0xb7, 0xfc, 0x8d, 0x5f, 0xf8, 0x62, 0x7b, 0xd9,
    0x7f, 0xf0, 0x3e, 0x61, 0x45, 0x7c, 0x91, 0xdc, 0x15, 0xc7, 0x7c, 0x49, 0xff, 0x00, 0x91, 0x76,
    0xdf, 0xfe, 0xbe, 0xd7, 0xff, 0x00, 0x40, 0x7a, 0xf6, 0xf8, 0x6f, 0xfe, 0x46, 0xb4, 0x3f, 0xc4,
    0x73, 0xe2, 0xff, 0x00, 0x81, 0x2f, 0x43, 0xcb, 0xa8, 0xaf, 0xdd, 0x8f, 0x9b, 0x0a, 0x28, 0x03,
    0xb1, 0xf8, 0x6d, 0xff, 0x00, 0x23, 0x15, 0xc7, 0xfd, 0x7a, 0x37, 0xfe, 0x86, 0x95, 0xea, 0x35,
    0xf8, 0xdf, 0x1b, 0x7f, 0xc8, 0xd5, 0xff, 0x00, 0x86, 0x27, 0xbd, 0x97, 0xff, 0x00, 0x03, 0xe6,
    0x14, 0x57, 0xc9, 0x1d, 0xc1, 0x5c, 0x77, 0xc4, 0x9f, 0xf9, 0x17, 0x6d, 0xff, 0x00, 0xeb, 0xed,
    0x7f, 0xf4, 0x07, 0xaf, 0x6f, 0x86, 0xff, 0x00, 0xe4, 0x6b, 0x43, 0xfc, 0x47, 0x3e, 0x2f, 0xf8,
    0x12, 0xf4, 0x3c, 0xba, 0x8a, 0xfd, 0xd8, 0xf9, 0xb0, 0xa2, 0x80, 0x3b, 0x1f, 0x86, 0xdf, 0xf2,
    0x31, 0x5c, 0x7f, 0xd7, 0xa3, 0x7f, 0xe8, 0x69, 0x5e, 0xa3, 0x5f, 0x8d, 0xf1, 0xb7, 0xfc, 0x8d,
    0x5f, 0xf8, 0x62, 0x7b, 0xd9, 0x7f, 0xf0, 0x3e, 0x61, 0x45, 0x7c, 0x91, 0xdc, 0x15, 0xc7, 0x7c,
    0x49, 0xff, 0x00, 0x91, 0x76, 0xdf, 0xfe, 0xbe, 0xd7, 0xff, 0x00, 0x40, 0x7a, 0xf6, 0xf8, 0x6f,
    0xfe, 0x46, 0xb4, 0x3f, 0xc4, 0x73, 0xe2, 0xff, 0x00, 0x81, 0x2f, 0x43, 0xcb, 0xa8, 0xaf, 0xdd,
    0x8f, 0x9b, 0x0a, 0x28, 0x03, 0xb1, 0xf8, 0x6d, 0xff, 0x00, 0x23, 0x15, 0xc7, 0xfd, 0x7a, 0x37,
    0xfe, 0x86, 0x95, 0xea, 0x35, 0xf8, 0xdf, 0x1b, 0x7f, 0xc8, 0xd5, 0xff, 0x00, 0x86, 0x27, 0xbd,
    0x97, 0xff, 0x00, 0x03, 0xe6, 0x14, 0x57, 0xc9, 0x1d, 0xc1, 0x5c, 0x77, 0xc4, 0x9f, 0xf9, 0x17,
    0x6d, 0xff, 0x00, 0xeb, 0xed, 0x7f, 0xf4, 0x07, 0xaf, 0x6f, 0x86, 0xff, 0x00, 0xe4, 0x6b, 0x43,
    0xfc, 0x47, 0x3e, 0x2f, 0xf8, 0x12, 0xf4, 0x3c, 0xba, 0x8a, 0xfd, 0xd8, 0xf9, 0xb0, 0xa2, 0x80,
    0x3b, 0x1f, 0x86, 0xdf, 0xf2, 0x31, 0x5c, 0x7f, 0xd7, 0xa3, 0x7f, 0xe8, 0x69, 0x5e, 0xa3, 0x5f,
    0x8d, 0xf1, 0xb7, 0xfc, 0x8d, 0x5f, 0xf8, 0x62, 0x7b, 0xd9, 0x7f, 0xf0, 0x3e, 0x61, 0x45, 0x7c,
    0x91, 0xdc, 0x15, 0xc7, 0x7c, 0x49, 0xff, 0x00, 0x91, 0x76, 0xdf, 0xfe, 0xbe, 0xd7, 0xff, 0x00,
    0x40, 0x7a, 0xf6, 0xf8, 0x6f, 0xfe, 0x46, 0xb4, 0x3f, 0xc4, 0x73, 0xe2, 0xff, 0x00, 0x81, 0x2f,
    0x43, 0xcb, 0xa8, 0xaf, 0xdd, 0x8f, 0x9b, 0x0a, 0x28, 0x03, 0xb1, 0xf8, 0x6d, 0xff, 0x00, 0x23,
    0x15, 0xc7, 0xfd, 0x7a, 0x37, 0xfe, 0x86, 0x95, 0xea, 0x35, 0xf8, 0xdf, 0x1b, 0x7f, 0xc8, 0xd5,
    0xff, 0x00, 0x86, 0x27, 0xbd, 0x97, 0xff, 0x00, 0x03, 0xe6, 0x14, 0x57, 0xc9, 0x1d, 0xc1, 0x5c,
    0x77, 0xc4, 0x9f, 0xf9, 0x17, 0x6d, 0xff, 0x00, 0xeb, 0xed, 0x7f, 0xf4, 0x07, 0xaf, 0x6f, 0x86,
    0xff, 0x00, 0xe4, 0x6b, 0x43, 0xfc, 0x47, 0x3e, 0x2f, 0xf8, 0x12, 0xf4, 0x3c, 0xba, 0x8a, 0xfd,
    0xd8, 0xf9, 0xb0, 0xa2, 0x80, 0x3b, 0x1f, 0x86, 0xdf, 0xf2, 0x31, 0x5c, 0x7f, 0xd7, 0xa3, 0x7f,
    0xe8, 0x69, 0x5e, 0xa3, 0x5f, 0x8d, 0xf1, 0xb7, 0xfc, 0x8d, 0x5f, 0xf8, 0x62, 0x7b, 0xd9, 0x7f,
    0xf0, 0x3e, 0x61, 0x45, 0x7c, 0x91, 0xdc, 0x15, 0xc7, 0x7c, 0x49, 0xff, 0x00, 0x91, 0x76, 0xdf,
    0xfe, 0xbe, 0xd7, 0xff, 0x00, 0x40, 0x7a, 0xf6, 0xf8, 0x6f, 0xfe, 0x46, 0xb4, 0x3f, 0xc4, 0x73,
    0xe2, 0xff, 0x00, 0x81, 0x2f, 0x43, 0xcb, 0xa8, 0xaf, 0xdd, 0x8f, 0x9b, 0x0a, 0x28, 0x03, 0xb1,
    0xf8, 0x6d, 0xff, 0x00, 0x23, 0x15, 0xc7, 0xfd, 0x7a, 0x37, 0xfe, 0x86, 0x95, 0xea, 0x35, 0xf8,
    0xdf, 0x1b, 0x7f, 0xc8, 0xd5, 0xff, 0x00, 0x86, 0x27, 0xbd, 0x97, 0xff, 0x00, 0x03, 0xe6, 0x14,
    0x57, 0xc9, 0x1d, 0xc1, 0x5c, 0x77, 0xc4, 0x9f, 0xf9, 0x17, 0x6d, 0xff, 0x00, 0xeb, 0xed, 0x7f,
    0xf4, 0x07, 0xaf, 0x6f, 0x86, 0xff, 0x00, 0xe4, 0x6b, 0x43, 0xfc, 0x47, 0x3e, 0x2f, 0xf8, 0x12,
    0xf4, 0x3c, 0xba, 0x8a, 0xfd, 0xd8, 0xf9, 0xb0, 0xa2, 0x80, 0x3b, 0x1f, 0x86, 0xdf, 0xf2, 0x31,
    0x5c, 0x7f, 0xd7, 0xa3, 0x7f, 0xe8, 0x69, 0x5e, 0xa3, 0x5f, 0x8d, 0xf1, 0xb7, 0xfc, 0x8d, 0x5f,
    0xf8, 0x62, 0x7b, 0xd9, 0x7f, 0xf0, 0x3e, 0x61, 0x45, 0x7c, 0x91, 0xdc, 0x15, 0xc7, 0x7c, 0x49,
    0xff, 0x00, 0x91, 0x76, 0xdf, 0xfe, 0xbe, 0xd7, 0xff, 0x00, 0x40, 0x7a, 0xf6, 0xf8, 0x6f, 0xfe,
    0x46, 0xb4, 0x3f, 0xc4, 0x73, 0xe2, 0xff, 0x00, 0x81, 0x2f, 0x43, 0xcb, 0xa8, 0xaf, 0xdd, 0x8f,
    0x9b, 0x0a, 0x28, 0x03, 0xb1, 0xf8, 0x6d, 0xff, 0x00, 0x23, 0x15, 0xc7, 0xfd, 0x7a, 0x37, 0xfe,
    0x86, 0x95, 0xea, 0x35, 0xf8, 0xdf, 0x1b, 0x7f, 0xc8, 0xd5, 0xff, 0x00, 0x86, 0x27, 0xbd, 0x97,
    0xff, 0x00, 0x03, 0xe6, 0x14, 0x57, 0xc9, 0x1d, 0xc1, 0x5c, 0x77, 0xc4, 0x9f, 0xf9, 0x17, 0x6d,
    0xff, 0x00, 0xeb, 0xed, 0x7f, 0xf4, 0x07, 0xaf, 0x6f, 0x86, 0xff, 0x00, 0xe4, 0x6b, 0x43, 0xfc,
    0x47, 0x3e, 0x2f, 0xf8, 0x12, 0xf4, 0x3c, 0xba, 0x8a, 0xfd, 0xd8, 0xf9, 0xb0, 0xa2, 0x80, 0x3b,
    0x1f, 0x86, 0xdf, 0xf2, 0x31, 0x5c, 0x7f, 0xd7, 0xa3, 0x7f, 0xe8, 0x69, 0x5e, 0xa3, 0x5f, 0x8d,
    0xf1, 0xb7, 0xfc, 0x8d, 0x5f, 0xf8, 0x62, 0x7b, 0xd9, 0x7f, 0xf0, 0x3e, 0x61, 0x45, 0x7c, 0x91,
    0xdc, 0x15, 0xc7, 0x7c, 0x49, 0xff, 0x00, 0x91, 0x76, 0xdf, 0xfe, 0xbe, 0xd7, 0xff, 0x00, 0x40,
    0x7a, 0xf6, 0xf8, 0x6f, 0xfe, 0x46, 0xb4, 0x3f, 0xc4, 0x73, 0xe2, 0xff, 0x00, 0x81, 0x2f, 0x43,
    0xcb, 0xa8, 0xaf, 0xdd, 0x8f, 0x9b, 0x0a, 0x28, 0x03, 0xb1, 0xf8, 0x6d, 0xff, 0x00, 0x23, 0x15,
    0xc7, 0xfd, 0x7a, 0x37, 0xfe, 0x86, 0x95, 0xea, 0x35, 0xf8, 0xdf, 0x1b, 0x7f, 0xc8, 0xd5, 0xff,
    0x00, 0x86, 0x27, 0xbd, 0x97, 0xff, 0x00, 0x03, 0xe6, 0x14, 0x57, 0xc9, 0x1d, 0xc1, 0x5c, 0x77,
    0xc4, 0x9f, 0xf9, 0x17, 0x6d, 0xff, 0x00, 0xeb, 0xed, 0x7f, 0xf4, 0x07, 0xaf, 0x6f, 0x86, 0xff,
    0x00, 0xe4, 0x6b, 0x43, 0xfc, 0x47, 0x3e, 0x2f, 0xf8, 0x12, 0xf4, 0x3c, 0xba, 0x8a, 0xfd, 0xd8,
    0xf9, 0xb0, 0xa2, 0x80, 0x3b, 0x1f, 0x86, 0xdf, 0xf2, 0x31, 0x5c, 0x7f, 0xd7, 0xa3, 0x7f, 0xe8,
    0x69, 0x5e, 0xa3, 0x5f, 0x8d, 0xf1, 0xb7, 0xfc, 0x8d, 0x5f, 0xf8, 0x62, 0x7b, 0xd9, 0x7f, 0xf0,
    0x3e, 0x61, 0x45, 0x7c, 0x91, 0xdc, 0x15, 0xc7, 0x7c, 0x49, 0xff, 0x00, 0x91, 0x76, 0xdf, 0xfe,
    0xbe, 0xd7, 0xff, 0x00, 0x40, 0x7a, 0xf6, 0xf8, 0x6f, 0xfe, 0x46, 0xb4, 0x3f, 0xc4, 0x73, 0xe2,
    0xff, 0x00, 0x81, 0x2f, 0x43, 0xcb, 0xa8, 0xaf, 0xdd, 0x8f, 0x9b, 0x0a, 0x28, 0x03, 0xb1, 0xf8,
    0x6d, 0xff, 0x00, 0x23, 0x15, 0xc7, 0xfd, 0x7a, 0x37, 0xfe, 0x86, 0x95, 0xea, 0x35, 0xf8, 0xdf,
    0x1b, 0x7f, 0xc8, 0xd5, 0xff, 0x00, 0x86, 0x27, 0xbd, 0x97, 0xff, 0x00, 0x03, 0xe6, 0x14, 0x57,
    0xc9, 0x1d, 0xc1, 0x5c, 0x77, 0xc4, 0x9f, 0xf9, 0x17, 0x6d, 0xff, 0x00, 0xeb, 0xed, 0x7f, 0xf4,
    0x07, 0xaf, 0x6f, 0x86, 0xff, 0x00, 0xe4, 0x6b, 0x43, 0xfc, 0x47, 0x3e, 0x2f, 0xf8, 0x12, 0xf4,
    0x3c, 0xba, 0x8a, 0xfd, 0xd8, 0xf9, 0xb0, 0xa2, 0x80, 0x3b, 0x1f, 0x86, 0xdf, 0xf2, 0x31, 0x5c,
    0x7f, 0xd7, 0xa3, 0x7f, 0xe8, 0x69, 0x5e, 0xa3, 0x5f, 0x8d, 0xf1, 0xb7, 0xfc, 0x8d, 0x5f, 0xf8,
    0x62, 0x7b, 0xd9, 0x7f, 0xf0, 0x3e, 0x61, 0x45, 0x7c, 0x91, 0xdc, 0x15, 0xc7, 0x7c, 0x49, 0xff,
    0x00, 0x91, 0x76, 0xdf, 0xfe, 0xbe, 0xd7, 0xff, 0x00, 0x40, 0x7a, 0xf6, 0xf8, 0x6f, 0xfe, 0x46,
    0xb4, 0x3f, 0xc4, 0x73, 0xe2, 0xff, 0x00, 0x81, 0x2f, 0x43, 0xcb, 0xa8, 0xaf, 0xdd, 0x8f, 0x9b,
    0x0a, 0x28, 0x03, 0xff, 0xd9,
};

static const struct { const unsigned char *data; unsigned int len; } cb_frames[CHECKERBOARD_FRAME_COUNT] = {
    { cb_frame_0, (unsigned int)sizeof(cb_frame_0) },
    { cb_frame_1, (unsigned int)sizeof(cb_frame_1) },
    { cb_frame_2, (unsigned int)sizeof(cb_frame_2) },
    { cb_frame_3, (unsigned int)sizeof(cb_frame_3) },
    { cb_frame_4, (unsigned int)sizeof(cb_frame_4) },
    { cb_frame_5, (unsigned int)sizeof(cb_frame_5) },
    { cb_frame_6, (unsigned int)sizeof(cb_frame_6) },
    { cb_frame_7, (unsigned int)sizeof(cb_frame_7) },
    { cb_frame_8, (unsigned int)sizeof(cb_frame_8) },
    { cb_frame_9, (unsigned int)sizeof(cb_frame_9) },
    { cb_frame_10, (unsigned int)sizeof(cb_frame_10) },
    { cb_frame_11, (unsigned int)sizeof(cb_frame_11) },
    { cb_frame_12, (unsigned int)sizeof(cb_frame_12) },
    { cb_frame_13, (unsigned int)sizeof(cb_frame_13) },
    { cb_frame_14, (unsigned int)sizeof(cb_frame_14) },
    { cb_frame_15, (unsigned int)sizeof(cb_frame_15) },
};
